Copyright 1986-2022 Xilinx, Inc. All Rights Reserved. Copyright 2022-2023 Advanced Micro Devices, Inc. All Rights Reserved.
------------------------------------------------------------------------------------------------------------------------------------------------------------------------------------------------------------------------------
| Tool Version : Vivado v.2023.2 (win64) Build 4029153 Fri Oct 13 20:14:34 MDT 2023
| Date         : Thu Jul 10 16:09:25 2025
| Host         : DESKTOP-EFRMAI2 running 64-bit major release  (build 9200)
| Command      : report_timing_summary -max_paths 10 -report_unconstrained -file top_wrapper_timing_summary_routed.rpt -pb top_wrapper_timing_summary_routed.pb -rpx top_wrapper_timing_summary_routed.rpx -warn_on_violation
| Design       : top_wrapper
| Device       : 7a35t-cpg236
| Speed File   : -1  PRODUCTION 1.23 2018-06-13
| Design State : Routed
------------------------------------------------------------------------------------------------------------------------------------------------------------------------------------------------------------------------------

Timing Summary Report

------------------------------------------------------------------------------------------------
| Timer Settings
| --------------
------------------------------------------------------------------------------------------------

  Enable Multi Corner Analysis               :  Yes
  Enable Pessimism Removal                   :  Yes
  Pessimism Removal Resolution               :  Nearest Common Node
  Enable Input Delay Default Clock           :  No
  Enable Preset / Clear Arcs                 :  No
  Disable Flight Delays                      :  No
  Ignore I/O Paths                           :  No
  Timing Early Launch at Borrowing Latches   :  No
  Borrow Time for Max Delay Exceptions       :  Yes
  Merge Timing Exceptions                    :  Yes
  Inter-SLR Compensation                     :  Conservative

  Corner  Analyze    Analyze    
  Name    Max Paths  Min Paths  
  ------  ---------  ---------  
  Slow    Yes        Yes        
  Fast    Yes        Yes        


------------------------------------------------------------------------------------------------
| Report Methodology
| ------------------
------------------------------------------------------------------------------------------------

No report available as report_methodology has not been run prior. Run report_methodology on the current design for the summary of methodology violations.



check_timing report

Table of Contents
-----------------
1. checking no_clock (0)
2. checking constant_clock (0)
3. checking pulse_width_clock (0)
4. checking unconstrained_internal_endpoints (0)
5. checking no_input_delay (0)
6. checking no_output_delay (14)
7. checking multiple_clock (0)
8. checking generated_clocks (0)
9. checking loops (0)
10. checking partial_input_delay (0)
11. checking partial_output_delay (0)
12. checking latch_loops (0)

1. checking no_clock (0)
------------------------
 There are 0 register/latch pins with no clock.


2. checking constant_clock (0)
------------------------------
 There are 0 register/latch pins with constant_clock.


3. checking pulse_width_clock (0)
---------------------------------
 There are 0 register/latch pins which need pulse_width check


4. checking unconstrained_internal_endpoints (0)
------------------------------------------------
 There are 0 pins that are not constrained for maximum delay.

 There are 0 pins that are not constrained for maximum delay due to constant clock.


5. checking no_input_delay (0)
------------------------------
 There are 0 input ports with no input delay specified.

 There are 0 input ports with no input delay but user has a false path constraint.


6. checking no_output_delay (14)
--------------------------------
 There are 14 ports with no output delay specified. (HIGH)

 There are 0 ports with no output delay but user has a false path constraint

 There are 0 ports with no output delay but with a timing clock defined on it or propagating through it


7. checking multiple_clock (0)
------------------------------
 There are 0 register/latch pins with multiple clocks.


8. checking generated_clocks (0)
--------------------------------
 There are 0 generated clocks that are not connected to a clock source.


9. checking loops (0)
---------------------
 There are 0 combinational loops in the design.


10. checking partial_input_delay (0)
------------------------------------
 There are 0 input ports with partial input delay specified.


11. checking partial_output_delay (0)
-------------------------------------
 There are 0 ports with partial output delay specified.


12. checking latch_loops (0)
----------------------------
 There are 0 combinational latch loops in the design through latch input



------------------------------------------------------------------------------------------------
| Design Timing Summary
| ---------------------
------------------------------------------------------------------------------------------------

    WNS(ns)      TNS(ns)  TNS Failing Endpoints  TNS Total Endpoints      WHS(ns)      THS(ns)  THS Failing Endpoints  THS Total Endpoints     WPWS(ns)     TPWS(ns)  TPWS Failing Endpoints  TPWS Total Endpoints  
    -------      -------  ---------------------  -------------------      -------      -------  ---------------------  -------------------     --------     --------  ----------------------  --------------------  
     31.886        0.000                      0                  622        0.138        0.000                      0                  622        3.000        0.000                       0                   122  


All user specified timing constraints are met.


------------------------------------------------------------------------------------------------
| Clock Summary
| -------------
------------------------------------------------------------------------------------------------

Clock                        Waveform(ns)       Period(ns)      Frequency(MHz)
-----                        ------------       ----------      --------------
sys_clock                    {0.000 5.000}      10.000          100.000         
  clk_out25_top_clk_wiz_0_0  {0.000 20.000}     40.000          25.000          
  clkfbout_top_clk_wiz_0_0   {0.000 5.000}      10.000          100.000         


------------------------------------------------------------------------------------------------
| Intra Clock Table
| -----------------
------------------------------------------------------------------------------------------------

Clock                            WNS(ns)      TNS(ns)  TNS Failing Endpoints  TNS Total Endpoints      WHS(ns)      THS(ns)  THS Failing Endpoints  THS Total Endpoints     WPWS(ns)     TPWS(ns)  TPWS Failing Endpoints  TPWS Total Endpoints  
-----                            -------      -------  ---------------------  -------------------      -------      -------  ---------------------  -------------------     --------     --------  ----------------------  --------------------  
sys_clock                                                                                                                                                                      3.000        0.000                       0                     1  
  clk_out25_top_clk_wiz_0_0       31.886        0.000                      0                  622        0.138        0.000                      0                  622       19.500        0.000                       0                   118  
  clkfbout_top_clk_wiz_0_0                                                                                                                                                     7.845        0.000                       0                     3  


------------------------------------------------------------------------------------------------
| Inter Clock Table
| -----------------
------------------------------------------------------------------------------------------------

From Clock    To Clock          WNS(ns)      TNS(ns)  TNS Failing Endpoints  TNS Total Endpoints      WHS(ns)      THS(ns)  THS Failing Endpoints  THS Total Endpoints  
----------    --------          -------      -------  ---------------------  -------------------      -------      -------  ---------------------  -------------------  


------------------------------------------------------------------------------------------------
| Other Path Groups Table
| -----------------------
------------------------------------------------------------------------------------------------

Path Group    From Clock    To Clock          WNS(ns)      TNS(ns)  TNS Failing Endpoints  TNS Total Endpoints      WHS(ns)      THS(ns)  THS Failing Endpoints  THS Total Endpoints  
----------    ----------    --------          -------      -------  ---------------------  -------------------      -------      -------  ---------------------  -------------------  


------------------------------------------------------------------------------------------------
| User Ignored Path Table
| -----------------------
------------------------------------------------------------------------------------------------

Path Group    From Clock    To Clock    
----------    ----------    --------    


------------------------------------------------------------------------------------------------
| Unconstrained Path Table
| ------------------------
------------------------------------------------------------------------------------------------

Path Group                 From Clock                 To Clock                 
----------                 ----------                 --------                 
(none)                     clk_out25_top_clk_wiz_0_0                             
(none)                     clkfbout_top_clk_wiz_0_0                              


------------------------------------------------------------------------------------------------
| Timing Details
| --------------
------------------------------------------------------------------------------------------------


---------------------------------------------------------------------------------------------------
From Clock:  sys_clock
  To Clock:  sys_clock

Setup :           NA  Failing Endpoints,  Worst Slack           NA  ,  Total Violation           NA
Hold  :           NA  Failing Endpoints,  Worst Slack           NA  ,  Total Violation           NA
PW    :            0  Failing Endpoints,  Worst Slack        3.000ns,  Total Violation        0.000ns
---------------------------------------------------------------------------------------------------


Pulse Width Checks
--------------------------------------------------------------------------------------
Clock Name:         sys_clock
Waveform(ns):       { 0.000 5.000 }
Period(ns):         10.000
Sources:            { sys_clock }

Check Type        Corner  Lib Pin           Reference Pin  Required(ns)  Actual(ns)  Slack(ns)  Location        Pin
Min Period        n/a     PLLE2_ADV/CLKIN1  n/a            1.249         10.000      8.751      PLLE2_ADV_X1Y0  top_i/clk_wiz_0/inst/plle2_adv_inst/CLKIN1
Max Period        n/a     PLLE2_ADV/CLKIN1  n/a            52.633        10.000      42.633     PLLE2_ADV_X1Y0  top_i/clk_wiz_0/inst/plle2_adv_inst/CLKIN1
Low Pulse Width   Slow    PLLE2_ADV/CLKIN1  n/a            2.000         5.000       3.000      PLLE2_ADV_X1Y0  top_i/clk_wiz_0/inst/plle2_adv_inst/CLKIN1
Low Pulse Width   Fast    PLLE2_ADV/CLKIN1  n/a            2.000         5.000       3.000      PLLE2_ADV_X1Y0  top_i/clk_wiz_0/inst/plle2_adv_inst/CLKIN1
High Pulse Width  Slow    PLLE2_ADV/CLKIN1  n/a            2.000         5.000       3.000      PLLE2_ADV_X1Y0  top_i/clk_wiz_0/inst/plle2_adv_inst/CLKIN1
High Pulse Width  Fast    PLLE2_ADV/CLKIN1  n/a            2.000         5.000       3.000      PLLE2_ADV_X1Y0  top_i/clk_wiz_0/inst/plle2_adv_inst/CLKIN1



---------------------------------------------------------------------------------------------------
From Clock:  clk_out25_top_clk_wiz_0_0
  To Clock:  clk_out25_top_clk_wiz_0_0

Setup :            0  Failing Endpoints,  Worst Slack       31.886ns,  Total Violation        0.000ns
Hold  :            0  Failing Endpoints,  Worst Slack        0.138ns,  Total Violation        0.000ns
PW    :            0  Failing Endpoints,  Worst Slack       19.500ns,  Total Violation        0.000ns
---------------------------------------------------------------------------------------------------


Max Delay Paths
--------------------------------------------------------------------------------------
Slack (MET) :             31.886ns  (required time - arrival time)
  Source:                 top_i/VGA_Output_0/U0/bram_addr_s_reg/CLK
                            (rising edge-triggered cell DSP48E1 clocked by clk_out25_top_clk_wiz_0_0  {rise@0.000ns fall@20.000ns period=40.000ns})
  Destination:            top_i/blk_mem_gen_0/U0/inst_blk_mem_gen/gnbram.gnativebmg.native_blk_mem_gen/valid.cstr/ramloop[24].ram.r/prim_init.ram/DEVICE_7SERIES.NO_BMM_INFO.SP.SIMPLE_PRIM36.ram/ENARDEN
                            (rising edge-triggered cell RAMB36E1 clocked by clk_out25_top_clk_wiz_0_0  {rise@0.000ns fall@20.000ns period=40.000ns})
  Path Group:             clk_out25_top_clk_wiz_0_0
  Path Type:              Setup (Max at Slow Process Corner)
  Requirement:            40.000ns  (clk_out25_top_clk_wiz_0_0 rise@40.000ns - clk_out25_top_clk_wiz_0_0 rise@0.000ns)
  Data Path Delay:        7.273ns  (logic 0.582ns (8.002%)  route 6.691ns (91.998%))
  Logic Levels:           1  (LUT5=1)
  Clock Path Skew:        -0.095ns (DCD - SCD + CPR)
    Destination Clock Delay (DCD):    -2.029ns = ( 37.971 - 40.000 ) 
    Source Clock Delay      (SCD):    -2.359ns
    Clock Pessimism Removal (CPR):    -0.425ns
  Clock Uncertainty:      0.098ns  ((TSJ^2 + DJ^2)^1/2) / 2 + PE
    Total System Jitter     (TSJ):    0.071ns
    Discrete Jitter          (DJ):    0.183ns
    Phase Error              (PE):    0.000ns

    Location             Delay type                Incr(ns)  Path(ns)    Netlist Resource(s)
  -------------------------------------------------------------------    -------------------
                         (clock clk_out25_top_clk_wiz_0_0 rise edge)
                                                      0.000     0.000 r  
    W5                                                0.000     0.000 r  sys_clock (IN)
                         net (fo=0)                   0.000     0.000    top_i/clk_wiz_0/inst/clk_in1
    W5                   IBUF (Prop_ibuf_I_O)         1.458     1.458 r  top_i/clk_wiz_0/inst/clkin1_ibufg/O
                         net (fo=1, routed)           1.253     2.711    top_i/clk_wiz_0/inst/clk_in1_top_clk_wiz_0_0
    PLLE2_ADV_X1Y0       PLLE2_ADV (Prop_plle2_adv_CLKIN1_CLKOUT1)
                                                     -8.482    -5.770 r  top_i/clk_wiz_0/inst/plle2_adv_inst/CLKOUT1
                         net (fo=1, routed)           1.655    -4.115    top_i/clk_wiz_0/inst/clk_out25_top_clk_wiz_0_0
    BUFGCTRL_X0Y0        BUFG (Prop_bufg_I_O)         0.096    -4.019 r  top_i/clk_wiz_0/inst/clkout2_buf/O
                         net (fo=116, routed)         1.660    -2.359    top_i/VGA_Output_0/U0/clk
    DSP48_X1Y16          DSP48E1                                      r  top_i/VGA_Output_0/U0/bram_addr_s_reg/CLK
  -------------------------------------------------------------------    -------------------
    DSP48_X1Y16          DSP48E1 (Prop_dsp48e1_CLK_P[14])
                                                      0.434    -1.925 f  top_i/VGA_Output_0/U0/bram_addr_s_reg/P[14]
                         net (fo=34, routed)          4.962     3.037    top_i/blk_mem_gen_0/U0/inst_blk_mem_gen/gnbram.gnativebmg.native_blk_mem_gen/valid.cstr/bindec_a.bindec_inst_a/addra[2]
    SLICE_X14Y17         LUT5 (Prop_lut5_I0_O)        0.148     3.185 r  top_i/blk_mem_gen_0/U0/inst_blk_mem_gen/gnbram.gnativebmg.native_blk_mem_gen/valid.cstr/bindec_a.bindec_inst_a/DEVICE_7SERIES.NO_BMM_INFO.SP.SIMPLE_PRIM36.ram_i_1__8/O
                         net (fo=1, routed)           1.729     4.914    top_i/blk_mem_gen_0/U0/inst_blk_mem_gen/gnbram.gnativebmg.native_blk_mem_gen/valid.cstr/ramloop[24].ram.r/prim_init.ram/ena_array[0]
    RAMB36_X2Y2          RAMB36E1                                     r  top_i/blk_mem_gen_0/U0/inst_blk_mem_gen/gnbram.gnativebmg.native_blk_mem_gen/valid.cstr/ramloop[24].ram.r/prim_init.ram/DEVICE_7SERIES.NO_BMM_INFO.SP.SIMPLE_PRIM36.ram/ENARDEN
  -------------------------------------------------------------------    -------------------

                         (clock clk_out25_top_clk_wiz_0_0 rise edge)
                                                     40.000    40.000 r  
    W5                                                0.000    40.000 r  sys_clock (IN)
                         net (fo=0)                   0.000    40.000    top_i/clk_wiz_0/inst/clk_in1
    W5                   IBUF (Prop_ibuf_I_O)         1.388    41.388 r  top_i/clk_wiz_0/inst/clkin1_ibufg/O
                         net (fo=1, routed)           1.181    42.569    top_i/clk_wiz_0/inst/clk_in1_top_clk_wiz_0_0
    PLLE2_ADV_X1Y0       PLLE2_ADV (Prop_plle2_adv_CLKIN1_CLKOUT1)
                                                     -7.750    34.819 r  top_i/clk_wiz_0/inst/plle2_adv_inst/CLKOUT1
                         net (fo=1, routed)           1.576    36.396    top_i/clk_wiz_0/inst/clk_out25_top_clk_wiz_0_0
    BUFGCTRL_X0Y0        BUFG (Prop_bufg_I_O)         0.091    36.487 r  top_i/clk_wiz_0/inst/clkout2_buf/O
                         net (fo=116, routed)         1.485    37.971    top_i/blk_mem_gen_0/U0/inst_blk_mem_gen/gnbram.gnativebmg.native_blk_mem_gen/valid.cstr/ramloop[24].ram.r/prim_init.ram/clka
    RAMB36_X2Y2          RAMB36E1                                     r  top_i/blk_mem_gen_0/U0/inst_blk_mem_gen/gnbram.gnativebmg.native_blk_mem_gen/valid.cstr/ramloop[24].ram.r/prim_init.ram/DEVICE_7SERIES.NO_BMM_INFO.SP.SIMPLE_PRIM36.ram/CLKARDCLK
                         clock pessimism             -0.425    37.546    
                         clock uncertainty           -0.098    37.447    
    RAMB36_X2Y2          RAMB36E1 (Setup_ramb36e1_CLKARDCLK_ENARDEN)
                                                     -0.647    36.800    top_i/blk_mem_gen_0/U0/inst_blk_mem_gen/gnbram.gnativebmg.native_blk_mem_gen/valid.cstr/ramloop[24].ram.r/prim_init.ram/DEVICE_7SERIES.NO_BMM_INFO.SP.SIMPLE_PRIM36.ram
  -------------------------------------------------------------------
                         required time                         36.800    
                         arrival time                          -4.914    
  -------------------------------------------------------------------
                         slack                                 31.886    

Slack (MET) :             31.943ns  (required time - arrival time)
  Source:                 top_i/VGA_Output_0/U0/bram_addr_s_reg/CLK
                            (rising edge-triggered cell DSP48E1 clocked by clk_out25_top_clk_wiz_0_0  {rise@0.000ns fall@20.000ns period=40.000ns})
  Destination:            top_i/blk_mem_gen_0/U0/inst_blk_mem_gen/gnbram.gnativebmg.native_blk_mem_gen/valid.cstr/ramloop[29].ram.r/prim_init.ram/DEVICE_7SERIES.NO_BMM_INFO.SP.SIMPLE_PRIM36.ram/ADDRARDADDR[11]
                            (rising edge-triggered cell RAMB36E1 clocked by clk_out25_top_clk_wiz_0_0  {rise@0.000ns fall@20.000ns period=40.000ns})
  Path Group:             clk_out25_top_clk_wiz_0_0
  Path Type:              Setup (Max at Slow Process Corner)
  Requirement:            40.000ns  (clk_out25_top_clk_wiz_0_0 rise@40.000ns - clk_out25_top_clk_wiz_0_0 rise@0.000ns)
  Data Path Delay:        7.210ns  (logic 0.434ns (6.019%)  route 6.776ns (93.981%))
  Logic Levels:           0  
  Clock Path Skew:        -0.182ns (DCD - SCD + CPR)
    Destination Clock Delay (DCD):    -2.044ns = ( 37.956 - 40.000 ) 
    Source Clock Delay      (SCD):    -2.359ns
    Clock Pessimism Removal (CPR):    -0.497ns
  Clock Uncertainty:      0.098ns  ((TSJ^2 + DJ^2)^1/2) / 2 + PE
    Total System Jitter     (TSJ):    0.071ns
    Discrete Jitter          (DJ):    0.183ns
    Phase Error              (PE):    0.000ns

    Location             Delay type                Incr(ns)  Path(ns)    Netlist Resource(s)
  -------------------------------------------------------------------    -------------------
                         (clock clk_out25_top_clk_wiz_0_0 rise edge)
                                                      0.000     0.000 r  
    W5                                                0.000     0.000 r  sys_clock (IN)
                         net (fo=0)                   0.000     0.000    top_i/clk_wiz_0/inst/clk_in1
    W5                   IBUF (Prop_ibuf_I_O)         1.458     1.458 r  top_i/clk_wiz_0/inst/clkin1_ibufg/O
                         net (fo=1, routed)           1.253     2.711    top_i/clk_wiz_0/inst/clk_in1_top_clk_wiz_0_0
    PLLE2_ADV_X1Y0       PLLE2_ADV (Prop_plle2_adv_CLKIN1_CLKOUT1)
                                                     -8.482    -5.770 r  top_i/clk_wiz_0/inst/plle2_adv_inst/CLKOUT1
                         net (fo=1, routed)           1.655    -4.115    top_i/clk_wiz_0/inst/clk_out25_top_clk_wiz_0_0
    BUFGCTRL_X0Y0        BUFG (Prop_bufg_I_O)         0.096    -4.019 r  top_i/clk_wiz_0/inst/clkout2_buf/O
                         net (fo=116, routed)         1.660    -2.359    top_i/VGA_Output_0/U0/clk
    DSP48_X1Y16          DSP48E1                                      r  top_i/VGA_Output_0/U0/bram_addr_s_reg/CLK
  -------------------------------------------------------------------    -------------------
    DSP48_X1Y16          DSP48E1 (Prop_dsp48e1_CLK_P[8])
                                                      0.434    -1.925 r  top_i/VGA_Output_0/U0/bram_addr_s_reg/P[8]
                         net (fo=35, routed)          6.776     4.851    top_i/blk_mem_gen_0/U0/inst_blk_mem_gen/gnbram.gnativebmg.native_blk_mem_gen/valid.cstr/ramloop[29].ram.r/prim_init.ram/addra[8]
    RAMB36_X0Y4          RAMB36E1                                     r  top_i/blk_mem_gen_0/U0/inst_blk_mem_gen/gnbram.gnativebmg.native_blk_mem_gen/valid.cstr/ramloop[29].ram.r/prim_init.ram/DEVICE_7SERIES.NO_BMM_INFO.SP.SIMPLE_PRIM36.ram/ADDRARDADDR[11]
  -------------------------------------------------------------------    -------------------

                         (clock clk_out25_top_clk_wiz_0_0 rise edge)
                                                     40.000    40.000 r  
    W5                                                0.000    40.000 r  sys_clock (IN)
                         net (fo=0)                   0.000    40.000    top_i/clk_wiz_0/inst/clk_in1
    W5                   IBUF (Prop_ibuf_I_O)         1.388    41.388 r  top_i/clk_wiz_0/inst/clkin1_ibufg/O
                         net (fo=1, routed)           1.181    42.569    top_i/clk_wiz_0/inst/clk_in1_top_clk_wiz_0_0
    PLLE2_ADV_X1Y0       PLLE2_ADV (Prop_plle2_adv_CLKIN1_CLKOUT1)
                                                     -7.750    34.819 r  top_i/clk_wiz_0/inst/plle2_adv_inst/CLKOUT1
                         net (fo=1, routed)           1.576    36.396    top_i/clk_wiz_0/inst/clk_out25_top_clk_wiz_0_0
    BUFGCTRL_X0Y0        BUFG (Prop_bufg_I_O)         0.091    36.487 r  top_i/clk_wiz_0/inst/clkout2_buf/O
                         net (fo=116, routed)         1.470    37.956    top_i/blk_mem_gen_0/U0/inst_blk_mem_gen/gnbram.gnativebmg.native_blk_mem_gen/valid.cstr/ramloop[29].ram.r/prim_init.ram/clka
    RAMB36_X0Y4          RAMB36E1                                     r  top_i/blk_mem_gen_0/U0/inst_blk_mem_gen/gnbram.gnativebmg.native_blk_mem_gen/valid.cstr/ramloop[29].ram.r/prim_init.ram/DEVICE_7SERIES.NO_BMM_INFO.SP.SIMPLE_PRIM36.ram/CLKARDCLK
                         clock pessimism             -0.497    37.459    
                         clock uncertainty           -0.098    37.360    
    RAMB36_X0Y4          RAMB36E1 (Setup_ramb36e1_CLKARDCLK_ADDRARDADDR[11])
                                                     -0.566    36.794    top_i/blk_mem_gen_0/U0/inst_blk_mem_gen/gnbram.gnativebmg.native_blk_mem_gen/valid.cstr/ramloop[29].ram.r/prim_init.ram/DEVICE_7SERIES.NO_BMM_INFO.SP.SIMPLE_PRIM36.ram
  -------------------------------------------------------------------
                         required time                         36.794    
                         arrival time                          -4.851    
  -------------------------------------------------------------------
                         slack                                 31.943    

Slack (MET) :             32.024ns  (required time - arrival time)
  Source:                 top_i/VGA_Output_0/U0/bram_addr_s_reg/CLK
                            (rising edge-triggered cell DSP48E1 clocked by clk_out25_top_clk_wiz_0_0  {rise@0.000ns fall@20.000ns period=40.000ns})
  Destination:            top_i/blk_mem_gen_0/U0/inst_blk_mem_gen/gnbram.gnativebmg.native_blk_mem_gen/valid.cstr/ramloop[29].ram.r/prim_init.ram/DEVICE_7SERIES.NO_BMM_INFO.SP.SIMPLE_PRIM36.ram/ADDRARDADDR[6]
                            (rising edge-triggered cell RAMB36E1 clocked by clk_out25_top_clk_wiz_0_0  {rise@0.000ns fall@20.000ns period=40.000ns})
  Path Group:             clk_out25_top_clk_wiz_0_0
  Path Type:              Setup (Max at Slow Process Corner)
  Requirement:            40.000ns  (clk_out25_top_clk_wiz_0_0 rise@40.000ns - clk_out25_top_clk_wiz_0_0 rise@0.000ns)
  Data Path Delay:        7.129ns  (logic 0.434ns (6.088%)  route 6.695ns (93.912%))
  Logic Levels:           0  
  Clock Path Skew:        -0.182ns (DCD - SCD + CPR)
    Destination Clock Delay (DCD):    -2.044ns = ( 37.956 - 40.000 ) 
    Source Clock Delay      (SCD):    -2.359ns
    Clock Pessimism Removal (CPR):    -0.497ns
  Clock Uncertainty:      0.098ns  ((TSJ^2 + DJ^2)^1/2) / 2 + PE
    Total System Jitter     (TSJ):    0.071ns
    Discrete Jitter          (DJ):    0.183ns
    Phase Error              (PE):    0.000ns

    Location             Delay type                Incr(ns)  Path(ns)    Netlist Resource(s)
  -------------------------------------------------------------------    -------------------
                         (clock clk_out25_top_clk_wiz_0_0 rise edge)
                                                      0.000     0.000 r  
    W5                                                0.000     0.000 r  sys_clock (IN)
                         net (fo=0)                   0.000     0.000    top_i/clk_wiz_0/inst/clk_in1
    W5                   IBUF (Prop_ibuf_I_O)         1.458     1.458 r  top_i/clk_wiz_0/inst/clkin1_ibufg/O
                         net (fo=1, routed)           1.253     2.711    top_i/clk_wiz_0/inst/clk_in1_top_clk_wiz_0_0
    PLLE2_ADV_X1Y0       PLLE2_ADV (Prop_plle2_adv_CLKIN1_CLKOUT1)
                                                     -8.482    -5.770 r  top_i/clk_wiz_0/inst/plle2_adv_inst/CLKOUT1
                         net (fo=1, routed)           1.655    -4.115    top_i/clk_wiz_0/inst/clk_out25_top_clk_wiz_0_0
    BUFGCTRL_X0Y0        BUFG (Prop_bufg_I_O)         0.096    -4.019 r  top_i/clk_wiz_0/inst/clkout2_buf/O
                         net (fo=116, routed)         1.660    -2.359    top_i/VGA_Output_0/U0/clk
    DSP48_X1Y16          DSP48E1                                      r  top_i/VGA_Output_0/U0/bram_addr_s_reg/CLK
  -------------------------------------------------------------------    -------------------
    DSP48_X1Y16          DSP48E1 (Prop_dsp48e1_CLK_P[3])
                                                      0.434    -1.925 r  top_i/VGA_Output_0/U0/bram_addr_s_reg/P[3]
                         net (fo=35, routed)          6.695     4.770    top_i/blk_mem_gen_0/U0/inst_blk_mem_gen/gnbram.gnativebmg.native_blk_mem_gen/valid.cstr/ramloop[29].ram.r/prim_init.ram/addra[3]
    RAMB36_X0Y4          RAMB36E1                                     r  top_i/blk_mem_gen_0/U0/inst_blk_mem_gen/gnbram.gnativebmg.native_blk_mem_gen/valid.cstr/ramloop[29].ram.r/prim_init.ram/DEVICE_7SERIES.NO_BMM_INFO.SP.SIMPLE_PRIM36.ram/ADDRARDADDR[6]
  -------------------------------------------------------------------    -------------------

                         (clock clk_out25_top_clk_wiz_0_0 rise edge)
                                                     40.000    40.000 r  
    W5                                                0.000    40.000 r  sys_clock (IN)
                         net (fo=0)                   0.000    40.000    top_i/clk_wiz_0/inst/clk_in1
    W5                   IBUF (Prop_ibuf_I_O)         1.388    41.388 r  top_i/clk_wiz_0/inst/clkin1_ibufg/O
                         net (fo=1, routed)           1.181    42.569    top_i/clk_wiz_0/inst/clk_in1_top_clk_wiz_0_0
    PLLE2_ADV_X1Y0       PLLE2_ADV (Prop_plle2_adv_CLKIN1_CLKOUT1)
                                                     -7.750    34.819 r  top_i/clk_wiz_0/inst/plle2_adv_inst/CLKOUT1
                         net (fo=1, routed)           1.576    36.396    top_i/clk_wiz_0/inst/clk_out25_top_clk_wiz_0_0
    BUFGCTRL_X0Y0        BUFG (Prop_bufg_I_O)         0.091    36.487 r  top_i/clk_wiz_0/inst/clkout2_buf/O
                         net (fo=116, routed)         1.470    37.956    top_i/blk_mem_gen_0/U0/inst_blk_mem_gen/gnbram.gnativebmg.native_blk_mem_gen/valid.cstr/ramloop[29].ram.r/prim_init.ram/clka
    RAMB36_X0Y4          RAMB36E1                                     r  top_i/blk_mem_gen_0/U0/inst_blk_mem_gen/gnbram.gnativebmg.native_blk_mem_gen/valid.cstr/ramloop[29].ram.r/prim_init.ram/DEVICE_7SERIES.NO_BMM_INFO.SP.SIMPLE_PRIM36.ram/CLKARDCLK
                         clock pessimism             -0.497    37.459    
                         clock uncertainty           -0.098    37.360    
    RAMB36_X0Y4          RAMB36E1 (Setup_ramb36e1_CLKARDCLK_ADDRARDADDR[6])
                                                     -0.566    36.794    top_i/blk_mem_gen_0/U0/inst_blk_mem_gen/gnbram.gnativebmg.native_blk_mem_gen/valid.cstr/ramloop[29].ram.r/prim_init.ram/DEVICE_7SERIES.NO_BMM_INFO.SP.SIMPLE_PRIM36.ram
  -------------------------------------------------------------------
                         required time                         36.794    
                         arrival time                          -4.770    
  -------------------------------------------------------------------
                         slack                                 32.024    

Slack (MET) :             32.028ns  (required time - arrival time)
  Source:                 top_i/VGA_Output_0/U0/bram_addr_s_reg/CLK
                            (rising edge-triggered cell DSP48E1 clocked by clk_out25_top_clk_wiz_0_0  {rise@0.000ns fall@20.000ns period=40.000ns})
  Destination:            top_i/blk_mem_gen_0/U0/inst_blk_mem_gen/gnbram.gnativebmg.native_blk_mem_gen/valid.cstr/ramloop[29].ram.r/prim_init.ram/DEVICE_7SERIES.NO_BMM_INFO.SP.SIMPLE_PRIM36.ram/ADDRARDADDR[9]
                            (rising edge-triggered cell RAMB36E1 clocked by clk_out25_top_clk_wiz_0_0  {rise@0.000ns fall@20.000ns period=40.000ns})
  Path Group:             clk_out25_top_clk_wiz_0_0
  Path Type:              Setup (Max at Slow Process Corner)
  Requirement:            40.000ns  (clk_out25_top_clk_wiz_0_0 rise@40.000ns - clk_out25_top_clk_wiz_0_0 rise@0.000ns)
  Data Path Delay:        7.126ns  (logic 0.434ns (6.091%)  route 6.692ns (93.909%))
  Logic Levels:           0  
  Clock Path Skew:        -0.182ns (DCD - SCD + CPR)
    Destination Clock Delay (DCD):    -2.044ns = ( 37.956 - 40.000 ) 
    Source Clock Delay      (SCD):    -2.359ns
    Clock Pessimism Removal (CPR):    -0.497ns
  Clock Uncertainty:      0.098ns  ((TSJ^2 + DJ^2)^1/2) / 2 + PE
    Total System Jitter     (TSJ):    0.071ns
    Discrete Jitter          (DJ):    0.183ns
    Phase Error              (PE):    0.000ns

    Location             Delay type                Incr(ns)  Path(ns)    Netlist Resource(s)
  -------------------------------------------------------------------    -------------------
                         (clock clk_out25_top_clk_wiz_0_0 rise edge)
                                                      0.000     0.000 r  
    W5                                                0.000     0.000 r  sys_clock (IN)
                         net (fo=0)                   0.000     0.000    top_i/clk_wiz_0/inst/clk_in1
    W5                   IBUF (Prop_ibuf_I_O)         1.458     1.458 r  top_i/clk_wiz_0/inst/clkin1_ibufg/O
                         net (fo=1, routed)           1.253     2.711    top_i/clk_wiz_0/inst/clk_in1_top_clk_wiz_0_0
    PLLE2_ADV_X1Y0       PLLE2_ADV (Prop_plle2_adv_CLKIN1_CLKOUT1)
                                                     -8.482    -5.770 r  top_i/clk_wiz_0/inst/plle2_adv_inst/CLKOUT1
                         net (fo=1, routed)           1.655    -4.115    top_i/clk_wiz_0/inst/clk_out25_top_clk_wiz_0_0
    BUFGCTRL_X0Y0        BUFG (Prop_bufg_I_O)         0.096    -4.019 r  top_i/clk_wiz_0/inst/clkout2_buf/O
                         net (fo=116, routed)         1.660    -2.359    top_i/VGA_Output_0/U0/clk
    DSP48_X1Y16          DSP48E1                                      r  top_i/VGA_Output_0/U0/bram_addr_s_reg/CLK
  -------------------------------------------------------------------    -------------------
    DSP48_X1Y16          DSP48E1 (Prop_dsp48e1_CLK_P[6])
                                                      0.434    -1.925 r  top_i/VGA_Output_0/U0/bram_addr_s_reg/P[6]
                         net (fo=35, routed)          6.692     4.767    top_i/blk_mem_gen_0/U0/inst_blk_mem_gen/gnbram.gnativebmg.native_blk_mem_gen/valid.cstr/ramloop[29].ram.r/prim_init.ram/addra[6]
    RAMB36_X0Y4          RAMB36E1                                     r  top_i/blk_mem_gen_0/U0/inst_blk_mem_gen/gnbram.gnativebmg.native_blk_mem_gen/valid.cstr/ramloop[29].ram.r/prim_init.ram/DEVICE_7SERIES.NO_BMM_INFO.SP.SIMPLE_PRIM36.ram/ADDRARDADDR[9]
  -------------------------------------------------------------------    -------------------

                         (clock clk_out25_top_clk_wiz_0_0 rise edge)
                                                     40.000    40.000 r  
    W5                                                0.000    40.000 r  sys_clock (IN)
                         net (fo=0)                   0.000    40.000    top_i/clk_wiz_0/inst/clk_in1
    W5                   IBUF (Prop_ibuf_I_O)         1.388    41.388 r  top_i/clk_wiz_0/inst/clkin1_ibufg/O
                         net (fo=1, routed)           1.181    42.569    top_i/clk_wiz_0/inst/clk_in1_top_clk_wiz_0_0
    PLLE2_ADV_X1Y0       PLLE2_ADV (Prop_plle2_adv_CLKIN1_CLKOUT1)
                                                     -7.750    34.819 r  top_i/clk_wiz_0/inst/plle2_adv_inst/CLKOUT1
                         net (fo=1, routed)           1.576    36.396    top_i/clk_wiz_0/inst/clk_out25_top_clk_wiz_0_0
    BUFGCTRL_X0Y0        BUFG (Prop_bufg_I_O)         0.091    36.487 r  top_i/clk_wiz_0/inst/clkout2_buf/O
                         net (fo=116, routed)         1.470    37.956    top_i/blk_mem_gen_0/U0/inst_blk_mem_gen/gnbram.gnativebmg.native_blk_mem_gen/valid.cstr/ramloop[29].ram.r/prim_init.ram/clka
    RAMB36_X0Y4          RAMB36E1                                     r  top_i/blk_mem_gen_0/U0/inst_blk_mem_gen/gnbram.gnativebmg.native_blk_mem_gen/valid.cstr/ramloop[29].ram.r/prim_init.ram/DEVICE_7SERIES.NO_BMM_INFO.SP.SIMPLE_PRIM36.ram/CLKARDCLK
                         clock pessimism             -0.497    37.459    
                         clock uncertainty           -0.098    37.360    
    RAMB36_X0Y4          RAMB36E1 (Setup_ramb36e1_CLKARDCLK_ADDRARDADDR[9])
                                                     -0.566    36.794    top_i/blk_mem_gen_0/U0/inst_blk_mem_gen/gnbram.gnativebmg.native_blk_mem_gen/valid.cstr/ramloop[29].ram.r/prim_init.ram/DEVICE_7SERIES.NO_BMM_INFO.SP.SIMPLE_PRIM36.ram
  -------------------------------------------------------------------
                         required time                         36.794    
                         arrival time                          -4.767    
  -------------------------------------------------------------------
                         slack                                 32.028    

Slack (MET) :             32.138ns  (required time - arrival time)
  Source:                 top_i/VGA_Output_0/U0/bram_addr_s_reg/CLK
                            (rising edge-triggered cell DSP48E1 clocked by clk_out25_top_clk_wiz_0_0  {rise@0.000ns fall@20.000ns period=40.000ns})
  Destination:            top_i/blk_mem_gen_0/U0/inst_blk_mem_gen/gnbram.gnativebmg.native_blk_mem_gen/valid.cstr/ramloop[29].ram.r/prim_init.ram/DEVICE_7SERIES.NO_BMM_INFO.SP.SIMPLE_PRIM36.ram/ADDRARDADDR[13]
                            (rising edge-triggered cell RAMB36E1 clocked by clk_out25_top_clk_wiz_0_0  {rise@0.000ns fall@20.000ns period=40.000ns})
  Path Group:             clk_out25_top_clk_wiz_0_0
  Path Type:              Setup (Max at Slow Process Corner)
  Requirement:            40.000ns  (clk_out25_top_clk_wiz_0_0 rise@40.000ns - clk_out25_top_clk_wiz_0_0 rise@0.000ns)
  Data Path Delay:        7.015ns  (logic 0.434ns (6.187%)  route 6.581ns (93.813%))
  Logic Levels:           0  
  Clock Path Skew:        -0.182ns (DCD - SCD + CPR)
    Destination Clock Delay (DCD):    -2.044ns = ( 37.956 - 40.000 ) 
    Source Clock Delay      (SCD):    -2.359ns
    Clock Pessimism Removal (CPR):    -0.497ns
  Clock Uncertainty:      0.098ns  ((TSJ^2 + DJ^2)^1/2) / 2 + PE
    Total System Jitter     (TSJ):    0.071ns
    Discrete Jitter          (DJ):    0.183ns
    Phase Error              (PE):    0.000ns

    Location             Delay type                Incr(ns)  Path(ns)    Netlist Resource(s)
  -------------------------------------------------------------------    -------------------
                         (clock clk_out25_top_clk_wiz_0_0 rise edge)
                                                      0.000     0.000 r  
    W5                                                0.000     0.000 r  sys_clock (IN)
                         net (fo=0)                   0.000     0.000    top_i/clk_wiz_0/inst/clk_in1
    W5                   IBUF (Prop_ibuf_I_O)         1.458     1.458 r  top_i/clk_wiz_0/inst/clkin1_ibufg/O
                         net (fo=1, routed)           1.253     2.711    top_i/clk_wiz_0/inst/clk_in1_top_clk_wiz_0_0
    PLLE2_ADV_X1Y0       PLLE2_ADV (Prop_plle2_adv_CLKIN1_CLKOUT1)
                                                     -8.482    -5.770 r  top_i/clk_wiz_0/inst/plle2_adv_inst/CLKOUT1
                         net (fo=1, routed)           1.655    -4.115    top_i/clk_wiz_0/inst/clk_out25_top_clk_wiz_0_0
    BUFGCTRL_X0Y0        BUFG (Prop_bufg_I_O)         0.096    -4.019 r  top_i/clk_wiz_0/inst/clkout2_buf/O
                         net (fo=116, routed)         1.660    -2.359    top_i/VGA_Output_0/U0/clk
    DSP48_X1Y16          DSP48E1                                      r  top_i/VGA_Output_0/U0/bram_addr_s_reg/CLK
  -------------------------------------------------------------------    -------------------
    DSP48_X1Y16          DSP48E1 (Prop_dsp48e1_CLK_P[10])
                                                      0.434    -1.925 r  top_i/VGA_Output_0/U0/bram_addr_s_reg/P[10]
                         net (fo=35, routed)          6.581     4.656    top_i/blk_mem_gen_0/U0/inst_blk_mem_gen/gnbram.gnativebmg.native_blk_mem_gen/valid.cstr/ramloop[29].ram.r/prim_init.ram/addra[10]
    RAMB36_X0Y4          RAMB36E1                                     r  top_i/blk_mem_gen_0/U0/inst_blk_mem_gen/gnbram.gnativebmg.native_blk_mem_gen/valid.cstr/ramloop[29].ram.r/prim_init.ram/DEVICE_7SERIES.NO_BMM_INFO.SP.SIMPLE_PRIM36.ram/ADDRARDADDR[13]
  -------------------------------------------------------------------    -------------------

                         (clock clk_out25_top_clk_wiz_0_0 rise edge)
                                                     40.000    40.000 r  
    W5                                                0.000    40.000 r  sys_clock (IN)
                         net (fo=0)                   0.000    40.000    top_i/clk_wiz_0/inst/clk_in1
    W5                   IBUF (Prop_ibuf_I_O)         1.388    41.388 r  top_i/clk_wiz_0/inst/clkin1_ibufg/O
                         net (fo=1, routed)           1.181    42.569    top_i/clk_wiz_0/inst/clk_in1_top_clk_wiz_0_0
    PLLE2_ADV_X1Y0       PLLE2_ADV (Prop_plle2_adv_CLKIN1_CLKOUT1)
                                                     -7.750    34.819 r  top_i/clk_wiz_0/inst/plle2_adv_inst/CLKOUT1
                         net (fo=1, routed)           1.576    36.396    top_i/clk_wiz_0/inst/clk_out25_top_clk_wiz_0_0
    BUFGCTRL_X0Y0        BUFG (Prop_bufg_I_O)         0.091    36.487 r  top_i/clk_wiz_0/inst/clkout2_buf/O
                         net (fo=116, routed)         1.470    37.956    top_i/blk_mem_gen_0/U0/inst_blk_mem_gen/gnbram.gnativebmg.native_blk_mem_gen/valid.cstr/ramloop[29].ram.r/prim_init.ram/clka
    RAMB36_X0Y4          RAMB36E1                                     r  top_i/blk_mem_gen_0/U0/inst_blk_mem_gen/gnbram.gnativebmg.native_blk_mem_gen/valid.cstr/ramloop[29].ram.r/prim_init.ram/DEVICE_7SERIES.NO_BMM_INFO.SP.SIMPLE_PRIM36.ram/CLKARDCLK
                         clock pessimism             -0.497    37.459    
                         clock uncertainty           -0.098    37.360    
    RAMB36_X0Y4          RAMB36E1 (Setup_ramb36e1_CLKARDCLK_ADDRARDADDR[13])
                                                     -0.566    36.794    top_i/blk_mem_gen_0/U0/inst_blk_mem_gen/gnbram.gnativebmg.native_blk_mem_gen/valid.cstr/ramloop[29].ram.r/prim_init.ram/DEVICE_7SERIES.NO_BMM_INFO.SP.SIMPLE_PRIM36.ram
  -------------------------------------------------------------------
                         required time                         36.794    
                         arrival time                          -4.656    
  -------------------------------------------------------------------
                         slack                                 32.138    

Slack (MET) :             32.233ns  (required time - arrival time)
  Source:                 top_i/VGA_Output_0/U0/bram_addr_s_reg/CLK
                            (rising edge-triggered cell DSP48E1 clocked by clk_out25_top_clk_wiz_0_0  {rise@0.000ns fall@20.000ns period=40.000ns})
  Destination:            top_i/blk_mem_gen_0/U0/inst_blk_mem_gen/gnbram.gnativebmg.native_blk_mem_gen/valid.cstr/ramloop[29].ram.r/prim_init.ram/DEVICE_7SERIES.NO_BMM_INFO.SP.SIMPLE_PRIM36.ram/ADDRARDADDR[10]
                            (rising edge-triggered cell RAMB36E1 clocked by clk_out25_top_clk_wiz_0_0  {rise@0.000ns fall@20.000ns period=40.000ns})
  Path Group:             clk_out25_top_clk_wiz_0_0
  Path Type:              Setup (Max at Slow Process Corner)
  Requirement:            40.000ns  (clk_out25_top_clk_wiz_0_0 rise@40.000ns - clk_out25_top_clk_wiz_0_0 rise@0.000ns)
  Data Path Delay:        6.920ns  (logic 0.434ns (6.272%)  route 6.486ns (93.728%))
  Logic Levels:           0  
  Clock Path Skew:        -0.182ns (DCD - SCD + CPR)
    Destination Clock Delay (DCD):    -2.044ns = ( 37.956 - 40.000 ) 
    Source Clock Delay      (SCD):    -2.359ns
    Clock Pessimism Removal (CPR):    -0.497ns
  Clock Uncertainty:      0.098ns  ((TSJ^2 + DJ^2)^1/2) / 2 + PE
    Total System Jitter     (TSJ):    0.071ns
    Discrete Jitter          (DJ):    0.183ns
    Phase Error              (PE):    0.000ns

    Location             Delay type                Incr(ns)  Path(ns)    Netlist Resource(s)
  -------------------------------------------------------------------    -------------------
                         (clock clk_out25_top_clk_wiz_0_0 rise edge)
                                                      0.000     0.000 r  
    W5                                                0.000     0.000 r  sys_clock (IN)
                         net (fo=0)                   0.000     0.000    top_i/clk_wiz_0/inst/clk_in1
    W5                   IBUF (Prop_ibuf_I_O)         1.458     1.458 r  top_i/clk_wiz_0/inst/clkin1_ibufg/O
                         net (fo=1, routed)           1.253     2.711    top_i/clk_wiz_0/inst/clk_in1_top_clk_wiz_0_0
    PLLE2_ADV_X1Y0       PLLE2_ADV (Prop_plle2_adv_CLKIN1_CLKOUT1)
                                                     -8.482    -5.770 r  top_i/clk_wiz_0/inst/plle2_adv_inst/CLKOUT1
                         net (fo=1, routed)           1.655    -4.115    top_i/clk_wiz_0/inst/clk_out25_top_clk_wiz_0_0
    BUFGCTRL_X0Y0        BUFG (Prop_bufg_I_O)         0.096    -4.019 r  top_i/clk_wiz_0/inst/clkout2_buf/O
                         net (fo=116, routed)         1.660    -2.359    top_i/VGA_Output_0/U0/clk
    DSP48_X1Y16          DSP48E1                                      r  top_i/VGA_Output_0/U0/bram_addr_s_reg/CLK
  -------------------------------------------------------------------    -------------------
    DSP48_X1Y16          DSP48E1 (Prop_dsp48e1_CLK_P[7])
                                                      0.434    -1.925 r  top_i/VGA_Output_0/U0/bram_addr_s_reg/P[7]
                         net (fo=35, routed)          6.486     4.561    top_i/blk_mem_gen_0/U0/inst_blk_mem_gen/gnbram.gnativebmg.native_blk_mem_gen/valid.cstr/ramloop[29].ram.r/prim_init.ram/addra[7]
    RAMB36_X0Y4          RAMB36E1                                     r  top_i/blk_mem_gen_0/U0/inst_blk_mem_gen/gnbram.gnativebmg.native_blk_mem_gen/valid.cstr/ramloop[29].ram.r/prim_init.ram/DEVICE_7SERIES.NO_BMM_INFO.SP.SIMPLE_PRIM36.ram/ADDRARDADDR[10]
  -------------------------------------------------------------------    -------------------

                         (clock clk_out25_top_clk_wiz_0_0 rise edge)
                                                     40.000    40.000 r  
    W5                                                0.000    40.000 r  sys_clock (IN)
                         net (fo=0)                   0.000    40.000    top_i/clk_wiz_0/inst/clk_in1
    W5                   IBUF (Prop_ibuf_I_O)         1.388    41.388 r  top_i/clk_wiz_0/inst/clkin1_ibufg/O
                         net (fo=1, routed)           1.181    42.569    top_i/clk_wiz_0/inst/clk_in1_top_clk_wiz_0_0
    PLLE2_ADV_X1Y0       PLLE2_ADV (Prop_plle2_adv_CLKIN1_CLKOUT1)
                                                     -7.750    34.819 r  top_i/clk_wiz_0/inst/plle2_adv_inst/CLKOUT1
                         net (fo=1, routed)           1.576    36.396    top_i/clk_wiz_0/inst/clk_out25_top_clk_wiz_0_0
    BUFGCTRL_X0Y0        BUFG (Prop_bufg_I_O)         0.091    36.487 r  top_i/clk_wiz_0/inst/clkout2_buf/O
                         net (fo=116, routed)         1.470    37.956    top_i/blk_mem_gen_0/U0/inst_blk_mem_gen/gnbram.gnativebmg.native_blk_mem_gen/valid.cstr/ramloop[29].ram.r/prim_init.ram/clka
    RAMB36_X0Y4          RAMB36E1                                     r  top_i/blk_mem_gen_0/U0/inst_blk_mem_gen/gnbram.gnativebmg.native_blk_mem_gen/valid.cstr/ramloop[29].ram.r/prim_init.ram/DEVICE_7SERIES.NO_BMM_INFO.SP.SIMPLE_PRIM36.ram/CLKARDCLK
                         clock pessimism             -0.497    37.459    
                         clock uncertainty           -0.098    37.360    
    RAMB36_X0Y4          RAMB36E1 (Setup_ramb36e1_CLKARDCLK_ADDRARDADDR[10])
                                                     -0.566    36.794    top_i/blk_mem_gen_0/U0/inst_blk_mem_gen/gnbram.gnativebmg.native_blk_mem_gen/valid.cstr/ramloop[29].ram.r/prim_init.ram/DEVICE_7SERIES.NO_BMM_INFO.SP.SIMPLE_PRIM36.ram
  -------------------------------------------------------------------
                         required time                         36.794    
                         arrival time                          -4.561    
  -------------------------------------------------------------------
                         slack                                 32.233    

Slack (MET) :             32.418ns  (required time - arrival time)
  Source:                 top_i/VGA_Output_0/U0/bram_addr_s_reg/CLK
                            (rising edge-triggered cell DSP48E1 clocked by clk_out25_top_clk_wiz_0_0  {rise@0.000ns fall@20.000ns period=40.000ns})
  Destination:            top_i/blk_mem_gen_0/U0/inst_blk_mem_gen/gnbram.gnativebmg.native_blk_mem_gen/valid.cstr/ramloop[29].ram.r/prim_init.ram/DEVICE_7SERIES.NO_BMM_INFO.SP.SIMPLE_PRIM36.ram/ADDRARDADDR[5]
                            (rising edge-triggered cell RAMB36E1 clocked by clk_out25_top_clk_wiz_0_0  {rise@0.000ns fall@20.000ns period=40.000ns})
  Path Group:             clk_out25_top_clk_wiz_0_0
  Path Type:              Setup (Max at Slow Process Corner)
  Requirement:            40.000ns  (clk_out25_top_clk_wiz_0_0 rise@40.000ns - clk_out25_top_clk_wiz_0_0 rise@0.000ns)
  Data Path Delay:        6.736ns  (logic 0.434ns (6.443%)  route 6.302ns (93.557%))
  Logic Levels:           0  
  Clock Path Skew:        -0.182ns (DCD - SCD + CPR)
    Destination Clock Delay (DCD):    -2.044ns = ( 37.956 - 40.000 ) 
    Source Clock Delay      (SCD):    -2.359ns
    Clock Pessimism Removal (CPR):    -0.497ns
  Clock Uncertainty:      0.098ns  ((TSJ^2 + DJ^2)^1/2) / 2 + PE
    Total System Jitter     (TSJ):    0.071ns
    Discrete Jitter          (DJ):    0.183ns
    Phase Error              (PE):    0.000ns

    Location             Delay type                Incr(ns)  Path(ns)    Netlist Resource(s)
  -------------------------------------------------------------------    -------------------
                         (clock clk_out25_top_clk_wiz_0_0 rise edge)
                                                      0.000     0.000 r  
    W5                                                0.000     0.000 r  sys_clock (IN)
                         net (fo=0)                   0.000     0.000    top_i/clk_wiz_0/inst/clk_in1
    W5                   IBUF (Prop_ibuf_I_O)         1.458     1.458 r  top_i/clk_wiz_0/inst/clkin1_ibufg/O
                         net (fo=1, routed)           1.253     2.711    top_i/clk_wiz_0/inst/clk_in1_top_clk_wiz_0_0
    PLLE2_ADV_X1Y0       PLLE2_ADV (Prop_plle2_adv_CLKIN1_CLKOUT1)
                                                     -8.482    -5.770 r  top_i/clk_wiz_0/inst/plle2_adv_inst/CLKOUT1
                         net (fo=1, routed)           1.655    -4.115    top_i/clk_wiz_0/inst/clk_out25_top_clk_wiz_0_0
    BUFGCTRL_X0Y0        BUFG (Prop_bufg_I_O)         0.096    -4.019 r  top_i/clk_wiz_0/inst/clkout2_buf/O
                         net (fo=116, routed)         1.660    -2.359    top_i/VGA_Output_0/U0/clk
    DSP48_X1Y16          DSP48E1                                      r  top_i/VGA_Output_0/U0/bram_addr_s_reg/CLK
  -------------------------------------------------------------------    -------------------
    DSP48_X1Y16          DSP48E1 (Prop_dsp48e1_CLK_P[2])
                                                      0.434    -1.925 r  top_i/VGA_Output_0/U0/bram_addr_s_reg/P[2]
                         net (fo=35, routed)          6.302     4.377    top_i/blk_mem_gen_0/U0/inst_blk_mem_gen/gnbram.gnativebmg.native_blk_mem_gen/valid.cstr/ramloop[29].ram.r/prim_init.ram/addra[2]
    RAMB36_X0Y4          RAMB36E1                                     r  top_i/blk_mem_gen_0/U0/inst_blk_mem_gen/gnbram.gnativebmg.native_blk_mem_gen/valid.cstr/ramloop[29].ram.r/prim_init.ram/DEVICE_7SERIES.NO_BMM_INFO.SP.SIMPLE_PRIM36.ram/ADDRARDADDR[5]
  -------------------------------------------------------------------    -------------------

                         (clock clk_out25_top_clk_wiz_0_0 rise edge)
                                                     40.000    40.000 r  
    W5                                                0.000    40.000 r  sys_clock (IN)
                         net (fo=0)                   0.000    40.000    top_i/clk_wiz_0/inst/clk_in1
    W5                   IBUF (Prop_ibuf_I_O)         1.388    41.388 r  top_i/clk_wiz_0/inst/clkin1_ibufg/O
                         net (fo=1, routed)           1.181    42.569    top_i/clk_wiz_0/inst/clk_in1_top_clk_wiz_0_0
    PLLE2_ADV_X1Y0       PLLE2_ADV (Prop_plle2_adv_CLKIN1_CLKOUT1)
                                                     -7.750    34.819 r  top_i/clk_wiz_0/inst/plle2_adv_inst/CLKOUT1
                         net (fo=1, routed)           1.576    36.396    top_i/clk_wiz_0/inst/clk_out25_top_clk_wiz_0_0
    BUFGCTRL_X0Y0        BUFG (Prop_bufg_I_O)         0.091    36.487 r  top_i/clk_wiz_0/inst/clkout2_buf/O
                         net (fo=116, routed)         1.470    37.956    top_i/blk_mem_gen_0/U0/inst_blk_mem_gen/gnbram.gnativebmg.native_blk_mem_gen/valid.cstr/ramloop[29].ram.r/prim_init.ram/clka
    RAMB36_X0Y4          RAMB36E1                                     r  top_i/blk_mem_gen_0/U0/inst_blk_mem_gen/gnbram.gnativebmg.native_blk_mem_gen/valid.cstr/ramloop[29].ram.r/prim_init.ram/DEVICE_7SERIES.NO_BMM_INFO.SP.SIMPLE_PRIM36.ram/CLKARDCLK
                         clock pessimism             -0.497    37.459    
                         clock uncertainty           -0.098    37.360    
    RAMB36_X0Y4          RAMB36E1 (Setup_ramb36e1_CLKARDCLK_ADDRARDADDR[5])
                                                     -0.566    36.794    top_i/blk_mem_gen_0/U0/inst_blk_mem_gen/gnbram.gnativebmg.native_blk_mem_gen/valid.cstr/ramloop[29].ram.r/prim_init.ram/DEVICE_7SERIES.NO_BMM_INFO.SP.SIMPLE_PRIM36.ram
  -------------------------------------------------------------------
                         required time                         36.794    
                         arrival time                          -4.377    
  -------------------------------------------------------------------
                         slack                                 32.418    

Slack (MET) :             32.491ns  (required time - arrival time)
  Source:                 top_i/VGA_Output_0/U0/bram_addr_s_reg/CLK
                            (rising edge-triggered cell DSP48E1 clocked by clk_out25_top_clk_wiz_0_0  {rise@0.000ns fall@20.000ns period=40.000ns})
  Destination:            top_i/blk_mem_gen_0/U0/inst_blk_mem_gen/gnbram.gnativebmg.native_blk_mem_gen/valid.cstr/ramloop[29].ram.r/prim_init.ram/DEVICE_7SERIES.NO_BMM_INFO.SP.SIMPLE_PRIM36.ram/ADDRARDADDR[3]
                            (rising edge-triggered cell RAMB36E1 clocked by clk_out25_top_clk_wiz_0_0  {rise@0.000ns fall@20.000ns period=40.000ns})
  Path Group:             clk_out25_top_clk_wiz_0_0
  Path Type:              Setup (Max at Slow Process Corner)
  Requirement:            40.000ns  (clk_out25_top_clk_wiz_0_0 rise@40.000ns - clk_out25_top_clk_wiz_0_0 rise@0.000ns)
  Data Path Delay:        6.663ns  (logic 0.434ns (6.514%)  route 6.229ns (93.486%))
  Logic Levels:           0  
  Clock Path Skew:        -0.182ns (DCD - SCD + CPR)
    Destination Clock Delay (DCD):    -2.044ns = ( 37.956 - 40.000 ) 
    Source Clock Delay      (SCD):    -2.359ns
    Clock Pessimism Removal (CPR):    -0.497ns
  Clock Uncertainty:      0.098ns  ((TSJ^2 + DJ^2)^1/2) / 2 + PE
    Total System Jitter     (TSJ):    0.071ns
    Discrete Jitter          (DJ):    0.183ns
    Phase Error              (PE):    0.000ns

    Location             Delay type                Incr(ns)  Path(ns)    Netlist Resource(s)
  -------------------------------------------------------------------    -------------------
                         (clock clk_out25_top_clk_wiz_0_0 rise edge)
                                                      0.000     0.000 r  
    W5                                                0.000     0.000 r  sys_clock (IN)
                         net (fo=0)                   0.000     0.000    top_i/clk_wiz_0/inst/clk_in1
    W5                   IBUF (Prop_ibuf_I_O)         1.458     1.458 r  top_i/clk_wiz_0/inst/clkin1_ibufg/O
                         net (fo=1, routed)           1.253     2.711    top_i/clk_wiz_0/inst/clk_in1_top_clk_wiz_0_0
    PLLE2_ADV_X1Y0       PLLE2_ADV (Prop_plle2_adv_CLKIN1_CLKOUT1)
                                                     -8.482    -5.770 r  top_i/clk_wiz_0/inst/plle2_adv_inst/CLKOUT1
                         net (fo=1, routed)           1.655    -4.115    top_i/clk_wiz_0/inst/clk_out25_top_clk_wiz_0_0
    BUFGCTRL_X0Y0        BUFG (Prop_bufg_I_O)         0.096    -4.019 r  top_i/clk_wiz_0/inst/clkout2_buf/O
                         net (fo=116, routed)         1.660    -2.359    top_i/VGA_Output_0/U0/clk
    DSP48_X1Y16          DSP48E1                                      r  top_i/VGA_Output_0/U0/bram_addr_s_reg/CLK
  -------------------------------------------------------------------    -------------------
    DSP48_X1Y16          DSP48E1 (Prop_dsp48e1_CLK_P[0])
                                                      0.434    -1.925 r  top_i/VGA_Output_0/U0/bram_addr_s_reg/P[0]
                         net (fo=35, routed)          6.229     4.304    top_i/blk_mem_gen_0/U0/inst_blk_mem_gen/gnbram.gnativebmg.native_blk_mem_gen/valid.cstr/ramloop[29].ram.r/prim_init.ram/addra[0]
    RAMB36_X0Y4          RAMB36E1                                     r  top_i/blk_mem_gen_0/U0/inst_blk_mem_gen/gnbram.gnativebmg.native_blk_mem_gen/valid.cstr/ramloop[29].ram.r/prim_init.ram/DEVICE_7SERIES.NO_BMM_INFO.SP.SIMPLE_PRIM36.ram/ADDRARDADDR[3]
  -------------------------------------------------------------------    -------------------

                         (clock clk_out25_top_clk_wiz_0_0 rise edge)
                                                     40.000    40.000 r  
    W5                                                0.000    40.000 r  sys_clock (IN)
                         net (fo=0)                   0.000    40.000    top_i/clk_wiz_0/inst/clk_in1
    W5                   IBUF (Prop_ibuf_I_O)         1.388    41.388 r  top_i/clk_wiz_0/inst/clkin1_ibufg/O
                         net (fo=1, routed)           1.181    42.569    top_i/clk_wiz_0/inst/clk_in1_top_clk_wiz_0_0
    PLLE2_ADV_X1Y0       PLLE2_ADV (Prop_plle2_adv_CLKIN1_CLKOUT1)
                                                     -7.750    34.819 r  top_i/clk_wiz_0/inst/plle2_adv_inst/CLKOUT1
                         net (fo=1, routed)           1.576    36.396    top_i/clk_wiz_0/inst/clk_out25_top_clk_wiz_0_0
    BUFGCTRL_X0Y0        BUFG (Prop_bufg_I_O)         0.091    36.487 r  top_i/clk_wiz_0/inst/clkout2_buf/O
                         net (fo=116, routed)         1.470    37.956    top_i/blk_mem_gen_0/U0/inst_blk_mem_gen/gnbram.gnativebmg.native_blk_mem_gen/valid.cstr/ramloop[29].ram.r/prim_init.ram/clka
    RAMB36_X0Y4          RAMB36E1                                     r  top_i/blk_mem_gen_0/U0/inst_blk_mem_gen/gnbram.gnativebmg.native_blk_mem_gen/valid.cstr/ramloop[29].ram.r/prim_init.ram/DEVICE_7SERIES.NO_BMM_INFO.SP.SIMPLE_PRIM36.ram/CLKARDCLK
                         clock pessimism             -0.497    37.459    
                         clock uncertainty           -0.098    37.360    
    RAMB36_X0Y4          RAMB36E1 (Setup_ramb36e1_CLKARDCLK_ADDRARDADDR[3])
                                                     -0.566    36.794    top_i/blk_mem_gen_0/U0/inst_blk_mem_gen/gnbram.gnativebmg.native_blk_mem_gen/valid.cstr/ramloop[29].ram.r/prim_init.ram/DEVICE_7SERIES.NO_BMM_INFO.SP.SIMPLE_PRIM36.ram
  -------------------------------------------------------------------
                         required time                         36.794    
                         arrival time                          -4.304    
  -------------------------------------------------------------------
                         slack                                 32.491    

Slack (MET) :             32.660ns  (required time - arrival time)
  Source:                 top_i/VGA_Output_0/U0/bram_addr_s_reg/CLK
                            (rising edge-triggered cell DSP48E1 clocked by clk_out25_top_clk_wiz_0_0  {rise@0.000ns fall@20.000ns period=40.000ns})
  Destination:            top_i/blk_mem_gen_0/U0/inst_blk_mem_gen/gnbram.gnativebmg.native_blk_mem_gen/valid.cstr/ramloop[29].ram.r/prim_init.ram/DEVICE_7SERIES.NO_BMM_INFO.SP.SIMPLE_PRIM36.ram/ADDRARDADDR[7]
                            (rising edge-triggered cell RAMB36E1 clocked by clk_out25_top_clk_wiz_0_0  {rise@0.000ns fall@20.000ns period=40.000ns})
  Path Group:             clk_out25_top_clk_wiz_0_0
  Path Type:              Setup (Max at Slow Process Corner)
  Requirement:            40.000ns  (clk_out25_top_clk_wiz_0_0 rise@40.000ns - clk_out25_top_clk_wiz_0_0 rise@0.000ns)
  Data Path Delay:        6.494ns  (logic 0.434ns (6.683%)  route 6.060ns (93.317%))
  Logic Levels:           0  
  Clock Path Skew:        -0.182ns (DCD - SCD + CPR)
    Destination Clock Delay (DCD):    -2.044ns = ( 37.956 - 40.000 ) 
    Source Clock Delay      (SCD):    -2.359ns
    Clock Pessimism Removal (CPR):    -0.497ns
  Clock Uncertainty:      0.098ns  ((TSJ^2 + DJ^2)^1/2) / 2 + PE
    Total System Jitter     (TSJ):    0.071ns
    Discrete Jitter          (DJ):    0.183ns
    Phase Error              (PE):    0.000ns

    Location             Delay type                Incr(ns)  Path(ns)    Netlist Resource(s)
  -------------------------------------------------------------------    -------------------
                         (clock clk_out25_top_clk_wiz_0_0 rise edge)
                                                      0.000     0.000 r  
    W5                                                0.000     0.000 r  sys_clock (IN)
                         net (fo=0)                   0.000     0.000    top_i/clk_wiz_0/inst/clk_in1
    W5                   IBUF (Prop_ibuf_I_O)         1.458     1.458 r  top_i/clk_wiz_0/inst/clkin1_ibufg/O
                         net (fo=1, routed)           1.253     2.711    top_i/clk_wiz_0/inst/clk_in1_top_clk_wiz_0_0
    PLLE2_ADV_X1Y0       PLLE2_ADV (Prop_plle2_adv_CLKIN1_CLKOUT1)
                                                     -8.482    -5.770 r  top_i/clk_wiz_0/inst/plle2_adv_inst/CLKOUT1
                         net (fo=1, routed)           1.655    -4.115    top_i/clk_wiz_0/inst/clk_out25_top_clk_wiz_0_0
    BUFGCTRL_X0Y0        BUFG (Prop_bufg_I_O)         0.096    -4.019 r  top_i/clk_wiz_0/inst/clkout2_buf/O
                         net (fo=116, routed)         1.660    -2.359    top_i/VGA_Output_0/U0/clk
    DSP48_X1Y16          DSP48E1                                      r  top_i/VGA_Output_0/U0/bram_addr_s_reg/CLK
  -------------------------------------------------------------------    -------------------
    DSP48_X1Y16          DSP48E1 (Prop_dsp48e1_CLK_P[4])
                                                      0.434    -1.925 r  top_i/VGA_Output_0/U0/bram_addr_s_reg/P[4]
                         net (fo=35, routed)          6.060     4.135    top_i/blk_mem_gen_0/U0/inst_blk_mem_gen/gnbram.gnativebmg.native_blk_mem_gen/valid.cstr/ramloop[29].ram.r/prim_init.ram/addra[4]
    RAMB36_X0Y4          RAMB36E1                                     r  top_i/blk_mem_gen_0/U0/inst_blk_mem_gen/gnbram.gnativebmg.native_blk_mem_gen/valid.cstr/ramloop[29].ram.r/prim_init.ram/DEVICE_7SERIES.NO_BMM_INFO.SP.SIMPLE_PRIM36.ram/ADDRARDADDR[7]
  -------------------------------------------------------------------    -------------------

                         (clock clk_out25_top_clk_wiz_0_0 rise edge)
                                                     40.000    40.000 r  
    W5                                                0.000    40.000 r  sys_clock (IN)
                         net (fo=0)                   0.000    40.000    top_i/clk_wiz_0/inst/clk_in1
    W5                   IBUF (Prop_ibuf_I_O)         1.388    41.388 r  top_i/clk_wiz_0/inst/clkin1_ibufg/O
                         net (fo=1, routed)           1.181    42.569    top_i/clk_wiz_0/inst/clk_in1_top_clk_wiz_0_0
    PLLE2_ADV_X1Y0       PLLE2_ADV (Prop_plle2_adv_CLKIN1_CLKOUT1)
                                                     -7.750    34.819 r  top_i/clk_wiz_0/inst/plle2_adv_inst/CLKOUT1
                         net (fo=1, routed)           1.576    36.396    top_i/clk_wiz_0/inst/clk_out25_top_clk_wiz_0_0
    BUFGCTRL_X0Y0        BUFG (Prop_bufg_I_O)         0.091    36.487 r  top_i/clk_wiz_0/inst/clkout2_buf/O
                         net (fo=116, routed)         1.470    37.956    top_i/blk_mem_gen_0/U0/inst_blk_mem_gen/gnbram.gnativebmg.native_blk_mem_gen/valid.cstr/ramloop[29].ram.r/prim_init.ram/clka
    RAMB36_X0Y4          RAMB36E1                                     r  top_i/blk_mem_gen_0/U0/inst_blk_mem_gen/gnbram.gnativebmg.native_blk_mem_gen/valid.cstr/ramloop[29].ram.r/prim_init.ram/DEVICE_7SERIES.NO_BMM_INFO.SP.SIMPLE_PRIM36.ram/CLKARDCLK
                         clock pessimism             -0.497    37.459    
                         clock uncertainty           -0.098    37.360    
    RAMB36_X0Y4          RAMB36E1 (Setup_ramb36e1_CLKARDCLK_ADDRARDADDR[7])
                                                     -0.566    36.794    top_i/blk_mem_gen_0/U0/inst_blk_mem_gen/gnbram.gnativebmg.native_blk_mem_gen/valid.cstr/ramloop[29].ram.r/prim_init.ram/DEVICE_7SERIES.NO_BMM_INFO.SP.SIMPLE_PRIM36.ram
  -------------------------------------------------------------------
                         required time                         36.794    
                         arrival time                          -4.135    
  -------------------------------------------------------------------
                         slack                                 32.660    

Slack (MET) :             33.041ns  (required time - arrival time)
  Source:                 top_i/VGA_Output_0/U0/bram_addr_s_reg/CLK
                            (rising edge-triggered cell DSP48E1 clocked by clk_out25_top_clk_wiz_0_0  {rise@0.000ns fall@20.000ns period=40.000ns})
  Destination:            top_i/blk_mem_gen_0/U0/inst_blk_mem_gen/gnbram.gnativebmg.native_blk_mem_gen/valid.cstr/ramloop[29].ram.r/prim_init.ram/DEVICE_7SERIES.NO_BMM_INFO.SP.SIMPLE_PRIM36.ram/ENARDEN
                            (rising edge-triggered cell RAMB36E1 clocked by clk_out25_top_clk_wiz_0_0  {rise@0.000ns fall@20.000ns period=40.000ns})
  Path Group:             clk_out25_top_clk_wiz_0_0
  Path Type:              Setup (Max at Slow Process Corner)
  Requirement:            40.000ns  (clk_out25_top_clk_wiz_0_0 rise@40.000ns - clk_out25_top_clk_wiz_0_0 rise@0.000ns)
  Data Path Delay:        6.235ns  (logic 0.558ns (8.949%)  route 5.677ns (91.051%))
  Logic Levels:           1  (LUT5=1)
  Clock Path Skew:        -0.182ns (DCD - SCD + CPR)
    Destination Clock Delay (DCD):    -2.044ns = ( 37.956 - 40.000 ) 
    Source Clock Delay      (SCD):    -2.359ns
    Clock Pessimism Removal (CPR):    -0.497ns
  Clock Uncertainty:      0.098ns  ((TSJ^2 + DJ^2)^1/2) / 2 + PE
    Total System Jitter     (TSJ):    0.071ns
    Discrete Jitter          (DJ):    0.183ns
    Phase Error              (PE):    0.000ns

    Location             Delay type                Incr(ns)  Path(ns)    Netlist Resource(s)
  -------------------------------------------------------------------    -------------------
                         (clock clk_out25_top_clk_wiz_0_0 rise edge)
                                                      0.000     0.000 r  
    W5                                                0.000     0.000 r  sys_clock (IN)
                         net (fo=0)                   0.000     0.000    top_i/clk_wiz_0/inst/clk_in1
    W5                   IBUF (Prop_ibuf_I_O)         1.458     1.458 r  top_i/clk_wiz_0/inst/clkin1_ibufg/O
                         net (fo=1, routed)           1.253     2.711    top_i/clk_wiz_0/inst/clk_in1_top_clk_wiz_0_0
    PLLE2_ADV_X1Y0       PLLE2_ADV (Prop_plle2_adv_CLKIN1_CLKOUT1)
                                                     -8.482    -5.770 r  top_i/clk_wiz_0/inst/plle2_adv_inst/CLKOUT1
                         net (fo=1, routed)           1.655    -4.115    top_i/clk_wiz_0/inst/clk_out25_top_clk_wiz_0_0
    BUFGCTRL_X0Y0        BUFG (Prop_bufg_I_O)         0.096    -4.019 r  top_i/clk_wiz_0/inst/clkout2_buf/O
                         net (fo=116, routed)         1.660    -2.359    top_i/VGA_Output_0/U0/clk
    DSP48_X1Y16          DSP48E1                                      r  top_i/VGA_Output_0/U0/bram_addr_s_reg/CLK
  -------------------------------------------------------------------    -------------------
    DSP48_X1Y16          DSP48E1 (Prop_dsp48e1_CLK_P[14])
                                                      0.434    -1.925 r  top_i/VGA_Output_0/U0/bram_addr_s_reg/P[14]
                         net (fo=34, routed)          4.962     3.037    top_i/blk_mem_gen_0/U0/inst_blk_mem_gen/gnbram.gnativebmg.native_blk_mem_gen/valid.cstr/bindec_a.bindec_inst_a/addra[2]
    SLICE_X14Y17         LUT5 (Prop_lut5_I4_O)        0.124     3.161 r  top_i/blk_mem_gen_0/U0/inst_blk_mem_gen/gnbram.gnativebmg.native_blk_mem_gen/valid.cstr/bindec_a.bindec_inst_a/DEVICE_7SERIES.NO_BMM_INFO.SP.SIMPLE_PRIM36.ram_i_1__13/O
                         net (fo=1, routed)           0.715     3.876    top_i/blk_mem_gen_0/U0/inst_blk_mem_gen/gnbram.gnativebmg.native_blk_mem_gen/valid.cstr/ramloop[29].ram.r/prim_init.ram/ena_array[0]
    RAMB36_X0Y4          RAMB36E1                                     r  top_i/blk_mem_gen_0/U0/inst_blk_mem_gen/gnbram.gnativebmg.native_blk_mem_gen/valid.cstr/ramloop[29].ram.r/prim_init.ram/DEVICE_7SERIES.NO_BMM_INFO.SP.SIMPLE_PRIM36.ram/ENARDEN
  -------------------------------------------------------------------    -------------------

                         (clock clk_out25_top_clk_wiz_0_0 rise edge)
                                                     40.000    40.000 r  
    W5                                                0.000    40.000 r  sys_clock (IN)
                         net (fo=0)                   0.000    40.000    top_i/clk_wiz_0/inst/clk_in1
    W5                   IBUF (Prop_ibuf_I_O)         1.388    41.388 r  top_i/clk_wiz_0/inst/clkin1_ibufg/O
                         net (fo=1, routed)           1.181    42.569    top_i/clk_wiz_0/inst/clk_in1_top_clk_wiz_0_0
    PLLE2_ADV_X1Y0       PLLE2_ADV (Prop_plle2_adv_CLKIN1_CLKOUT1)
                                                     -7.750    34.819 r  top_i/clk_wiz_0/inst/plle2_adv_inst/CLKOUT1
                         net (fo=1, routed)           1.576    36.396    top_i/clk_wiz_0/inst/clk_out25_top_clk_wiz_0_0
    BUFGCTRL_X0Y0        BUFG (Prop_bufg_I_O)         0.091    36.487 r  top_i/clk_wiz_0/inst/clkout2_buf/O
                         net (fo=116, routed)         1.470    37.956    top_i/blk_mem_gen_0/U0/inst_blk_mem_gen/gnbram.gnativebmg.native_blk_mem_gen/valid.cstr/ramloop[29].ram.r/prim_init.ram/clka
    RAMB36_X0Y4          RAMB36E1                                     r  top_i/blk_mem_gen_0/U0/inst_blk_mem_gen/gnbram.gnativebmg.native_blk_mem_gen/valid.cstr/ramloop[29].ram.r/prim_init.ram/DEVICE_7SERIES.NO_BMM_INFO.SP.SIMPLE_PRIM36.ram/CLKARDCLK
                         clock pessimism             -0.497    37.459    
                         clock uncertainty           -0.098    37.360    
    RAMB36_X0Y4          RAMB36E1 (Setup_ramb36e1_CLKARDCLK_ENARDEN)
                                                     -0.443    36.917    top_i/blk_mem_gen_0/U0/inst_blk_mem_gen/gnbram.gnativebmg.native_blk_mem_gen/valid.cstr/ramloop[29].ram.r/prim_init.ram/DEVICE_7SERIES.NO_BMM_INFO.SP.SIMPLE_PRIM36.ram
  -------------------------------------------------------------------
                         required time                         36.917    
                         arrival time                          -3.876    
  -------------------------------------------------------------------
                         slack                                 33.041    





Min Delay Paths
--------------------------------------------------------------------------------------
Slack (MET) :             0.138ns  (arrival time - required time)
  Source:                 top_i/VGA_Output_0/U0/bram_addr_s_reg/CLK
                            (rising edge-triggered cell DSP48E1 clocked by clk_out25_top_clk_wiz_0_0  {rise@0.000ns fall@20.000ns period=40.000ns})
  Destination:            top_i/blk_mem_gen_0/U0/inst_blk_mem_gen/gnbram.gnativebmg.native_blk_mem_gen/valid.cstr/ramloop[10].ram.r/prim_init.ram/DEVICE_7SERIES.NO_BMM_INFO.SP.CASCADED_PRIM36.ram_B/ADDRARDADDR[1]
                            (rising edge-triggered cell RAMB36E1 clocked by clk_out25_top_clk_wiz_0_0  {rise@0.000ns fall@20.000ns period=40.000ns})
  Path Group:             clk_out25_top_clk_wiz_0_0
  Path Type:              Hold (Min at Fast Process Corner)
  Requirement:            0.000ns  (clk_out25_top_clk_wiz_0_0 rise@0.000ns - clk_out25_top_clk_wiz_0_0 rise@0.000ns)
  Data Path Delay:        0.544ns  (logic 0.126ns (23.164%)  route 0.418ns (76.836%))
  Logic Levels:           0  
  Clock Path Skew:        0.223ns (DCD - SCD - CPR)
    Destination Clock Delay (DCD):    -0.291ns
    Source Clock Delay      (SCD):    -0.475ns
    Clock Pessimism Removal (CPR):    -0.039ns

    Location             Delay type                Incr(ns)  Path(ns)    Netlist Resource(s)
  -------------------------------------------------------------------    -------------------
                         (clock clk_out25_top_clk_wiz_0_0 rise edge)
                                                      0.000     0.000 r  
    W5                                                0.000     0.000 r  sys_clock (IN)
                         net (fo=0)                   0.000     0.000    top_i/clk_wiz_0/inst/clk_in1
    W5                   IBUF (Prop_ibuf_I_O)         0.226     0.226 r  top_i/clk_wiz_0/inst/clkin1_ibufg/O
                         net (fo=1, routed)           0.440     0.667    top_i/clk_wiz_0/inst/clk_in1_top_clk_wiz_0_0
    PLLE2_ADV_X1Y0       PLLE2_ADV (Prop_plle2_adv_CLKIN1_CLKOUT1)
                                                     -2.322    -1.656 r  top_i/clk_wiz_0/inst/plle2_adv_inst/CLKOUT1
                         net (fo=1, routed)           0.501    -1.155    top_i/clk_wiz_0/inst/clk_out25_top_clk_wiz_0_0
    BUFGCTRL_X0Y0        BUFG (Prop_bufg_I_O)         0.026    -1.129 r  top_i/clk_wiz_0/inst/clkout2_buf/O
                         net (fo=116, routed)         0.654    -0.475    top_i/VGA_Output_0/U0/clk
    DSP48_X1Y16          DSP48E1                                      r  top_i/VGA_Output_0/U0/bram_addr_s_reg/CLK
  -------------------------------------------------------------------    -------------------
    DSP48_X1Y16          DSP48E1 (Prop_dsp48e1_CLK_P[1])
                                                      0.126    -0.349 r  top_i/VGA_Output_0/U0/bram_addr_s_reg/P[1]
                         net (fo=35, routed)          0.418     0.069    top_i/blk_mem_gen_0/U0/inst_blk_mem_gen/gnbram.gnativebmg.native_blk_mem_gen/valid.cstr/ramloop[10].ram.r/prim_init.ram/addra[1]
    RAMB36_X2Y10         RAMB36E1                                     r  top_i/blk_mem_gen_0/U0/inst_blk_mem_gen/gnbram.gnativebmg.native_blk_mem_gen/valid.cstr/ramloop[10].ram.r/prim_init.ram/DEVICE_7SERIES.NO_BMM_INFO.SP.CASCADED_PRIM36.ram_B/ADDRARDADDR[1]
  -------------------------------------------------------------------    -------------------

                         (clock clk_out25_top_clk_wiz_0_0 rise edge)
                                                      0.000     0.000 r  
    W5                                                0.000     0.000 r  sys_clock (IN)
                         net (fo=0)                   0.000     0.000    top_i/clk_wiz_0/inst/clk_in1
    W5                   IBUF (Prop_ibuf_I_O)         0.414     0.414 r  top_i/clk_wiz_0/inst/clkin1_ibufg/O
                         net (fo=1, routed)           0.481     0.895    top_i/clk_wiz_0/inst/clk_in1_top_clk_wiz_0_0
    PLLE2_ADV_X1Y0       PLLE2_ADV (Prop_plle2_adv_CLKIN1_CLKOUT1)
                                                     -2.638    -1.743 r  top_i/clk_wiz_0/inst/plle2_adv_inst/CLKOUT1
                         net (fo=1, routed)           0.546    -1.197    top_i/clk_wiz_0/inst/clk_out25_top_clk_wiz_0_0
    BUFGCTRL_X0Y0        BUFG (Prop_bufg_I_O)         0.029    -1.168 r  top_i/clk_wiz_0/inst/clkout2_buf/O
                         net (fo=116, routed)         0.877    -0.291    top_i/blk_mem_gen_0/U0/inst_blk_mem_gen/gnbram.gnativebmg.native_blk_mem_gen/valid.cstr/ramloop[10].ram.r/prim_init.ram/clka
    RAMB36_X2Y10         RAMB36E1                                     r  top_i/blk_mem_gen_0/U0/inst_blk_mem_gen/gnbram.gnativebmg.native_blk_mem_gen/valid.cstr/ramloop[10].ram.r/prim_init.ram/DEVICE_7SERIES.NO_BMM_INFO.SP.CASCADED_PRIM36.ram_B/CLKARDCLK
                         clock pessimism              0.039    -0.252    
    RAMB36_X2Y10         RAMB36E1 (Hold_ramb36e1_CLKARDCLK_ADDRARDADDR[1])
                                                      0.183    -0.069    top_i/blk_mem_gen_0/U0/inst_blk_mem_gen/gnbram.gnativebmg.native_blk_mem_gen/valid.cstr/ramloop[10].ram.r/prim_init.ram/DEVICE_7SERIES.NO_BMM_INFO.SP.CASCADED_PRIM36.ram_B
  -------------------------------------------------------------------
                         required time                          0.069    
                         arrival time                           0.069    
  -------------------------------------------------------------------
                         slack                                  0.138    

Slack (MET) :             0.148ns  (arrival time - required time)
  Source:                 top_i/VGA_Output_0/U0/bram_addr_s_reg/CLK
                            (rising edge-triggered cell DSP48E1 clocked by clk_out25_top_clk_wiz_0_0  {rise@0.000ns fall@20.000ns period=40.000ns})
  Destination:            top_i/blk_mem_gen_0/U0/inst_blk_mem_gen/gnbram.gnativebmg.native_blk_mem_gen/valid.cstr/ramloop[10].ram.r/prim_init.ram/DEVICE_7SERIES.NO_BMM_INFO.SP.CASCADED_PRIM36.ram_B/ADDRARDADDR[4]
                            (rising edge-triggered cell RAMB36E1 clocked by clk_out25_top_clk_wiz_0_0  {rise@0.000ns fall@20.000ns period=40.000ns})
  Path Group:             clk_out25_top_clk_wiz_0_0
  Path Type:              Hold (Min at Fast Process Corner)
  Requirement:            0.000ns  (clk_out25_top_clk_wiz_0_0 rise@0.000ns - clk_out25_top_clk_wiz_0_0 rise@0.000ns)
  Data Path Delay:        0.554ns  (logic 0.126ns (22.761%)  route 0.428ns (77.239%))
  Logic Levels:           0  
  Clock Path Skew:        0.223ns (DCD - SCD - CPR)
    Destination Clock Delay (DCD):    -0.291ns
    Source Clock Delay      (SCD):    -0.475ns
    Clock Pessimism Removal (CPR):    -0.039ns

    Location             Delay type                Incr(ns)  Path(ns)    Netlist Resource(s)
  -------------------------------------------------------------------    -------------------
                         (clock clk_out25_top_clk_wiz_0_0 rise edge)
                                                      0.000     0.000 r  
    W5                                                0.000     0.000 r  sys_clock (IN)
                         net (fo=0)                   0.000     0.000    top_i/clk_wiz_0/inst/clk_in1
    W5                   IBUF (Prop_ibuf_I_O)         0.226     0.226 r  top_i/clk_wiz_0/inst/clkin1_ibufg/O
                         net (fo=1, routed)           0.440     0.667    top_i/clk_wiz_0/inst/clk_in1_top_clk_wiz_0_0
    PLLE2_ADV_X1Y0       PLLE2_ADV (Prop_plle2_adv_CLKIN1_CLKOUT1)
                                                     -2.322    -1.656 r  top_i/clk_wiz_0/inst/plle2_adv_inst/CLKOUT1
                         net (fo=1, routed)           0.501    -1.155    top_i/clk_wiz_0/inst/clk_out25_top_clk_wiz_0_0
    BUFGCTRL_X0Y0        BUFG (Prop_bufg_I_O)         0.026    -1.129 r  top_i/clk_wiz_0/inst/clkout2_buf/O
                         net (fo=116, routed)         0.654    -0.475    top_i/VGA_Output_0/U0/clk
    DSP48_X1Y16          DSP48E1                                      r  top_i/VGA_Output_0/U0/bram_addr_s_reg/CLK
  -------------------------------------------------------------------    -------------------
    DSP48_X1Y16          DSP48E1 (Prop_dsp48e1_CLK_P[4])
                                                      0.126    -0.349 r  top_i/VGA_Output_0/U0/bram_addr_s_reg/P[4]
                         net (fo=35, routed)          0.428     0.079    top_i/blk_mem_gen_0/U0/inst_blk_mem_gen/gnbram.gnativebmg.native_blk_mem_gen/valid.cstr/ramloop[10].ram.r/prim_init.ram/addra[4]
    RAMB36_X2Y10         RAMB36E1                                     r  top_i/blk_mem_gen_0/U0/inst_blk_mem_gen/gnbram.gnativebmg.native_blk_mem_gen/valid.cstr/ramloop[10].ram.r/prim_init.ram/DEVICE_7SERIES.NO_BMM_INFO.SP.CASCADED_PRIM36.ram_B/ADDRARDADDR[4]
  -------------------------------------------------------------------    -------------------

                         (clock clk_out25_top_clk_wiz_0_0 rise edge)
                                                      0.000     0.000 r  
    W5                                                0.000     0.000 r  sys_clock (IN)
                         net (fo=0)                   0.000     0.000    top_i/clk_wiz_0/inst/clk_in1
    W5                   IBUF (Prop_ibuf_I_O)         0.414     0.414 r  top_i/clk_wiz_0/inst/clkin1_ibufg/O
                         net (fo=1, routed)           0.481     0.895    top_i/clk_wiz_0/inst/clk_in1_top_clk_wiz_0_0
    PLLE2_ADV_X1Y0       PLLE2_ADV (Prop_plle2_adv_CLKIN1_CLKOUT1)
                                                     -2.638    -1.743 r  top_i/clk_wiz_0/inst/plle2_adv_inst/CLKOUT1
                         net (fo=1, routed)           0.546    -1.197    top_i/clk_wiz_0/inst/clk_out25_top_clk_wiz_0_0
    BUFGCTRL_X0Y0        BUFG (Prop_bufg_I_O)         0.029    -1.168 r  top_i/clk_wiz_0/inst/clkout2_buf/O
                         net (fo=116, routed)         0.877    -0.291    top_i/blk_mem_gen_0/U0/inst_blk_mem_gen/gnbram.gnativebmg.native_blk_mem_gen/valid.cstr/ramloop[10].ram.r/prim_init.ram/clka
    RAMB36_X2Y10         RAMB36E1                                     r  top_i/blk_mem_gen_0/U0/inst_blk_mem_gen/gnbram.gnativebmg.native_blk_mem_gen/valid.cstr/ramloop[10].ram.r/prim_init.ram/DEVICE_7SERIES.NO_BMM_INFO.SP.CASCADED_PRIM36.ram_B/CLKARDCLK
                         clock pessimism              0.039    -0.252    
    RAMB36_X2Y10         RAMB36E1 (Hold_ramb36e1_CLKARDCLK_ADDRARDADDR[4])
                                                      0.183    -0.069    top_i/blk_mem_gen_0/U0/inst_blk_mem_gen/gnbram.gnativebmg.native_blk_mem_gen/valid.cstr/ramloop[10].ram.r/prim_init.ram/DEVICE_7SERIES.NO_BMM_INFO.SP.CASCADED_PRIM36.ram_B
  -------------------------------------------------------------------
                         required time                          0.069    
                         arrival time                           0.079    
  -------------------------------------------------------------------
                         slack                                  0.148    

Slack (MET) :             0.192ns  (arrival time - required time)
  Source:                 top_i/VGA_Output_0/U0/horiz_counter_reg[0]/C
                            (rising edge-triggered cell FDRE clocked by clk_out25_top_clk_wiz_0_0  {rise@0.000ns fall@20.000ns period=40.000ns})
  Destination:            top_i/VGA_Output_0/U0/horiz_counter_reg[2]/D
                            (rising edge-triggered cell FDRE clocked by clk_out25_top_clk_wiz_0_0  {rise@0.000ns fall@20.000ns period=40.000ns})
  Path Group:             clk_out25_top_clk_wiz_0_0
  Path Type:              Hold (Min at Fast Process Corner)
  Requirement:            0.000ns  (clk_out25_top_clk_wiz_0_0 rise@0.000ns - clk_out25_top_clk_wiz_0_0 rise@0.000ns)
  Data Path Delay:        0.306ns  (logic 0.212ns (69.227%)  route 0.094ns (30.773%))
  Logic Levels:           1  (LUT3=1)
  Clock Path Skew:        0.013ns (DCD - SCD - CPR)
    Destination Clock Delay (DCD):    -0.333ns
    Source Clock Delay      (SCD):    -0.564ns
    Clock Pessimism Removal (CPR):    0.219ns

    Location             Delay type                Incr(ns)  Path(ns)    Netlist Resource(s)
  -------------------------------------------------------------------    -------------------
                         (clock clk_out25_top_clk_wiz_0_0 rise edge)
                                                      0.000     0.000 r  
    W5                                                0.000     0.000 r  sys_clock (IN)
                         net (fo=0)                   0.000     0.000    top_i/clk_wiz_0/inst/clk_in1
    W5                   IBUF (Prop_ibuf_I_O)         0.226     0.226 r  top_i/clk_wiz_0/inst/clkin1_ibufg/O
                         net (fo=1, routed)           0.440     0.667    top_i/clk_wiz_0/inst/clk_in1_top_clk_wiz_0_0
    PLLE2_ADV_X1Y0       PLLE2_ADV (Prop_plle2_adv_CLKIN1_CLKOUT1)
                                                     -2.322    -1.656 r  top_i/clk_wiz_0/inst/plle2_adv_inst/CLKOUT1
                         net (fo=1, routed)           0.501    -1.155    top_i/clk_wiz_0/inst/clk_out25_top_clk_wiz_0_0
    BUFGCTRL_X0Y0        BUFG (Prop_bufg_I_O)         0.026    -1.129 r  top_i/clk_wiz_0/inst/clkout2_buf/O
                         net (fo=116, routed)         0.565    -0.564    top_i/VGA_Output_0/U0/clk
    SLICE_X54Y40         FDRE                                         r  top_i/VGA_Output_0/U0/horiz_counter_reg[0]/C
  -------------------------------------------------------------------    -------------------
    SLICE_X54Y40         FDRE (Prop_fdre_C_Q)         0.164    -0.400 r  top_i/VGA_Output_0/U0/horiz_counter_reg[0]/Q
                         net (fo=8, routed)           0.094    -0.306    top_i/VGA_Output_0/U0/horiz_counter_reg[0]
    SLICE_X55Y40         LUT3 (Prop_lut3_I1_O)        0.048    -0.258 r  top_i/VGA_Output_0/U0/bram_addr_s_reg_i_21/O
                         net (fo=2, routed)           0.000    -0.258    top_i/VGA_Output_0/U0/p_0_in[2]
    SLICE_X55Y40         FDRE                                         r  top_i/VGA_Output_0/U0/horiz_counter_reg[2]/D
  -------------------------------------------------------------------    -------------------

                         (clock clk_out25_top_clk_wiz_0_0 rise edge)
                                                      0.000     0.000 r  
    W5                                                0.000     0.000 r  sys_clock (IN)
                         net (fo=0)                   0.000     0.000    top_i/clk_wiz_0/inst/clk_in1
    W5                   IBUF (Prop_ibuf_I_O)         0.414     0.414 r  top_i/clk_wiz_0/inst/clkin1_ibufg/O
                         net (fo=1, routed)           0.481     0.895    top_i/clk_wiz_0/inst/clk_in1_top_clk_wiz_0_0
    PLLE2_ADV_X1Y0       PLLE2_ADV (Prop_plle2_adv_CLKIN1_CLKOUT1)
                                                     -2.638    -1.743 r  top_i/clk_wiz_0/inst/plle2_adv_inst/CLKOUT1
                         net (fo=1, routed)           0.546    -1.197    top_i/clk_wiz_0/inst/clk_out25_top_clk_wiz_0_0
    BUFGCTRL_X0Y0        BUFG (Prop_bufg_I_O)         0.029    -1.168 r  top_i/clk_wiz_0/inst/clkout2_buf/O
                         net (fo=116, routed)         0.836    -0.333    top_i/VGA_Output_0/U0/clk
    SLICE_X55Y40         FDRE                                         r  top_i/VGA_Output_0/U0/horiz_counter_reg[2]/C
                         clock pessimism             -0.219    -0.551    
    SLICE_X55Y40         FDRE (Hold_fdre_C_D)         0.101    -0.450    top_i/VGA_Output_0/U0/horiz_counter_reg[2]
  -------------------------------------------------------------------
                         required time                          0.450    
                         arrival time                          -0.258    
  -------------------------------------------------------------------
                         slack                                  0.192    

Slack (MET) :             0.219ns  (arrival time - required time)
  Source:                 top_i/VGA_Output_0/U0/bram_addr_s_reg/CLK
                            (rising edge-triggered cell DSP48E1 clocked by clk_out25_top_clk_wiz_0_0  {rise@0.000ns fall@20.000ns period=40.000ns})
  Destination:            top_i/blk_mem_gen_0/U0/inst_blk_mem_gen/gnbram.gnativebmg.native_blk_mem_gen/valid.cstr/ramloop[10].ram.r/prim_init.ram/DEVICE_7SERIES.NO_BMM_INFO.SP.CASCADED_PRIM36.ram_B/ADDRARDADDR[2]
                            (rising edge-triggered cell RAMB36E1 clocked by clk_out25_top_clk_wiz_0_0  {rise@0.000ns fall@20.000ns period=40.000ns})
  Path Group:             clk_out25_top_clk_wiz_0_0
  Path Type:              Hold (Min at Fast Process Corner)
  Requirement:            0.000ns  (clk_out25_top_clk_wiz_0_0 rise@0.000ns - clk_out25_top_clk_wiz_0_0 rise@0.000ns)
  Data Path Delay:        0.625ns  (logic 0.126ns (20.158%)  route 0.499ns (79.842%))
  Logic Levels:           0  
  Clock Path Skew:        0.223ns (DCD - SCD - CPR)
    Destination Clock Delay (DCD):    -0.291ns
    Source Clock Delay      (SCD):    -0.475ns
    Clock Pessimism Removal (CPR):    -0.039ns

    Location             Delay type                Incr(ns)  Path(ns)    Netlist Resource(s)
  -------------------------------------------------------------------    -------------------
                         (clock clk_out25_top_clk_wiz_0_0 rise edge)
                                                      0.000     0.000 r  
    W5                                                0.000     0.000 r  sys_clock (IN)
                         net (fo=0)                   0.000     0.000    top_i/clk_wiz_0/inst/clk_in1
    W5                   IBUF (Prop_ibuf_I_O)         0.226     0.226 r  top_i/clk_wiz_0/inst/clkin1_ibufg/O
                         net (fo=1, routed)           0.440     0.667    top_i/clk_wiz_0/inst/clk_in1_top_clk_wiz_0_0
    PLLE2_ADV_X1Y0       PLLE2_ADV (Prop_plle2_adv_CLKIN1_CLKOUT1)
                                                     -2.322    -1.656 r  top_i/clk_wiz_0/inst/plle2_adv_inst/CLKOUT1
                         net (fo=1, routed)           0.501    -1.155    top_i/clk_wiz_0/inst/clk_out25_top_clk_wiz_0_0
    BUFGCTRL_X0Y0        BUFG (Prop_bufg_I_O)         0.026    -1.129 r  top_i/clk_wiz_0/inst/clkout2_buf/O
                         net (fo=116, routed)         0.654    -0.475    top_i/VGA_Output_0/U0/clk
    DSP48_X1Y16          DSP48E1                                      r  top_i/VGA_Output_0/U0/bram_addr_s_reg/CLK
  -------------------------------------------------------------------    -------------------
    DSP48_X1Y16          DSP48E1 (Prop_dsp48e1_CLK_P[2])
                                                      0.126    -0.349 r  top_i/VGA_Output_0/U0/bram_addr_s_reg/P[2]
                         net (fo=35, routed)          0.499     0.150    top_i/blk_mem_gen_0/U0/inst_blk_mem_gen/gnbram.gnativebmg.native_blk_mem_gen/valid.cstr/ramloop[10].ram.r/prim_init.ram/addra[2]
    RAMB36_X2Y10         RAMB36E1                                     r  top_i/blk_mem_gen_0/U0/inst_blk_mem_gen/gnbram.gnativebmg.native_blk_mem_gen/valid.cstr/ramloop[10].ram.r/prim_init.ram/DEVICE_7SERIES.NO_BMM_INFO.SP.CASCADED_PRIM36.ram_B/ADDRARDADDR[2]
  -------------------------------------------------------------------    -------------------

                         (clock clk_out25_top_clk_wiz_0_0 rise edge)
                                                      0.000     0.000 r  
    W5                                                0.000     0.000 r  sys_clock (IN)
                         net (fo=0)                   0.000     0.000    top_i/clk_wiz_0/inst/clk_in1
    W5                   IBUF (Prop_ibuf_I_O)         0.414     0.414 r  top_i/clk_wiz_0/inst/clkin1_ibufg/O
                         net (fo=1, routed)           0.481     0.895    top_i/clk_wiz_0/inst/clk_in1_top_clk_wiz_0_0
    PLLE2_ADV_X1Y0       PLLE2_ADV (Prop_plle2_adv_CLKIN1_CLKOUT1)
                                                     -2.638    -1.743 r  top_i/clk_wiz_0/inst/plle2_adv_inst/CLKOUT1
                         net (fo=1, routed)           0.546    -1.197    top_i/clk_wiz_0/inst/clk_out25_top_clk_wiz_0_0
    BUFGCTRL_X0Y0        BUFG (Prop_bufg_I_O)         0.029    -1.168 r  top_i/clk_wiz_0/inst/clkout2_buf/O
                         net (fo=116, routed)         0.877    -0.291    top_i/blk_mem_gen_0/U0/inst_blk_mem_gen/gnbram.gnativebmg.native_blk_mem_gen/valid.cstr/ramloop[10].ram.r/prim_init.ram/clka
    RAMB36_X2Y10         RAMB36E1                                     r  top_i/blk_mem_gen_0/U0/inst_blk_mem_gen/gnbram.gnativebmg.native_blk_mem_gen/valid.cstr/ramloop[10].ram.r/prim_init.ram/DEVICE_7SERIES.NO_BMM_INFO.SP.CASCADED_PRIM36.ram_B/CLKARDCLK
                         clock pessimism              0.039    -0.252    
    RAMB36_X2Y10         RAMB36E1 (Hold_ramb36e1_CLKARDCLK_ADDRARDADDR[2])
                                                      0.183    -0.069    top_i/blk_mem_gen_0/U0/inst_blk_mem_gen/gnbram.gnativebmg.native_blk_mem_gen/valid.cstr/ramloop[10].ram.r/prim_init.ram/DEVICE_7SERIES.NO_BMM_INFO.SP.CASCADED_PRIM36.ram_B
  -------------------------------------------------------------------
                         required time                          0.069    
                         arrival time                           0.150    
  -------------------------------------------------------------------
                         slack                                  0.219    

Slack (MET) :             0.220ns  (arrival time - required time)
  Source:                 top_i/VGA_Output_0/U0/bram_addr_s_reg/CLK
                            (rising edge-triggered cell DSP48E1 clocked by clk_out25_top_clk_wiz_0_0  {rise@0.000ns fall@20.000ns period=40.000ns})
  Destination:            top_i/blk_mem_gen_0/U0/inst_blk_mem_gen/gnbram.gnativebmg.native_blk_mem_gen/valid.cstr/ramloop[10].ram.r/prim_init.ram/DEVICE_7SERIES.NO_BMM_INFO.SP.CASCADED_PRIM36.ram_B/ADDRARDADDR[15]
                            (rising edge-triggered cell RAMB36E1 clocked by clk_out25_top_clk_wiz_0_0  {rise@0.000ns fall@20.000ns period=40.000ns})
  Path Group:             clk_out25_top_clk_wiz_0_0
  Path Type:              Hold (Min at Fast Process Corner)
  Requirement:            0.000ns  (clk_out25_top_clk_wiz_0_0 rise@0.000ns - clk_out25_top_clk_wiz_0_0 rise@0.000ns)
  Data Path Delay:        0.623ns  (logic 0.126ns (20.229%)  route 0.497ns (79.771%))
  Logic Levels:           0  
  Clock Path Skew:        0.223ns (DCD - SCD - CPR)
    Destination Clock Delay (DCD):    -0.291ns
    Source Clock Delay      (SCD):    -0.475ns
    Clock Pessimism Removal (CPR):    -0.039ns

    Location             Delay type                Incr(ns)  Path(ns)    Netlist Resource(s)
  -------------------------------------------------------------------    -------------------
                         (clock clk_out25_top_clk_wiz_0_0 rise edge)
                                                      0.000     0.000 r  
    W5                                                0.000     0.000 r  sys_clock (IN)
                         net (fo=0)                   0.000     0.000    top_i/clk_wiz_0/inst/clk_in1
    W5                   IBUF (Prop_ibuf_I_O)         0.226     0.226 r  top_i/clk_wiz_0/inst/clkin1_ibufg/O
                         net (fo=1, routed)           0.440     0.667    top_i/clk_wiz_0/inst/clk_in1_top_clk_wiz_0_0
    PLLE2_ADV_X1Y0       PLLE2_ADV (Prop_plle2_adv_CLKIN1_CLKOUT1)
                                                     -2.322    -1.656 r  top_i/clk_wiz_0/inst/plle2_adv_inst/CLKOUT1
                         net (fo=1, routed)           0.501    -1.155    top_i/clk_wiz_0/inst/clk_out25_top_clk_wiz_0_0
    BUFGCTRL_X0Y0        BUFG (Prop_bufg_I_O)         0.026    -1.129 r  top_i/clk_wiz_0/inst/clkout2_buf/O
                         net (fo=116, routed)         0.654    -0.475    top_i/VGA_Output_0/U0/clk
    DSP48_X1Y16          DSP48E1                                      r  top_i/VGA_Output_0/U0/bram_addr_s_reg/CLK
  -------------------------------------------------------------------    -------------------
    DSP48_X1Y16          DSP48E1 (Prop_dsp48e1_CLK_P[15])
                                                      0.126    -0.349 r  top_i/VGA_Output_0/U0/bram_addr_s_reg/P[15]
                         net (fo=38, routed)          0.497     0.148    top_i/blk_mem_gen_0/U0/inst_blk_mem_gen/gnbram.gnativebmg.native_blk_mem_gen/valid.cstr/ramloop[10].ram.r/prim_init.ram/addra[15]
    RAMB36_X2Y10         RAMB36E1                                     r  top_i/blk_mem_gen_0/U0/inst_blk_mem_gen/gnbram.gnativebmg.native_blk_mem_gen/valid.cstr/ramloop[10].ram.r/prim_init.ram/DEVICE_7SERIES.NO_BMM_INFO.SP.CASCADED_PRIM36.ram_B/ADDRARDADDR[15]
  -------------------------------------------------------------------    -------------------

                         (clock clk_out25_top_clk_wiz_0_0 rise edge)
                                                      0.000     0.000 r  
    W5                                                0.000     0.000 r  sys_clock (IN)
                         net (fo=0)                   0.000     0.000    top_i/clk_wiz_0/inst/clk_in1
    W5                   IBUF (Prop_ibuf_I_O)         0.414     0.414 r  top_i/clk_wiz_0/inst/clkin1_ibufg/O
                         net (fo=1, routed)           0.481     0.895    top_i/clk_wiz_0/inst/clk_in1_top_clk_wiz_0_0
    PLLE2_ADV_X1Y0       PLLE2_ADV (Prop_plle2_adv_CLKIN1_CLKOUT1)
                                                     -2.638    -1.743 r  top_i/clk_wiz_0/inst/plle2_adv_inst/CLKOUT1
                         net (fo=1, routed)           0.546    -1.197    top_i/clk_wiz_0/inst/clk_out25_top_clk_wiz_0_0
    BUFGCTRL_X0Y0        BUFG (Prop_bufg_I_O)         0.029    -1.168 r  top_i/clk_wiz_0/inst/clkout2_buf/O
                         net (fo=116, routed)         0.877    -0.291    top_i/blk_mem_gen_0/U0/inst_blk_mem_gen/gnbram.gnativebmg.native_blk_mem_gen/valid.cstr/ramloop[10].ram.r/prim_init.ram/clka
    RAMB36_X2Y10         RAMB36E1                                     r  top_i/blk_mem_gen_0/U0/inst_blk_mem_gen/gnbram.gnativebmg.native_blk_mem_gen/valid.cstr/ramloop[10].ram.r/prim_init.ram/DEVICE_7SERIES.NO_BMM_INFO.SP.CASCADED_PRIM36.ram_B/CLKARDCLK
                         clock pessimism              0.039    -0.252    
    RAMB36_X2Y10         RAMB36E1 (Hold_ramb36e1_CLKARDCLK_ADDRARDADDR[15])
                                                      0.180    -0.072    top_i/blk_mem_gen_0/U0/inst_blk_mem_gen/gnbram.gnativebmg.native_blk_mem_gen/valid.cstr/ramloop[10].ram.r/prim_init.ram/DEVICE_7SERIES.NO_BMM_INFO.SP.CASCADED_PRIM36.ram_B
  -------------------------------------------------------------------
                         required time                          0.072    
                         arrival time                           0.148    
  -------------------------------------------------------------------
                         slack                                  0.220    

Slack (MET) :             0.236ns  (arrival time - required time)
  Source:                 top_i/VGA_Output_0/U0/bram_addr_s_reg/CLK
                            (rising edge-triggered cell DSP48E1 clocked by clk_out25_top_clk_wiz_0_0  {rise@0.000ns fall@20.000ns period=40.000ns})
  Destination:            top_i/blk_mem_gen_0/U0/inst_blk_mem_gen/gnbram.gnativebmg.native_blk_mem_gen/valid.cstr/ramloop[10].ram.r/prim_init.ram/DEVICE_7SERIES.NO_BMM_INFO.SP.CASCADED_PRIM36.ram_B/ADDRARDADDR[11]
                            (rising edge-triggered cell RAMB36E1 clocked by clk_out25_top_clk_wiz_0_0  {rise@0.000ns fall@20.000ns period=40.000ns})
  Path Group:             clk_out25_top_clk_wiz_0_0
  Path Type:              Hold (Min at Fast Process Corner)
  Requirement:            0.000ns  (clk_out25_top_clk_wiz_0_0 rise@0.000ns - clk_out25_top_clk_wiz_0_0 rise@0.000ns)
  Data Path Delay:        0.642ns  (logic 0.126ns (19.621%)  route 0.516ns (80.379%))
  Logic Levels:           0  
  Clock Path Skew:        0.223ns (DCD - SCD - CPR)
    Destination Clock Delay (DCD):    -0.291ns
    Source Clock Delay      (SCD):    -0.475ns
    Clock Pessimism Removal (CPR):    -0.039ns

    Location             Delay type                Incr(ns)  Path(ns)    Netlist Resource(s)
  -------------------------------------------------------------------    -------------------
                         (clock clk_out25_top_clk_wiz_0_0 rise edge)
                                                      0.000     0.000 r  
    W5                                                0.000     0.000 r  sys_clock (IN)
                         net (fo=0)                   0.000     0.000    top_i/clk_wiz_0/inst/clk_in1
    W5                   IBUF (Prop_ibuf_I_O)         0.226     0.226 r  top_i/clk_wiz_0/inst/clkin1_ibufg/O
                         net (fo=1, routed)           0.440     0.667    top_i/clk_wiz_0/inst/clk_in1_top_clk_wiz_0_0
    PLLE2_ADV_X1Y0       PLLE2_ADV (Prop_plle2_adv_CLKIN1_CLKOUT1)
                                                     -2.322    -1.656 r  top_i/clk_wiz_0/inst/plle2_adv_inst/CLKOUT1
                         net (fo=1, routed)           0.501    -1.155    top_i/clk_wiz_0/inst/clk_out25_top_clk_wiz_0_0
    BUFGCTRL_X0Y0        BUFG (Prop_bufg_I_O)         0.026    -1.129 r  top_i/clk_wiz_0/inst/clkout2_buf/O
                         net (fo=116, routed)         0.654    -0.475    top_i/VGA_Output_0/U0/clk
    DSP48_X1Y16          DSP48E1                                      r  top_i/VGA_Output_0/U0/bram_addr_s_reg/CLK
  -------------------------------------------------------------------    -------------------
    DSP48_X1Y16          DSP48E1 (Prop_dsp48e1_CLK_P[11])
                                                      0.126    -0.349 r  top_i/VGA_Output_0/U0/bram_addr_s_reg/P[11]
                         net (fo=35, routed)          0.516     0.167    top_i/blk_mem_gen_0/U0/inst_blk_mem_gen/gnbram.gnativebmg.native_blk_mem_gen/valid.cstr/ramloop[10].ram.r/prim_init.ram/addra[11]
    RAMB36_X2Y10         RAMB36E1                                     r  top_i/blk_mem_gen_0/U0/inst_blk_mem_gen/gnbram.gnativebmg.native_blk_mem_gen/valid.cstr/ramloop[10].ram.r/prim_init.ram/DEVICE_7SERIES.NO_BMM_INFO.SP.CASCADED_PRIM36.ram_B/ADDRARDADDR[11]
  -------------------------------------------------------------------    -------------------

                         (clock clk_out25_top_clk_wiz_0_0 rise edge)
                                                      0.000     0.000 r  
    W5                                                0.000     0.000 r  sys_clock (IN)
                         net (fo=0)                   0.000     0.000    top_i/clk_wiz_0/inst/clk_in1
    W5                   IBUF (Prop_ibuf_I_O)         0.414     0.414 r  top_i/clk_wiz_0/inst/clkin1_ibufg/O
                         net (fo=1, routed)           0.481     0.895    top_i/clk_wiz_0/inst/clk_in1_top_clk_wiz_0_0
    PLLE2_ADV_X1Y0       PLLE2_ADV (Prop_plle2_adv_CLKIN1_CLKOUT1)
                                                     -2.638    -1.743 r  top_i/clk_wiz_0/inst/plle2_adv_inst/CLKOUT1
                         net (fo=1, routed)           0.546    -1.197    top_i/clk_wiz_0/inst/clk_out25_top_clk_wiz_0_0
    BUFGCTRL_X0Y0        BUFG (Prop_bufg_I_O)         0.029    -1.168 r  top_i/clk_wiz_0/inst/clkout2_buf/O
                         net (fo=116, routed)         0.877    -0.291    top_i/blk_mem_gen_0/U0/inst_blk_mem_gen/gnbram.gnativebmg.native_blk_mem_gen/valid.cstr/ramloop[10].ram.r/prim_init.ram/clka
    RAMB36_X2Y10         RAMB36E1                                     r  top_i/blk_mem_gen_0/U0/inst_blk_mem_gen/gnbram.gnativebmg.native_blk_mem_gen/valid.cstr/ramloop[10].ram.r/prim_init.ram/DEVICE_7SERIES.NO_BMM_INFO.SP.CASCADED_PRIM36.ram_B/CLKARDCLK
                         clock pessimism              0.039    -0.252    
    RAMB36_X2Y10         RAMB36E1 (Hold_ramb36e1_CLKARDCLK_ADDRARDADDR[11])
                                                      0.183    -0.069    top_i/blk_mem_gen_0/U0/inst_blk_mem_gen/gnbram.gnativebmg.native_blk_mem_gen/valid.cstr/ramloop[10].ram.r/prim_init.ram/DEVICE_7SERIES.NO_BMM_INFO.SP.CASCADED_PRIM36.ram_B
  -------------------------------------------------------------------
                         required time                          0.069    
                         arrival time                           0.167    
  -------------------------------------------------------------------
                         slack                                  0.236    

Slack (MET) :             0.245ns  (arrival time - required time)
  Source:                 top_i/VGA_Output_0/U0/bram_addr_s_reg/CLK
                            (rising edge-triggered cell DSP48E1 clocked by clk_out25_top_clk_wiz_0_0  {rise@0.000ns fall@20.000ns period=40.000ns})
  Destination:            top_i/blk_mem_gen_0/U0/inst_blk_mem_gen/gnbram.gnativebmg.native_blk_mem_gen/valid.cstr/ramloop[10].ram.r/prim_init.ram/DEVICE_7SERIES.NO_BMM_INFO.SP.CASCADED_PRIM36.ram_T/ADDRARDADDR[1]
                            (rising edge-triggered cell RAMB36E1 clocked by clk_out25_top_clk_wiz_0_0  {rise@0.000ns fall@20.000ns period=40.000ns})
  Path Group:             clk_out25_top_clk_wiz_0_0
  Path Type:              Hold (Min at Fast Process Corner)
  Requirement:            0.000ns  (clk_out25_top_clk_wiz_0_0 rise@0.000ns - clk_out25_top_clk_wiz_0_0 rise@0.000ns)
  Data Path Delay:        0.650ns  (logic 0.126ns (19.386%)  route 0.524ns (80.614%))
  Logic Levels:           0  
  Clock Path Skew:        0.222ns (DCD - SCD - CPR)
    Destination Clock Delay (DCD):    -0.292ns
    Source Clock Delay      (SCD):    -0.475ns
    Clock Pessimism Removal (CPR):    -0.039ns

    Location             Delay type                Incr(ns)  Path(ns)    Netlist Resource(s)
  -------------------------------------------------------------------    -------------------
                         (clock clk_out25_top_clk_wiz_0_0 rise edge)
                                                      0.000     0.000 r  
    W5                                                0.000     0.000 r  sys_clock (IN)
                         net (fo=0)                   0.000     0.000    top_i/clk_wiz_0/inst/clk_in1
    W5                   IBUF (Prop_ibuf_I_O)         0.226     0.226 r  top_i/clk_wiz_0/inst/clkin1_ibufg/O
                         net (fo=1, routed)           0.440     0.667    top_i/clk_wiz_0/inst/clk_in1_top_clk_wiz_0_0
    PLLE2_ADV_X1Y0       PLLE2_ADV (Prop_plle2_adv_CLKIN1_CLKOUT1)
                                                     -2.322    -1.656 r  top_i/clk_wiz_0/inst/plle2_adv_inst/CLKOUT1
                         net (fo=1, routed)           0.501    -1.155    top_i/clk_wiz_0/inst/clk_out25_top_clk_wiz_0_0
    BUFGCTRL_X0Y0        BUFG (Prop_bufg_I_O)         0.026    -1.129 r  top_i/clk_wiz_0/inst/clkout2_buf/O
                         net (fo=116, routed)         0.654    -0.475    top_i/VGA_Output_0/U0/clk
    DSP48_X1Y16          DSP48E1                                      r  top_i/VGA_Output_0/U0/bram_addr_s_reg/CLK
  -------------------------------------------------------------------    -------------------
    DSP48_X1Y16          DSP48E1 (Prop_dsp48e1_CLK_P[1])
                                                      0.126    -0.349 r  top_i/VGA_Output_0/U0/bram_addr_s_reg/P[1]
                         net (fo=35, routed)          0.524     0.175    top_i/blk_mem_gen_0/U0/inst_blk_mem_gen/gnbram.gnativebmg.native_blk_mem_gen/valid.cstr/ramloop[10].ram.r/prim_init.ram/addra[1]
    RAMB36_X2Y11         RAMB36E1                                     r  top_i/blk_mem_gen_0/U0/inst_blk_mem_gen/gnbram.gnativebmg.native_blk_mem_gen/valid.cstr/ramloop[10].ram.r/prim_init.ram/DEVICE_7SERIES.NO_BMM_INFO.SP.CASCADED_PRIM36.ram_T/ADDRARDADDR[1]
  -------------------------------------------------------------------    -------------------

                         (clock clk_out25_top_clk_wiz_0_0 rise edge)
                                                      0.000     0.000 r  
    W5                                                0.000     0.000 r  sys_clock (IN)
                         net (fo=0)                   0.000     0.000    top_i/clk_wiz_0/inst/clk_in1
    W5                   IBUF (Prop_ibuf_I_O)         0.414     0.414 r  top_i/clk_wiz_0/inst/clkin1_ibufg/O
                         net (fo=1, routed)           0.481     0.895    top_i/clk_wiz_0/inst/clk_in1_top_clk_wiz_0_0
    PLLE2_ADV_X1Y0       PLLE2_ADV (Prop_plle2_adv_CLKIN1_CLKOUT1)
                                                     -2.638    -1.743 r  top_i/clk_wiz_0/inst/plle2_adv_inst/CLKOUT1
                         net (fo=1, routed)           0.546    -1.197    top_i/clk_wiz_0/inst/clk_out25_top_clk_wiz_0_0
    BUFGCTRL_X0Y0        BUFG (Prop_bufg_I_O)         0.029    -1.168 r  top_i/clk_wiz_0/inst/clkout2_buf/O
                         net (fo=116, routed)         0.876    -0.292    top_i/blk_mem_gen_0/U0/inst_blk_mem_gen/gnbram.gnativebmg.native_blk_mem_gen/valid.cstr/ramloop[10].ram.r/prim_init.ram/clka
    RAMB36_X2Y11         RAMB36E1                                     r  top_i/blk_mem_gen_0/U0/inst_blk_mem_gen/gnbram.gnativebmg.native_blk_mem_gen/valid.cstr/ramloop[10].ram.r/prim_init.ram/DEVICE_7SERIES.NO_BMM_INFO.SP.CASCADED_PRIM36.ram_T/CLKARDCLK
                         clock pessimism              0.039    -0.253    
    RAMB36_X2Y11         RAMB36E1 (Hold_ramb36e1_CLKARDCLK_ADDRARDADDR[1])
                                                      0.183    -0.070    top_i/blk_mem_gen_0/U0/inst_blk_mem_gen/gnbram.gnativebmg.native_blk_mem_gen/valid.cstr/ramloop[10].ram.r/prim_init.ram/DEVICE_7SERIES.NO_BMM_INFO.SP.CASCADED_PRIM36.ram_T
  -------------------------------------------------------------------
                         required time                          0.070    
                         arrival time                           0.175    
  -------------------------------------------------------------------
                         slack                                  0.245    

Slack (MET) :             0.255ns  (arrival time - required time)
  Source:                 top_i/VGA_Output_0/U0/bram_addr_s_reg/CLK
                            (rising edge-triggered cell DSP48E1 clocked by clk_out25_top_clk_wiz_0_0  {rise@0.000ns fall@20.000ns period=40.000ns})
  Destination:            top_i/blk_mem_gen_0/U0/inst_blk_mem_gen/gnbram.gnativebmg.native_blk_mem_gen/valid.cstr/ramloop[10].ram.r/prim_init.ram/DEVICE_7SERIES.NO_BMM_INFO.SP.CASCADED_PRIM36.ram_T/ADDRARDADDR[4]
                            (rising edge-triggered cell RAMB36E1 clocked by clk_out25_top_clk_wiz_0_0  {rise@0.000ns fall@20.000ns period=40.000ns})
  Path Group:             clk_out25_top_clk_wiz_0_0
  Path Type:              Hold (Min at Fast Process Corner)
  Requirement:            0.000ns  (clk_out25_top_clk_wiz_0_0 rise@0.000ns - clk_out25_top_clk_wiz_0_0 rise@0.000ns)
  Data Path Delay:        0.660ns  (logic 0.126ns (19.103%)  route 0.534ns (80.897%))
  Logic Levels:           0  
  Clock Path Skew:        0.222ns (DCD - SCD - CPR)
    Destination Clock Delay (DCD):    -0.292ns
    Source Clock Delay      (SCD):    -0.475ns
    Clock Pessimism Removal (CPR):    -0.039ns

    Location             Delay type                Incr(ns)  Path(ns)    Netlist Resource(s)
  -------------------------------------------------------------------    -------------------
                         (clock clk_out25_top_clk_wiz_0_0 rise edge)
                                                      0.000     0.000 r  
    W5                                                0.000     0.000 r  sys_clock (IN)
                         net (fo=0)                   0.000     0.000    top_i/clk_wiz_0/inst/clk_in1
    W5                   IBUF (Prop_ibuf_I_O)         0.226     0.226 r  top_i/clk_wiz_0/inst/clkin1_ibufg/O
                         net (fo=1, routed)           0.440     0.667    top_i/clk_wiz_0/inst/clk_in1_top_clk_wiz_0_0
    PLLE2_ADV_X1Y0       PLLE2_ADV (Prop_plle2_adv_CLKIN1_CLKOUT1)
                                                     -2.322    -1.656 r  top_i/clk_wiz_0/inst/plle2_adv_inst/CLKOUT1
                         net (fo=1, routed)           0.501    -1.155    top_i/clk_wiz_0/inst/clk_out25_top_clk_wiz_0_0
    BUFGCTRL_X0Y0        BUFG (Prop_bufg_I_O)         0.026    -1.129 r  top_i/clk_wiz_0/inst/clkout2_buf/O
                         net (fo=116, routed)         0.654    -0.475    top_i/VGA_Output_0/U0/clk
    DSP48_X1Y16          DSP48E1                                      r  top_i/VGA_Output_0/U0/bram_addr_s_reg/CLK
  -------------------------------------------------------------------    -------------------
    DSP48_X1Y16          DSP48E1 (Prop_dsp48e1_CLK_P[4])
                                                      0.126    -0.349 r  top_i/VGA_Output_0/U0/bram_addr_s_reg/P[4]
                         net (fo=35, routed)          0.534     0.185    top_i/blk_mem_gen_0/U0/inst_blk_mem_gen/gnbram.gnativebmg.native_blk_mem_gen/valid.cstr/ramloop[10].ram.r/prim_init.ram/addra[4]
    RAMB36_X2Y11         RAMB36E1                                     r  top_i/blk_mem_gen_0/U0/inst_blk_mem_gen/gnbram.gnativebmg.native_blk_mem_gen/valid.cstr/ramloop[10].ram.r/prim_init.ram/DEVICE_7SERIES.NO_BMM_INFO.SP.CASCADED_PRIM36.ram_T/ADDRARDADDR[4]
  -------------------------------------------------------------------    -------------------

                         (clock clk_out25_top_clk_wiz_0_0 rise edge)
                                                      0.000     0.000 r  
    W5                                                0.000     0.000 r  sys_clock (IN)
                         net (fo=0)                   0.000     0.000    top_i/clk_wiz_0/inst/clk_in1
    W5                   IBUF (Prop_ibuf_I_O)         0.414     0.414 r  top_i/clk_wiz_0/inst/clkin1_ibufg/O
                         net (fo=1, routed)           0.481     0.895    top_i/clk_wiz_0/inst/clk_in1_top_clk_wiz_0_0
    PLLE2_ADV_X1Y0       PLLE2_ADV (Prop_plle2_adv_CLKIN1_CLKOUT1)
                                                     -2.638    -1.743 r  top_i/clk_wiz_0/inst/plle2_adv_inst/CLKOUT1
                         net (fo=1, routed)           0.546    -1.197    top_i/clk_wiz_0/inst/clk_out25_top_clk_wiz_0_0
    BUFGCTRL_X0Y0        BUFG (Prop_bufg_I_O)         0.029    -1.168 r  top_i/clk_wiz_0/inst/clkout2_buf/O
                         net (fo=116, routed)         0.876    -0.292    top_i/blk_mem_gen_0/U0/inst_blk_mem_gen/gnbram.gnativebmg.native_blk_mem_gen/valid.cstr/ramloop[10].ram.r/prim_init.ram/clka
    RAMB36_X2Y11         RAMB36E1                                     r  top_i/blk_mem_gen_0/U0/inst_blk_mem_gen/gnbram.gnativebmg.native_blk_mem_gen/valid.cstr/ramloop[10].ram.r/prim_init.ram/DEVICE_7SERIES.NO_BMM_INFO.SP.CASCADED_PRIM36.ram_T/CLKARDCLK
                         clock pessimism              0.039    -0.253    
    RAMB36_X2Y11         RAMB36E1 (Hold_ramb36e1_CLKARDCLK_ADDRARDADDR[4])
                                                      0.183    -0.070    top_i/blk_mem_gen_0/U0/inst_blk_mem_gen/gnbram.gnativebmg.native_blk_mem_gen/valid.cstr/ramloop[10].ram.r/prim_init.ram/DEVICE_7SERIES.NO_BMM_INFO.SP.CASCADED_PRIM36.ram_T
  -------------------------------------------------------------------
                         required time                          0.070    
                         arrival time                           0.185    
  -------------------------------------------------------------------
                         slack                                  0.255    

Slack (MET) :             0.255ns  (arrival time - required time)
  Source:                 top_i/blk_mem_gen_0/U0/inst_blk_mem_gen/gnbram.gnativebmg.native_blk_mem_gen/valid.cstr/has_mux_a.A/no_softecc_sel_reg.ce_pri.sel_pipe_reg[0]/C
                            (rising edge-triggered cell FDRE clocked by clk_out25_top_clk_wiz_0_0  {rise@0.000ns fall@20.000ns period=40.000ns})
  Destination:            top_i/blk_mem_gen_0/U0/inst_blk_mem_gen/gnbram.gnativebmg.native_blk_mem_gen/valid.cstr/has_mux_a.A/no_softecc_norm_sel2.has_mem_regs.WITHOUT_ECC_PIPE.ce_pri.sel_pipe_d1_reg[0]/D
                            (rising edge-triggered cell FDRE clocked by clk_out25_top_clk_wiz_0_0  {rise@0.000ns fall@20.000ns period=40.000ns})
  Path Group:             clk_out25_top_clk_wiz_0_0
  Path Type:              Hold (Min at Fast Process Corner)
  Requirement:            0.000ns  (clk_out25_top_clk_wiz_0_0 rise@0.000ns - clk_out25_top_clk_wiz_0_0 rise@0.000ns)
  Data Path Delay:        0.325ns  (logic 0.141ns (43.369%)  route 0.184ns (56.631%))
  Logic Levels:           0  
  Clock Path Skew:        0.000ns (DCD - SCD - CPR)
    Destination Clock Delay (DCD):    -0.339ns
    Source Clock Delay      (SCD):    -0.568ns
    Clock Pessimism Removal (CPR):    0.229ns

    Location             Delay type                Incr(ns)  Path(ns)    Netlist Resource(s)
  -------------------------------------------------------------------    -------------------
                         (clock clk_out25_top_clk_wiz_0_0 rise edge)
                                                      0.000     0.000 r  
    W5                                                0.000     0.000 r  sys_clock (IN)
                         net (fo=0)                   0.000     0.000    top_i/clk_wiz_0/inst/clk_in1
    W5                   IBUF (Prop_ibuf_I_O)         0.226     0.226 r  top_i/clk_wiz_0/inst/clkin1_ibufg/O
                         net (fo=1, routed)           0.440     0.667    top_i/clk_wiz_0/inst/clk_in1_top_clk_wiz_0_0
    PLLE2_ADV_X1Y0       PLLE2_ADV (Prop_plle2_adv_CLKIN1_CLKOUT1)
                                                     -2.322    -1.656 r  top_i/clk_wiz_0/inst/plle2_adv_inst/CLKOUT1
                         net (fo=1, routed)           0.501    -1.155    top_i/clk_wiz_0/inst/clk_out25_top_clk_wiz_0_0
    BUFGCTRL_X0Y0        BUFG (Prop_bufg_I_O)         0.026    -1.129 r  top_i/clk_wiz_0/inst/clkout2_buf/O
                         net (fo=116, routed)         0.561    -0.568    top_i/blk_mem_gen_0/U0/inst_blk_mem_gen/gnbram.gnativebmg.native_blk_mem_gen/valid.cstr/has_mux_a.A/clka
    SLICE_X36Y55         FDRE                                         r  top_i/blk_mem_gen_0/U0/inst_blk_mem_gen/gnbram.gnativebmg.native_blk_mem_gen/valid.cstr/has_mux_a.A/no_softecc_sel_reg.ce_pri.sel_pipe_reg[0]/C
  -------------------------------------------------------------------    -------------------
    SLICE_X36Y55         FDRE (Prop_fdre_C_Q)         0.141    -0.427 r  top_i/blk_mem_gen_0/U0/inst_blk_mem_gen/gnbram.gnativebmg.native_blk_mem_gen/valid.cstr/has_mux_a.A/no_softecc_sel_reg.ce_pri.sel_pipe_reg[0]/Q
                         net (fo=1, routed)           0.184    -0.243    top_i/blk_mem_gen_0/U0/inst_blk_mem_gen/gnbram.gnativebmg.native_blk_mem_gen/valid.cstr/has_mux_a.A/sel_pipe[0]
    SLICE_X36Y55         FDRE                                         r  top_i/blk_mem_gen_0/U0/inst_blk_mem_gen/gnbram.gnativebmg.native_blk_mem_gen/valid.cstr/has_mux_a.A/no_softecc_norm_sel2.has_mem_regs.WITHOUT_ECC_PIPE.ce_pri.sel_pipe_d1_reg[0]/D
  -------------------------------------------------------------------    -------------------

                         (clock clk_out25_top_clk_wiz_0_0 rise edge)
                                                      0.000     0.000 r  
    W5                                                0.000     0.000 r  sys_clock (IN)
                         net (fo=0)                   0.000     0.000    top_i/clk_wiz_0/inst/clk_in1
    W5                   IBUF (Prop_ibuf_I_O)         0.414     0.414 r  top_i/clk_wiz_0/inst/clkin1_ibufg/O
                         net (fo=1, routed)           0.481     0.895    top_i/clk_wiz_0/inst/clk_in1_top_clk_wiz_0_0
    PLLE2_ADV_X1Y0       PLLE2_ADV (Prop_plle2_adv_CLKIN1_CLKOUT1)
                                                     -2.638    -1.743 r  top_i/clk_wiz_0/inst/plle2_adv_inst/CLKOUT1
                         net (fo=1, routed)           0.546    -1.197    top_i/clk_wiz_0/inst/clk_out25_top_clk_wiz_0_0
    BUFGCTRL_X0Y0        BUFG (Prop_bufg_I_O)         0.029    -1.168 r  top_i/clk_wiz_0/inst/clkout2_buf/O
                         net (fo=116, routed)         0.829    -0.339    top_i/blk_mem_gen_0/U0/inst_blk_mem_gen/gnbram.gnativebmg.native_blk_mem_gen/valid.cstr/has_mux_a.A/clka
    SLICE_X36Y55         FDRE                                         r  top_i/blk_mem_gen_0/U0/inst_blk_mem_gen/gnbram.gnativebmg.native_blk_mem_gen/valid.cstr/has_mux_a.A/no_softecc_norm_sel2.has_mem_regs.WITHOUT_ECC_PIPE.ce_pri.sel_pipe_d1_reg[0]/C
                         clock pessimism             -0.229    -0.568    
    SLICE_X36Y55         FDRE (Hold_fdre_C_D)         0.070    -0.498    top_i/blk_mem_gen_0/U0/inst_blk_mem_gen/gnbram.gnativebmg.native_blk_mem_gen/valid.cstr/has_mux_a.A/no_softecc_norm_sel2.has_mem_regs.WITHOUT_ECC_PIPE.ce_pri.sel_pipe_d1_reg[0]
  -------------------------------------------------------------------
                         required time                          0.498    
                         arrival time                          -0.243    
  -------------------------------------------------------------------
                         slack                                  0.255    

Slack (MET) :             0.263ns  (arrival time - required time)
  Source:                 top_i/VGA_Output_0/U0/horiz_counter_reg[0]/C
                            (rising edge-triggered cell FDRE clocked by clk_out25_top_clk_wiz_0_0  {rise@0.000ns fall@20.000ns period=40.000ns})
  Destination:            top_i/VGA_Output_0/U0/horiz_counter_reg[4]/D
                            (rising edge-triggered cell FDRE clocked by clk_out25_top_clk_wiz_0_0  {rise@0.000ns fall@20.000ns period=40.000ns})
  Path Group:             clk_out25_top_clk_wiz_0_0
  Path Type:              Hold (Min at Fast Process Corner)
  Requirement:            0.000ns  (clk_out25_top_clk_wiz_0_0 rise@0.000ns - clk_out25_top_clk_wiz_0_0 rise@0.000ns)
  Data Path Delay:        0.380ns  (logic 0.212ns (55.762%)  route 0.168ns (44.238%))
  Logic Levels:           1  (LUT5=1)
  Clock Path Skew:        0.016ns (DCD - SCD - CPR)
    Destination Clock Delay (DCD):    -0.333ns
    Source Clock Delay      (SCD):    -0.564ns
    Clock Pessimism Removal (CPR):    0.216ns

    Location             Delay type                Incr(ns)  Path(ns)    Netlist Resource(s)
  -------------------------------------------------------------------    -------------------
                         (clock clk_out25_top_clk_wiz_0_0 rise edge)
                                                      0.000     0.000 r  
    W5                                                0.000     0.000 r  sys_clock (IN)
                         net (fo=0)                   0.000     0.000    top_i/clk_wiz_0/inst/clk_in1
    W5                   IBUF (Prop_ibuf_I_O)         0.226     0.226 r  top_i/clk_wiz_0/inst/clkin1_ibufg/O
                         net (fo=1, routed)           0.440     0.667    top_i/clk_wiz_0/inst/clk_in1_top_clk_wiz_0_0
    PLLE2_ADV_X1Y0       PLLE2_ADV (Prop_plle2_adv_CLKIN1_CLKOUT1)
                                                     -2.322    -1.656 r  top_i/clk_wiz_0/inst/plle2_adv_inst/CLKOUT1
                         net (fo=1, routed)           0.501    -1.155    top_i/clk_wiz_0/inst/clk_out25_top_clk_wiz_0_0
    BUFGCTRL_X0Y0        BUFG (Prop_bufg_I_O)         0.026    -1.129 r  top_i/clk_wiz_0/inst/clkout2_buf/O
                         net (fo=116, routed)         0.565    -0.564    top_i/VGA_Output_0/U0/clk
    SLICE_X54Y40         FDRE                                         r  top_i/VGA_Output_0/U0/horiz_counter_reg[0]/C
  -------------------------------------------------------------------    -------------------
    SLICE_X54Y40         FDRE (Prop_fdre_C_Q)         0.164    -0.400 r  top_i/VGA_Output_0/U0/horiz_counter_reg[0]/Q
                         net (fo=8, routed)           0.168    -0.232    top_i/VGA_Output_0/U0/horiz_counter_reg[0]
    SLICE_X55Y41         LUT5 (Prop_lut5_I2_O)        0.048    -0.184 r  top_i/VGA_Output_0/U0/bram_addr_s_reg_i_19/O
                         net (fo=2, routed)           0.000    -0.184    top_i/VGA_Output_0/U0/p_0_in[4]
    SLICE_X55Y41         FDRE                                         r  top_i/VGA_Output_0/U0/horiz_counter_reg[4]/D
  -------------------------------------------------------------------    -------------------

                         (clock clk_out25_top_clk_wiz_0_0 rise edge)
                                                      0.000     0.000 r  
    W5                                                0.000     0.000 r  sys_clock (IN)
                         net (fo=0)                   0.000     0.000    top_i/clk_wiz_0/inst/clk_in1
    W5                   IBUF (Prop_ibuf_I_O)         0.414     0.414 r  top_i/clk_wiz_0/inst/clkin1_ibufg/O
                         net (fo=1, routed)           0.481     0.895    top_i/clk_wiz_0/inst/clk_in1_top_clk_wiz_0_0
    PLLE2_ADV_X1Y0       PLLE2_ADV (Prop_plle2_adv_CLKIN1_CLKOUT1)
                                                     -2.638    -1.743 r  top_i/clk_wiz_0/inst/plle2_adv_inst/CLKOUT1
                         net (fo=1, routed)           0.546    -1.197    top_i/clk_wiz_0/inst/clk_out25_top_clk_wiz_0_0
    BUFGCTRL_X0Y0        BUFG (Prop_bufg_I_O)         0.029    -1.168 r  top_i/clk_wiz_0/inst/clkout2_buf/O
                         net (fo=116, routed)         0.836    -0.333    top_i/VGA_Output_0/U0/clk
    SLICE_X55Y41         FDRE                                         r  top_i/VGA_Output_0/U0/horiz_counter_reg[4]/C
                         clock pessimism             -0.216    -0.548    
    SLICE_X55Y41         FDRE (Hold_fdre_C_D)         0.101    -0.447    top_i/VGA_Output_0/U0/horiz_counter_reg[4]
  -------------------------------------------------------------------
                         required time                          0.447    
                         arrival time                          -0.184    
  -------------------------------------------------------------------
                         slack                                  0.263    





Pulse Width Checks
--------------------------------------------------------------------------------------
Clock Name:         clk_out25_top_clk_wiz_0_0
Waveform(ns):       { 0.000 20.000 }
Period(ns):         40.000
Sources:            { top_i/clk_wiz_0/inst/plle2_adv_inst/CLKOUT1 }

Check Type        Corner  Lib Pin             Reference Pin  Required(ns)  Actual(ns)  Slack(ns)  Location        Pin
Min Period        n/a     DSP48E1/CLK         n/a            3.884         40.000      36.116     DSP48_X1Y16     top_i/VGA_Output_0/U0/bram_addr_s_reg/CLK
Min Period        n/a     RAMB36E1/CLKARDCLK  n/a            2.892         40.000      37.108     RAMB36_X2Y10    top_i/blk_mem_gen_0/U0/inst_blk_mem_gen/gnbram.gnativebmg.native_blk_mem_gen/valid.cstr/ramloop[10].ram.r/prim_init.ram/DEVICE_7SERIES.NO_BMM_INFO.SP.CASCADED_PRIM36.ram_B/CLKARDCLK
Min Period        n/a     RAMB36E1/CLKARDCLK  n/a            2.892         40.000      37.108     RAMB36_X2Y11    top_i/blk_mem_gen_0/U0/inst_blk_mem_gen/gnbram.gnativebmg.native_blk_mem_gen/valid.cstr/ramloop[10].ram.r/prim_init.ram/DEVICE_7SERIES.NO_BMM_INFO.SP.CASCADED_PRIM36.ram_T/CLKARDCLK
Min Period        n/a     RAMB36E1/CLKARDCLK  n/a            2.892         40.000      37.108     RAMB36_X1Y0     top_i/blk_mem_gen_0/U0/inst_blk_mem_gen/gnbram.gnativebmg.native_blk_mem_gen/valid.cstr/ramloop[3].ram.r/prim_init.ram/DEVICE_7SERIES.NO_BMM_INFO.SP.CASCADED_PRIM36.ram_B/CLKARDCLK
Min Period        n/a     RAMB36E1/CLKARDCLK  n/a            2.892         40.000      37.108     RAMB36_X1Y1     top_i/blk_mem_gen_0/U0/inst_blk_mem_gen/gnbram.gnativebmg.native_blk_mem_gen/valid.cstr/ramloop[3].ram.r/prim_init.ram/DEVICE_7SERIES.NO_BMM_INFO.SP.CASCADED_PRIM36.ram_T/CLKARDCLK
Min Period        n/a     RAMB36E1/CLKARDCLK  n/a            2.892         40.000      37.108     RAMB36_X2Y5     top_i/blk_mem_gen_0/U0/inst_blk_mem_gen/gnbram.gnativebmg.native_blk_mem_gen/valid.cstr/ramloop[5].ram.r/prim_init.ram/DEVICE_7SERIES.NO_BMM_INFO.SP.CASCADED_PRIM36.ram_B/CLKARDCLK
Min Period        n/a     RAMB36E1/CLKARDCLK  n/a            2.892         40.000      37.108     RAMB36_X2Y6     top_i/blk_mem_gen_0/U0/inst_blk_mem_gen/gnbram.gnativebmg.native_blk_mem_gen/valid.cstr/ramloop[5].ram.r/prim_init.ram/DEVICE_7SERIES.NO_BMM_INFO.SP.CASCADED_PRIM36.ram_T/CLKARDCLK
Min Period        n/a     RAMB36E1/CLKARDCLK  n/a            2.892         40.000      37.108     RAMB36_X2Y0     top_i/blk_mem_gen_0/U0/inst_blk_mem_gen/gnbram.gnativebmg.native_blk_mem_gen/valid.cstr/ramloop[7].ram.r/prim_init.ram/DEVICE_7SERIES.NO_BMM_INFO.SP.CASCADED_PRIM36.ram_B/CLKARDCLK
Min Period        n/a     RAMB36E1/CLKARDCLK  n/a            2.892         40.000      37.108     RAMB36_X2Y1     top_i/blk_mem_gen_0/U0/inst_blk_mem_gen/gnbram.gnativebmg.native_blk_mem_gen/valid.cstr/ramloop[7].ram.r/prim_init.ram/DEVICE_7SERIES.NO_BMM_INFO.SP.CASCADED_PRIM36.ram_T/CLKARDCLK
Min Period        n/a     RAMB36E1/CLKBWRCLK  n/a            2.576         40.000      37.424     RAMB36_X2Y10    top_i/blk_mem_gen_0/U0/inst_blk_mem_gen/gnbram.gnativebmg.native_blk_mem_gen/valid.cstr/ramloop[10].ram.r/prim_init.ram/DEVICE_7SERIES.NO_BMM_INFO.SP.CASCADED_PRIM36.ram_B/CLKBWRCLK
Max Period        n/a     PLLE2_ADV/CLKOUT1   n/a            160.000       40.000      120.000    PLLE2_ADV_X1Y0  top_i/clk_wiz_0/inst/plle2_adv_inst/CLKOUT1
Low Pulse Width   Slow    FDRE/C              n/a            0.500         20.000      19.500     SLICE_X48Y39    top_i/VGA_Output_0/U0/B_out_reg[0]/C
Low Pulse Width   Fast    FDRE/C              n/a            0.500         20.000      19.500     SLICE_X48Y39    top_i/VGA_Output_0/U0/B_out_reg[0]/C
Low Pulse Width   Slow    FDRE/C              n/a            0.500         20.000      19.500     SLICE_X48Y39    top_i/VGA_Output_0/U0/B_out_reg[1]/C
Low Pulse Width   Fast    FDRE/C              n/a            0.500         20.000      19.500     SLICE_X48Y39    top_i/VGA_Output_0/U0/B_out_reg[1]/C
Low Pulse Width   Slow    FDRE/C              n/a            0.500         20.000      19.500     SLICE_X49Y41    top_i/VGA_Output_0/U0/B_out_reg[2]/C
Low Pulse Width   Fast    FDRE/C              n/a            0.500         20.000      19.500     SLICE_X49Y41    top_i/VGA_Output_0/U0/B_out_reg[2]/C
Low Pulse Width   Slow    FDRE/C              n/a            0.500         20.000      19.500     SLICE_X49Y41    top_i/VGA_Output_0/U0/B_out_reg[3]/C
Low Pulse Width   Fast    FDRE/C              n/a            0.500         20.000      19.500     SLICE_X49Y41    top_i/VGA_Output_0/U0/B_out_reg[3]/C
Low Pulse Width   Slow    FDRE/C              n/a            0.500         20.000      19.500     SLICE_X48Y39    top_i/VGA_Output_0/U0/G_out_reg[0]/C
Low Pulse Width   Fast    FDRE/C              n/a            0.500         20.000      19.500     SLICE_X48Y39    top_i/VGA_Output_0/U0/G_out_reg[0]/C
High Pulse Width  Slow    FDRE/C              n/a            0.500         20.000      19.500     SLICE_X48Y39    top_i/VGA_Output_0/U0/B_out_reg[0]/C
High Pulse Width  Fast    FDRE/C              n/a            0.500         20.000      19.500     SLICE_X48Y39    top_i/VGA_Output_0/U0/B_out_reg[0]/C
High Pulse Width  Slow    FDRE/C              n/a            0.500         20.000      19.500     SLICE_X48Y39    top_i/VGA_Output_0/U0/B_out_reg[1]/C
High Pulse Width  Fast    FDRE/C              n/a            0.500         20.000      19.500     SLICE_X48Y39    top_i/VGA_Output_0/U0/B_out_reg[1]/C
High Pulse Width  Slow    FDRE/C              n/a            0.500         20.000      19.500     SLICE_X49Y41    top_i/VGA_Output_0/U0/B_out_reg[2]/C
High Pulse Width  Fast    FDRE/C              n/a            0.500         20.000      19.500     SLICE_X49Y41    top_i/VGA_Output_0/U0/B_out_reg[2]/C
High Pulse Width  Slow    FDRE/C              n/a            0.500         20.000      19.500     SLICE_X49Y41    top_i/VGA_Output_0/U0/B_out_reg[3]/C
High Pulse Width  Fast    FDRE/C              n/a            0.500         20.000      19.500     SLICE_X49Y41    top_i/VGA_Output_0/U0/B_out_reg[3]/C
High Pulse Width  Slow    FDRE/C              n/a            0.500         20.000      19.500     SLICE_X48Y39    top_i/VGA_Output_0/U0/G_out_reg[0]/C
High Pulse Width  Fast    FDRE/C              n/a            0.500         20.000      19.500     SLICE_X48Y39    top_i/VGA_Output_0/U0/G_out_reg[0]/C



---------------------------------------------------------------------------------------------------
From Clock:  clkfbout_top_clk_wiz_0_0
  To Clock:  clkfbout_top_clk_wiz_0_0

Setup :           NA  Failing Endpoints,  Worst Slack           NA  ,  Total Violation           NA
Hold  :           NA  Failing Endpoints,  Worst Slack           NA  ,  Total Violation           NA
PW    :            0  Failing Endpoints,  Worst Slack        7.845ns,  Total Violation        0.000ns
---------------------------------------------------------------------------------------------------


Pulse Width Checks
--------------------------------------------------------------------------------------
Clock Name:         clkfbout_top_clk_wiz_0_0
Waveform(ns):       { 0.000 5.000 }
Period(ns):         10.000
Sources:            { top_i/clk_wiz_0/inst/plle2_adv_inst/CLKFBOUT }

Check Type  Corner  Lib Pin             Reference Pin  Required(ns)  Actual(ns)  Slack(ns)  Location        Pin
Min Period  n/a     BUFG/I              n/a            2.155         10.000      7.845      BUFGCTRL_X0Y1   top_i/clk_wiz_0/inst/clkf_buf/I
Min Period  n/a     PLLE2_ADV/CLKFBOUT  n/a            1.249         10.000      8.751      PLLE2_ADV_X1Y0  top_i/clk_wiz_0/inst/plle2_adv_inst/CLKFBOUT
Min Period  n/a     PLLE2_ADV/CLKFBIN   n/a            1.249         10.000      8.751      PLLE2_ADV_X1Y0  top_i/clk_wiz_0/inst/plle2_adv_inst/CLKFBIN
Max Period  n/a     PLLE2_ADV/CLKFBIN   n/a            52.633        10.000      42.633     PLLE2_ADV_X1Y0  top_i/clk_wiz_0/inst/plle2_adv_inst/CLKFBIN
Max Period  n/a     PLLE2_ADV/CLKFBOUT  n/a            160.000       10.000      150.000    PLLE2_ADV_X1Y0  top_i/clk_wiz_0/inst/plle2_adv_inst/CLKFBOUT



--------------------------------------------------------------------------------------
Path Group:  (none)
From Clock:  clk_out25_top_clk_wiz_0_0
  To Clock:  

Max Delay            14 Endpoints
Min Delay            14 Endpoints
--------------------------------------------------------------------------------------


Max Delay Paths
--------------------------------------------------------------------------------------
Slack:                    inf
  Source:                 top_i/VGA_Output_0/U0/Vp_out_reg/C
                            (rising edge-triggered cell FDRE clocked by clk_out25_top_clk_wiz_0_0  {rise@0.000ns fall@20.000ns period=40.000ns})
  Destination:            Vsync
                            (output port)
  Path Group:             (none)
  Path Type:              Max at Slow Process Corner
  Data Path Delay:        7.763ns  (logic 4.021ns (51.801%)  route 3.742ns (48.199%))
  Logic Levels:           1  (OBUF=1)
  Clock Uncertainty:      0.201ns  ((TSJ^2 + DJ^2)^1/2) / 2 + PE
    Total System Jitter     (TSJ):    0.050ns
    Discrete Jitter          (DJ):    0.183ns
    Phase Error              (PE):    0.105ns

    Location             Delay type                Incr(ns)  Path(ns)    Netlist Resource(s)
  -------------------------------------------------------------------    -------------------
                         (clock clk_out25_top_clk_wiz_0_0 rise edge)
                                                      0.000     0.000 r  
    W5                                                0.000     0.000 r  sys_clock (IN)
                         net (fo=0)                   0.000     0.000    top_i/clk_wiz_0/inst/clk_in1
    W5                   IBUF (Prop_ibuf_I_O)         1.458     1.458 r  top_i/clk_wiz_0/inst/clkin1_ibufg/O
                         net (fo=1, routed)           1.253     2.711    top_i/clk_wiz_0/inst/clk_in1_top_clk_wiz_0_0
    PLLE2_ADV_X1Y0       PLLE2_ADV (Prop_plle2_adv_CLKIN1_CLKOUT1)
                                                     -8.482    -5.770 r  top_i/clk_wiz_0/inst/plle2_adv_inst/CLKOUT1
                         net (fo=1, routed)           1.655    -4.115    top_i/clk_wiz_0/inst/clk_out25_top_clk_wiz_0_0
    BUFGCTRL_X0Y0        BUFG (Prop_bufg_I_O)         0.096    -4.019 r  top_i/clk_wiz_0/inst/clkout2_buf/O
                         net (fo=116, routed)         1.571    -2.448    top_i/VGA_Output_0/U0/clk
    SLICE_X54Y43         FDRE                                         r  top_i/VGA_Output_0/U0/Vp_out_reg/C
  -------------------------------------------------------------------    -------------------
    SLICE_X54Y43         FDRE (Prop_fdre_C_Q)         0.518    -1.930 r  top_i/VGA_Output_0/U0/Vp_out_reg/Q
                         net (fo=1, routed)           3.742     1.812    Vsync_OBUF
    R19                  OBUF (Prop_obuf_I_O)         3.503     5.316 r  Vsync_OBUF_inst/O
                         net (fo=0)                   0.000     5.316    Vsync
    R19                                                               r  Vsync (OUT)
  -------------------------------------------------------------------    -------------------

Slack:                    inf
  Source:                 top_i/VGA_Output_0/U0/Hp_out_reg/C
                            (rising edge-triggered cell FDRE clocked by clk_out25_top_clk_wiz_0_0  {rise@0.000ns fall@20.000ns period=40.000ns})
  Destination:            Hsync
                            (output port)
  Path Group:             (none)
  Path Type:              Max at Slow Process Corner
  Data Path Delay:        7.543ns  (logic 3.953ns (52.399%)  route 3.591ns (47.601%))
  Logic Levels:           1  (OBUF=1)
  Clock Uncertainty:      0.201ns  ((TSJ^2 + DJ^2)^1/2) / 2 + PE
    Total System Jitter     (TSJ):    0.050ns
    Discrete Jitter          (DJ):    0.183ns
    Phase Error              (PE):    0.105ns

    Location             Delay type                Incr(ns)  Path(ns)    Netlist Resource(s)
  -------------------------------------------------------------------    -------------------
                         (clock clk_out25_top_clk_wiz_0_0 rise edge)
                                                      0.000     0.000 r  
    W5                                                0.000     0.000 r  sys_clock (IN)
                         net (fo=0)                   0.000     0.000    top_i/clk_wiz_0/inst/clk_in1
    W5                   IBUF (Prop_ibuf_I_O)         1.458     1.458 r  top_i/clk_wiz_0/inst/clkin1_ibufg/O
                         net (fo=1, routed)           1.253     2.711    top_i/clk_wiz_0/inst/clk_in1_top_clk_wiz_0_0
    PLLE2_ADV_X1Y0       PLLE2_ADV (Prop_plle2_adv_CLKIN1_CLKOUT1)
                                                     -8.482    -5.770 r  top_i/clk_wiz_0/inst/plle2_adv_inst/CLKOUT1
                         net (fo=1, routed)           1.655    -4.115    top_i/clk_wiz_0/inst/clk_out25_top_clk_wiz_0_0
    BUFGCTRL_X0Y0        BUFG (Prop_bufg_I_O)         0.096    -4.019 r  top_i/clk_wiz_0/inst/clkout2_buf/O
                         net (fo=116, routed)         1.570    -2.449    top_i/VGA_Output_0/U0/clk
    SLICE_X55Y42         FDRE                                         r  top_i/VGA_Output_0/U0/Hp_out_reg/C
  -------------------------------------------------------------------    -------------------
    SLICE_X55Y42         FDRE (Prop_fdre_C_Q)         0.456    -1.993 r  top_i/VGA_Output_0/U0/Hp_out_reg/Q
                         net (fo=1, routed)           3.591     1.598    Hsync_OBUF
    P19                  OBUF (Prop_obuf_I_O)         3.497     5.095 r  Hsync_OBUF_inst/O
                         net (fo=0)                   0.000     5.095    Hsync
    P19                                                               r  Hsync (OUT)
  -------------------------------------------------------------------    -------------------

Slack:                    inf
  Source:                 top_i/VGA_Output_0/U0/G_out_reg[3]/C
                            (rising edge-triggered cell FDRE clocked by clk_out25_top_clk_wiz_0_0  {rise@0.000ns fall@20.000ns period=40.000ns})
  Destination:            vgaGreen[3]
                            (output port)
  Path Group:             (none)
  Path Type:              Max at Slow Process Corner
  Data Path Delay:        7.329ns  (logic 3.986ns (54.391%)  route 3.343ns (45.609%))
  Logic Levels:           1  (OBUF=1)
  Clock Uncertainty:      0.201ns  ((TSJ^2 + DJ^2)^1/2) / 2 + PE
    Total System Jitter     (TSJ):    0.050ns
    Discrete Jitter          (DJ):    0.183ns
    Phase Error              (PE):    0.105ns

    Location             Delay type                Incr(ns)  Path(ns)    Netlist Resource(s)
  -------------------------------------------------------------------    -------------------
                         (clock clk_out25_top_clk_wiz_0_0 rise edge)
                                                      0.000     0.000 r  
    W5                                                0.000     0.000 r  sys_clock (IN)
                         net (fo=0)                   0.000     0.000    top_i/clk_wiz_0/inst/clk_in1
    W5                   IBUF (Prop_ibuf_I_O)         1.458     1.458 r  top_i/clk_wiz_0/inst/clkin1_ibufg/O
                         net (fo=1, routed)           1.253     2.711    top_i/clk_wiz_0/inst/clk_in1_top_clk_wiz_0_0
    PLLE2_ADV_X1Y0       PLLE2_ADV (Prop_plle2_adv_CLKIN1_CLKOUT1)
                                                     -8.482    -5.770 r  top_i/clk_wiz_0/inst/plle2_adv_inst/CLKOUT1
                         net (fo=1, routed)           1.655    -4.115    top_i/clk_wiz_0/inst/clk_out25_top_clk_wiz_0_0
    BUFGCTRL_X0Y0        BUFG (Prop_bufg_I_O)         0.096    -4.019 r  top_i/clk_wiz_0/inst/clkout2_buf/O
                         net (fo=116, routed)         1.569    -2.450    top_i/VGA_Output_0/U0/clk
    SLICE_X48Y42         FDRE                                         r  top_i/VGA_Output_0/U0/G_out_reg[3]/C
  -------------------------------------------------------------------    -------------------
    SLICE_X48Y42         FDRE (Prop_fdre_C_Q)         0.456    -1.994 r  top_i/VGA_Output_0/U0/G_out_reg[3]/Q
                         net (fo=1, routed)           3.343     1.349    vgaGreen_OBUF[3]
    D17                  OBUF (Prop_obuf_I_O)         3.530     4.880 r  vgaGreen_OBUF[3]_inst/O
                         net (fo=0)                   0.000     4.880    vgaGreen[3]
    D17                                                               r  vgaGreen[3] (OUT)
  -------------------------------------------------------------------    -------------------

Slack:                    inf
  Source:                 top_i/VGA_Output_0/U0/B_out_reg[2]/C
                            (rising edge-triggered cell FDRE clocked by clk_out25_top_clk_wiz_0_0  {rise@0.000ns fall@20.000ns period=40.000ns})
  Destination:            vgaBlue[2]
                            (output port)
  Path Group:             (none)
  Path Type:              Max at Slow Process Corner
  Data Path Delay:        7.328ns  (logic 3.975ns (54.244%)  route 3.353ns (45.756%))
  Logic Levels:           1  (OBUF=1)
  Clock Uncertainty:      0.201ns  ((TSJ^2 + DJ^2)^1/2) / 2 + PE
    Total System Jitter     (TSJ):    0.050ns
    Discrete Jitter          (DJ):    0.183ns
    Phase Error              (PE):    0.105ns

    Location             Delay type                Incr(ns)  Path(ns)    Netlist Resource(s)
  -------------------------------------------------------------------    -------------------
                         (clock clk_out25_top_clk_wiz_0_0 rise edge)
                                                      0.000     0.000 r  
    W5                                                0.000     0.000 r  sys_clock (IN)
                         net (fo=0)                   0.000     0.000    top_i/clk_wiz_0/inst/clk_in1
    W5                   IBUF (Prop_ibuf_I_O)         1.458     1.458 r  top_i/clk_wiz_0/inst/clkin1_ibufg/O
                         net (fo=1, routed)           1.253     2.711    top_i/clk_wiz_0/inst/clk_in1_top_clk_wiz_0_0
    PLLE2_ADV_X1Y0       PLLE2_ADV (Prop_plle2_adv_CLKIN1_CLKOUT1)
                                                     -8.482    -5.770 r  top_i/clk_wiz_0/inst/plle2_adv_inst/CLKOUT1
                         net (fo=1, routed)           1.655    -4.115    top_i/clk_wiz_0/inst/clk_out25_top_clk_wiz_0_0
    BUFGCTRL_X0Y0        BUFG (Prop_bufg_I_O)         0.096    -4.019 r  top_i/clk_wiz_0/inst/clkout2_buf/O
                         net (fo=116, routed)         1.569    -2.450    top_i/VGA_Output_0/U0/clk
    SLICE_X49Y41         FDRE                                         r  top_i/VGA_Output_0/U0/B_out_reg[2]/C
  -------------------------------------------------------------------    -------------------
    SLICE_X49Y41         FDRE (Prop_fdre_C_Q)         0.456    -1.994 r  top_i/VGA_Output_0/U0/B_out_reg[2]/Q
                         net (fo=1, routed)           3.353     1.359    vgaBlue_OBUF[2]
    K18                  OBUF (Prop_obuf_I_O)         3.519     4.878 r  vgaBlue_OBUF[2]_inst/O
                         net (fo=0)                   0.000     4.878    vgaBlue[2]
    K18                                                               r  vgaBlue[2] (OUT)
  -------------------------------------------------------------------    -------------------

Slack:                    inf
  Source:                 top_i/VGA_Output_0/U0/B_out_reg[3]/C
                            (rising edge-triggered cell FDRE clocked by clk_out25_top_clk_wiz_0_0  {rise@0.000ns fall@20.000ns period=40.000ns})
  Destination:            vgaBlue[3]
                            (output port)
  Path Group:             (none)
  Path Type:              Max at Slow Process Corner
  Data Path Delay:        7.318ns  (logic 4.119ns (56.279%)  route 3.200ns (43.721%))
  Logic Levels:           1  (OBUF=1)
  Clock Uncertainty:      0.201ns  ((TSJ^2 + DJ^2)^1/2) / 2 + PE
    Total System Jitter     (TSJ):    0.050ns
    Discrete Jitter          (DJ):    0.183ns
    Phase Error              (PE):    0.105ns

    Location             Delay type                Incr(ns)  Path(ns)    Netlist Resource(s)
  -------------------------------------------------------------------    -------------------
                         (clock clk_out25_top_clk_wiz_0_0 rise edge)
                                                      0.000     0.000 r  
    W5                                                0.000     0.000 r  sys_clock (IN)
                         net (fo=0)                   0.000     0.000    top_i/clk_wiz_0/inst/clk_in1
    W5                   IBUF (Prop_ibuf_I_O)         1.458     1.458 r  top_i/clk_wiz_0/inst/clkin1_ibufg/O
                         net (fo=1, routed)           1.253     2.711    top_i/clk_wiz_0/inst/clk_in1_top_clk_wiz_0_0
    PLLE2_ADV_X1Y0       PLLE2_ADV (Prop_plle2_adv_CLKIN1_CLKOUT1)
                                                     -8.482    -5.770 r  top_i/clk_wiz_0/inst/plle2_adv_inst/CLKOUT1
                         net (fo=1, routed)           1.655    -4.115    top_i/clk_wiz_0/inst/clk_out25_top_clk_wiz_0_0
    BUFGCTRL_X0Y0        BUFG (Prop_bufg_I_O)         0.096    -4.019 r  top_i/clk_wiz_0/inst/clkout2_buf/O
                         net (fo=116, routed)         1.569    -2.450    top_i/VGA_Output_0/U0/clk
    SLICE_X49Y41         FDRE                                         r  top_i/VGA_Output_0/U0/B_out_reg[3]/C
  -------------------------------------------------------------------    -------------------
    SLICE_X49Y41         FDRE (Prop_fdre_C_Q)         0.419    -2.031 r  top_i/VGA_Output_0/U0/B_out_reg[3]/Q
                         net (fo=1, routed)           3.200     1.169    vgaBlue_OBUF[3]
    J18                  OBUF (Prop_obuf_I_O)         3.700     4.869 r  vgaBlue_OBUF[3]_inst/O
                         net (fo=0)                   0.000     4.869    vgaBlue[3]
    J18                                                               r  vgaBlue[3] (OUT)
  -------------------------------------------------------------------    -------------------

Slack:                    inf
  Source:                 top_i/VGA_Output_0/U0/R_out_reg[3]/C
                            (rising edge-triggered cell FDRE clocked by clk_out25_top_clk_wiz_0_0  {rise@0.000ns fall@20.000ns period=40.000ns})
  Destination:            vgaRed[3]
                            (output port)
  Path Group:             (none)
  Path Type:              Max at Slow Process Corner
  Data Path Delay:        7.219ns  (logic 3.958ns (54.834%)  route 3.261ns (45.166%))
  Logic Levels:           1  (OBUF=1)
  Clock Uncertainty:      0.201ns  ((TSJ^2 + DJ^2)^1/2) / 2 + PE
    Total System Jitter     (TSJ):    0.050ns
    Discrete Jitter          (DJ):    0.183ns
    Phase Error              (PE):    0.105ns

    Location             Delay type                Incr(ns)  Path(ns)    Netlist Resource(s)
  -------------------------------------------------------------------    -------------------
                         (clock clk_out25_top_clk_wiz_0_0 rise edge)
                                                      0.000     0.000 r  
    W5                                                0.000     0.000 r  sys_clock (IN)
                         net (fo=0)                   0.000     0.000    top_i/clk_wiz_0/inst/clk_in1
    W5                   IBUF (Prop_ibuf_I_O)         1.458     1.458 r  top_i/clk_wiz_0/inst/clkin1_ibufg/O
                         net (fo=1, routed)           1.253     2.711    top_i/clk_wiz_0/inst/clk_in1_top_clk_wiz_0_0
    PLLE2_ADV_X1Y0       PLLE2_ADV (Prop_plle2_adv_CLKIN1_CLKOUT1)
                                                     -8.482    -5.770 r  top_i/clk_wiz_0/inst/plle2_adv_inst/CLKOUT1
                         net (fo=1, routed)           1.655    -4.115    top_i/clk_wiz_0/inst/clk_out25_top_clk_wiz_0_0
    BUFGCTRL_X0Y0        BUFG (Prop_bufg_I_O)         0.096    -4.019 r  top_i/clk_wiz_0/inst/clkout2_buf/O
                         net (fo=116, routed)         1.569    -2.450    top_i/VGA_Output_0/U0/clk
    SLICE_X48Y41         FDRE                                         r  top_i/VGA_Output_0/U0/R_out_reg[3]/C
  -------------------------------------------------------------------    -------------------
    SLICE_X48Y41         FDRE (Prop_fdre_C_Q)         0.456    -1.994 r  top_i/VGA_Output_0/U0/R_out_reg[3]/Q
                         net (fo=1, routed)           3.261     1.267    vgaRed_OBUF[3]
    N19                  OBUF (Prop_obuf_I_O)         3.502     4.770 r  vgaRed_OBUF[3]_inst/O
                         net (fo=0)                   0.000     4.770    vgaRed[3]
    N19                                                               r  vgaRed[3] (OUT)
  -------------------------------------------------------------------    -------------------

Slack:                    inf
  Source:                 top_i/VGA_Output_0/U0/G_out_reg[0]/C
                            (rising edge-triggered cell FDRE clocked by clk_out25_top_clk_wiz_0_0  {rise@0.000ns fall@20.000ns period=40.000ns})
  Destination:            vgaGreen[0]
                            (output port)
  Path Group:             (none)
  Path Type:              Max at Slow Process Corner
  Data Path Delay:        7.166ns  (logic 3.977ns (55.494%)  route 3.189ns (44.506%))
  Logic Levels:           1  (OBUF=1)
  Clock Uncertainty:      0.201ns  ((TSJ^2 + DJ^2)^1/2) / 2 + PE
    Total System Jitter     (TSJ):    0.050ns
    Discrete Jitter          (DJ):    0.183ns
    Phase Error              (PE):    0.105ns

    Location             Delay type                Incr(ns)  Path(ns)    Netlist Resource(s)
  -------------------------------------------------------------------    -------------------
                         (clock clk_out25_top_clk_wiz_0_0 rise edge)
                                                      0.000     0.000 r  
    W5                                                0.000     0.000 r  sys_clock (IN)
                         net (fo=0)                   0.000     0.000    top_i/clk_wiz_0/inst/clk_in1
    W5                   IBUF (Prop_ibuf_I_O)         1.458     1.458 r  top_i/clk_wiz_0/inst/clkin1_ibufg/O
                         net (fo=1, routed)           1.253     2.711    top_i/clk_wiz_0/inst/clk_in1_top_clk_wiz_0_0
    PLLE2_ADV_X1Y0       PLLE2_ADV (Prop_plle2_adv_CLKIN1_CLKOUT1)
                                                     -8.482    -5.770 r  top_i/clk_wiz_0/inst/plle2_adv_inst/CLKOUT1
                         net (fo=1, routed)           1.655    -4.115    top_i/clk_wiz_0/inst/clk_out25_top_clk_wiz_0_0
    BUFGCTRL_X0Y0        BUFG (Prop_bufg_I_O)         0.096    -4.019 r  top_i/clk_wiz_0/inst/clkout2_buf/O
                         net (fo=116, routed)         1.568    -2.451    top_i/VGA_Output_0/U0/clk
    SLICE_X48Y39         FDRE                                         r  top_i/VGA_Output_0/U0/G_out_reg[0]/C
  -------------------------------------------------------------------    -------------------
    SLICE_X48Y39         FDRE (Prop_fdre_C_Q)         0.456    -1.995 r  top_i/VGA_Output_0/U0/G_out_reg[0]/Q
                         net (fo=1, routed)           3.189     1.195    vgaGreen_OBUF[0]
    J17                  OBUF (Prop_obuf_I_O)         3.521     4.716 r  vgaGreen_OBUF[0]_inst/O
                         net (fo=0)                   0.000     4.716    vgaGreen[0]
    J17                                                               r  vgaGreen[0] (OUT)
  -------------------------------------------------------------------    -------------------

Slack:                    inf
  Source:                 top_i/VGA_Output_0/U0/G_out_reg[2]/C
                            (rising edge-triggered cell FDRE clocked by clk_out25_top_clk_wiz_0_0  {rise@0.000ns fall@20.000ns period=40.000ns})
  Destination:            vgaGreen[2]
                            (output port)
  Path Group:             (none)
  Path Type:              Max at Slow Process Corner
  Data Path Delay:        7.114ns  (logic 3.985ns (56.016%)  route 3.129ns (43.984%))
  Logic Levels:           1  (OBUF=1)
  Clock Uncertainty:      0.201ns  ((TSJ^2 + DJ^2)^1/2) / 2 + PE
    Total System Jitter     (TSJ):    0.050ns
    Discrete Jitter          (DJ):    0.183ns
    Phase Error              (PE):    0.105ns

    Location             Delay type                Incr(ns)  Path(ns)    Netlist Resource(s)
  -------------------------------------------------------------------    -------------------
                         (clock clk_out25_top_clk_wiz_0_0 rise edge)
                                                      0.000     0.000 r  
    W5                                                0.000     0.000 r  sys_clock (IN)
                         net (fo=0)                   0.000     0.000    top_i/clk_wiz_0/inst/clk_in1
    W5                   IBUF (Prop_ibuf_I_O)         1.458     1.458 r  top_i/clk_wiz_0/inst/clkin1_ibufg/O
                         net (fo=1, routed)           1.253     2.711    top_i/clk_wiz_0/inst/clk_in1_top_clk_wiz_0_0
    PLLE2_ADV_X1Y0       PLLE2_ADV (Prop_plle2_adv_CLKIN1_CLKOUT1)
                                                     -8.482    -5.770 r  top_i/clk_wiz_0/inst/plle2_adv_inst/CLKOUT1
                         net (fo=1, routed)           1.655    -4.115    top_i/clk_wiz_0/inst/clk_out25_top_clk_wiz_0_0
    BUFGCTRL_X0Y0        BUFG (Prop_bufg_I_O)         0.096    -4.019 r  top_i/clk_wiz_0/inst/clkout2_buf/O
                         net (fo=116, routed)         1.568    -2.451    top_i/VGA_Output_0/U0/clk
    SLICE_X48Y39         FDRE                                         r  top_i/VGA_Output_0/U0/G_out_reg[2]/C
  -------------------------------------------------------------------    -------------------
    SLICE_X48Y39         FDRE (Prop_fdre_C_Q)         0.456    -1.995 r  top_i/VGA_Output_0/U0/G_out_reg[2]/Q
                         net (fo=1, routed)           3.129     1.135    vgaGreen_OBUF[2]
    G17                  OBUF (Prop_obuf_I_O)         3.529     4.664 r  vgaGreen_OBUF[2]_inst/O
                         net (fo=0)                   0.000     4.664    vgaGreen[2]
    G17                                                               r  vgaGreen[2] (OUT)
  -------------------------------------------------------------------    -------------------

Slack:                    inf
  Source:                 top_i/VGA_Output_0/U0/R_out_reg[2]/C
                            (rising edge-triggered cell FDRE clocked by clk_out25_top_clk_wiz_0_0  {rise@0.000ns fall@20.000ns period=40.000ns})
  Destination:            vgaRed[2]
                            (output port)
  Path Group:             (none)
  Path Type:              Max at Slow Process Corner
  Data Path Delay:        7.032ns  (logic 3.980ns (56.596%)  route 3.052ns (43.404%))
  Logic Levels:           1  (OBUF=1)
  Clock Uncertainty:      0.201ns  ((TSJ^2 + DJ^2)^1/2) / 2 + PE
    Total System Jitter     (TSJ):    0.050ns
    Discrete Jitter          (DJ):    0.183ns
    Phase Error              (PE):    0.105ns

    Location             Delay type                Incr(ns)  Path(ns)    Netlist Resource(s)
  -------------------------------------------------------------------    -------------------
                         (clock clk_out25_top_clk_wiz_0_0 rise edge)
                                                      0.000     0.000 r  
    W5                                                0.000     0.000 r  sys_clock (IN)
                         net (fo=0)                   0.000     0.000    top_i/clk_wiz_0/inst/clk_in1
    W5                   IBUF (Prop_ibuf_I_O)         1.458     1.458 r  top_i/clk_wiz_0/inst/clkin1_ibufg/O
                         net (fo=1, routed)           1.253     2.711    top_i/clk_wiz_0/inst/clk_in1_top_clk_wiz_0_0
    PLLE2_ADV_X1Y0       PLLE2_ADV (Prop_plle2_adv_CLKIN1_CLKOUT1)
                                                     -8.482    -5.770 r  top_i/clk_wiz_0/inst/plle2_adv_inst/CLKOUT1
                         net (fo=1, routed)           1.655    -4.115    top_i/clk_wiz_0/inst/clk_out25_top_clk_wiz_0_0
    BUFGCTRL_X0Y0        BUFG (Prop_bufg_I_O)         0.096    -4.019 r  top_i/clk_wiz_0/inst/clkout2_buf/O
                         net (fo=116, routed)         1.569    -2.450    top_i/VGA_Output_0/U0/clk
    SLICE_X48Y41         FDRE                                         r  top_i/VGA_Output_0/U0/R_out_reg[2]/C
  -------------------------------------------------------------------    -------------------
    SLICE_X48Y41         FDRE (Prop_fdre_C_Q)         0.456    -1.994 r  top_i/VGA_Output_0/U0/R_out_reg[2]/Q
                         net (fo=1, routed)           3.052     1.059    vgaRed_OBUF[2]
    J19                  OBUF (Prop_obuf_I_O)         3.524     4.583 r  vgaRed_OBUF[2]_inst/O
                         net (fo=0)                   0.000     4.583    vgaRed[2]
    J19                                                               r  vgaRed[2] (OUT)
  -------------------------------------------------------------------    -------------------

Slack:                    inf
  Source:                 top_i/VGA_Output_0/U0/B_out_reg[1]/C
                            (rising edge-triggered cell FDRE clocked by clk_out25_top_clk_wiz_0_0  {rise@0.000ns fall@20.000ns period=40.000ns})
  Destination:            vgaBlue[1]
                            (output port)
  Path Group:             (none)
  Path Type:              Max at Slow Process Corner
  Data Path Delay:        7.012ns  (logic 3.959ns (56.467%)  route 3.052ns (43.533%))
  Logic Levels:           1  (OBUF=1)
  Clock Uncertainty:      0.201ns  ((TSJ^2 + DJ^2)^1/2) / 2 + PE
    Total System Jitter     (TSJ):    0.050ns
    Discrete Jitter          (DJ):    0.183ns
    Phase Error              (PE):    0.105ns

    Location             Delay type                Incr(ns)  Path(ns)    Netlist Resource(s)
  -------------------------------------------------------------------    -------------------
                         (clock clk_out25_top_clk_wiz_0_0 rise edge)
                                                      0.000     0.000 r  
    W5                                                0.000     0.000 r  sys_clock (IN)
                         net (fo=0)                   0.000     0.000    top_i/clk_wiz_0/inst/clk_in1
    W5                   IBUF (Prop_ibuf_I_O)         1.458     1.458 r  top_i/clk_wiz_0/inst/clkin1_ibufg/O
                         net (fo=1, routed)           1.253     2.711    top_i/clk_wiz_0/inst/clk_in1_top_clk_wiz_0_0
    PLLE2_ADV_X1Y0       PLLE2_ADV (Prop_plle2_adv_CLKIN1_CLKOUT1)
                                                     -8.482    -5.770 r  top_i/clk_wiz_0/inst/plle2_adv_inst/CLKOUT1
                         net (fo=1, routed)           1.655    -4.115    top_i/clk_wiz_0/inst/clk_out25_top_clk_wiz_0_0
    BUFGCTRL_X0Y0        BUFG (Prop_bufg_I_O)         0.096    -4.019 r  top_i/clk_wiz_0/inst/clkout2_buf/O
                         net (fo=116, routed)         1.568    -2.451    top_i/VGA_Output_0/U0/clk
    SLICE_X48Y39         FDRE                                         r  top_i/VGA_Output_0/U0/B_out_reg[1]/C
  -------------------------------------------------------------------    -------------------
    SLICE_X48Y39         FDRE (Prop_fdre_C_Q)         0.456    -1.995 r  top_i/VGA_Output_0/U0/B_out_reg[1]/Q
                         net (fo=1, routed)           3.052     1.058    vgaBlue_OBUF[1]
    L18                  OBUF (Prop_obuf_I_O)         3.503     4.561 r  vgaBlue_OBUF[1]_inst/O
                         net (fo=0)                   0.000     4.561    vgaBlue[1]
    L18                                                               r  vgaBlue[1] (OUT)
  -------------------------------------------------------------------    -------------------





Min Delay Paths
--------------------------------------------------------------------------------------
Slack:                    inf
  Source:                 top_i/VGA_Output_0/U0/B_out_reg[0]/C
                            (rising edge-triggered cell FDRE clocked by clk_out25_top_clk_wiz_0_0  {rise@0.000ns fall@20.000ns period=40.000ns})
  Destination:            vgaBlue[0]
                            (output port)
  Path Group:             (none)
  Path Type:              Min at Fast Process Corner
  Data Path Delay:        2.304ns  (logic 1.338ns (58.041%)  route 0.967ns (41.959%))
  Logic Levels:           1  (OBUF=1)
  Clock Uncertainty:      0.201ns  ((TSJ^2 + DJ^2)^1/2) / 2 + PE
    Total System Jitter     (TSJ):    0.050ns
    Discrete Jitter          (DJ):    0.183ns
    Phase Error              (PE):    0.105ns

    Location             Delay type                Incr(ns)  Path(ns)    Netlist Resource(s)
  -------------------------------------------------------------------    -------------------
                         (clock clk_out25_top_clk_wiz_0_0 rise edge)
                                                      0.000     0.000 r  
    W5                                                0.000     0.000 r  sys_clock (IN)
                         net (fo=0)                   0.000     0.000    top_i/clk_wiz_0/inst/clk_in1
    W5                   IBUF (Prop_ibuf_I_O)         0.226     0.226 r  top_i/clk_wiz_0/inst/clkin1_ibufg/O
                         net (fo=1, routed)           0.440     0.667    top_i/clk_wiz_0/inst/clk_in1_top_clk_wiz_0_0
    PLLE2_ADV_X1Y0       PLLE2_ADV (Prop_plle2_adv_CLKIN1_CLKOUT1)
                                                     -2.322    -1.656 r  top_i/clk_wiz_0/inst/plle2_adv_inst/CLKOUT1
                         net (fo=1, routed)           0.501    -1.155    top_i/clk_wiz_0/inst/clk_out25_top_clk_wiz_0_0
    BUFGCTRL_X0Y0        BUFG (Prop_bufg_I_O)         0.026    -1.129 r  top_i/clk_wiz_0/inst/clkout2_buf/O
                         net (fo=116, routed)         0.564    -0.565    top_i/VGA_Output_0/U0/clk
    SLICE_X48Y39         FDRE                                         r  top_i/VGA_Output_0/U0/B_out_reg[0]/C
  -------------------------------------------------------------------    -------------------
    SLICE_X48Y39         FDRE (Prop_fdre_C_Q)         0.141    -0.424 r  top_i/VGA_Output_0/U0/B_out_reg[0]/Q
                         net (fo=1, routed)           0.967     0.543    vgaBlue_OBUF[0]
    N18                  OBUF (Prop_obuf_I_O)         1.197     1.739 r  vgaBlue_OBUF[0]_inst/O
                         net (fo=0)                   0.000     1.739    vgaBlue[0]
    N18                                                               r  vgaBlue[0] (OUT)
  -------------------------------------------------------------------    -------------------

Slack:                    inf
  Source:                 top_i/VGA_Output_0/U0/G_out_reg[1]/C
                            (rising edge-triggered cell FDRE clocked by clk_out25_top_clk_wiz_0_0  {rise@0.000ns fall@20.000ns period=40.000ns})
  Destination:            vgaGreen[1]
                            (output port)
  Path Group:             (none)
  Path Type:              Min at Fast Process Corner
  Data Path Delay:        2.364ns  (logic 1.348ns (57.003%)  route 1.016ns (42.997%))
  Logic Levels:           1  (OBUF=1)
  Clock Uncertainty:      0.201ns  ((TSJ^2 + DJ^2)^1/2) / 2 + PE
    Total System Jitter     (TSJ):    0.050ns
    Discrete Jitter          (DJ):    0.183ns
    Phase Error              (PE):    0.105ns

    Location             Delay type                Incr(ns)  Path(ns)    Netlist Resource(s)
  -------------------------------------------------------------------    -------------------
                         (clock clk_out25_top_clk_wiz_0_0 rise edge)
                                                      0.000     0.000 r  
    W5                                                0.000     0.000 r  sys_clock (IN)
                         net (fo=0)                   0.000     0.000    top_i/clk_wiz_0/inst/clk_in1
    W5                   IBUF (Prop_ibuf_I_O)         0.226     0.226 r  top_i/clk_wiz_0/inst/clkin1_ibufg/O
                         net (fo=1, routed)           0.440     0.667    top_i/clk_wiz_0/inst/clk_in1_top_clk_wiz_0_0
    PLLE2_ADV_X1Y0       PLLE2_ADV (Prop_plle2_adv_CLKIN1_CLKOUT1)
                                                     -2.322    -1.656 r  top_i/clk_wiz_0/inst/plle2_adv_inst/CLKOUT1
                         net (fo=1, routed)           0.501    -1.155    top_i/clk_wiz_0/inst/clk_out25_top_clk_wiz_0_0
    BUFGCTRL_X0Y0        BUFG (Prop_bufg_I_O)         0.026    -1.129 r  top_i/clk_wiz_0/inst/clkout2_buf/O
                         net (fo=116, routed)         0.565    -0.564    top_i/VGA_Output_0/U0/clk
    SLICE_X48Y41         FDRE                                         r  top_i/VGA_Output_0/U0/G_out_reg[1]/C
  -------------------------------------------------------------------    -------------------
    SLICE_X48Y41         FDRE (Prop_fdre_C_Q)         0.141    -0.423 r  top_i/VGA_Output_0/U0/G_out_reg[1]/Q
                         net (fo=1, routed)           1.016     0.593    vgaGreen_OBUF[1]
    H17                  OBUF (Prop_obuf_I_O)         1.207     1.800 r  vgaGreen_OBUF[1]_inst/O
                         net (fo=0)                   0.000     1.800    vgaGreen[1]
    H17                                                               r  vgaGreen[1] (OUT)
  -------------------------------------------------------------------    -------------------

Slack:                    inf
  Source:                 top_i/VGA_Output_0/U0/R_out_reg[1]/C
                            (rising edge-triggered cell FDRE clocked by clk_out25_top_clk_wiz_0_0  {rise@0.000ns fall@20.000ns period=40.000ns})
  Destination:            vgaRed[1]
                            (output port)
  Path Group:             (none)
  Path Type:              Min at Fast Process Corner
  Data Path Delay:        2.380ns  (logic 1.361ns (57.209%)  route 1.018ns (42.791%))
  Logic Levels:           1  (OBUF=1)
  Clock Uncertainty:      0.201ns  ((TSJ^2 + DJ^2)^1/2) / 2 + PE
    Total System Jitter     (TSJ):    0.050ns
    Discrete Jitter          (DJ):    0.183ns
    Phase Error              (PE):    0.105ns

    Location             Delay type                Incr(ns)  Path(ns)    Netlist Resource(s)
  -------------------------------------------------------------------    -------------------
                         (clock clk_out25_top_clk_wiz_0_0 rise edge)
                                                      0.000     0.000 r  
    W5                                                0.000     0.000 r  sys_clock (IN)
                         net (fo=0)                   0.000     0.000    top_i/clk_wiz_0/inst/clk_in1
    W5                   IBUF (Prop_ibuf_I_O)         0.226     0.226 r  top_i/clk_wiz_0/inst/clkin1_ibufg/O
                         net (fo=1, routed)           0.440     0.667    top_i/clk_wiz_0/inst/clk_in1_top_clk_wiz_0_0
    PLLE2_ADV_X1Y0       PLLE2_ADV (Prop_plle2_adv_CLKIN1_CLKOUT1)
                                                     -2.322    -1.656 r  top_i/clk_wiz_0/inst/plle2_adv_inst/CLKOUT1
                         net (fo=1, routed)           0.501    -1.155    top_i/clk_wiz_0/inst/clk_out25_top_clk_wiz_0_0
    BUFGCTRL_X0Y0        BUFG (Prop_bufg_I_O)         0.026    -1.129 r  top_i/clk_wiz_0/inst/clkout2_buf/O
                         net (fo=116, routed)         0.565    -0.564    top_i/VGA_Output_0/U0/clk
    SLICE_X48Y41         FDRE                                         r  top_i/VGA_Output_0/U0/R_out_reg[1]/C
  -------------------------------------------------------------------    -------------------
    SLICE_X48Y41         FDRE (Prop_fdre_C_Q)         0.141    -0.423 r  top_i/VGA_Output_0/U0/R_out_reg[1]/Q
                         net (fo=1, routed)           1.018     0.595    vgaRed_OBUF[1]
    H19                  OBUF (Prop_obuf_I_O)         1.220     1.815 r  vgaRed_OBUF[1]_inst/O
                         net (fo=0)                   0.000     1.815    vgaRed[1]
    H19                                                               r  vgaRed[1] (OUT)
  -------------------------------------------------------------------    -------------------

Slack:                    inf
  Source:                 top_i/VGA_Output_0/U0/R_out_reg[0]/C
                            (rising edge-triggered cell FDRE clocked by clk_out25_top_clk_wiz_0_0  {rise@0.000ns fall@20.000ns period=40.000ns})
  Destination:            vgaRed[0]
                            (output port)
  Path Group:             (none)
  Path Type:              Min at Fast Process Corner
  Data Path Delay:        2.382ns  (logic 1.366ns (57.330%)  route 1.016ns (42.670%))
  Logic Levels:           1  (OBUF=1)
  Clock Uncertainty:      0.201ns  ((TSJ^2 + DJ^2)^1/2) / 2 + PE
    Total System Jitter     (TSJ):    0.050ns
    Discrete Jitter          (DJ):    0.183ns
    Phase Error              (PE):    0.105ns

    Location             Delay type                Incr(ns)  Path(ns)    Netlist Resource(s)
  -------------------------------------------------------------------    -------------------
                         (clock clk_out25_top_clk_wiz_0_0 rise edge)
                                                      0.000     0.000 r  
    W5                                                0.000     0.000 r  sys_clock (IN)
                         net (fo=0)                   0.000     0.000    top_i/clk_wiz_0/inst/clk_in1
    W5                   IBUF (Prop_ibuf_I_O)         0.226     0.226 r  top_i/clk_wiz_0/inst/clkin1_ibufg/O
                         net (fo=1, routed)           0.440     0.667    top_i/clk_wiz_0/inst/clk_in1_top_clk_wiz_0_0
    PLLE2_ADV_X1Y0       PLLE2_ADV (Prop_plle2_adv_CLKIN1_CLKOUT1)
                                                     -2.322    -1.656 r  top_i/clk_wiz_0/inst/plle2_adv_inst/CLKOUT1
                         net (fo=1, routed)           0.501    -1.155    top_i/clk_wiz_0/inst/clk_out25_top_clk_wiz_0_0
    BUFGCTRL_X0Y0        BUFG (Prop_bufg_I_O)         0.026    -1.129 r  top_i/clk_wiz_0/inst/clkout2_buf/O
                         net (fo=116, routed)         0.565    -0.564    top_i/VGA_Output_0/U0/clk
    SLICE_X48Y42         FDRE                                         r  top_i/VGA_Output_0/U0/R_out_reg[0]/C
  -------------------------------------------------------------------    -------------------
    SLICE_X48Y42         FDRE (Prop_fdre_C_Q)         0.141    -0.423 r  top_i/VGA_Output_0/U0/R_out_reg[0]/Q
                         net (fo=1, routed)           1.016     0.593    vgaRed_OBUF[0]
    G19                  OBUF (Prop_obuf_I_O)         1.225     1.818 r  vgaRed_OBUF[0]_inst/O
                         net (fo=0)                   0.000     1.818    vgaRed[0]
    G19                                                               r  vgaRed[0] (OUT)
  -------------------------------------------------------------------    -------------------

Slack:                    inf
  Source:                 top_i/VGA_Output_0/U0/B_out_reg[1]/C
                            (rising edge-triggered cell FDRE clocked by clk_out25_top_clk_wiz_0_0  {rise@0.000ns fall@20.000ns period=40.000ns})
  Destination:            vgaBlue[1]
                            (output port)
  Path Group:             (none)
  Path Type:              Min at Fast Process Corner
  Data Path Delay:        2.389ns  (logic 1.346ns (56.321%)  route 1.043ns (43.679%))
  Logic Levels:           1  (OBUF=1)
  Clock Uncertainty:      0.201ns  ((TSJ^2 + DJ^2)^1/2) / 2 + PE
    Total System Jitter     (TSJ):    0.050ns
    Discrete Jitter          (DJ):    0.183ns
    Phase Error              (PE):    0.105ns

    Location             Delay type                Incr(ns)  Path(ns)    Netlist Resource(s)
  -------------------------------------------------------------------    -------------------
                         (clock clk_out25_top_clk_wiz_0_0 rise edge)
                                                      0.000     0.000 r  
    W5                                                0.000     0.000 r  sys_clock (IN)
                         net (fo=0)                   0.000     0.000    top_i/clk_wiz_0/inst/clk_in1
    W5                   IBUF (Prop_ibuf_I_O)         0.226     0.226 r  top_i/clk_wiz_0/inst/clkin1_ibufg/O
                         net (fo=1, routed)           0.440     0.667    top_i/clk_wiz_0/inst/clk_in1_top_clk_wiz_0_0
    PLLE2_ADV_X1Y0       PLLE2_ADV (Prop_plle2_adv_CLKIN1_CLKOUT1)
                                                     -2.322    -1.656 r  top_i/clk_wiz_0/inst/plle2_adv_inst/CLKOUT1
                         net (fo=1, routed)           0.501    -1.155    top_i/clk_wiz_0/inst/clk_out25_top_clk_wiz_0_0
    BUFGCTRL_X0Y0        BUFG (Prop_bufg_I_O)         0.026    -1.129 r  top_i/clk_wiz_0/inst/clkout2_buf/O
                         net (fo=116, routed)         0.564    -0.565    top_i/VGA_Output_0/U0/clk
    SLICE_X48Y39         FDRE                                         r  top_i/VGA_Output_0/U0/B_out_reg[1]/C
  -------------------------------------------------------------------    -------------------
    SLICE_X48Y39         FDRE (Prop_fdre_C_Q)         0.141    -0.424 r  top_i/VGA_Output_0/U0/B_out_reg[1]/Q
                         net (fo=1, routed)           1.043     0.619    vgaBlue_OBUF[1]
    L18                  OBUF (Prop_obuf_I_O)         1.205     1.824 r  vgaBlue_OBUF[1]_inst/O
                         net (fo=0)                   0.000     1.824    vgaBlue[1]
    L18                                                               r  vgaBlue[1] (OUT)
  -------------------------------------------------------------------    -------------------

Slack:                    inf
  Source:                 top_i/VGA_Output_0/U0/R_out_reg[2]/C
                            (rising edge-triggered cell FDRE clocked by clk_out25_top_clk_wiz_0_0  {rise@0.000ns fall@20.000ns period=40.000ns})
  Destination:            vgaRed[2]
                            (output port)
  Path Group:             (none)
  Path Type:              Min at Fast Process Corner
  Data Path Delay:        2.429ns  (logic 1.366ns (56.229%)  route 1.063ns (43.771%))
  Logic Levels:           1  (OBUF=1)
  Clock Uncertainty:      0.201ns  ((TSJ^2 + DJ^2)^1/2) / 2 + PE
    Total System Jitter     (TSJ):    0.050ns
    Discrete Jitter          (DJ):    0.183ns
    Phase Error              (PE):    0.105ns

    Location             Delay type                Incr(ns)  Path(ns)    Netlist Resource(s)
  -------------------------------------------------------------------    -------------------
                         (clock clk_out25_top_clk_wiz_0_0 rise edge)
                                                      0.000     0.000 r  
    W5                                                0.000     0.000 r  sys_clock (IN)
                         net (fo=0)                   0.000     0.000    top_i/clk_wiz_0/inst/clk_in1
    W5                   IBUF (Prop_ibuf_I_O)         0.226     0.226 r  top_i/clk_wiz_0/inst/clkin1_ibufg/O
                         net (fo=1, routed)           0.440     0.667    top_i/clk_wiz_0/inst/clk_in1_top_clk_wiz_0_0
    PLLE2_ADV_X1Y0       PLLE2_ADV (Prop_plle2_adv_CLKIN1_CLKOUT1)
                                                     -2.322    -1.656 r  top_i/clk_wiz_0/inst/plle2_adv_inst/CLKOUT1
                         net (fo=1, routed)           0.501    -1.155    top_i/clk_wiz_0/inst/clk_out25_top_clk_wiz_0_0
    BUFGCTRL_X0Y0        BUFG (Prop_bufg_I_O)         0.026    -1.129 r  top_i/clk_wiz_0/inst/clkout2_buf/O
                         net (fo=116, routed)         0.565    -0.564    top_i/VGA_Output_0/U0/clk
    SLICE_X48Y41         FDRE                                         r  top_i/VGA_Output_0/U0/R_out_reg[2]/C
  -------------------------------------------------------------------    -------------------
    SLICE_X48Y41         FDRE (Prop_fdre_C_Q)         0.141    -0.423 r  top_i/VGA_Output_0/U0/R_out_reg[2]/Q
                         net (fo=1, routed)           1.063     0.640    vgaRed_OBUF[2]
    J19                  OBUF (Prop_obuf_I_O)         1.225     1.865 r  vgaRed_OBUF[2]_inst/O
                         net (fo=0)                   0.000     1.865    vgaRed[2]
    J19                                                               r  vgaRed[2] (OUT)
  -------------------------------------------------------------------    -------------------

Slack:                    inf
  Source:                 top_i/VGA_Output_0/U0/G_out_reg[2]/C
                            (rising edge-triggered cell FDRE clocked by clk_out25_top_clk_wiz_0_0  {rise@0.000ns fall@20.000ns period=40.000ns})
  Destination:            vgaGreen[2]
                            (output port)
  Path Group:             (none)
  Path Type:              Min at Fast Process Corner
  Data Path Delay:        2.440ns  (logic 1.371ns (56.184%)  route 1.069ns (43.816%))
  Logic Levels:           1  (OBUF=1)
  Clock Uncertainty:      0.201ns  ((TSJ^2 + DJ^2)^1/2) / 2 + PE
    Total System Jitter     (TSJ):    0.050ns
    Discrete Jitter          (DJ):    0.183ns
    Phase Error              (PE):    0.105ns

    Location             Delay type                Incr(ns)  Path(ns)    Netlist Resource(s)
  -------------------------------------------------------------------    -------------------
                         (clock clk_out25_top_clk_wiz_0_0 rise edge)
                                                      0.000     0.000 r  
    W5                                                0.000     0.000 r  sys_clock (IN)
                         net (fo=0)                   0.000     0.000    top_i/clk_wiz_0/inst/clk_in1
    W5                   IBUF (Prop_ibuf_I_O)         0.226     0.226 r  top_i/clk_wiz_0/inst/clkin1_ibufg/O
                         net (fo=1, routed)           0.440     0.667    top_i/clk_wiz_0/inst/clk_in1_top_clk_wiz_0_0
    PLLE2_ADV_X1Y0       PLLE2_ADV (Prop_plle2_adv_CLKIN1_CLKOUT1)
                                                     -2.322    -1.656 r  top_i/clk_wiz_0/inst/plle2_adv_inst/CLKOUT1
                         net (fo=1, routed)           0.501    -1.155    top_i/clk_wiz_0/inst/clk_out25_top_clk_wiz_0_0
    BUFGCTRL_X0Y0        BUFG (Prop_bufg_I_O)         0.026    -1.129 r  top_i/clk_wiz_0/inst/clkout2_buf/O
                         net (fo=116, routed)         0.564    -0.565    top_i/VGA_Output_0/U0/clk
    SLICE_X48Y39         FDRE                                         r  top_i/VGA_Output_0/U0/G_out_reg[2]/C
  -------------------------------------------------------------------    -------------------
    SLICE_X48Y39         FDRE (Prop_fdre_C_Q)         0.141    -0.424 r  top_i/VGA_Output_0/U0/G_out_reg[2]/Q
                         net (fo=1, routed)           1.069     0.645    vgaGreen_OBUF[2]
    G17                  OBUF (Prop_obuf_I_O)         1.230     1.875 r  vgaGreen_OBUF[2]_inst/O
                         net (fo=0)                   0.000     1.875    vgaGreen[2]
    G17                                                               r  vgaGreen[2] (OUT)
  -------------------------------------------------------------------    -------------------

Slack:                    inf
  Source:                 top_i/VGA_Output_0/U0/G_out_reg[0]/C
                            (rising edge-triggered cell FDRE clocked by clk_out25_top_clk_wiz_0_0  {rise@0.000ns fall@20.000ns period=40.000ns})
  Destination:            vgaGreen[0]
                            (output port)
  Path Group:             (none)
  Path Type:              Min at Fast Process Corner
  Data Path Delay:        2.473ns  (logic 1.363ns (55.103%)  route 1.110ns (44.897%))
  Logic Levels:           1  (OBUF=1)
  Clock Uncertainty:      0.201ns  ((TSJ^2 + DJ^2)^1/2) / 2 + PE
    Total System Jitter     (TSJ):    0.050ns
    Discrete Jitter          (DJ):    0.183ns
    Phase Error              (PE):    0.105ns

    Location             Delay type                Incr(ns)  Path(ns)    Netlist Resource(s)
  -------------------------------------------------------------------    -------------------
                         (clock clk_out25_top_clk_wiz_0_0 rise edge)
                                                      0.000     0.000 r  
    W5                                                0.000     0.000 r  sys_clock (IN)
                         net (fo=0)                   0.000     0.000    top_i/clk_wiz_0/inst/clk_in1
    W5                   IBUF (Prop_ibuf_I_O)         0.226     0.226 r  top_i/clk_wiz_0/inst/clkin1_ibufg/O
                         net (fo=1, routed)           0.440     0.667    top_i/clk_wiz_0/inst/clk_in1_top_clk_wiz_0_0
    PLLE2_ADV_X1Y0       PLLE2_ADV (Prop_plle2_adv_CLKIN1_CLKOUT1)
                                                     -2.322    -1.656 r  top_i/clk_wiz_0/inst/plle2_adv_inst/CLKOUT1
                         net (fo=1, routed)           0.501    -1.155    top_i/clk_wiz_0/inst/clk_out25_top_clk_wiz_0_0
    BUFGCTRL_X0Y0        BUFG (Prop_bufg_I_O)         0.026    -1.129 r  top_i/clk_wiz_0/inst/clkout2_buf/O
                         net (fo=116, routed)         0.564    -0.565    top_i/VGA_Output_0/U0/clk
    SLICE_X48Y39         FDRE                                         r  top_i/VGA_Output_0/U0/G_out_reg[0]/C
  -------------------------------------------------------------------    -------------------
    SLICE_X48Y39         FDRE (Prop_fdre_C_Q)         0.141    -0.424 r  top_i/VGA_Output_0/U0/G_out_reg[0]/Q
                         net (fo=1, routed)           1.110     0.686    vgaGreen_OBUF[0]
    J17                  OBUF (Prop_obuf_I_O)         1.222     1.908 r  vgaGreen_OBUF[0]_inst/O
                         net (fo=0)                   0.000     1.908    vgaGreen[0]
    J17                                                               r  vgaGreen[0] (OUT)
  -------------------------------------------------------------------    -------------------

Slack:                    inf
  Source:                 top_i/VGA_Output_0/U0/R_out_reg[3]/C
                            (rising edge-triggered cell FDRE clocked by clk_out25_top_clk_wiz_0_0  {rise@0.000ns fall@20.000ns period=40.000ns})
  Destination:            vgaRed[3]
                            (output port)
  Path Group:             (none)
  Path Type:              Min at Fast Process Corner
  Data Path Delay:        2.497ns  (logic 1.345ns (53.846%)  route 1.153ns (46.154%))
  Logic Levels:           1  (OBUF=1)
  Clock Uncertainty:      0.201ns  ((TSJ^2 + DJ^2)^1/2) / 2 + PE
    Total System Jitter     (TSJ):    0.050ns
    Discrete Jitter          (DJ):    0.183ns
    Phase Error              (PE):    0.105ns

    Location             Delay type                Incr(ns)  Path(ns)    Netlist Resource(s)
  -------------------------------------------------------------------    -------------------
                         (clock clk_out25_top_clk_wiz_0_0 rise edge)
                                                      0.000     0.000 r  
    W5                                                0.000     0.000 r  sys_clock (IN)
                         net (fo=0)                   0.000     0.000    top_i/clk_wiz_0/inst/clk_in1
    W5                   IBUF (Prop_ibuf_I_O)         0.226     0.226 r  top_i/clk_wiz_0/inst/clkin1_ibufg/O
                         net (fo=1, routed)           0.440     0.667    top_i/clk_wiz_0/inst/clk_in1_top_clk_wiz_0_0
    PLLE2_ADV_X1Y0       PLLE2_ADV (Prop_plle2_adv_CLKIN1_CLKOUT1)
                                                     -2.322    -1.656 r  top_i/clk_wiz_0/inst/plle2_adv_inst/CLKOUT1
                         net (fo=1, routed)           0.501    -1.155    top_i/clk_wiz_0/inst/clk_out25_top_clk_wiz_0_0
    BUFGCTRL_X0Y0        BUFG (Prop_bufg_I_O)         0.026    -1.129 r  top_i/clk_wiz_0/inst/clkout2_buf/O
                         net (fo=116, routed)         0.565    -0.564    top_i/VGA_Output_0/U0/clk
    SLICE_X48Y41         FDRE                                         r  top_i/VGA_Output_0/U0/R_out_reg[3]/C
  -------------------------------------------------------------------    -------------------
    SLICE_X48Y41         FDRE (Prop_fdre_C_Q)         0.141    -0.423 r  top_i/VGA_Output_0/U0/R_out_reg[3]/Q
                         net (fo=1, routed)           1.153     0.729    vgaRed_OBUF[3]
    N19                  OBUF (Prop_obuf_I_O)         1.204     1.933 r  vgaRed_OBUF[3]_inst/O
                         net (fo=0)                   0.000     1.933    vgaRed[3]
    N19                                                               r  vgaRed[3] (OUT)
  -------------------------------------------------------------------    -------------------

Slack:                    inf
  Source:                 top_i/VGA_Output_0/U0/B_out_reg[3]/C
                            (rising edge-triggered cell FDRE clocked by clk_out25_top_clk_wiz_0_0  {rise@0.000ns fall@20.000ns period=40.000ns})
  Destination:            vgaBlue[3]
                            (output port)
  Path Group:             (none)
  Path Type:              Min at Fast Process Corner
  Data Path Delay:        2.521ns  (logic 1.408ns (55.831%)  route 1.114ns (44.169%))
  Logic Levels:           1  (OBUF=1)
  Clock Uncertainty:      0.201ns  ((TSJ^2 + DJ^2)^1/2) / 2 + PE
    Total System Jitter     (TSJ):    0.050ns
    Discrete Jitter          (DJ):    0.183ns
    Phase Error              (PE):    0.105ns

    Location             Delay type                Incr(ns)  Path(ns)    Netlist Resource(s)
  -------------------------------------------------------------------    -------------------
                         (clock clk_out25_top_clk_wiz_0_0 rise edge)
                                                      0.000     0.000 r  
    W5                                                0.000     0.000 r  sys_clock (IN)
                         net (fo=0)                   0.000     0.000    top_i/clk_wiz_0/inst/clk_in1
    W5                   IBUF (Prop_ibuf_I_O)         0.226     0.226 r  top_i/clk_wiz_0/inst/clkin1_ibufg/O
                         net (fo=1, routed)           0.440     0.667    top_i/clk_wiz_0/inst/clk_in1_top_clk_wiz_0_0
    PLLE2_ADV_X1Y0       PLLE2_ADV (Prop_plle2_adv_CLKIN1_CLKOUT1)
                                                     -2.322    -1.656 r  top_i/clk_wiz_0/inst/plle2_adv_inst/CLKOUT1
                         net (fo=1, routed)           0.501    -1.155    top_i/clk_wiz_0/inst/clk_out25_top_clk_wiz_0_0
    BUFGCTRL_X0Y0        BUFG (Prop_bufg_I_O)         0.026    -1.129 r  top_i/clk_wiz_0/inst/clkout2_buf/O
                         net (fo=116, routed)         0.565    -0.564    top_i/VGA_Output_0/U0/clk
    SLICE_X49Y41         FDRE                                         r  top_i/VGA_Output_0/U0/B_out_reg[3]/C
  -------------------------------------------------------------------    -------------------
    SLICE_X49Y41         FDRE (Prop_fdre_C_Q)         0.128    -0.436 r  top_i/VGA_Output_0/U0/B_out_reg[3]/Q
                         net (fo=1, routed)           1.114     0.677    vgaBlue_OBUF[3]
    J18                  OBUF (Prop_obuf_I_O)         1.280     1.957 r  vgaBlue_OBUF[3]_inst/O
                         net (fo=0)                   0.000     1.957    vgaBlue[3]
    J18                                                               r  vgaBlue[3] (OUT)
  -------------------------------------------------------------------    -------------------





--------------------------------------------------------------------------------------
Path Group:  (none)
From Clock:  clkfbout_top_clk_wiz_0_0
  To Clock:  

Max Delay             1 Endpoint
Min Delay             1 Endpoint
--------------------------------------------------------------------------------------


Max Delay Paths
--------------------------------------------------------------------------------------
Slack:                    inf
  Source:                 top_i/clk_wiz_0/inst/plle2_adv_inst/CLKFBOUT
                            (clock source 'clkfbout_top_clk_wiz_0_0'  {rise@0.000ns fall@5.000ns period=10.000ns})
  Destination:            top_i/clk_wiz_0/inst/plle2_adv_inst/CLKFBIN
  Path Group:             (none)
  Path Type:              Max at Fast Process Corner
  Data Path Delay:        1.396ns  (logic 0.029ns (2.077%)  route 1.367ns (97.923%))
  Logic Levels:           1  (BUFG=1)
  Clock Uncertainty:      0.158ns  ((TSJ^2 + DJ^2)^1/2) / 2 + PE
    Total System Jitter     (TSJ):    0.050ns
    Discrete Jitter          (DJ):    0.091ns
    Phase Error              (PE):    0.105ns

    Location             Delay type                Incr(ns)  Path(ns)    Netlist Resource(s)
  -------------------------------------------------------------------    -------------------
                         (clock clkfbout_top_clk_wiz_0_0 fall edge)
                                                      5.000     5.000 f  
    W5                                                0.000     5.000 f  sys_clock (IN)
                         net (fo=0)                   0.000     5.000    top_i/clk_wiz_0/inst/clk_in1
    W5                   IBUF (Prop_ibuf_I_O)         0.414     5.414 f  top_i/clk_wiz_0/inst/clkin1_ibufg/O
                         net (fo=1, routed)           0.481     5.895    top_i/clk_wiz_0/inst/clk_in1_top_clk_wiz_0_0
  -------------------------------------------------------------------    -------------------
    PLLE2_ADV_X1Y0       PLLE2_ADV (Prop_plle2_adv_CLKIN1_CLKFBOUT)
                                                     -2.638     3.257 f  top_i/clk_wiz_0/inst/plle2_adv_inst/CLKFBOUT
                         net (fo=1, routed)           0.546     3.803    top_i/clk_wiz_0/inst/clkfbout_top_clk_wiz_0_0
    BUFGCTRL_X0Y1        BUFG (Prop_bufg_I_O)         0.029     3.832 f  top_i/clk_wiz_0/inst/clkf_buf/O
                         net (fo=1, routed)           0.822     4.653    top_i/clk_wiz_0/inst/clkfbout_buf_top_clk_wiz_0_0
    PLLE2_ADV_X1Y0       PLLE2_ADV                                    f  top_i/clk_wiz_0/inst/plle2_adv_inst/CLKFBIN
  -------------------------------------------------------------------    -------------------





Min Delay Paths
--------------------------------------------------------------------------------------
Slack:                    inf
  Source:                 top_i/clk_wiz_0/inst/plle2_adv_inst/CLKFBOUT
                            (clock source 'clkfbout_top_clk_wiz_0_0'  {rise@0.000ns fall@5.000ns period=10.000ns})
  Destination:            top_i/clk_wiz_0/inst/plle2_adv_inst/CLKFBIN
  Path Group:             (none)
  Path Type:              Min at Slow Process Corner
  Data Path Delay:        3.146ns  (logic 0.091ns (2.892%)  route 3.055ns (97.108%))
  Logic Levels:           1  (BUFG=1)
  Clock Uncertainty:      0.158ns  ((TSJ^2 + DJ^2)^1/2) / 2 + PE
    Total System Jitter     (TSJ):    0.050ns
    Discrete Jitter          (DJ):    0.091ns
    Phase Error              (PE):    0.105ns

    Location             Delay type                Incr(ns)  Path(ns)    Netlist Resource(s)
  -------------------------------------------------------------------    -------------------
                         (clock clkfbout_top_clk_wiz_0_0 rise edge)
                                                      0.000     0.000 r  
    W5                                                0.000     0.000 r  sys_clock (IN)
                         net (fo=0)                   0.000     0.000    top_i/clk_wiz_0/inst/clk_in1
    W5                   IBUF (Prop_ibuf_I_O)         1.388     1.388 r  top_i/clk_wiz_0/inst/clkin1_ibufg/O
                         net (fo=1, routed)           1.181     2.569    top_i/clk_wiz_0/inst/clk_in1_top_clk_wiz_0_0
  -------------------------------------------------------------------    -------------------
    PLLE2_ADV_X1Y0       PLLE2_ADV (Prop_plle2_adv_CLKIN1_CLKFBOUT)
                                                     -7.750    -5.181 r  top_i/clk_wiz_0/inst/plle2_adv_inst/CLKFBOUT
                         net (fo=1, routed)           1.576    -3.604    top_i/clk_wiz_0/inst/clkfbout_top_clk_wiz_0_0
    BUFGCTRL_X0Y1        BUFG (Prop_bufg_I_O)         0.091    -3.513 r  top_i/clk_wiz_0/inst/clkf_buf/O
                         net (fo=1, routed)           1.479    -2.034    top_i/clk_wiz_0/inst/clkfbout_buf_top_clk_wiz_0_0
    PLLE2_ADV_X1Y0       PLLE2_ADV                                    r  top_i/clk_wiz_0/inst/plle2_adv_inst/CLKFBIN
  -------------------------------------------------------------------    -------------------





