Copyright 1986-2022 Xilinx, Inc. All Rights Reserved. Copyright 2022-2023 Advanced Micro Devices, Inc. All Rights Reserved.
------------------------------------------------------------------------------------------------------------------------------------------------------------------------------------------------------------------------------
| Tool Version : Vivado v.2023.2 (win64) Build 4029153 Fri Oct 13 20:14:34 MDT 2023
| Date         : Fri Sep  5 15:16:27 2025
| Host         : DESKTOP-EFRMAI2 running 64-bit major release  (build 9200)
| Command      : report_timing_summary -max_paths 10 -report_unconstrained -file top_wrapper_timing_summary_routed.rpt -pb top_wrapper_timing_summary_routed.pb -rpx top_wrapper_timing_summary_routed.rpx -warn_on_violation
| Design       : top_wrapper
| Device       : 7a35t-cpg236
| Speed File   : -1  PRODUCTION 1.23 2018-06-13
| Design State : Routed
------------------------------------------------------------------------------------------------------------------------------------------------------------------------------------------------------------------------------

Timing Summary Report

------------------------------------------------------------------------------------------------
| Timer Settings
| --------------
------------------------------------------------------------------------------------------------

  Enable Multi Corner Analysis               :  Yes
  Enable Pessimism Removal                   :  Yes
  Pessimism Removal Resolution               :  Nearest Common Node
  Enable Input Delay Default Clock           :  No
  Enable Preset / Clear Arcs                 :  No
  Disable Flight Delays                      :  No
  Ignore I/O Paths                           :  No
  Timing Early Launch at Borrowing Latches   :  No
  Borrow Time for Max Delay Exceptions       :  Yes
  Merge Timing Exceptions                    :  Yes
  Inter-SLR Compensation                     :  Conservative

  Corner  Analyze    Analyze    
  Name    Max Paths  Min Paths  
  ------  ---------  ---------  
  Slow    Yes        Yes        
  Fast    Yes        Yes        


------------------------------------------------------------------------------------------------
| Report Methodology
| ------------------
------------------------------------------------------------------------------------------------

Rule       Severity  Description                    Violations  
---------  --------  -----------------------------  ----------  
TIMING-18  Warning   Missing input or output delay  10          

Note: This report is based on the most recent report_methodology run and may not be up-to-date. Run report_methodology on the current design for the latest report.



check_timing report

Table of Contents
-----------------
1. checking no_clock (0)
2. checking constant_clock (0)
3. checking pulse_width_clock (0)
4. checking unconstrained_internal_endpoints (0)
5. checking no_input_delay (1)
6. checking no_output_delay (9)
7. checking multiple_clock (0)
8. checking generated_clocks (0)
9. checking loops (0)
10. checking partial_input_delay (0)
11. checking partial_output_delay (0)
12. checking latch_loops (0)

1. checking no_clock (0)
------------------------
 There are 0 register/latch pins with no clock.


2. checking constant_clock (0)
------------------------------
 There are 0 register/latch pins with constant_clock.


3. checking pulse_width_clock (0)
---------------------------------
 There are 0 register/latch pins which need pulse_width check


4. checking unconstrained_internal_endpoints (0)
------------------------------------------------
 There are 0 pins that are not constrained for maximum delay.

 There are 0 pins that are not constrained for maximum delay due to constant clock.


5. checking no_input_delay (1)
------------------------------
 There is 1 input port with no input delay specified. (HIGH)

 There are 0 input ports with no input delay but user has a false path constraint.


6. checking no_output_delay (9)
-------------------------------
 There are 9 ports with no output delay specified. (HIGH)

 There are 0 ports with no output delay but user has a false path constraint

 There are 0 ports with no output delay but with a timing clock defined on it or propagating through it


7. checking multiple_clock (0)
------------------------------
 There are 0 register/latch pins with multiple clocks.


8. checking generated_clocks (0)
--------------------------------
 There are 0 generated clocks that are not connected to a clock source.


9. checking loops (0)
---------------------
 There are 0 combinational loops in the design.


10. checking partial_input_delay (0)
------------------------------------
 There are 0 input ports with partial input delay specified.


11. checking partial_output_delay (0)
-------------------------------------
 There are 0 ports with partial output delay specified.


12. checking latch_loops (0)
----------------------------
 There are 0 combinational latch loops in the design through latch input



------------------------------------------------------------------------------------------------
| Design Timing Summary
| ---------------------
------------------------------------------------------------------------------------------------

    WNS(ns)      TNS(ns)  TNS Failing Endpoints  TNS Total Endpoints      WHS(ns)      THS(ns)  THS Failing Endpoints  THS Total Endpoints     WPWS(ns)     TPWS(ns)  TPWS Failing Endpoints  TPWS Total Endpoints  
    -------      -------  ---------------------  -------------------      -------      -------  ---------------------  -------------------     --------     --------  ----------------------  --------------------  
      1.438        0.000                      0                  580        0.099        0.000                      0                  580        3.000        0.000                       0                   282  


All user specified timing constraints are met.


------------------------------------------------------------------------------------------------
| Clock Summary
| -------------
------------------------------------------------------------------------------------------------

Clock                       Waveform(ns)       Period(ns)      Frequency(MHz)
-----                       ------------       ----------      --------------
sys_clock                   {0.000 5.000}      10.000          100.000         
  clk_out1_top_clk_wiz_0_0  {0.000 5.000}      10.000          100.000         
  clkfbout_top_clk_wiz_0_0  {0.000 5.000}      10.000          100.000         


------------------------------------------------------------------------------------------------
| Intra Clock Table
| -----------------
------------------------------------------------------------------------------------------------

Clock                           WNS(ns)      TNS(ns)  TNS Failing Endpoints  TNS Total Endpoints      WHS(ns)      THS(ns)  THS Failing Endpoints  THS Total Endpoints     WPWS(ns)     TPWS(ns)  TPWS Failing Endpoints  TPWS Total Endpoints  
-----                           -------      -------  ---------------------  -------------------      -------      -------  ---------------------  -------------------     --------     --------  ----------------------  --------------------  
sys_clock                                                                                                                                                                     3.000        0.000                       0                     1  
  clk_out1_top_clk_wiz_0_0        1.438        0.000                      0                  580        0.099        0.000                      0                  580        4.500        0.000                       0                   278  
  clkfbout_top_clk_wiz_0_0                                                                                                                                                    7.845        0.000                       0                     3  


------------------------------------------------------------------------------------------------
| Inter Clock Table
| -----------------
------------------------------------------------------------------------------------------------

From Clock    To Clock          WNS(ns)      TNS(ns)  TNS Failing Endpoints  TNS Total Endpoints      WHS(ns)      THS(ns)  THS Failing Endpoints  THS Total Endpoints  
----------    --------          -------      -------  ---------------------  -------------------      -------      -------  ---------------------  -------------------  


------------------------------------------------------------------------------------------------
| Other Path Groups Table
| -----------------------
------------------------------------------------------------------------------------------------

Path Group    From Clock    To Clock          WNS(ns)      TNS(ns)  TNS Failing Endpoints  TNS Total Endpoints      WHS(ns)      THS(ns)  THS Failing Endpoints  THS Total Endpoints  
----------    ----------    --------          -------      -------  ---------------------  -------------------      -------      -------  ---------------------  -------------------  


------------------------------------------------------------------------------------------------
| User Ignored Path Table
| -----------------------
------------------------------------------------------------------------------------------------

Path Group    From Clock    To Clock    
----------    ----------    --------    


------------------------------------------------------------------------------------------------
| Unconstrained Path Table
| ------------------------
------------------------------------------------------------------------------------------------

Path Group                From Clock                To Clock                
----------                ----------                --------                
(none)                    clk_out1_top_clk_wiz_0_0                            
(none)                    clkfbout_top_clk_wiz_0_0                            
(none)                                              clk_out1_top_clk_wiz_0_0  


------------------------------------------------------------------------------------------------
| Timing Details
| --------------
------------------------------------------------------------------------------------------------


---------------------------------------------------------------------------------------------------
From Clock:  sys_clock
  To Clock:  sys_clock

Setup :           NA  Failing Endpoints,  Worst Slack           NA  ,  Total Violation           NA
Hold  :           NA  Failing Endpoints,  Worst Slack           NA  ,  Total Violation           NA
PW    :            0  Failing Endpoints,  Worst Slack        3.000ns,  Total Violation        0.000ns
---------------------------------------------------------------------------------------------------


Pulse Width Checks
--------------------------------------------------------------------------------------
Clock Name:         sys_clock
Waveform(ns):       { 0.000 5.000 }
Period(ns):         10.000
Sources:            { sys_clock }

Check Type        Corner  Lib Pin            Reference Pin  Required(ns)  Actual(ns)  Slack(ns)  Location         Pin
Min Period        n/a     MMCME2_ADV/CLKIN1  n/a            1.249         10.000      8.751      MMCME2_ADV_X1Y0  top_i/clk_wiz_0/inst/mmcm_adv_inst/CLKIN1
Max Period        n/a     MMCME2_ADV/CLKIN1  n/a            100.000       10.000      90.000     MMCME2_ADV_X1Y0  top_i/clk_wiz_0/inst/mmcm_adv_inst/CLKIN1
Low Pulse Width   Slow    MMCME2_ADV/CLKIN1  n/a            2.000         5.000       3.000      MMCME2_ADV_X1Y0  top_i/clk_wiz_0/inst/mmcm_adv_inst/CLKIN1
Low Pulse Width   Fast    MMCME2_ADV/CLKIN1  n/a            2.000         5.000       3.000      MMCME2_ADV_X1Y0  top_i/clk_wiz_0/inst/mmcm_adv_inst/CLKIN1
High Pulse Width  Slow    MMCME2_ADV/CLKIN1  n/a            2.000         5.000       3.000      MMCME2_ADV_X1Y0  top_i/clk_wiz_0/inst/mmcm_adv_inst/CLKIN1
High Pulse Width  Fast    MMCME2_ADV/CLKIN1  n/a            2.000         5.000       3.000      MMCME2_ADV_X1Y0  top_i/clk_wiz_0/inst/mmcm_adv_inst/CLKIN1



---------------------------------------------------------------------------------------------------
From Clock:  clk_out1_top_clk_wiz_0_0
  To Clock:  clk_out1_top_clk_wiz_0_0

Setup :            0  Failing Endpoints,  Worst Slack        1.438ns,  Total Violation        0.000ns
Hold  :            0  Failing Endpoints,  Worst Slack        0.099ns,  Total Violation        0.000ns
PW    :            0  Failing Endpoints,  Worst Slack        4.500ns,  Total Violation        0.000ns
---------------------------------------------------------------------------------------------------


Max Delay Paths
--------------------------------------------------------------------------------------
Slack (MET) :             1.438ns  (required time - arrival time)
  Source:                 top_i/LED_Toggle_0/U0/multiplier_stored_reg[7]/C
                            (rising edge-triggered cell FDRE clocked by clk_out1_top_clk_wiz_0_0  {rise@0.000ns fall@5.000ns period=10.000ns})
  Destination:            top_i/LED_Toggle_0/U0/counter_reg[10]/R
                            (rising edge-triggered cell FDRE clocked by clk_out1_top_clk_wiz_0_0  {rise@0.000ns fall@5.000ns period=10.000ns})
  Path Group:             clk_out1_top_clk_wiz_0_0
  Path Type:              Setup (Max at Slow Process Corner)
  Requirement:            10.000ns  (clk_out1_top_clk_wiz_0_0 rise@10.000ns - clk_out1_top_clk_wiz_0_0 rise@0.000ns)
  Data Path Delay:        7.848ns  (logic 5.337ns (68.004%)  route 2.511ns (31.996%))
  Logic Levels:           6  (CARRY4=4 DSP48E1=1 LUT4=1)
  Clock Path Skew:        -0.040ns (DCD - SCD + CPR)
    Destination Clock Delay (DCD):    -1.546ns = ( 8.454 - 10.000 ) 
    Source Clock Delay      (SCD):    -0.943ns
    Clock Pessimism Removal (CPR):    0.564ns
  Clock Uncertainty:      0.074ns  ((TSJ^2 + DJ^2)^1/2) / 2 + PE
    Total System Jitter     (TSJ):    0.071ns
    Discrete Jitter          (DJ):    0.131ns
    Phase Error              (PE):    0.000ns

    Location             Delay type                Incr(ns)  Path(ns)    Netlist Resource(s)
  -------------------------------------------------------------------    -------------------
                         (clock clk_out1_top_clk_wiz_0_0 rise edge)
                                                      0.000     0.000 r  
    W5                                                0.000     0.000 r  sys_clock (IN)
                         net (fo=0)                   0.000     0.000    top_i/clk_wiz_0/inst/clk_in1
    W5                   IBUF (Prop_ibuf_I_O)         1.458     1.458 r  top_i/clk_wiz_0/inst/clkin1_ibufg/O
                         net (fo=1, routed)           1.233     2.691    top_i/clk_wiz_0/inst/clk_in1_top_clk_wiz_0_0
    MMCME2_ADV_X1Y0      MMCME2_ADV (Prop_mmcme2_adv_CLKIN1_CLKOUT0)
                                                     -6.961    -4.269 r  top_i/clk_wiz_0/inst/mmcm_adv_inst/CLKOUT0
                         net (fo=1, routed)           1.661    -2.608    top_i/clk_wiz_0/inst/clk_out1_top_clk_wiz_0_0
    BUFGCTRL_X0Y0        BUFG (Prop_bufg_I_O)         0.096    -2.512 r  top_i/clk_wiz_0/inst/clkout1_buf/O
                         net (fo=276, routed)         1.569    -0.943    top_i/LED_Toggle_0/U0/clock_100
    SLICE_X11Y45         FDRE                                         r  top_i/LED_Toggle_0/U0/multiplier_stored_reg[7]/C
  -------------------------------------------------------------------    -------------------
    SLICE_X11Y45         FDRE (Prop_fdre_C_Q)         0.419    -0.524 r  top_i/LED_Toggle_0/U0/multiplier_stored_reg[7]/Q
                         net (fo=2, routed)           0.745     0.221    top_i/LED_Toggle_0/U0/multiplier_stored[7]
    DSP48_X0Y16          DSP48E1 (Prop_dsp48e1_B[7]_P[8])
                                                      3.828     4.049 r  top_i/LED_Toggle_0/U0/counter_max/P[8]
                         net (fo=2, routed)           1.014     5.063    top_i/LED_Toggle_0/U0/counter_max_n_97
    SLICE_X12Y42         LUT4 (Prop_lut4_I0_O)        0.124     5.187 r  top_i/LED_Toggle_0/U0/counter1_carry__0_i_8/O
                         net (fo=1, routed)           0.000     5.187    top_i/LED_Toggle_0/U0/counter1_carry__0_i_8_n_0
    SLICE_X12Y42         CARRY4 (Prop_carry4_S[0]_CO[3])
                                                      0.513     5.700 r  top_i/LED_Toggle_0/U0/counter1_carry__0/CO[3]
                         net (fo=1, routed)           0.000     5.700    top_i/LED_Toggle_0/U0/counter1_carry__0_n_0
    SLICE_X12Y43         CARRY4 (Prop_carry4_CI_CO[3])
                                                      0.117     5.817 r  top_i/LED_Toggle_0/U0/counter1_carry__1/CO[3]
                         net (fo=1, routed)           0.000     5.817    top_i/LED_Toggle_0/U0/counter1_carry__1_n_0
    SLICE_X12Y44         CARRY4 (Prop_carry4_CI_CO[3])
                                                      0.117     5.934 r  top_i/LED_Toggle_0/U0/counter1_carry__2/CO[3]
                         net (fo=1, routed)           0.000     5.934    top_i/LED_Toggle_0/U0/counter1
    SLICE_X12Y45         CARRY4 (Prop_carry4_CI_O[0])
                                                      0.219     6.153 r  top_i/LED_Toggle_0/U0/counter1_carry__3/O[0]
                         net (fo=33, routed)          0.752     6.906    top_i/LED_Toggle_0/U0/clear
    SLICE_X13Y41         FDRE                                         r  top_i/LED_Toggle_0/U0/counter_reg[10]/R
  -------------------------------------------------------------------    -------------------

                         (clock clk_out1_top_clk_wiz_0_0 rise edge)
                                                     10.000    10.000 r  
    W5                                                0.000    10.000 r  sys_clock (IN)
                         net (fo=0)                   0.000    10.000    top_i/clk_wiz_0/inst/clk_in1
    W5                   IBUF (Prop_ibuf_I_O)         1.388    11.388 r  top_i/clk_wiz_0/inst/clkin1_ibufg/O
                         net (fo=1, routed)           1.162    12.550    top_i/clk_wiz_0/inst/clk_in1_top_clk_wiz_0_0
    MMCME2_ADV_X1Y0      MMCME2_ADV (Prop_mmcme2_adv_CLKIN1_CLKOUT0)
                                                     -7.217     5.332 r  top_i/clk_wiz_0/inst/mmcm_adv_inst/CLKOUT0
                         net (fo=1, routed)           1.581     6.914    top_i/clk_wiz_0/inst/clk_out1_top_clk_wiz_0_0
    BUFGCTRL_X0Y0        BUFG (Prop_bufg_I_O)         0.091     7.005 r  top_i/clk_wiz_0/inst/clkout1_buf/O
                         net (fo=276, routed)         1.449     8.454    top_i/LED_Toggle_0/U0/clock_100
    SLICE_X13Y41         FDRE                                         r  top_i/LED_Toggle_0/U0/counter_reg[10]/C
                         clock pessimism              0.564     9.017    
                         clock uncertainty           -0.074     8.943    
    SLICE_X13Y41         FDRE (Setup_fdre_C_R)       -0.600     8.343    top_i/LED_Toggle_0/U0/counter_reg[10]
  -------------------------------------------------------------------
                         required time                          8.343    
                         arrival time                          -6.906    
  -------------------------------------------------------------------
                         slack                                  1.438    

Slack (MET) :             1.438ns  (required time - arrival time)
  Source:                 top_i/LED_Toggle_0/U0/multiplier_stored_reg[7]/C
                            (rising edge-triggered cell FDRE clocked by clk_out1_top_clk_wiz_0_0  {rise@0.000ns fall@5.000ns period=10.000ns})
  Destination:            top_i/LED_Toggle_0/U0/counter_reg[11]/R
                            (rising edge-triggered cell FDRE clocked by clk_out1_top_clk_wiz_0_0  {rise@0.000ns fall@5.000ns period=10.000ns})
  Path Group:             clk_out1_top_clk_wiz_0_0
  Path Type:              Setup (Max at Slow Process Corner)
  Requirement:            10.000ns  (clk_out1_top_clk_wiz_0_0 rise@10.000ns - clk_out1_top_clk_wiz_0_0 rise@0.000ns)
  Data Path Delay:        7.848ns  (logic 5.337ns (68.004%)  route 2.511ns (31.996%))
  Logic Levels:           6  (CARRY4=4 DSP48E1=1 LUT4=1)
  Clock Path Skew:        -0.040ns (DCD - SCD + CPR)
    Destination Clock Delay (DCD):    -1.546ns = ( 8.454 - 10.000 ) 
    Source Clock Delay      (SCD):    -0.943ns
    Clock Pessimism Removal (CPR):    0.564ns
  Clock Uncertainty:      0.074ns  ((TSJ^2 + DJ^2)^1/2) / 2 + PE
    Total System Jitter     (TSJ):    0.071ns
    Discrete Jitter          (DJ):    0.131ns
    Phase Error              (PE):    0.000ns

    Location             Delay type                Incr(ns)  Path(ns)    Netlist Resource(s)
  -------------------------------------------------------------------    -------------------
                         (clock clk_out1_top_clk_wiz_0_0 rise edge)
                                                      0.000     0.000 r  
    W5                                                0.000     0.000 r  sys_clock (IN)
                         net (fo=0)                   0.000     0.000    top_i/clk_wiz_0/inst/clk_in1
    W5                   IBUF (Prop_ibuf_I_O)         1.458     1.458 r  top_i/clk_wiz_0/inst/clkin1_ibufg/O
                         net (fo=1, routed)           1.233     2.691    top_i/clk_wiz_0/inst/clk_in1_top_clk_wiz_0_0
    MMCME2_ADV_X1Y0      MMCME2_ADV (Prop_mmcme2_adv_CLKIN1_CLKOUT0)
                                                     -6.961    -4.269 r  top_i/clk_wiz_0/inst/mmcm_adv_inst/CLKOUT0
                         net (fo=1, routed)           1.661    -2.608    top_i/clk_wiz_0/inst/clk_out1_top_clk_wiz_0_0
    BUFGCTRL_X0Y0        BUFG (Prop_bufg_I_O)         0.096    -2.512 r  top_i/clk_wiz_0/inst/clkout1_buf/O
                         net (fo=276, routed)         1.569    -0.943    top_i/LED_Toggle_0/U0/clock_100
    SLICE_X11Y45         FDRE                                         r  top_i/LED_Toggle_0/U0/multiplier_stored_reg[7]/C
  -------------------------------------------------------------------    -------------------
    SLICE_X11Y45         FDRE (Prop_fdre_C_Q)         0.419    -0.524 r  top_i/LED_Toggle_0/U0/multiplier_stored_reg[7]/Q
                         net (fo=2, routed)           0.745     0.221    top_i/LED_Toggle_0/U0/multiplier_stored[7]
    DSP48_X0Y16          DSP48E1 (Prop_dsp48e1_B[7]_P[8])
                                                      3.828     4.049 r  top_i/LED_Toggle_0/U0/counter_max/P[8]
                         net (fo=2, routed)           1.014     5.063    top_i/LED_Toggle_0/U0/counter_max_n_97
    SLICE_X12Y42         LUT4 (Prop_lut4_I0_O)        0.124     5.187 r  top_i/LED_Toggle_0/U0/counter1_carry__0_i_8/O
                         net (fo=1, routed)           0.000     5.187    top_i/LED_Toggle_0/U0/counter1_carry__0_i_8_n_0
    SLICE_X12Y42         CARRY4 (Prop_carry4_S[0]_CO[3])
                                                      0.513     5.700 r  top_i/LED_Toggle_0/U0/counter1_carry__0/CO[3]
                         net (fo=1, routed)           0.000     5.700    top_i/LED_Toggle_0/U0/counter1_carry__0_n_0
    SLICE_X12Y43         CARRY4 (Prop_carry4_CI_CO[3])
                                                      0.117     5.817 r  top_i/LED_Toggle_0/U0/counter1_carry__1/CO[3]
                         net (fo=1, routed)           0.000     5.817    top_i/LED_Toggle_0/U0/counter1_carry__1_n_0
    SLICE_X12Y44         CARRY4 (Prop_carry4_CI_CO[3])
                                                      0.117     5.934 r  top_i/LED_Toggle_0/U0/counter1_carry__2/CO[3]
                         net (fo=1, routed)           0.000     5.934    top_i/LED_Toggle_0/U0/counter1
    SLICE_X12Y45         CARRY4 (Prop_carry4_CI_O[0])
                                                      0.219     6.153 r  top_i/LED_Toggle_0/U0/counter1_carry__3/O[0]
                         net (fo=33, routed)          0.752     6.906    top_i/LED_Toggle_0/U0/clear
    SLICE_X13Y41         FDRE                                         r  top_i/LED_Toggle_0/U0/counter_reg[11]/R
  -------------------------------------------------------------------    -------------------

                         (clock clk_out1_top_clk_wiz_0_0 rise edge)
                                                     10.000    10.000 r  
    W5                                                0.000    10.000 r  sys_clock (IN)
                         net (fo=0)                   0.000    10.000    top_i/clk_wiz_0/inst/clk_in1
    W5                   IBUF (Prop_ibuf_I_O)         1.388    11.388 r  top_i/clk_wiz_0/inst/clkin1_ibufg/O
                         net (fo=1, routed)           1.162    12.550    top_i/clk_wiz_0/inst/clk_in1_top_clk_wiz_0_0
    MMCME2_ADV_X1Y0      MMCME2_ADV (Prop_mmcme2_adv_CLKIN1_CLKOUT0)
                                                     -7.217     5.332 r  top_i/clk_wiz_0/inst/mmcm_adv_inst/CLKOUT0
                         net (fo=1, routed)           1.581     6.914    top_i/clk_wiz_0/inst/clk_out1_top_clk_wiz_0_0
    BUFGCTRL_X0Y0        BUFG (Prop_bufg_I_O)         0.091     7.005 r  top_i/clk_wiz_0/inst/clkout1_buf/O
                         net (fo=276, routed)         1.449     8.454    top_i/LED_Toggle_0/U0/clock_100
    SLICE_X13Y41         FDRE                                         r  top_i/LED_Toggle_0/U0/counter_reg[11]/C
                         clock pessimism              0.564     9.017    
                         clock uncertainty           -0.074     8.943    
    SLICE_X13Y41         FDRE (Setup_fdre_C_R)       -0.600     8.343    top_i/LED_Toggle_0/U0/counter_reg[11]
  -------------------------------------------------------------------
                         required time                          8.343    
                         arrival time                          -6.906    
  -------------------------------------------------------------------
                         slack                                  1.438    

Slack (MET) :             1.438ns  (required time - arrival time)
  Source:                 top_i/LED_Toggle_0/U0/multiplier_stored_reg[7]/C
                            (rising edge-triggered cell FDRE clocked by clk_out1_top_clk_wiz_0_0  {rise@0.000ns fall@5.000ns period=10.000ns})
  Destination:            top_i/LED_Toggle_0/U0/counter_reg[8]/R
                            (rising edge-triggered cell FDRE clocked by clk_out1_top_clk_wiz_0_0  {rise@0.000ns fall@5.000ns period=10.000ns})
  Path Group:             clk_out1_top_clk_wiz_0_0
  Path Type:              Setup (Max at Slow Process Corner)
  Requirement:            10.000ns  (clk_out1_top_clk_wiz_0_0 rise@10.000ns - clk_out1_top_clk_wiz_0_0 rise@0.000ns)
  Data Path Delay:        7.848ns  (logic 5.337ns (68.004%)  route 2.511ns (31.996%))
  Logic Levels:           6  (CARRY4=4 DSP48E1=1 LUT4=1)
  Clock Path Skew:        -0.040ns (DCD - SCD + CPR)
    Destination Clock Delay (DCD):    -1.546ns = ( 8.454 - 10.000 ) 
    Source Clock Delay      (SCD):    -0.943ns
    Clock Pessimism Removal (CPR):    0.564ns
  Clock Uncertainty:      0.074ns  ((TSJ^2 + DJ^2)^1/2) / 2 + PE
    Total System Jitter     (TSJ):    0.071ns
    Discrete Jitter          (DJ):    0.131ns
    Phase Error              (PE):    0.000ns

    Location             Delay type                Incr(ns)  Path(ns)    Netlist Resource(s)
  -------------------------------------------------------------------    -------------------
                         (clock clk_out1_top_clk_wiz_0_0 rise edge)
                                                      0.000     0.000 r  
    W5                                                0.000     0.000 r  sys_clock (IN)
                         net (fo=0)                   0.000     0.000    top_i/clk_wiz_0/inst/clk_in1
    W5                   IBUF (Prop_ibuf_I_O)         1.458     1.458 r  top_i/clk_wiz_0/inst/clkin1_ibufg/O
                         net (fo=1, routed)           1.233     2.691    top_i/clk_wiz_0/inst/clk_in1_top_clk_wiz_0_0
    MMCME2_ADV_X1Y0      MMCME2_ADV (Prop_mmcme2_adv_CLKIN1_CLKOUT0)
                                                     -6.961    -4.269 r  top_i/clk_wiz_0/inst/mmcm_adv_inst/CLKOUT0
                         net (fo=1, routed)           1.661    -2.608    top_i/clk_wiz_0/inst/clk_out1_top_clk_wiz_0_0
    BUFGCTRL_X0Y0        BUFG (Prop_bufg_I_O)         0.096    -2.512 r  top_i/clk_wiz_0/inst/clkout1_buf/O
                         net (fo=276, routed)         1.569    -0.943    top_i/LED_Toggle_0/U0/clock_100
    SLICE_X11Y45         FDRE                                         r  top_i/LED_Toggle_0/U0/multiplier_stored_reg[7]/C
  -------------------------------------------------------------------    -------------------
    SLICE_X11Y45         FDRE (Prop_fdre_C_Q)         0.419    -0.524 r  top_i/LED_Toggle_0/U0/multiplier_stored_reg[7]/Q
                         net (fo=2, routed)           0.745     0.221    top_i/LED_Toggle_0/U0/multiplier_stored[7]
    DSP48_X0Y16          DSP48E1 (Prop_dsp48e1_B[7]_P[8])
                                                      3.828     4.049 r  top_i/LED_Toggle_0/U0/counter_max/P[8]
                         net (fo=2, routed)           1.014     5.063    top_i/LED_Toggle_0/U0/counter_max_n_97
    SLICE_X12Y42         LUT4 (Prop_lut4_I0_O)        0.124     5.187 r  top_i/LED_Toggle_0/U0/counter1_carry__0_i_8/O
                         net (fo=1, routed)           0.000     5.187    top_i/LED_Toggle_0/U0/counter1_carry__0_i_8_n_0
    SLICE_X12Y42         CARRY4 (Prop_carry4_S[0]_CO[3])
                                                      0.513     5.700 r  top_i/LED_Toggle_0/U0/counter1_carry__0/CO[3]
                         net (fo=1, routed)           0.000     5.700    top_i/LED_Toggle_0/U0/counter1_carry__0_n_0
    SLICE_X12Y43         CARRY4 (Prop_carry4_CI_CO[3])
                                                      0.117     5.817 r  top_i/LED_Toggle_0/U0/counter1_carry__1/CO[3]
                         net (fo=1, routed)           0.000     5.817    top_i/LED_Toggle_0/U0/counter1_carry__1_n_0
    SLICE_X12Y44         CARRY4 (Prop_carry4_CI_CO[3])
                                                      0.117     5.934 r  top_i/LED_Toggle_0/U0/counter1_carry__2/CO[3]
                         net (fo=1, routed)           0.000     5.934    top_i/LED_Toggle_0/U0/counter1
    SLICE_X12Y45         CARRY4 (Prop_carry4_CI_O[0])
                                                      0.219     6.153 r  top_i/LED_Toggle_0/U0/counter1_carry__3/O[0]
                         net (fo=33, routed)          0.752     6.906    top_i/LED_Toggle_0/U0/clear
    SLICE_X13Y41         FDRE                                         r  top_i/LED_Toggle_0/U0/counter_reg[8]/R
  -------------------------------------------------------------------    -------------------

                         (clock clk_out1_top_clk_wiz_0_0 rise edge)
                                                     10.000    10.000 r  
    W5                                                0.000    10.000 r  sys_clock (IN)
                         net (fo=0)                   0.000    10.000    top_i/clk_wiz_0/inst/clk_in1
    W5                   IBUF (Prop_ibuf_I_O)         1.388    11.388 r  top_i/clk_wiz_0/inst/clkin1_ibufg/O
                         net (fo=1, routed)           1.162    12.550    top_i/clk_wiz_0/inst/clk_in1_top_clk_wiz_0_0
    MMCME2_ADV_X1Y0      MMCME2_ADV (Prop_mmcme2_adv_CLKIN1_CLKOUT0)
                                                     -7.217     5.332 r  top_i/clk_wiz_0/inst/mmcm_adv_inst/CLKOUT0
                         net (fo=1, routed)           1.581     6.914    top_i/clk_wiz_0/inst/clk_out1_top_clk_wiz_0_0
    BUFGCTRL_X0Y0        BUFG (Prop_bufg_I_O)         0.091     7.005 r  top_i/clk_wiz_0/inst/clkout1_buf/O
                         net (fo=276, routed)         1.449     8.454    top_i/LED_Toggle_0/U0/clock_100
    SLICE_X13Y41         FDRE                                         r  top_i/LED_Toggle_0/U0/counter_reg[8]/C
                         clock pessimism              0.564     9.017    
                         clock uncertainty           -0.074     8.943    
    SLICE_X13Y41         FDRE (Setup_fdre_C_R)       -0.600     8.343    top_i/LED_Toggle_0/U0/counter_reg[8]
  -------------------------------------------------------------------
                         required time                          8.343    
                         arrival time                          -6.906    
  -------------------------------------------------------------------
                         slack                                  1.438    

Slack (MET) :             1.438ns  (required time - arrival time)
  Source:                 top_i/LED_Toggle_0/U0/multiplier_stored_reg[7]/C
                            (rising edge-triggered cell FDRE clocked by clk_out1_top_clk_wiz_0_0  {rise@0.000ns fall@5.000ns period=10.000ns})
  Destination:            top_i/LED_Toggle_0/U0/counter_reg[9]/R
                            (rising edge-triggered cell FDRE clocked by clk_out1_top_clk_wiz_0_0  {rise@0.000ns fall@5.000ns period=10.000ns})
  Path Group:             clk_out1_top_clk_wiz_0_0
  Path Type:              Setup (Max at Slow Process Corner)
  Requirement:            10.000ns  (clk_out1_top_clk_wiz_0_0 rise@10.000ns - clk_out1_top_clk_wiz_0_0 rise@0.000ns)
  Data Path Delay:        7.848ns  (logic 5.337ns (68.004%)  route 2.511ns (31.996%))
  Logic Levels:           6  (CARRY4=4 DSP48E1=1 LUT4=1)
  Clock Path Skew:        -0.040ns (DCD - SCD + CPR)
    Destination Clock Delay (DCD):    -1.546ns = ( 8.454 - 10.000 ) 
    Source Clock Delay      (SCD):    -0.943ns
    Clock Pessimism Removal (CPR):    0.564ns
  Clock Uncertainty:      0.074ns  ((TSJ^2 + DJ^2)^1/2) / 2 + PE
    Total System Jitter     (TSJ):    0.071ns
    Discrete Jitter          (DJ):    0.131ns
    Phase Error              (PE):    0.000ns

    Location             Delay type                Incr(ns)  Path(ns)    Netlist Resource(s)
  -------------------------------------------------------------------    -------------------
                         (clock clk_out1_top_clk_wiz_0_0 rise edge)
                                                      0.000     0.000 r  
    W5                                                0.000     0.000 r  sys_clock (IN)
                         net (fo=0)                   0.000     0.000    top_i/clk_wiz_0/inst/clk_in1
    W5                   IBUF (Prop_ibuf_I_O)         1.458     1.458 r  top_i/clk_wiz_0/inst/clkin1_ibufg/O
                         net (fo=1, routed)           1.233     2.691    top_i/clk_wiz_0/inst/clk_in1_top_clk_wiz_0_0
    MMCME2_ADV_X1Y0      MMCME2_ADV (Prop_mmcme2_adv_CLKIN1_CLKOUT0)
                                                     -6.961    -4.269 r  top_i/clk_wiz_0/inst/mmcm_adv_inst/CLKOUT0
                         net (fo=1, routed)           1.661    -2.608    top_i/clk_wiz_0/inst/clk_out1_top_clk_wiz_0_0
    BUFGCTRL_X0Y0        BUFG (Prop_bufg_I_O)         0.096    -2.512 r  top_i/clk_wiz_0/inst/clkout1_buf/O
                         net (fo=276, routed)         1.569    -0.943    top_i/LED_Toggle_0/U0/clock_100
    SLICE_X11Y45         FDRE                                         r  top_i/LED_Toggle_0/U0/multiplier_stored_reg[7]/C
  -------------------------------------------------------------------    -------------------
    SLICE_X11Y45         FDRE (Prop_fdre_C_Q)         0.419    -0.524 r  top_i/LED_Toggle_0/U0/multiplier_stored_reg[7]/Q
                         net (fo=2, routed)           0.745     0.221    top_i/LED_Toggle_0/U0/multiplier_stored[7]
    DSP48_X0Y16          DSP48E1 (Prop_dsp48e1_B[7]_P[8])
                                                      3.828     4.049 r  top_i/LED_Toggle_0/U0/counter_max/P[8]
                         net (fo=2, routed)           1.014     5.063    top_i/LED_Toggle_0/U0/counter_max_n_97
    SLICE_X12Y42         LUT4 (Prop_lut4_I0_O)        0.124     5.187 r  top_i/LED_Toggle_0/U0/counter1_carry__0_i_8/O
                         net (fo=1, routed)           0.000     5.187    top_i/LED_Toggle_0/U0/counter1_carry__0_i_8_n_0
    SLICE_X12Y42         CARRY4 (Prop_carry4_S[0]_CO[3])
                                                      0.513     5.700 r  top_i/LED_Toggle_0/U0/counter1_carry__0/CO[3]
                         net (fo=1, routed)           0.000     5.700    top_i/LED_Toggle_0/U0/counter1_carry__0_n_0
    SLICE_X12Y43         CARRY4 (Prop_carry4_CI_CO[3])
                                                      0.117     5.817 r  top_i/LED_Toggle_0/U0/counter1_carry__1/CO[3]
                         net (fo=1, routed)           0.000     5.817    top_i/LED_Toggle_0/U0/counter1_carry__1_n_0
    SLICE_X12Y44         CARRY4 (Prop_carry4_CI_CO[3])
                                                      0.117     5.934 r  top_i/LED_Toggle_0/U0/counter1_carry__2/CO[3]
                         net (fo=1, routed)           0.000     5.934    top_i/LED_Toggle_0/U0/counter1
    SLICE_X12Y45         CARRY4 (Prop_carry4_CI_O[0])
                                                      0.219     6.153 r  top_i/LED_Toggle_0/U0/counter1_carry__3/O[0]
                         net (fo=33, routed)          0.752     6.906    top_i/LED_Toggle_0/U0/clear
    SLICE_X13Y41         FDRE                                         r  top_i/LED_Toggle_0/U0/counter_reg[9]/R
  -------------------------------------------------------------------    -------------------

                         (clock clk_out1_top_clk_wiz_0_0 rise edge)
                                                     10.000    10.000 r  
    W5                                                0.000    10.000 r  sys_clock (IN)
                         net (fo=0)                   0.000    10.000    top_i/clk_wiz_0/inst/clk_in1
    W5                   IBUF (Prop_ibuf_I_O)         1.388    11.388 r  top_i/clk_wiz_0/inst/clkin1_ibufg/O
                         net (fo=1, routed)           1.162    12.550    top_i/clk_wiz_0/inst/clk_in1_top_clk_wiz_0_0
    MMCME2_ADV_X1Y0      MMCME2_ADV (Prop_mmcme2_adv_CLKIN1_CLKOUT0)
                                                     -7.217     5.332 r  top_i/clk_wiz_0/inst/mmcm_adv_inst/CLKOUT0
                         net (fo=1, routed)           1.581     6.914    top_i/clk_wiz_0/inst/clk_out1_top_clk_wiz_0_0
    BUFGCTRL_X0Y0        BUFG (Prop_bufg_I_O)         0.091     7.005 r  top_i/clk_wiz_0/inst/clkout1_buf/O
                         net (fo=276, routed)         1.449     8.454    top_i/LED_Toggle_0/U0/clock_100
    SLICE_X13Y41         FDRE                                         r  top_i/LED_Toggle_0/U0/counter_reg[9]/C
                         clock pessimism              0.564     9.017    
                         clock uncertainty           -0.074     8.943    
    SLICE_X13Y41         FDRE (Setup_fdre_C_R)       -0.600     8.343    top_i/LED_Toggle_0/U0/counter_reg[9]
  -------------------------------------------------------------------
                         required time                          8.343    
                         arrival time                          -6.906    
  -------------------------------------------------------------------
                         slack                                  1.438    

Slack (MET) :             1.487ns  (required time - arrival time)
  Source:                 top_i/LED_Toggle_0/U0/multiplier_stored_reg[7]/C
                            (rising edge-triggered cell FDRE clocked by clk_out1_top_clk_wiz_0_0  {rise@0.000ns fall@5.000ns period=10.000ns})
  Destination:            top_i/LED_Toggle_0/U0/counter_reg[12]/R
                            (rising edge-triggered cell FDRE clocked by clk_out1_top_clk_wiz_0_0  {rise@0.000ns fall@5.000ns period=10.000ns})
  Path Group:             clk_out1_top_clk_wiz_0_0
  Path Type:              Setup (Max at Slow Process Corner)
  Requirement:            10.000ns  (clk_out1_top_clk_wiz_0_0 rise@10.000ns - clk_out1_top_clk_wiz_0_0 rise@0.000ns)
  Data Path Delay:        7.799ns  (logic 5.337ns (68.432%)  route 2.462ns (31.568%))
  Logic Levels:           6  (CARRY4=4 DSP48E1=1 LUT4=1)
  Clock Path Skew:        -0.040ns (DCD - SCD + CPR)
    Destination Clock Delay (DCD):    -1.546ns = ( 8.454 - 10.000 ) 
    Source Clock Delay      (SCD):    -0.943ns
    Clock Pessimism Removal (CPR):    0.564ns
  Clock Uncertainty:      0.074ns  ((TSJ^2 + DJ^2)^1/2) / 2 + PE
    Total System Jitter     (TSJ):    0.071ns
    Discrete Jitter          (DJ):    0.131ns
    Phase Error              (PE):    0.000ns

    Location             Delay type                Incr(ns)  Path(ns)    Netlist Resource(s)
  -------------------------------------------------------------------    -------------------
                         (clock clk_out1_top_clk_wiz_0_0 rise edge)
                                                      0.000     0.000 r  
    W5                                                0.000     0.000 r  sys_clock (IN)
                         net (fo=0)                   0.000     0.000    top_i/clk_wiz_0/inst/clk_in1
    W5                   IBUF (Prop_ibuf_I_O)         1.458     1.458 r  top_i/clk_wiz_0/inst/clkin1_ibufg/O
                         net (fo=1, routed)           1.233     2.691    top_i/clk_wiz_0/inst/clk_in1_top_clk_wiz_0_0
    MMCME2_ADV_X1Y0      MMCME2_ADV (Prop_mmcme2_adv_CLKIN1_CLKOUT0)
                                                     -6.961    -4.269 r  top_i/clk_wiz_0/inst/mmcm_adv_inst/CLKOUT0
                         net (fo=1, routed)           1.661    -2.608    top_i/clk_wiz_0/inst/clk_out1_top_clk_wiz_0_0
    BUFGCTRL_X0Y0        BUFG (Prop_bufg_I_O)         0.096    -2.512 r  top_i/clk_wiz_0/inst/clkout1_buf/O
                         net (fo=276, routed)         1.569    -0.943    top_i/LED_Toggle_0/U0/clock_100
    SLICE_X11Y45         FDRE                                         r  top_i/LED_Toggle_0/U0/multiplier_stored_reg[7]/C
  -------------------------------------------------------------------    -------------------
    SLICE_X11Y45         FDRE (Prop_fdre_C_Q)         0.419    -0.524 r  top_i/LED_Toggle_0/U0/multiplier_stored_reg[7]/Q
                         net (fo=2, routed)           0.745     0.221    top_i/LED_Toggle_0/U0/multiplier_stored[7]
    DSP48_X0Y16          DSP48E1 (Prop_dsp48e1_B[7]_P[8])
                                                      3.828     4.049 r  top_i/LED_Toggle_0/U0/counter_max/P[8]
                         net (fo=2, routed)           1.014     5.063    top_i/LED_Toggle_0/U0/counter_max_n_97
    SLICE_X12Y42         LUT4 (Prop_lut4_I0_O)        0.124     5.187 r  top_i/LED_Toggle_0/U0/counter1_carry__0_i_8/O
                         net (fo=1, routed)           0.000     5.187    top_i/LED_Toggle_0/U0/counter1_carry__0_i_8_n_0
    SLICE_X12Y42         CARRY4 (Prop_carry4_S[0]_CO[3])
                                                      0.513     5.700 r  top_i/LED_Toggle_0/U0/counter1_carry__0/CO[3]
                         net (fo=1, routed)           0.000     5.700    top_i/LED_Toggle_0/U0/counter1_carry__0_n_0
    SLICE_X12Y43         CARRY4 (Prop_carry4_CI_CO[3])
                                                      0.117     5.817 r  top_i/LED_Toggle_0/U0/counter1_carry__1/CO[3]
                         net (fo=1, routed)           0.000     5.817    top_i/LED_Toggle_0/U0/counter1_carry__1_n_0
    SLICE_X12Y44         CARRY4 (Prop_carry4_CI_CO[3])
                                                      0.117     5.934 r  top_i/LED_Toggle_0/U0/counter1_carry__2/CO[3]
                         net (fo=1, routed)           0.000     5.934    top_i/LED_Toggle_0/U0/counter1
    SLICE_X12Y45         CARRY4 (Prop_carry4_CI_O[0])
                                                      0.219     6.153 r  top_i/LED_Toggle_0/U0/counter1_carry__3/O[0]
                         net (fo=33, routed)          0.703     6.857    top_i/LED_Toggle_0/U0/clear
    SLICE_X13Y42         FDRE                                         r  top_i/LED_Toggle_0/U0/counter_reg[12]/R
  -------------------------------------------------------------------    -------------------

                         (clock clk_out1_top_clk_wiz_0_0 rise edge)
                                                     10.000    10.000 r  
    W5                                                0.000    10.000 r  sys_clock (IN)
                         net (fo=0)                   0.000    10.000    top_i/clk_wiz_0/inst/clk_in1
    W5                   IBUF (Prop_ibuf_I_O)         1.388    11.388 r  top_i/clk_wiz_0/inst/clkin1_ibufg/O
                         net (fo=1, routed)           1.162    12.550    top_i/clk_wiz_0/inst/clk_in1_top_clk_wiz_0_0
    MMCME2_ADV_X1Y0      MMCME2_ADV (Prop_mmcme2_adv_CLKIN1_CLKOUT0)
                                                     -7.217     5.332 r  top_i/clk_wiz_0/inst/mmcm_adv_inst/CLKOUT0
                         net (fo=1, routed)           1.581     6.914    top_i/clk_wiz_0/inst/clk_out1_top_clk_wiz_0_0
    BUFGCTRL_X0Y0        BUFG (Prop_bufg_I_O)         0.091     7.005 r  top_i/clk_wiz_0/inst/clkout1_buf/O
                         net (fo=276, routed)         1.449     8.454    top_i/LED_Toggle_0/U0/clock_100
    SLICE_X13Y42         FDRE                                         r  top_i/LED_Toggle_0/U0/counter_reg[12]/C
                         clock pessimism              0.564     9.017    
                         clock uncertainty           -0.074     8.943    
    SLICE_X13Y42         FDRE (Setup_fdre_C_R)       -0.600     8.343    top_i/LED_Toggle_0/U0/counter_reg[12]
  -------------------------------------------------------------------
                         required time                          8.343    
                         arrival time                          -6.857    
  -------------------------------------------------------------------
                         slack                                  1.487    

Slack (MET) :             1.487ns  (required time - arrival time)
  Source:                 top_i/LED_Toggle_0/U0/multiplier_stored_reg[7]/C
                            (rising edge-triggered cell FDRE clocked by clk_out1_top_clk_wiz_0_0  {rise@0.000ns fall@5.000ns period=10.000ns})
  Destination:            top_i/LED_Toggle_0/U0/counter_reg[13]/R
                            (rising edge-triggered cell FDRE clocked by clk_out1_top_clk_wiz_0_0  {rise@0.000ns fall@5.000ns period=10.000ns})
  Path Group:             clk_out1_top_clk_wiz_0_0
  Path Type:              Setup (Max at Slow Process Corner)
  Requirement:            10.000ns  (clk_out1_top_clk_wiz_0_0 rise@10.000ns - clk_out1_top_clk_wiz_0_0 rise@0.000ns)
  Data Path Delay:        7.799ns  (logic 5.337ns (68.432%)  route 2.462ns (31.568%))
  Logic Levels:           6  (CARRY4=4 DSP48E1=1 LUT4=1)
  Clock Path Skew:        -0.040ns (DCD - SCD + CPR)
    Destination Clock Delay (DCD):    -1.546ns = ( 8.454 - 10.000 ) 
    Source Clock Delay      (SCD):    -0.943ns
    Clock Pessimism Removal (CPR):    0.564ns
  Clock Uncertainty:      0.074ns  ((TSJ^2 + DJ^2)^1/2) / 2 + PE
    Total System Jitter     (TSJ):    0.071ns
    Discrete Jitter          (DJ):    0.131ns
    Phase Error              (PE):    0.000ns

    Location             Delay type                Incr(ns)  Path(ns)    Netlist Resource(s)
  -------------------------------------------------------------------    -------------------
                         (clock clk_out1_top_clk_wiz_0_0 rise edge)
                                                      0.000     0.000 r  
    W5                                                0.000     0.000 r  sys_clock (IN)
                         net (fo=0)                   0.000     0.000    top_i/clk_wiz_0/inst/clk_in1
    W5                   IBUF (Prop_ibuf_I_O)         1.458     1.458 r  top_i/clk_wiz_0/inst/clkin1_ibufg/O
                         net (fo=1, routed)           1.233     2.691    top_i/clk_wiz_0/inst/clk_in1_top_clk_wiz_0_0
    MMCME2_ADV_X1Y0      MMCME2_ADV (Prop_mmcme2_adv_CLKIN1_CLKOUT0)
                                                     -6.961    -4.269 r  top_i/clk_wiz_0/inst/mmcm_adv_inst/CLKOUT0
                         net (fo=1, routed)           1.661    -2.608    top_i/clk_wiz_0/inst/clk_out1_top_clk_wiz_0_0
    BUFGCTRL_X0Y0        BUFG (Prop_bufg_I_O)         0.096    -2.512 r  top_i/clk_wiz_0/inst/clkout1_buf/O
                         net (fo=276, routed)         1.569    -0.943    top_i/LED_Toggle_0/U0/clock_100
    SLICE_X11Y45         FDRE                                         r  top_i/LED_Toggle_0/U0/multiplier_stored_reg[7]/C
  -------------------------------------------------------------------    -------------------
    SLICE_X11Y45         FDRE (Prop_fdre_C_Q)         0.419    -0.524 r  top_i/LED_Toggle_0/U0/multiplier_stored_reg[7]/Q
                         net (fo=2, routed)           0.745     0.221    top_i/LED_Toggle_0/U0/multiplier_stored[7]
    DSP48_X0Y16          DSP48E1 (Prop_dsp48e1_B[7]_P[8])
                                                      3.828     4.049 r  top_i/LED_Toggle_0/U0/counter_max/P[8]
                         net (fo=2, routed)           1.014     5.063    top_i/LED_Toggle_0/U0/counter_max_n_97
    SLICE_X12Y42         LUT4 (Prop_lut4_I0_O)        0.124     5.187 r  top_i/LED_Toggle_0/U0/counter1_carry__0_i_8/O
                         net (fo=1, routed)           0.000     5.187    top_i/LED_Toggle_0/U0/counter1_carry__0_i_8_n_0
    SLICE_X12Y42         CARRY4 (Prop_carry4_S[0]_CO[3])
                                                      0.513     5.700 r  top_i/LED_Toggle_0/U0/counter1_carry__0/CO[3]
                         net (fo=1, routed)           0.000     5.700    top_i/LED_Toggle_0/U0/counter1_carry__0_n_0
    SLICE_X12Y43         CARRY4 (Prop_carry4_CI_CO[3])
                                                      0.117     5.817 r  top_i/LED_Toggle_0/U0/counter1_carry__1/CO[3]
                         net (fo=1, routed)           0.000     5.817    top_i/LED_Toggle_0/U0/counter1_carry__1_n_0
    SLICE_X12Y44         CARRY4 (Prop_carry4_CI_CO[3])
                                                      0.117     5.934 r  top_i/LED_Toggle_0/U0/counter1_carry__2/CO[3]
                         net (fo=1, routed)           0.000     5.934    top_i/LED_Toggle_0/U0/counter1
    SLICE_X12Y45         CARRY4 (Prop_carry4_CI_O[0])
                                                      0.219     6.153 r  top_i/LED_Toggle_0/U0/counter1_carry__3/O[0]
                         net (fo=33, routed)          0.703     6.857    top_i/LED_Toggle_0/U0/clear
    SLICE_X13Y42         FDRE                                         r  top_i/LED_Toggle_0/U0/counter_reg[13]/R
  -------------------------------------------------------------------    -------------------

                         (clock clk_out1_top_clk_wiz_0_0 rise edge)
                                                     10.000    10.000 r  
    W5                                                0.000    10.000 r  sys_clock (IN)
                         net (fo=0)                   0.000    10.000    top_i/clk_wiz_0/inst/clk_in1
    W5                   IBUF (Prop_ibuf_I_O)         1.388    11.388 r  top_i/clk_wiz_0/inst/clkin1_ibufg/O
                         net (fo=1, routed)           1.162    12.550    top_i/clk_wiz_0/inst/clk_in1_top_clk_wiz_0_0
    MMCME2_ADV_X1Y0      MMCME2_ADV (Prop_mmcme2_adv_CLKIN1_CLKOUT0)
                                                     -7.217     5.332 r  top_i/clk_wiz_0/inst/mmcm_adv_inst/CLKOUT0
                         net (fo=1, routed)           1.581     6.914    top_i/clk_wiz_0/inst/clk_out1_top_clk_wiz_0_0
    BUFGCTRL_X0Y0        BUFG (Prop_bufg_I_O)         0.091     7.005 r  top_i/clk_wiz_0/inst/clkout1_buf/O
                         net (fo=276, routed)         1.449     8.454    top_i/LED_Toggle_0/U0/clock_100
    SLICE_X13Y42         FDRE                                         r  top_i/LED_Toggle_0/U0/counter_reg[13]/C
                         clock pessimism              0.564     9.017    
                         clock uncertainty           -0.074     8.943    
    SLICE_X13Y42         FDRE (Setup_fdre_C_R)       -0.600     8.343    top_i/LED_Toggle_0/U0/counter_reg[13]
  -------------------------------------------------------------------
                         required time                          8.343    
                         arrival time                          -6.857    
  -------------------------------------------------------------------
                         slack                                  1.487    

Slack (MET) :             1.487ns  (required time - arrival time)
  Source:                 top_i/LED_Toggle_0/U0/multiplier_stored_reg[7]/C
                            (rising edge-triggered cell FDRE clocked by clk_out1_top_clk_wiz_0_0  {rise@0.000ns fall@5.000ns period=10.000ns})
  Destination:            top_i/LED_Toggle_0/U0/counter_reg[14]/R
                            (rising edge-triggered cell FDRE clocked by clk_out1_top_clk_wiz_0_0  {rise@0.000ns fall@5.000ns period=10.000ns})
  Path Group:             clk_out1_top_clk_wiz_0_0
  Path Type:              Setup (Max at Slow Process Corner)
  Requirement:            10.000ns  (clk_out1_top_clk_wiz_0_0 rise@10.000ns - clk_out1_top_clk_wiz_0_0 rise@0.000ns)
  Data Path Delay:        7.799ns  (logic 5.337ns (68.432%)  route 2.462ns (31.568%))
  Logic Levels:           6  (CARRY4=4 DSP48E1=1 LUT4=1)
  Clock Path Skew:        -0.040ns (DCD - SCD + CPR)
    Destination Clock Delay (DCD):    -1.546ns = ( 8.454 - 10.000 ) 
    Source Clock Delay      (SCD):    -0.943ns
    Clock Pessimism Removal (CPR):    0.564ns
  Clock Uncertainty:      0.074ns  ((TSJ^2 + DJ^2)^1/2) / 2 + PE
    Total System Jitter     (TSJ):    0.071ns
    Discrete Jitter          (DJ):    0.131ns
    Phase Error              (PE):    0.000ns

    Location             Delay type                Incr(ns)  Path(ns)    Netlist Resource(s)
  -------------------------------------------------------------------    -------------------
                         (clock clk_out1_top_clk_wiz_0_0 rise edge)
                                                      0.000     0.000 r  
    W5                                                0.000     0.000 r  sys_clock (IN)
                         net (fo=0)                   0.000     0.000    top_i/clk_wiz_0/inst/clk_in1
    W5                   IBUF (Prop_ibuf_I_O)         1.458     1.458 r  top_i/clk_wiz_0/inst/clkin1_ibufg/O
                         net (fo=1, routed)           1.233     2.691    top_i/clk_wiz_0/inst/clk_in1_top_clk_wiz_0_0
    MMCME2_ADV_X1Y0      MMCME2_ADV (Prop_mmcme2_adv_CLKIN1_CLKOUT0)
                                                     -6.961    -4.269 r  top_i/clk_wiz_0/inst/mmcm_adv_inst/CLKOUT0
                         net (fo=1, routed)           1.661    -2.608    top_i/clk_wiz_0/inst/clk_out1_top_clk_wiz_0_0
    BUFGCTRL_X0Y0        BUFG (Prop_bufg_I_O)         0.096    -2.512 r  top_i/clk_wiz_0/inst/clkout1_buf/O
                         net (fo=276, routed)         1.569    -0.943    top_i/LED_Toggle_0/U0/clock_100
    SLICE_X11Y45         FDRE                                         r  top_i/LED_Toggle_0/U0/multiplier_stored_reg[7]/C
  -------------------------------------------------------------------    -------------------
    SLICE_X11Y45         FDRE (Prop_fdre_C_Q)         0.419    -0.524 r  top_i/LED_Toggle_0/U0/multiplier_stored_reg[7]/Q
                         net (fo=2, routed)           0.745     0.221    top_i/LED_Toggle_0/U0/multiplier_stored[7]
    DSP48_X0Y16          DSP48E1 (Prop_dsp48e1_B[7]_P[8])
                                                      3.828     4.049 r  top_i/LED_Toggle_0/U0/counter_max/P[8]
                         net (fo=2, routed)           1.014     5.063    top_i/LED_Toggle_0/U0/counter_max_n_97
    SLICE_X12Y42         LUT4 (Prop_lut4_I0_O)        0.124     5.187 r  top_i/LED_Toggle_0/U0/counter1_carry__0_i_8/O
                         net (fo=1, routed)           0.000     5.187    top_i/LED_Toggle_0/U0/counter1_carry__0_i_8_n_0
    SLICE_X12Y42         CARRY4 (Prop_carry4_S[0]_CO[3])
                                                      0.513     5.700 r  top_i/LED_Toggle_0/U0/counter1_carry__0/CO[3]
                         net (fo=1, routed)           0.000     5.700    top_i/LED_Toggle_0/U0/counter1_carry__0_n_0
    SLICE_X12Y43         CARRY4 (Prop_carry4_CI_CO[3])
                                                      0.117     5.817 r  top_i/LED_Toggle_0/U0/counter1_carry__1/CO[3]
                         net (fo=1, routed)           0.000     5.817    top_i/LED_Toggle_0/U0/counter1_carry__1_n_0
    SLICE_X12Y44         CARRY4 (Prop_carry4_CI_CO[3])
                                                      0.117     5.934 r  top_i/LED_Toggle_0/U0/counter1_carry__2/CO[3]
                         net (fo=1, routed)           0.000     5.934    top_i/LED_Toggle_0/U0/counter1
    SLICE_X12Y45         CARRY4 (Prop_carry4_CI_O[0])
                                                      0.219     6.153 r  top_i/LED_Toggle_0/U0/counter1_carry__3/O[0]
                         net (fo=33, routed)          0.703     6.857    top_i/LED_Toggle_0/U0/clear
    SLICE_X13Y42         FDRE                                         r  top_i/LED_Toggle_0/U0/counter_reg[14]/R
  -------------------------------------------------------------------    -------------------

                         (clock clk_out1_top_clk_wiz_0_0 rise edge)
                                                     10.000    10.000 r  
    W5                                                0.000    10.000 r  sys_clock (IN)
                         net (fo=0)                   0.000    10.000    top_i/clk_wiz_0/inst/clk_in1
    W5                   IBUF (Prop_ibuf_I_O)         1.388    11.388 r  top_i/clk_wiz_0/inst/clkin1_ibufg/O
                         net (fo=1, routed)           1.162    12.550    top_i/clk_wiz_0/inst/clk_in1_top_clk_wiz_0_0
    MMCME2_ADV_X1Y0      MMCME2_ADV (Prop_mmcme2_adv_CLKIN1_CLKOUT0)
                                                     -7.217     5.332 r  top_i/clk_wiz_0/inst/mmcm_adv_inst/CLKOUT0
                         net (fo=1, routed)           1.581     6.914    top_i/clk_wiz_0/inst/clk_out1_top_clk_wiz_0_0
    BUFGCTRL_X0Y0        BUFG (Prop_bufg_I_O)         0.091     7.005 r  top_i/clk_wiz_0/inst/clkout1_buf/O
                         net (fo=276, routed)         1.449     8.454    top_i/LED_Toggle_0/U0/clock_100
    SLICE_X13Y42         FDRE                                         r  top_i/LED_Toggle_0/U0/counter_reg[14]/C
                         clock pessimism              0.564     9.017    
                         clock uncertainty           -0.074     8.943    
    SLICE_X13Y42         FDRE (Setup_fdre_C_R)       -0.600     8.343    top_i/LED_Toggle_0/U0/counter_reg[14]
  -------------------------------------------------------------------
                         required time                          8.343    
                         arrival time                          -6.857    
  -------------------------------------------------------------------
                         slack                                  1.487    

Slack (MET) :             1.487ns  (required time - arrival time)
  Source:                 top_i/LED_Toggle_0/U0/multiplier_stored_reg[7]/C
                            (rising edge-triggered cell FDRE clocked by clk_out1_top_clk_wiz_0_0  {rise@0.000ns fall@5.000ns period=10.000ns})
  Destination:            top_i/LED_Toggle_0/U0/counter_reg[15]/R
                            (rising edge-triggered cell FDRE clocked by clk_out1_top_clk_wiz_0_0  {rise@0.000ns fall@5.000ns period=10.000ns})
  Path Group:             clk_out1_top_clk_wiz_0_0
  Path Type:              Setup (Max at Slow Process Corner)
  Requirement:            10.000ns  (clk_out1_top_clk_wiz_0_0 rise@10.000ns - clk_out1_top_clk_wiz_0_0 rise@0.000ns)
  Data Path Delay:        7.799ns  (logic 5.337ns (68.432%)  route 2.462ns (31.568%))
  Logic Levels:           6  (CARRY4=4 DSP48E1=1 LUT4=1)
  Clock Path Skew:        -0.040ns (DCD - SCD + CPR)
    Destination Clock Delay (DCD):    -1.546ns = ( 8.454 - 10.000 ) 
    Source Clock Delay      (SCD):    -0.943ns
    Clock Pessimism Removal (CPR):    0.564ns
  Clock Uncertainty:      0.074ns  ((TSJ^2 + DJ^2)^1/2) / 2 + PE
    Total System Jitter     (TSJ):    0.071ns
    Discrete Jitter          (DJ):    0.131ns
    Phase Error              (PE):    0.000ns

    Location             Delay type                Incr(ns)  Path(ns)    Netlist Resource(s)
  -------------------------------------------------------------------    -------------------
                         (clock clk_out1_top_clk_wiz_0_0 rise edge)
                                                      0.000     0.000 r  
    W5                                                0.000     0.000 r  sys_clock (IN)
                         net (fo=0)                   0.000     0.000    top_i/clk_wiz_0/inst/clk_in1
    W5                   IBUF (Prop_ibuf_I_O)         1.458     1.458 r  top_i/clk_wiz_0/inst/clkin1_ibufg/O
                         net (fo=1, routed)           1.233     2.691    top_i/clk_wiz_0/inst/clk_in1_top_clk_wiz_0_0
    MMCME2_ADV_X1Y0      MMCME2_ADV (Prop_mmcme2_adv_CLKIN1_CLKOUT0)
                                                     -6.961    -4.269 r  top_i/clk_wiz_0/inst/mmcm_adv_inst/CLKOUT0
                         net (fo=1, routed)           1.661    -2.608    top_i/clk_wiz_0/inst/clk_out1_top_clk_wiz_0_0
    BUFGCTRL_X0Y0        BUFG (Prop_bufg_I_O)         0.096    -2.512 r  top_i/clk_wiz_0/inst/clkout1_buf/O
                         net (fo=276, routed)         1.569    -0.943    top_i/LED_Toggle_0/U0/clock_100
    SLICE_X11Y45         FDRE                                         r  top_i/LED_Toggle_0/U0/multiplier_stored_reg[7]/C
  -------------------------------------------------------------------    -------------------
    SLICE_X11Y45         FDRE (Prop_fdre_C_Q)         0.419    -0.524 r  top_i/LED_Toggle_0/U0/multiplier_stored_reg[7]/Q
                         net (fo=2, routed)           0.745     0.221    top_i/LED_Toggle_0/U0/multiplier_stored[7]
    DSP48_X0Y16          DSP48E1 (Prop_dsp48e1_B[7]_P[8])
                                                      3.828     4.049 r  top_i/LED_Toggle_0/U0/counter_max/P[8]
                         net (fo=2, routed)           1.014     5.063    top_i/LED_Toggle_0/U0/counter_max_n_97
    SLICE_X12Y42         LUT4 (Prop_lut4_I0_O)        0.124     5.187 r  top_i/LED_Toggle_0/U0/counter1_carry__0_i_8/O
                         net (fo=1, routed)           0.000     5.187    top_i/LED_Toggle_0/U0/counter1_carry__0_i_8_n_0
    SLICE_X12Y42         CARRY4 (Prop_carry4_S[0]_CO[3])
                                                      0.513     5.700 r  top_i/LED_Toggle_0/U0/counter1_carry__0/CO[3]
                         net (fo=1, routed)           0.000     5.700    top_i/LED_Toggle_0/U0/counter1_carry__0_n_0
    SLICE_X12Y43         CARRY4 (Prop_carry4_CI_CO[3])
                                                      0.117     5.817 r  top_i/LED_Toggle_0/U0/counter1_carry__1/CO[3]
                         net (fo=1, routed)           0.000     5.817    top_i/LED_Toggle_0/U0/counter1_carry__1_n_0
    SLICE_X12Y44         CARRY4 (Prop_carry4_CI_CO[3])
                                                      0.117     5.934 r  top_i/LED_Toggle_0/U0/counter1_carry__2/CO[3]
                         net (fo=1, routed)           0.000     5.934    top_i/LED_Toggle_0/U0/counter1
    SLICE_X12Y45         CARRY4 (Prop_carry4_CI_O[0])
                                                      0.219     6.153 r  top_i/LED_Toggle_0/U0/counter1_carry__3/O[0]
                         net (fo=33, routed)          0.703     6.857    top_i/LED_Toggle_0/U0/clear
    SLICE_X13Y42         FDRE                                         r  top_i/LED_Toggle_0/U0/counter_reg[15]/R
  -------------------------------------------------------------------    -------------------

                         (clock clk_out1_top_clk_wiz_0_0 rise edge)
                                                     10.000    10.000 r  
    W5                                                0.000    10.000 r  sys_clock (IN)
                         net (fo=0)                   0.000    10.000    top_i/clk_wiz_0/inst/clk_in1
    W5                   IBUF (Prop_ibuf_I_O)         1.388    11.388 r  top_i/clk_wiz_0/inst/clkin1_ibufg/O
                         net (fo=1, routed)           1.162    12.550    top_i/clk_wiz_0/inst/clk_in1_top_clk_wiz_0_0
    MMCME2_ADV_X1Y0      MMCME2_ADV (Prop_mmcme2_adv_CLKIN1_CLKOUT0)
                                                     -7.217     5.332 r  top_i/clk_wiz_0/inst/mmcm_adv_inst/CLKOUT0
                         net (fo=1, routed)           1.581     6.914    top_i/clk_wiz_0/inst/clk_out1_top_clk_wiz_0_0
    BUFGCTRL_X0Y0        BUFG (Prop_bufg_I_O)         0.091     7.005 r  top_i/clk_wiz_0/inst/clkout1_buf/O
                         net (fo=276, routed)         1.449     8.454    top_i/LED_Toggle_0/U0/clock_100
    SLICE_X13Y42         FDRE                                         r  top_i/LED_Toggle_0/U0/counter_reg[15]/C
                         clock pessimism              0.564     9.017    
                         clock uncertainty           -0.074     8.943    
    SLICE_X13Y42         FDRE (Setup_fdre_C_R)       -0.600     8.343    top_i/LED_Toggle_0/U0/counter_reg[15]
  -------------------------------------------------------------------
                         required time                          8.343    
                         arrival time                          -6.857    
  -------------------------------------------------------------------
                         slack                                  1.487    

Slack (MET) :             1.489ns  (required time - arrival time)
  Source:                 top_i/LED_Toggle_0/U0/multiplier_stored_reg[7]/C
                            (rising edge-triggered cell FDRE clocked by clk_out1_top_clk_wiz_0_0  {rise@0.000ns fall@5.000ns period=10.000ns})
  Destination:            top_i/LED_Toggle_0/U0/counter_reg[24]/R
                            (rising edge-triggered cell FDRE clocked by clk_out1_top_clk_wiz_0_0  {rise@0.000ns fall@5.000ns period=10.000ns})
  Path Group:             clk_out1_top_clk_wiz_0_0
  Path Type:              Setup (Max at Slow Process Corner)
  Requirement:            10.000ns  (clk_out1_top_clk_wiz_0_0 rise@10.000ns - clk_out1_top_clk_wiz_0_0 rise@0.000ns)
  Data Path Delay:        7.797ns  (logic 5.337ns (68.448%)  route 2.460ns (31.552%))
  Logic Levels:           6  (CARRY4=4 DSP48E1=1 LUT4=1)
  Clock Path Skew:        -0.039ns (DCD - SCD + CPR)
    Destination Clock Delay (DCD):    -1.545ns = ( 8.455 - 10.000 ) 
    Source Clock Delay      (SCD):    -0.943ns
    Clock Pessimism Removal (CPR):    0.564ns
  Clock Uncertainty:      0.074ns  ((TSJ^2 + DJ^2)^1/2) / 2 + PE
    Total System Jitter     (TSJ):    0.071ns
    Discrete Jitter          (DJ):    0.131ns
    Phase Error              (PE):    0.000ns

    Location             Delay type                Incr(ns)  Path(ns)    Netlist Resource(s)
  -------------------------------------------------------------------    -------------------
                         (clock clk_out1_top_clk_wiz_0_0 rise edge)
                                                      0.000     0.000 r  
    W5                                                0.000     0.000 r  sys_clock (IN)
                         net (fo=0)                   0.000     0.000    top_i/clk_wiz_0/inst/clk_in1
    W5                   IBUF (Prop_ibuf_I_O)         1.458     1.458 r  top_i/clk_wiz_0/inst/clkin1_ibufg/O
                         net (fo=1, routed)           1.233     2.691    top_i/clk_wiz_0/inst/clk_in1_top_clk_wiz_0_0
    MMCME2_ADV_X1Y0      MMCME2_ADV (Prop_mmcme2_adv_CLKIN1_CLKOUT0)
                                                     -6.961    -4.269 r  top_i/clk_wiz_0/inst/mmcm_adv_inst/CLKOUT0
                         net (fo=1, routed)           1.661    -2.608    top_i/clk_wiz_0/inst/clk_out1_top_clk_wiz_0_0
    BUFGCTRL_X0Y0        BUFG (Prop_bufg_I_O)         0.096    -2.512 r  top_i/clk_wiz_0/inst/clkout1_buf/O
                         net (fo=276, routed)         1.569    -0.943    top_i/LED_Toggle_0/U0/clock_100
    SLICE_X11Y45         FDRE                                         r  top_i/LED_Toggle_0/U0/multiplier_stored_reg[7]/C
  -------------------------------------------------------------------    -------------------
    SLICE_X11Y45         FDRE (Prop_fdre_C_Q)         0.419    -0.524 r  top_i/LED_Toggle_0/U0/multiplier_stored_reg[7]/Q
                         net (fo=2, routed)           0.745     0.221    top_i/LED_Toggle_0/U0/multiplier_stored[7]
    DSP48_X0Y16          DSP48E1 (Prop_dsp48e1_B[7]_P[8])
                                                      3.828     4.049 r  top_i/LED_Toggle_0/U0/counter_max/P[8]
                         net (fo=2, routed)           1.014     5.063    top_i/LED_Toggle_0/U0/counter_max_n_97
    SLICE_X12Y42         LUT4 (Prop_lut4_I0_O)        0.124     5.187 r  top_i/LED_Toggle_0/U0/counter1_carry__0_i_8/O
                         net (fo=1, routed)           0.000     5.187    top_i/LED_Toggle_0/U0/counter1_carry__0_i_8_n_0
    SLICE_X12Y42         CARRY4 (Prop_carry4_S[0]_CO[3])
                                                      0.513     5.700 r  top_i/LED_Toggle_0/U0/counter1_carry__0/CO[3]
                         net (fo=1, routed)           0.000     5.700    top_i/LED_Toggle_0/U0/counter1_carry__0_n_0
    SLICE_X12Y43         CARRY4 (Prop_carry4_CI_CO[3])
                                                      0.117     5.817 r  top_i/LED_Toggle_0/U0/counter1_carry__1/CO[3]
                         net (fo=1, routed)           0.000     5.817    top_i/LED_Toggle_0/U0/counter1_carry__1_n_0
    SLICE_X12Y44         CARRY4 (Prop_carry4_CI_CO[3])
                                                      0.117     5.934 r  top_i/LED_Toggle_0/U0/counter1_carry__2/CO[3]
                         net (fo=1, routed)           0.000     5.934    top_i/LED_Toggle_0/U0/counter1
    SLICE_X12Y45         CARRY4 (Prop_carry4_CI_O[0])
                                                      0.219     6.153 r  top_i/LED_Toggle_0/U0/counter1_carry__3/O[0]
                         net (fo=33, routed)          0.701     6.855    top_i/LED_Toggle_0/U0/clear
    SLICE_X13Y45         FDRE                                         r  top_i/LED_Toggle_0/U0/counter_reg[24]/R
  -------------------------------------------------------------------    -------------------

                         (clock clk_out1_top_clk_wiz_0_0 rise edge)
                                                     10.000    10.000 r  
    W5                                                0.000    10.000 r  sys_clock (IN)
                         net (fo=0)                   0.000    10.000    top_i/clk_wiz_0/inst/clk_in1
    W5                   IBUF (Prop_ibuf_I_O)         1.388    11.388 r  top_i/clk_wiz_0/inst/clkin1_ibufg/O
                         net (fo=1, routed)           1.162    12.550    top_i/clk_wiz_0/inst/clk_in1_top_clk_wiz_0_0
    MMCME2_ADV_X1Y0      MMCME2_ADV (Prop_mmcme2_adv_CLKIN1_CLKOUT0)
                                                     -7.217     5.332 r  top_i/clk_wiz_0/inst/mmcm_adv_inst/CLKOUT0
                         net (fo=1, routed)           1.581     6.914    top_i/clk_wiz_0/inst/clk_out1_top_clk_wiz_0_0
    BUFGCTRL_X0Y0        BUFG (Prop_bufg_I_O)         0.091     7.005 r  top_i/clk_wiz_0/inst/clkout1_buf/O
                         net (fo=276, routed)         1.450     8.455    top_i/LED_Toggle_0/U0/clock_100
    SLICE_X13Y45         FDRE                                         r  top_i/LED_Toggle_0/U0/counter_reg[24]/C
                         clock pessimism              0.564     9.018    
                         clock uncertainty           -0.074     8.944    
    SLICE_X13Y45         FDRE (Setup_fdre_C_R)       -0.600     8.344    top_i/LED_Toggle_0/U0/counter_reg[24]
  -------------------------------------------------------------------
                         required time                          8.344    
                         arrival time                          -6.855    
  -------------------------------------------------------------------
                         slack                                  1.489    

Slack (MET) :             1.489ns  (required time - arrival time)
  Source:                 top_i/LED_Toggle_0/U0/multiplier_stored_reg[7]/C
                            (rising edge-triggered cell FDRE clocked by clk_out1_top_clk_wiz_0_0  {rise@0.000ns fall@5.000ns period=10.000ns})
  Destination:            top_i/LED_Toggle_0/U0/counter_reg[25]/R
                            (rising edge-triggered cell FDRE clocked by clk_out1_top_clk_wiz_0_0  {rise@0.000ns fall@5.000ns period=10.000ns})
  Path Group:             clk_out1_top_clk_wiz_0_0
  Path Type:              Setup (Max at Slow Process Corner)
  Requirement:            10.000ns  (clk_out1_top_clk_wiz_0_0 rise@10.000ns - clk_out1_top_clk_wiz_0_0 rise@0.000ns)
  Data Path Delay:        7.797ns  (logic 5.337ns (68.448%)  route 2.460ns (31.552%))
  Logic Levels:           6  (CARRY4=4 DSP48E1=1 LUT4=1)
  Clock Path Skew:        -0.039ns (DCD - SCD + CPR)
    Destination Clock Delay (DCD):    -1.545ns = ( 8.455 - 10.000 ) 
    Source Clock Delay      (SCD):    -0.943ns
    Clock Pessimism Removal (CPR):    0.564ns
  Clock Uncertainty:      0.074ns  ((TSJ^2 + DJ^2)^1/2) / 2 + PE
    Total System Jitter     (TSJ):    0.071ns
    Discrete Jitter          (DJ):    0.131ns
    Phase Error              (PE):    0.000ns

    Location             Delay type                Incr(ns)  Path(ns)    Netlist Resource(s)
  -------------------------------------------------------------------    -------------------
                         (clock clk_out1_top_clk_wiz_0_0 rise edge)
                                                      0.000     0.000 r  
    W5                                                0.000     0.000 r  sys_clock (IN)
                         net (fo=0)                   0.000     0.000    top_i/clk_wiz_0/inst/clk_in1
    W5                   IBUF (Prop_ibuf_I_O)         1.458     1.458 r  top_i/clk_wiz_0/inst/clkin1_ibufg/O
                         net (fo=1, routed)           1.233     2.691    top_i/clk_wiz_0/inst/clk_in1_top_clk_wiz_0_0
    MMCME2_ADV_X1Y0      MMCME2_ADV (Prop_mmcme2_adv_CLKIN1_CLKOUT0)
                                                     -6.961    -4.269 r  top_i/clk_wiz_0/inst/mmcm_adv_inst/CLKOUT0
                         net (fo=1, routed)           1.661    -2.608    top_i/clk_wiz_0/inst/clk_out1_top_clk_wiz_0_0
    BUFGCTRL_X0Y0        BUFG (Prop_bufg_I_O)         0.096    -2.512 r  top_i/clk_wiz_0/inst/clkout1_buf/O
                         net (fo=276, routed)         1.569    -0.943    top_i/LED_Toggle_0/U0/clock_100
    SLICE_X11Y45         FDRE                                         r  top_i/LED_Toggle_0/U0/multiplier_stored_reg[7]/C
  -------------------------------------------------------------------    -------------------
    SLICE_X11Y45         FDRE (Prop_fdre_C_Q)         0.419    -0.524 r  top_i/LED_Toggle_0/U0/multiplier_stored_reg[7]/Q
                         net (fo=2, routed)           0.745     0.221    top_i/LED_Toggle_0/U0/multiplier_stored[7]
    DSP48_X0Y16          DSP48E1 (Prop_dsp48e1_B[7]_P[8])
                                                      3.828     4.049 r  top_i/LED_Toggle_0/U0/counter_max/P[8]
                         net (fo=2, routed)           1.014     5.063    top_i/LED_Toggle_0/U0/counter_max_n_97
    SLICE_X12Y42         LUT4 (Prop_lut4_I0_O)        0.124     5.187 r  top_i/LED_Toggle_0/U0/counter1_carry__0_i_8/O
                         net (fo=1, routed)           0.000     5.187    top_i/LED_Toggle_0/U0/counter1_carry__0_i_8_n_0
    SLICE_X12Y42         CARRY4 (Prop_carry4_S[0]_CO[3])
                                                      0.513     5.700 r  top_i/LED_Toggle_0/U0/counter1_carry__0/CO[3]
                         net (fo=1, routed)           0.000     5.700    top_i/LED_Toggle_0/U0/counter1_carry__0_n_0
    SLICE_X12Y43         CARRY4 (Prop_carry4_CI_CO[3])
                                                      0.117     5.817 r  top_i/LED_Toggle_0/U0/counter1_carry__1/CO[3]
                         net (fo=1, routed)           0.000     5.817    top_i/LED_Toggle_0/U0/counter1_carry__1_n_0
    SLICE_X12Y44         CARRY4 (Prop_carry4_CI_CO[3])
                                                      0.117     5.934 r  top_i/LED_Toggle_0/U0/counter1_carry__2/CO[3]
                         net (fo=1, routed)           0.000     5.934    top_i/LED_Toggle_0/U0/counter1
    SLICE_X12Y45         CARRY4 (Prop_carry4_CI_O[0])
                                                      0.219     6.153 r  top_i/LED_Toggle_0/U0/counter1_carry__3/O[0]
                         net (fo=33, routed)          0.701     6.855    top_i/LED_Toggle_0/U0/clear
    SLICE_X13Y45         FDRE                                         r  top_i/LED_Toggle_0/U0/counter_reg[25]/R
  -------------------------------------------------------------------    -------------------

                         (clock clk_out1_top_clk_wiz_0_0 rise edge)
                                                     10.000    10.000 r  
    W5                                                0.000    10.000 r  sys_clock (IN)
                         net (fo=0)                   0.000    10.000    top_i/clk_wiz_0/inst/clk_in1
    W5                   IBUF (Prop_ibuf_I_O)         1.388    11.388 r  top_i/clk_wiz_0/inst/clkin1_ibufg/O
                         net (fo=1, routed)           1.162    12.550    top_i/clk_wiz_0/inst/clk_in1_top_clk_wiz_0_0
    MMCME2_ADV_X1Y0      MMCME2_ADV (Prop_mmcme2_adv_CLKIN1_CLKOUT0)
                                                     -7.217     5.332 r  top_i/clk_wiz_0/inst/mmcm_adv_inst/CLKOUT0
                         net (fo=1, routed)           1.581     6.914    top_i/clk_wiz_0/inst/clk_out1_top_clk_wiz_0_0
    BUFGCTRL_X0Y0        BUFG (Prop_bufg_I_O)         0.091     7.005 r  top_i/clk_wiz_0/inst/clkout1_buf/O
                         net (fo=276, routed)         1.450     8.455    top_i/LED_Toggle_0/U0/clock_100
    SLICE_X13Y45         FDRE                                         r  top_i/LED_Toggle_0/U0/counter_reg[25]/C
                         clock pessimism              0.564     9.018    
                         clock uncertainty           -0.074     8.944    
    SLICE_X13Y45         FDRE (Setup_fdre_C_R)       -0.600     8.344    top_i/LED_Toggle_0/U0/counter_reg[25]
  -------------------------------------------------------------------
                         required time                          8.344    
                         arrival time                          -6.855    
  -------------------------------------------------------------------
                         slack                                  1.489    





Min Delay Paths
--------------------------------------------------------------------------------------
Slack (MET) :             0.099ns  (arrival time - required time)
  Source:                 top_i/UART_TX_0/U0/bit_time_counter_reg[11]/C
                            (rising edge-triggered cell FDRE clocked by clk_out1_top_clk_wiz_0_0  {rise@0.000ns fall@5.000ns period=10.000ns})
  Destination:            top_i/UART_TX_0/U0/bit_time_counter_reg[12]/D
                            (rising edge-triggered cell FDRE clocked by clk_out1_top_clk_wiz_0_0  {rise@0.000ns fall@5.000ns period=10.000ns})
  Path Group:             clk_out1_top_clk_wiz_0_0
  Path Type:              Hold (Min at Fast Process Corner)
  Requirement:            0.000ns  (clk_out1_top_clk_wiz_0_0 rise@0.000ns - clk_out1_top_clk_wiz_0_0 rise@0.000ns)
  Data Path Delay:        0.473ns  (logic 0.355ns (75.068%)  route 0.118ns (24.932%))
  Logic Levels:           2  (CARRY4=2)
  Clock Path Skew:        0.269ns (DCD - SCD - CPR)
    Destination Clock Delay (DCD):    -0.825ns
    Source Clock Delay      (SCD):    -0.585ns
    Clock Pessimism Removal (CPR):    -0.508ns

    Location             Delay type                Incr(ns)  Path(ns)    Netlist Resource(s)
  -------------------------------------------------------------------    -------------------
                         (clock clk_out1_top_clk_wiz_0_0 rise edge)
                                                      0.000     0.000 r  
    W5                                                0.000     0.000 r  sys_clock (IN)
                         net (fo=0)                   0.000     0.000    top_i/clk_wiz_0/inst/clk_in1
    W5                   IBUF (Prop_ibuf_I_O)         0.226     0.226 r  top_i/clk_wiz_0/inst/clkin1_ibufg/O
                         net (fo=1, routed)           0.440     0.667    top_i/clk_wiz_0/inst/clk_in1_top_clk_wiz_0_0
    MMCME2_ADV_X1Y0      MMCME2_ADV (Prop_mmcme2_adv_CLKIN1_CLKOUT0)
                                                     -2.360    -1.693 r  top_i/clk_wiz_0/inst/mmcm_adv_inst/CLKOUT0
                         net (fo=1, routed)           0.486    -1.207    top_i/clk_wiz_0/inst/clk_out1_top_clk_wiz_0_0
    BUFGCTRL_X0Y0        BUFG (Prop_bufg_I_O)         0.026    -1.181 r  top_i/clk_wiz_0/inst/clkout1_buf/O
                         net (fo=276, routed)         0.596    -0.585    top_i/UART_TX_0/U0/clk
    SLICE_X1Y49          FDRE                                         r  top_i/UART_TX_0/U0/bit_time_counter_reg[11]/C
  -------------------------------------------------------------------    -------------------
    SLICE_X1Y49          FDRE (Prop_fdre_C_Q)         0.141    -0.444 r  top_i/UART_TX_0/U0/bit_time_counter_reg[11]/Q
                         net (fo=2, routed)           0.117    -0.327    top_i/UART_TX_0/U0/bit_time_counter_reg[11]
    SLICE_X1Y49          CARRY4 (Prop_carry4_S[3]_CO[3])
                                                      0.160    -0.167 r  top_i/UART_TX_0/U0/bit_time_counter_reg[8]_i_1/CO[3]
                         net (fo=1, routed)           0.001    -0.166    top_i/UART_TX_0/U0/bit_time_counter_reg[8]_i_1_n_0
    SLICE_X1Y50          CARRY4 (Prop_carry4_CI_O[0])
                                                      0.054    -0.112 r  top_i/UART_TX_0/U0/bit_time_counter_reg[12]_i_1/O[0]
                         net (fo=1, routed)           0.000    -0.112    top_i/UART_TX_0/U0/bit_time_counter_reg[12]_i_1_n_7
    SLICE_X1Y50          FDRE                                         r  top_i/UART_TX_0/U0/bit_time_counter_reg[12]/D
  -------------------------------------------------------------------    -------------------

                         (clock clk_out1_top_clk_wiz_0_0 rise edge)
                                                      0.000     0.000 r  
    W5                                                0.000     0.000 r  sys_clock (IN)
                         net (fo=0)                   0.000     0.000    top_i/clk_wiz_0/inst/clk_in1
    W5                   IBUF (Prop_ibuf_I_O)         0.414     0.414 r  top_i/clk_wiz_0/inst/clkin1_ibufg/O
                         net (fo=1, routed)           0.480     0.894    top_i/clk_wiz_0/inst/clk_in1_top_clk_wiz_0_0
    MMCME2_ADV_X1Y0      MMCME2_ADV (Prop_mmcme2_adv_CLKIN1_CLKOUT0)
                                                     -3.142    -2.248 r  top_i/clk_wiz_0/inst/mmcm_adv_inst/CLKOUT0
                         net (fo=1, routed)           0.530    -1.718    top_i/clk_wiz_0/inst/clk_out1_top_clk_wiz_0_0
    BUFGCTRL_X0Y0        BUFG (Prop_bufg_I_O)         0.029    -1.689 r  top_i/clk_wiz_0/inst/clkout1_buf/O
                         net (fo=276, routed)         0.864    -0.825    top_i/UART_TX_0/U0/clk
    SLICE_X1Y50          FDRE                                         r  top_i/UART_TX_0/U0/bit_time_counter_reg[12]/C
                         clock pessimism              0.508    -0.316    
    SLICE_X1Y50          FDRE (Hold_fdre_C_D)         0.105    -0.211    top_i/UART_TX_0/U0/bit_time_counter_reg[12]
  -------------------------------------------------------------------
                         required time                          0.211    
                         arrival time                          -0.112    
  -------------------------------------------------------------------
                         slack                                  0.099    

Slack (MET) :             0.128ns  (arrival time - required time)
  Source:                 top_i/UART_RX_0/U0/current_index_reg[1]/C
                            (rising edge-triggered cell FDRE clocked by clk_out1_top_clk_wiz_0_0  {rise@0.000ns fall@5.000ns period=10.000ns})
  Destination:            top_i/UART_RX_0/U0/rx_byte_full_reg[5]/D
                            (rising edge-triggered cell FDRE clocked by clk_out1_top_clk_wiz_0_0  {rise@0.000ns fall@5.000ns period=10.000ns})
  Path Group:             clk_out1_top_clk_wiz_0_0
  Path Type:              Hold (Min at Fast Process Corner)
  Requirement:            0.000ns  (clk_out1_top_clk_wiz_0_0 rise@0.000ns - clk_out1_top_clk_wiz_0_0 rise@0.000ns)
  Data Path Delay:        0.493ns  (logic 0.227ns (46.043%)  route 0.266ns (53.957%))
  Logic Levels:           1  (LUT6=1)
  Clock Path Skew:        0.273ns (DCD - SCD - CPR)
    Destination Clock Delay (DCD):    -0.825ns
    Source Clock Delay      (SCD):    -0.589ns
    Clock Pessimism Removal (CPR):    -0.508ns

    Location             Delay type                Incr(ns)  Path(ns)    Netlist Resource(s)
  -------------------------------------------------------------------    -------------------
                         (clock clk_out1_top_clk_wiz_0_0 rise edge)
                                                      0.000     0.000 r  
    W5                                                0.000     0.000 r  sys_clock (IN)
                         net (fo=0)                   0.000     0.000    top_i/clk_wiz_0/inst/clk_in1
    W5                   IBUF (Prop_ibuf_I_O)         0.226     0.226 r  top_i/clk_wiz_0/inst/clkin1_ibufg/O
                         net (fo=1, routed)           0.440     0.667    top_i/clk_wiz_0/inst/clk_in1_top_clk_wiz_0_0
    MMCME2_ADV_X1Y0      MMCME2_ADV (Prop_mmcme2_adv_CLKIN1_CLKOUT0)
                                                     -2.360    -1.693 r  top_i/clk_wiz_0/inst/mmcm_adv_inst/CLKOUT0
                         net (fo=1, routed)           0.486    -1.207    top_i/clk_wiz_0/inst/clk_out1_top_clk_wiz_0_0
    BUFGCTRL_X0Y0        BUFG (Prop_bufg_I_O)         0.026    -1.181 r  top_i/clk_wiz_0/inst/clkout1_buf/O
                         net (fo=276, routed)         0.592    -0.589    top_i/UART_RX_0/U0/clk
    SLICE_X4Y52          FDRE                                         r  top_i/UART_RX_0/U0/current_index_reg[1]/C
  -------------------------------------------------------------------    -------------------
    SLICE_X4Y52          FDRE (Prop_fdre_C_Q)         0.128    -0.461 r  top_i/UART_RX_0/U0/current_index_reg[1]/Q
                         net (fo=11, routed)          0.266    -0.195    top_i/UART_RX_0/U0/current_index_reg[1]
    SLICE_X5Y49          LUT6 (Prop_lut6_I3_O)        0.099    -0.096 r  top_i/UART_RX_0/U0/rx_byte_full[5]_i_1/O
                         net (fo=1, routed)           0.000    -0.096    top_i/UART_RX_0/U0/rx_byte_full[5]_i_1_n_0
    SLICE_X5Y49          FDRE                                         r  top_i/UART_RX_0/U0/rx_byte_full_reg[5]/D
  -------------------------------------------------------------------    -------------------

                         (clock clk_out1_top_clk_wiz_0_0 rise edge)
                                                      0.000     0.000 r  
    W5                                                0.000     0.000 r  sys_clock (IN)
                         net (fo=0)                   0.000     0.000    top_i/clk_wiz_0/inst/clk_in1
    W5                   IBUF (Prop_ibuf_I_O)         0.414     0.414 r  top_i/clk_wiz_0/inst/clkin1_ibufg/O
                         net (fo=1, routed)           0.480     0.894    top_i/clk_wiz_0/inst/clk_in1_top_clk_wiz_0_0
    MMCME2_ADV_X1Y0      MMCME2_ADV (Prop_mmcme2_adv_CLKIN1_CLKOUT0)
                                                     -3.142    -2.248 r  top_i/clk_wiz_0/inst/mmcm_adv_inst/CLKOUT0
                         net (fo=1, routed)           0.530    -1.718    top_i/clk_wiz_0/inst/clk_out1_top_clk_wiz_0_0
    BUFGCTRL_X0Y0        BUFG (Prop_bufg_I_O)         0.029    -1.689 r  top_i/clk_wiz_0/inst/clkout1_buf/O
                         net (fo=276, routed)         0.865    -0.825    top_i/UART_RX_0/U0/clk
    SLICE_X5Y49          FDRE                                         r  top_i/UART_RX_0/U0/rx_byte_full_reg[5]/C
                         clock pessimism              0.508    -0.316    
    SLICE_X5Y49          FDRE (Hold_fdre_C_D)         0.092    -0.224    top_i/UART_RX_0/U0/rx_byte_full_reg[5]
  -------------------------------------------------------------------
                         required time                          0.224    
                         arrival time                          -0.096    
  -------------------------------------------------------------------
                         slack                                  0.128    

Slack (MET) :             0.132ns  (arrival time - required time)
  Source:                 top_i/LED_Toggle_0/U0/data_out_reg[11]/C
                            (rising edge-triggered cell FDSE clocked by clk_out1_top_clk_wiz_0_0  {rise@0.000ns fall@5.000ns period=10.000ns})
  Destination:            top_i/UART_CONTROLLER_0/U0/TX_DATA_HOLD_reg[11]/D
                            (rising edge-triggered cell FDRE clocked by clk_out1_top_clk_wiz_0_0  {rise@0.000ns fall@5.000ns period=10.000ns})
  Path Group:             clk_out1_top_clk_wiz_0_0
  Path Type:              Hold (Min at Fast Process Corner)
  Requirement:            0.000ns  (clk_out1_top_clk_wiz_0_0 rise@0.000ns - clk_out1_top_clk_wiz_0_0 rise@0.000ns)
  Data Path Delay:        0.276ns  (logic 0.189ns (68.452%)  route 0.087ns (31.548%))
  Logic Levels:           1  (LUT3=1)
  Clock Path Skew:        0.013ns (DCD - SCD - CPR)
    Destination Clock Delay (DCD):    -0.854ns
    Source Clock Delay      (SCD):    -0.615ns
    Clock Pessimism Removal (CPR):    -0.251ns

    Location             Delay type                Incr(ns)  Path(ns)    Netlist Resource(s)
  -------------------------------------------------------------------    -------------------
                         (clock clk_out1_top_clk_wiz_0_0 rise edge)
                                                      0.000     0.000 r  
    W5                                                0.000     0.000 r  sys_clock (IN)
                         net (fo=0)                   0.000     0.000    top_i/clk_wiz_0/inst/clk_in1
    W5                   IBUF (Prop_ibuf_I_O)         0.226     0.226 r  top_i/clk_wiz_0/inst/clkin1_ibufg/O
                         net (fo=1, routed)           0.440     0.667    top_i/clk_wiz_0/inst/clk_in1_top_clk_wiz_0_0
    MMCME2_ADV_X1Y0      MMCME2_ADV (Prop_mmcme2_adv_CLKIN1_CLKOUT0)
                                                     -2.360    -1.693 r  top_i/clk_wiz_0/inst/mmcm_adv_inst/CLKOUT0
                         net (fo=1, routed)           0.486    -1.207    top_i/clk_wiz_0/inst/clk_out1_top_clk_wiz_0_0
    BUFGCTRL_X0Y0        BUFG (Prop_bufg_I_O)         0.026    -1.181 r  top_i/clk_wiz_0/inst/clkout1_buf/O
                         net (fo=276, routed)         0.566    -0.615    top_i/LED_Toggle_0/U0/clock_100
    SLICE_X11Y43         FDSE                                         r  top_i/LED_Toggle_0/U0/data_out_reg[11]/C
  -------------------------------------------------------------------    -------------------
    SLICE_X11Y43         FDSE (Prop_fdse_C_Q)         0.141    -0.474 r  top_i/LED_Toggle_0/U0/data_out_reg[11]/Q
                         net (fo=1, routed)           0.087    -0.387    top_i/UART_CONTROLLER_0/U0/TX_DATA_FULL[11]
    SLICE_X10Y43         LUT3 (Prop_lut3_I0_O)        0.048    -0.339 r  top_i/UART_CONTROLLER_0/U0/TX_DATA_HOLD[11]_i_1/O
                         net (fo=1, routed)           0.000    -0.339    top_i/UART_CONTROLLER_0/U0/TX_DATA_HOLD[11]
    SLICE_X10Y43         FDRE                                         r  top_i/UART_CONTROLLER_0/U0/TX_DATA_HOLD_reg[11]/D
  -------------------------------------------------------------------    -------------------

                         (clock clk_out1_top_clk_wiz_0_0 rise edge)
                                                      0.000     0.000 r  
    W5                                                0.000     0.000 r  sys_clock (IN)
                         net (fo=0)                   0.000     0.000    top_i/clk_wiz_0/inst/clk_in1
    W5                   IBUF (Prop_ibuf_I_O)         0.414     0.414 r  top_i/clk_wiz_0/inst/clkin1_ibufg/O
                         net (fo=1, routed)           0.480     0.894    top_i/clk_wiz_0/inst/clk_in1_top_clk_wiz_0_0
    MMCME2_ADV_X1Y0      MMCME2_ADV (Prop_mmcme2_adv_CLKIN1_CLKOUT0)
                                                     -3.142    -2.248 r  top_i/clk_wiz_0/inst/mmcm_adv_inst/CLKOUT0
                         net (fo=1, routed)           0.530    -1.718    top_i/clk_wiz_0/inst/clk_out1_top_clk_wiz_0_0
    BUFGCTRL_X0Y0        BUFG (Prop_bufg_I_O)         0.029    -1.689 r  top_i/clk_wiz_0/inst/clkout1_buf/O
                         net (fo=276, routed)         0.836    -0.854    top_i/UART_CONTROLLER_0/U0/clk
    SLICE_X10Y43         FDRE                                         r  top_i/UART_CONTROLLER_0/U0/TX_DATA_HOLD_reg[11]/C
                         clock pessimism              0.251    -0.602    
    SLICE_X10Y43         FDRE (Hold_fdre_C_D)         0.131    -0.471    top_i/UART_CONTROLLER_0/U0/TX_DATA_HOLD_reg[11]
  -------------------------------------------------------------------
                         required time                          0.471    
                         arrival time                          -0.339    
  -------------------------------------------------------------------
                         slack                                  0.132    

Slack (MET) :             0.132ns  (arrival time - required time)
  Source:                 top_i/LED_Toggle_0/U0/data_out_reg[6]/C
                            (rising edge-triggered cell FDSE clocked by clk_out1_top_clk_wiz_0_0  {rise@0.000ns fall@5.000ns period=10.000ns})
  Destination:            top_i/UART_CONTROLLER_0/U0/TX_DATA_HOLD_reg[6]/D
                            (rising edge-triggered cell FDRE clocked by clk_out1_top_clk_wiz_0_0  {rise@0.000ns fall@5.000ns period=10.000ns})
  Path Group:             clk_out1_top_clk_wiz_0_0
  Path Type:              Hold (Min at Fast Process Corner)
  Requirement:            0.000ns  (clk_out1_top_clk_wiz_0_0 rise@0.000ns - clk_out1_top_clk_wiz_0_0 rise@0.000ns)
  Data Path Delay:        0.266ns  (logic 0.186ns (69.897%)  route 0.080ns (30.103%))
  Logic Levels:           1  (LUT3=1)
  Clock Path Skew:        0.013ns (DCD - SCD - CPR)
    Destination Clock Delay (DCD):    -0.854ns
    Source Clock Delay      (SCD):    -0.615ns
    Clock Pessimism Removal (CPR):    -0.251ns

    Location             Delay type                Incr(ns)  Path(ns)    Netlist Resource(s)
  -------------------------------------------------------------------    -------------------
                         (clock clk_out1_top_clk_wiz_0_0 rise edge)
                                                      0.000     0.000 r  
    W5                                                0.000     0.000 r  sys_clock (IN)
                         net (fo=0)                   0.000     0.000    top_i/clk_wiz_0/inst/clk_in1
    W5                   IBUF (Prop_ibuf_I_O)         0.226     0.226 r  top_i/clk_wiz_0/inst/clkin1_ibufg/O
                         net (fo=1, routed)           0.440     0.667    top_i/clk_wiz_0/inst/clk_in1_top_clk_wiz_0_0
    MMCME2_ADV_X1Y0      MMCME2_ADV (Prop_mmcme2_adv_CLKIN1_CLKOUT0)
                                                     -2.360    -1.693 r  top_i/clk_wiz_0/inst/mmcm_adv_inst/CLKOUT0
                         net (fo=1, routed)           0.486    -1.207    top_i/clk_wiz_0/inst/clk_out1_top_clk_wiz_0_0
    BUFGCTRL_X0Y0        BUFG (Prop_bufg_I_O)         0.026    -1.181 r  top_i/clk_wiz_0/inst/clkout1_buf/O
                         net (fo=276, routed)         0.566    -0.615    top_i/LED_Toggle_0/U0/clock_100
    SLICE_X11Y43         FDSE                                         r  top_i/LED_Toggle_0/U0/data_out_reg[6]/C
  -------------------------------------------------------------------    -------------------
    SLICE_X11Y43         FDSE (Prop_fdse_C_Q)         0.141    -0.474 r  top_i/LED_Toggle_0/U0/data_out_reg[6]/Q
                         net (fo=1, routed)           0.080    -0.394    top_i/UART_CONTROLLER_0/U0/TX_DATA_FULL[6]
    SLICE_X10Y43         LUT3 (Prop_lut3_I0_O)        0.045    -0.349 r  top_i/UART_CONTROLLER_0/U0/TX_DATA_HOLD[6]_i_1/O
                         net (fo=1, routed)           0.000    -0.349    top_i/UART_CONTROLLER_0/U0/TX_DATA_HOLD[6]
    SLICE_X10Y43         FDRE                                         r  top_i/UART_CONTROLLER_0/U0/TX_DATA_HOLD_reg[6]/D
  -------------------------------------------------------------------    -------------------

                         (clock clk_out1_top_clk_wiz_0_0 rise edge)
                                                      0.000     0.000 r  
    W5                                                0.000     0.000 r  sys_clock (IN)
                         net (fo=0)                   0.000     0.000    top_i/clk_wiz_0/inst/clk_in1
    W5                   IBUF (Prop_ibuf_I_O)         0.414     0.414 r  top_i/clk_wiz_0/inst/clkin1_ibufg/O
                         net (fo=1, routed)           0.480     0.894    top_i/clk_wiz_0/inst/clk_in1_top_clk_wiz_0_0
    MMCME2_ADV_X1Y0      MMCME2_ADV (Prop_mmcme2_adv_CLKIN1_CLKOUT0)
                                                     -3.142    -2.248 r  top_i/clk_wiz_0/inst/mmcm_adv_inst/CLKOUT0
                         net (fo=1, routed)           0.530    -1.718    top_i/clk_wiz_0/inst/clk_out1_top_clk_wiz_0_0
    BUFGCTRL_X0Y0        BUFG (Prop_bufg_I_O)         0.029    -1.689 r  top_i/clk_wiz_0/inst/clkout1_buf/O
                         net (fo=276, routed)         0.836    -0.854    top_i/UART_CONTROLLER_0/U0/clk
    SLICE_X10Y43         FDRE                                         r  top_i/UART_CONTROLLER_0/U0/TX_DATA_HOLD_reg[6]/C
                         clock pessimism              0.251    -0.602    
    SLICE_X10Y43         FDRE (Hold_fdre_C_D)         0.121    -0.481    top_i/UART_CONTROLLER_0/U0/TX_DATA_HOLD_reg[6]
  -------------------------------------------------------------------
                         required time                          0.481    
                         arrival time                          -0.349    
  -------------------------------------------------------------------
                         slack                                  0.132    

Slack (MET) :             0.135ns  (arrival time - required time)
  Source:                 top_i/UART_TX_0/U0/bit_time_counter_reg[11]/C
                            (rising edge-triggered cell FDRE clocked by clk_out1_top_clk_wiz_0_0  {rise@0.000ns fall@5.000ns period=10.000ns})
  Destination:            top_i/UART_TX_0/U0/bit_time_counter_reg[13]/D
                            (rising edge-triggered cell FDRE clocked by clk_out1_top_clk_wiz_0_0  {rise@0.000ns fall@5.000ns period=10.000ns})
  Path Group:             clk_out1_top_clk_wiz_0_0
  Path Type:              Hold (Min at Fast Process Corner)
  Requirement:            0.000ns  (clk_out1_top_clk_wiz_0_0 rise@0.000ns - clk_out1_top_clk_wiz_0_0 rise@0.000ns)
  Data Path Delay:        0.509ns  (logic 0.391ns (76.832%)  route 0.118ns (23.168%))
  Logic Levels:           2  (CARRY4=2)
  Clock Path Skew:        0.269ns (DCD - SCD - CPR)
    Destination Clock Delay (DCD):    -0.825ns
    Source Clock Delay      (SCD):    -0.585ns
    Clock Pessimism Removal (CPR):    -0.508ns

    Location             Delay type                Incr(ns)  Path(ns)    Netlist Resource(s)
  -------------------------------------------------------------------    -------------------
                         (clock clk_out1_top_clk_wiz_0_0 rise edge)
                                                      0.000     0.000 r  
    W5                                                0.000     0.000 r  sys_clock (IN)
                         net (fo=0)                   0.000     0.000    top_i/clk_wiz_0/inst/clk_in1
    W5                   IBUF (Prop_ibuf_I_O)         0.226     0.226 r  top_i/clk_wiz_0/inst/clkin1_ibufg/O
                         net (fo=1, routed)           0.440     0.667    top_i/clk_wiz_0/inst/clk_in1_top_clk_wiz_0_0
    MMCME2_ADV_X1Y0      MMCME2_ADV (Prop_mmcme2_adv_CLKIN1_CLKOUT0)
                                                     -2.360    -1.693 r  top_i/clk_wiz_0/inst/mmcm_adv_inst/CLKOUT0
                         net (fo=1, routed)           0.486    -1.207    top_i/clk_wiz_0/inst/clk_out1_top_clk_wiz_0_0
    BUFGCTRL_X0Y0        BUFG (Prop_bufg_I_O)         0.026    -1.181 r  top_i/clk_wiz_0/inst/clkout1_buf/O
                         net (fo=276, routed)         0.596    -0.585    top_i/UART_TX_0/U0/clk
    SLICE_X1Y49          FDRE                                         r  top_i/UART_TX_0/U0/bit_time_counter_reg[11]/C
  -------------------------------------------------------------------    -------------------
    SLICE_X1Y49          FDRE (Prop_fdre_C_Q)         0.141    -0.444 r  top_i/UART_TX_0/U0/bit_time_counter_reg[11]/Q
                         net (fo=2, routed)           0.117    -0.327    top_i/UART_TX_0/U0/bit_time_counter_reg[11]
    SLICE_X1Y49          CARRY4 (Prop_carry4_S[3]_CO[3])
                                                      0.160    -0.167 r  top_i/UART_TX_0/U0/bit_time_counter_reg[8]_i_1/CO[3]
                         net (fo=1, routed)           0.001    -0.166    top_i/UART_TX_0/U0/bit_time_counter_reg[8]_i_1_n_0
    SLICE_X1Y50          CARRY4 (Prop_carry4_CI_O[1])
                                                      0.090    -0.076 r  top_i/UART_TX_0/U0/bit_time_counter_reg[12]_i_1/O[1]
                         net (fo=1, routed)           0.000    -0.076    top_i/UART_TX_0/U0/bit_time_counter_reg[12]_i_1_n_6
    SLICE_X1Y50          FDRE                                         r  top_i/UART_TX_0/U0/bit_time_counter_reg[13]/D
  -------------------------------------------------------------------    -------------------

                         (clock clk_out1_top_clk_wiz_0_0 rise edge)
                                                      0.000     0.000 r  
    W5                                                0.000     0.000 r  sys_clock (IN)
                         net (fo=0)                   0.000     0.000    top_i/clk_wiz_0/inst/clk_in1
    W5                   IBUF (Prop_ibuf_I_O)         0.414     0.414 r  top_i/clk_wiz_0/inst/clkin1_ibufg/O
                         net (fo=1, routed)           0.480     0.894    top_i/clk_wiz_0/inst/clk_in1_top_clk_wiz_0_0
    MMCME2_ADV_X1Y0      MMCME2_ADV (Prop_mmcme2_adv_CLKIN1_CLKOUT0)
                                                     -3.142    -2.248 r  top_i/clk_wiz_0/inst/mmcm_adv_inst/CLKOUT0
                         net (fo=1, routed)           0.530    -1.718    top_i/clk_wiz_0/inst/clk_out1_top_clk_wiz_0_0
    BUFGCTRL_X0Y0        BUFG (Prop_bufg_I_O)         0.029    -1.689 r  top_i/clk_wiz_0/inst/clkout1_buf/O
                         net (fo=276, routed)         0.864    -0.825    top_i/UART_TX_0/U0/clk
    SLICE_X1Y50          FDRE                                         r  top_i/UART_TX_0/U0/bit_time_counter_reg[13]/C
                         clock pessimism              0.508    -0.316    
    SLICE_X1Y50          FDRE (Hold_fdre_C_D)         0.105    -0.211    top_i/UART_TX_0/U0/bit_time_counter_reg[13]
  -------------------------------------------------------------------
                         required time                          0.211    
                         arrival time                          -0.076    
  -------------------------------------------------------------------
                         slack                                  0.135    

Slack (MET) :             0.145ns  (arrival time - required time)
  Source:                 top_i/UART_RX_0/U0/current_index_reg[1]/C
                            (rising edge-triggered cell FDRE clocked by clk_out1_top_clk_wiz_0_0  {rise@0.000ns fall@5.000ns period=10.000ns})
  Destination:            top_i/UART_RX_0/U0/rx_byte_full_reg[2]/D
                            (rising edge-triggered cell FDRE clocked by clk_out1_top_clk_wiz_0_0  {rise@0.000ns fall@5.000ns period=10.000ns})
  Path Group:             clk_out1_top_clk_wiz_0_0
  Path Type:              Hold (Min at Fast Process Corner)
  Requirement:            0.000ns  (clk_out1_top_clk_wiz_0_0 rise@0.000ns - clk_out1_top_clk_wiz_0_0 rise@0.000ns)
  Data Path Delay:        0.510ns  (logic 0.227ns (44.542%)  route 0.283ns (55.458%))
  Logic Levels:           1  (LUT6=1)
  Clock Path Skew:        0.273ns (DCD - SCD - CPR)
    Destination Clock Delay (DCD):    -0.825ns
    Source Clock Delay      (SCD):    -0.589ns
    Clock Pessimism Removal (CPR):    -0.508ns

    Location             Delay type                Incr(ns)  Path(ns)    Netlist Resource(s)
  -------------------------------------------------------------------    -------------------
                         (clock clk_out1_top_clk_wiz_0_0 rise edge)
                                                      0.000     0.000 r  
    W5                                                0.000     0.000 r  sys_clock (IN)
                         net (fo=0)                   0.000     0.000    top_i/clk_wiz_0/inst/clk_in1
    W5                   IBUF (Prop_ibuf_I_O)         0.226     0.226 r  top_i/clk_wiz_0/inst/clkin1_ibufg/O
                         net (fo=1, routed)           0.440     0.667    top_i/clk_wiz_0/inst/clk_in1_top_clk_wiz_0_0
    MMCME2_ADV_X1Y0      MMCME2_ADV (Prop_mmcme2_adv_CLKIN1_CLKOUT0)
                                                     -2.360    -1.693 r  top_i/clk_wiz_0/inst/mmcm_adv_inst/CLKOUT0
                         net (fo=1, routed)           0.486    -1.207    top_i/clk_wiz_0/inst/clk_out1_top_clk_wiz_0_0
    BUFGCTRL_X0Y0        BUFG (Prop_bufg_I_O)         0.026    -1.181 r  top_i/clk_wiz_0/inst/clkout1_buf/O
                         net (fo=276, routed)         0.592    -0.589    top_i/UART_RX_0/U0/clk
    SLICE_X4Y52          FDRE                                         r  top_i/UART_RX_0/U0/current_index_reg[1]/C
  -------------------------------------------------------------------    -------------------
    SLICE_X4Y52          FDRE (Prop_fdre_C_Q)         0.128    -0.461 r  top_i/UART_RX_0/U0/current_index_reg[1]/Q
                         net (fo=11, routed)          0.283    -0.179    top_i/UART_RX_0/U0/current_index_reg[1]
    SLICE_X4Y49          LUT6 (Prop_lut6_I2_O)        0.099    -0.080 r  top_i/UART_RX_0/U0/rx_byte_full[2]_i_1/O
                         net (fo=1, routed)           0.000    -0.080    top_i/UART_RX_0/U0/rx_byte_full[2]_i_1_n_0
    SLICE_X4Y49          FDRE                                         r  top_i/UART_RX_0/U0/rx_byte_full_reg[2]/D
  -------------------------------------------------------------------    -------------------

                         (clock clk_out1_top_clk_wiz_0_0 rise edge)
                                                      0.000     0.000 r  
    W5                                                0.000     0.000 r  sys_clock (IN)
                         net (fo=0)                   0.000     0.000    top_i/clk_wiz_0/inst/clk_in1
    W5                   IBUF (Prop_ibuf_I_O)         0.414     0.414 r  top_i/clk_wiz_0/inst/clkin1_ibufg/O
                         net (fo=1, routed)           0.480     0.894    top_i/clk_wiz_0/inst/clk_in1_top_clk_wiz_0_0
    MMCME2_ADV_X1Y0      MMCME2_ADV (Prop_mmcme2_adv_CLKIN1_CLKOUT0)
                                                     -3.142    -2.248 r  top_i/clk_wiz_0/inst/mmcm_adv_inst/CLKOUT0
                         net (fo=1, routed)           0.530    -1.718    top_i/clk_wiz_0/inst/clk_out1_top_clk_wiz_0_0
    BUFGCTRL_X0Y0        BUFG (Prop_bufg_I_O)         0.029    -1.689 r  top_i/clk_wiz_0/inst/clkout1_buf/O
                         net (fo=276, routed)         0.865    -0.825    top_i/UART_RX_0/U0/clk
    SLICE_X4Y49          FDRE                                         r  top_i/UART_RX_0/U0/rx_byte_full_reg[2]/C
                         clock pessimism              0.508    -0.316    
    SLICE_X4Y49          FDRE (Hold_fdre_C_D)         0.092    -0.224    top_i/UART_RX_0/U0/rx_byte_full_reg[2]
  -------------------------------------------------------------------
                         required time                          0.224    
                         arrival time                          -0.080    
  -------------------------------------------------------------------
                         slack                                  0.145    

Slack (MET) :             0.159ns  (arrival time - required time)
  Source:                 top_i/UART_CONTROLLER_0/U0/RX_DATA_FULL_reg[0]/C
                            (rising edge-triggered cell FDRE clocked by clk_out1_top_clk_wiz_0_0  {rise@0.000ns fall@5.000ns period=10.000ns})
  Destination:            top_i/LED_Toggle_0/U0/led_pwm_reg[0]/D
                            (rising edge-triggered cell FDRE clocked by clk_out1_top_clk_wiz_0_0  {rise@0.000ns fall@5.000ns period=10.000ns})
  Path Group:             clk_out1_top_clk_wiz_0_0
  Path Type:              Hold (Min at Fast Process Corner)
  Requirement:            0.000ns  (clk_out1_top_clk_wiz_0_0 rise@0.000ns - clk_out1_top_clk_wiz_0_0 rise@0.000ns)
  Data Path Delay:        0.265ns  (logic 0.141ns (53.133%)  route 0.124ns (46.867%))
  Logic Levels:           0  
  Clock Path Skew:        0.036ns (DCD - SCD - CPR)
    Destination Clock Delay (DCD):    -0.854ns
    Source Clock Delay      (SCD):    -0.615ns
    Clock Pessimism Removal (CPR):    -0.274ns

    Location             Delay type                Incr(ns)  Path(ns)    Netlist Resource(s)
  -------------------------------------------------------------------    -------------------
                         (clock clk_out1_top_clk_wiz_0_0 rise edge)
                                                      0.000     0.000 r  
    W5                                                0.000     0.000 r  sys_clock (IN)
                         net (fo=0)                   0.000     0.000    top_i/clk_wiz_0/inst/clk_in1
    W5                   IBUF (Prop_ibuf_I_O)         0.226     0.226 r  top_i/clk_wiz_0/inst/clkin1_ibufg/O
                         net (fo=1, routed)           0.440     0.667    top_i/clk_wiz_0/inst/clk_in1_top_clk_wiz_0_0
    MMCME2_ADV_X1Y0      MMCME2_ADV (Prop_mmcme2_adv_CLKIN1_CLKOUT0)
                                                     -2.360    -1.693 r  top_i/clk_wiz_0/inst/mmcm_adv_inst/CLKOUT0
                         net (fo=1, routed)           0.486    -1.207    top_i/clk_wiz_0/inst/clk_out1_top_clk_wiz_0_0
    BUFGCTRL_X0Y0        BUFG (Prop_bufg_I_O)         0.026    -1.181 r  top_i/clk_wiz_0/inst/clkout1_buf/O
                         net (fo=276, routed)         0.566    -0.615    top_i/UART_CONTROLLER_0/U0/clk
    SLICE_X9Y45          FDRE                                         r  top_i/UART_CONTROLLER_0/U0/RX_DATA_FULL_reg[0]/C
  -------------------------------------------------------------------    -------------------
    SLICE_X9Y45          FDRE (Prop_fdre_C_Q)         0.141    -0.474 r  top_i/UART_CONTROLLER_0/U0/RX_DATA_FULL_reg[0]/Q
                         net (fo=2, routed)           0.124    -0.350    top_i/LED_Toggle_0/U0/RX_data[0]
    SLICE_X11Y46         FDRE                                         r  top_i/LED_Toggle_0/U0/led_pwm_reg[0]/D
  -------------------------------------------------------------------    -------------------

                         (clock clk_out1_top_clk_wiz_0_0 rise edge)
                                                      0.000     0.000 r  
    W5                                                0.000     0.000 r  sys_clock (IN)
                         net (fo=0)                   0.000     0.000    top_i/clk_wiz_0/inst/clk_in1
    W5                   IBUF (Prop_ibuf_I_O)         0.414     0.414 r  top_i/clk_wiz_0/inst/clkin1_ibufg/O
                         net (fo=1, routed)           0.480     0.894    top_i/clk_wiz_0/inst/clk_in1_top_clk_wiz_0_0
    MMCME2_ADV_X1Y0      MMCME2_ADV (Prop_mmcme2_adv_CLKIN1_CLKOUT0)
                                                     -3.142    -2.248 r  top_i/clk_wiz_0/inst/mmcm_adv_inst/CLKOUT0
                         net (fo=1, routed)           0.530    -1.718    top_i/clk_wiz_0/inst/clk_out1_top_clk_wiz_0_0
    BUFGCTRL_X0Y0        BUFG (Prop_bufg_I_O)         0.029    -1.689 r  top_i/clk_wiz_0/inst/clkout1_buf/O
                         net (fo=276, routed)         0.836    -0.854    top_i/LED_Toggle_0/U0/clock_100
    SLICE_X11Y46         FDRE                                         r  top_i/LED_Toggle_0/U0/led_pwm_reg[0]/C
                         clock pessimism              0.274    -0.579    
    SLICE_X11Y46         FDRE (Hold_fdre_C_D)         0.070    -0.509    top_i/LED_Toggle_0/U0/led_pwm_reg[0]
  -------------------------------------------------------------------
                         required time                          0.509    
                         arrival time                          -0.350    
  -------------------------------------------------------------------
                         slack                                  0.159    

Slack (MET) :             0.160ns  (arrival time - required time)
  Source:                 top_i/UART_RX_0/U0/current_index_reg[1]/C
                            (rising edge-triggered cell FDRE clocked by clk_out1_top_clk_wiz_0_0  {rise@0.000ns fall@5.000ns period=10.000ns})
  Destination:            top_i/UART_RX_0/U0/rx_byte_full_reg[1]/D
                            (rising edge-triggered cell FDRE clocked by clk_out1_top_clk_wiz_0_0  {rise@0.000ns fall@5.000ns period=10.000ns})
  Path Group:             clk_out1_top_clk_wiz_0_0
  Path Type:              Hold (Min at Fast Process Corner)
  Requirement:            0.000ns  (clk_out1_top_clk_wiz_0_0 rise@0.000ns - clk_out1_top_clk_wiz_0_0 rise@0.000ns)
  Data Path Delay:        0.525ns  (logic 0.227ns (43.244%)  route 0.298ns (56.756%))
  Logic Levels:           1  (LUT6=1)
  Clock Path Skew:        0.273ns (DCD - SCD - CPR)
    Destination Clock Delay (DCD):    -0.825ns
    Source Clock Delay      (SCD):    -0.589ns
    Clock Pessimism Removal (CPR):    -0.508ns

    Location             Delay type                Incr(ns)  Path(ns)    Netlist Resource(s)
  -------------------------------------------------------------------    -------------------
                         (clock clk_out1_top_clk_wiz_0_0 rise edge)
                                                      0.000     0.000 r  
    W5                                                0.000     0.000 r  sys_clock (IN)
                         net (fo=0)                   0.000     0.000    top_i/clk_wiz_0/inst/clk_in1
    W5                   IBUF (Prop_ibuf_I_O)         0.226     0.226 r  top_i/clk_wiz_0/inst/clkin1_ibufg/O
                         net (fo=1, routed)           0.440     0.667    top_i/clk_wiz_0/inst/clk_in1_top_clk_wiz_0_0
    MMCME2_ADV_X1Y0      MMCME2_ADV (Prop_mmcme2_adv_CLKIN1_CLKOUT0)
                                                     -2.360    -1.693 r  top_i/clk_wiz_0/inst/mmcm_adv_inst/CLKOUT0
                         net (fo=1, routed)           0.486    -1.207    top_i/clk_wiz_0/inst/clk_out1_top_clk_wiz_0_0
    BUFGCTRL_X0Y0        BUFG (Prop_bufg_I_O)         0.026    -1.181 r  top_i/clk_wiz_0/inst/clkout1_buf/O
                         net (fo=276, routed)         0.592    -0.589    top_i/UART_RX_0/U0/clk
    SLICE_X4Y52          FDRE                                         r  top_i/UART_RX_0/U0/current_index_reg[1]/C
  -------------------------------------------------------------------    -------------------
    SLICE_X4Y52          FDRE (Prop_fdre_C_Q)         0.128    -0.461 r  top_i/UART_RX_0/U0/current_index_reg[1]/Q
                         net (fo=11, routed)          0.298    -0.163    top_i/UART_RX_0/U0/current_index_reg[1]
    SLICE_X4Y49          LUT6 (Prop_lut6_I2_O)        0.099    -0.064 r  top_i/UART_RX_0/U0/rx_byte_full[1]_i_1/O
                         net (fo=1, routed)           0.000    -0.064    top_i/UART_RX_0/U0/rx_byte_full[1]_i_1_n_0
    SLICE_X4Y49          FDRE                                         r  top_i/UART_RX_0/U0/rx_byte_full_reg[1]/D
  -------------------------------------------------------------------    -------------------

                         (clock clk_out1_top_clk_wiz_0_0 rise edge)
                                                      0.000     0.000 r  
    W5                                                0.000     0.000 r  sys_clock (IN)
                         net (fo=0)                   0.000     0.000    top_i/clk_wiz_0/inst/clk_in1
    W5                   IBUF (Prop_ibuf_I_O)         0.414     0.414 r  top_i/clk_wiz_0/inst/clkin1_ibufg/O
                         net (fo=1, routed)           0.480     0.894    top_i/clk_wiz_0/inst/clk_in1_top_clk_wiz_0_0
    MMCME2_ADV_X1Y0      MMCME2_ADV (Prop_mmcme2_adv_CLKIN1_CLKOUT0)
                                                     -3.142    -2.248 r  top_i/clk_wiz_0/inst/mmcm_adv_inst/CLKOUT0
                         net (fo=1, routed)           0.530    -1.718    top_i/clk_wiz_0/inst/clk_out1_top_clk_wiz_0_0
    BUFGCTRL_X0Y0        BUFG (Prop_bufg_I_O)         0.029    -1.689 r  top_i/clk_wiz_0/inst/clkout1_buf/O
                         net (fo=276, routed)         0.865    -0.825    top_i/UART_RX_0/U0/clk
    SLICE_X4Y49          FDRE                                         r  top_i/UART_RX_0/U0/rx_byte_full_reg[1]/C
                         clock pessimism              0.508    -0.316    
    SLICE_X4Y49          FDRE (Hold_fdre_C_D)         0.092    -0.224    top_i/UART_RX_0/U0/rx_byte_full_reg[1]
  -------------------------------------------------------------------
                         required time                          0.224    
                         arrival time                          -0.064    
  -------------------------------------------------------------------
                         slack                                  0.160    

Slack (MET) :             0.162ns  (arrival time - required time)
  Source:                 top_i/UART_CONTROLLER_0/U0/RX_DATA_FULL_reg[14]/C
                            (rising edge-triggered cell FDRE clocked by clk_out1_top_clk_wiz_0_0  {rise@0.000ns fall@5.000ns period=10.000ns})
  Destination:            top_i/LED_Toggle_0/U0/led_pwm_reg[14]/D
                            (rising edge-triggered cell FDRE clocked by clk_out1_top_clk_wiz_0_0  {rise@0.000ns fall@5.000ns period=10.000ns})
  Path Group:             clk_out1_top_clk_wiz_0_0
  Path Type:              Hold (Min at Fast Process Corner)
  Requirement:            0.000ns  (clk_out1_top_clk_wiz_0_0 rise@0.000ns - clk_out1_top_clk_wiz_0_0 rise@0.000ns)
  Data Path Delay:        0.268ns  (logic 0.141ns (52.531%)  route 0.127ns (47.469%))
  Logic Levels:           0  
  Clock Path Skew:        0.036ns (DCD - SCD - CPR)
    Destination Clock Delay (DCD):    -0.854ns
    Source Clock Delay      (SCD):    -0.615ns
    Clock Pessimism Removal (CPR):    -0.274ns

    Location             Delay type                Incr(ns)  Path(ns)    Netlist Resource(s)
  -------------------------------------------------------------------    -------------------
                         (clock clk_out1_top_clk_wiz_0_0 rise edge)
                                                      0.000     0.000 r  
    W5                                                0.000     0.000 r  sys_clock (IN)
                         net (fo=0)                   0.000     0.000    top_i/clk_wiz_0/inst/clk_in1
    W5                   IBUF (Prop_ibuf_I_O)         0.226     0.226 r  top_i/clk_wiz_0/inst/clkin1_ibufg/O
                         net (fo=1, routed)           0.440     0.667    top_i/clk_wiz_0/inst/clk_in1_top_clk_wiz_0_0
    MMCME2_ADV_X1Y0      MMCME2_ADV (Prop_mmcme2_adv_CLKIN1_CLKOUT0)
                                                     -2.360    -1.693 r  top_i/clk_wiz_0/inst/mmcm_adv_inst/CLKOUT0
                         net (fo=1, routed)           0.486    -1.207    top_i/clk_wiz_0/inst/clk_out1_top_clk_wiz_0_0
    BUFGCTRL_X0Y0        BUFG (Prop_bufg_I_O)         0.026    -1.181 r  top_i/clk_wiz_0/inst/clkout1_buf/O
                         net (fo=276, routed)         0.566    -0.615    top_i/UART_CONTROLLER_0/U0/clk
    SLICE_X9Y45          FDRE                                         r  top_i/UART_CONTROLLER_0/U0/RX_DATA_FULL_reg[14]/C
  -------------------------------------------------------------------    -------------------
    SLICE_X9Y45          FDRE (Prop_fdre_C_Q)         0.141    -0.474 r  top_i/UART_CONTROLLER_0/U0/RX_DATA_FULL_reg[14]/Q
                         net (fo=2, routed)           0.127    -0.347    top_i/LED_Toggle_0/U0/RX_data[14]
    SLICE_X11Y46         FDRE                                         r  top_i/LED_Toggle_0/U0/led_pwm_reg[14]/D
  -------------------------------------------------------------------    -------------------

                         (clock clk_out1_top_clk_wiz_0_0 rise edge)
                                                      0.000     0.000 r  
    W5                                                0.000     0.000 r  sys_clock (IN)
                         net (fo=0)                   0.000     0.000    top_i/clk_wiz_0/inst/clk_in1
    W5                   IBUF (Prop_ibuf_I_O)         0.414     0.414 r  top_i/clk_wiz_0/inst/clkin1_ibufg/O
                         net (fo=1, routed)           0.480     0.894    top_i/clk_wiz_0/inst/clk_in1_top_clk_wiz_0_0
    MMCME2_ADV_X1Y0      MMCME2_ADV (Prop_mmcme2_adv_CLKIN1_CLKOUT0)
                                                     -3.142    -2.248 r  top_i/clk_wiz_0/inst/mmcm_adv_inst/CLKOUT0
                         net (fo=1, routed)           0.530    -1.718    top_i/clk_wiz_0/inst/clk_out1_top_clk_wiz_0_0
    BUFGCTRL_X0Y0        BUFG (Prop_bufg_I_O)         0.029    -1.689 r  top_i/clk_wiz_0/inst/clkout1_buf/O
                         net (fo=276, routed)         0.836    -0.854    top_i/LED_Toggle_0/U0/clock_100
    SLICE_X11Y46         FDRE                                         r  top_i/LED_Toggle_0/U0/led_pwm_reg[14]/C
                         clock pessimism              0.274    -0.579    
    SLICE_X11Y46         FDRE (Hold_fdre_C_D)         0.070    -0.509    top_i/LED_Toggle_0/U0/led_pwm_reg[14]
  -------------------------------------------------------------------
                         required time                          0.509    
                         arrival time                          -0.347    
  -------------------------------------------------------------------
                         slack                                  0.162    

Slack (MET) :             0.165ns  (arrival time - required time)
  Source:                 top_i/UART_RX_0/U0/s_rx_byte_ready_reg/C
                            (rising edge-triggered cell FDRE clocked by clk_out1_top_clk_wiz_0_0  {rise@0.000ns fall@5.000ns period=10.000ns})
  Destination:            top_i/ASCII_LUT_0/U0/RX_BYTE_OUT_READY_reg/D
                            (rising edge-triggered cell FDRE clocked by clk_out1_top_clk_wiz_0_0  {rise@0.000ns fall@5.000ns period=10.000ns})
  Path Group:             clk_out1_top_clk_wiz_0_0
  Path Type:              Hold (Min at Fast Process Corner)
  Requirement:            0.000ns  (clk_out1_top_clk_wiz_0_0 rise@0.000ns - clk_out1_top_clk_wiz_0_0 rise@0.000ns)
  Data Path Delay:        0.510ns  (logic 0.141ns (27.670%)  route 0.369ns (72.330%))
  Logic Levels:           0  
  Clock Path Skew:        0.270ns (DCD - SCD - CPR)
    Destination Clock Delay (DCD):    -0.826ns
    Source Clock Delay      (SCD):    -0.587ns
    Clock Pessimism Removal (CPR):    -0.508ns

    Location             Delay type                Incr(ns)  Path(ns)    Netlist Resource(s)
  -------------------------------------------------------------------    -------------------
                         (clock clk_out1_top_clk_wiz_0_0 rise edge)
                                                      0.000     0.000 r  
    W5                                                0.000     0.000 r  sys_clock (IN)
                         net (fo=0)                   0.000     0.000    top_i/clk_wiz_0/inst/clk_in1
    W5                   IBUF (Prop_ibuf_I_O)         0.226     0.226 r  top_i/clk_wiz_0/inst/clkin1_ibufg/O
                         net (fo=1, routed)           0.440     0.667    top_i/clk_wiz_0/inst/clk_in1_top_clk_wiz_0_0
    MMCME2_ADV_X1Y0      MMCME2_ADV (Prop_mmcme2_adv_CLKIN1_CLKOUT0)
                                                     -2.360    -1.693 r  top_i/clk_wiz_0/inst/mmcm_adv_inst/CLKOUT0
                         net (fo=1, routed)           0.486    -1.207    top_i/clk_wiz_0/inst/clk_out1_top_clk_wiz_0_0
    BUFGCTRL_X0Y0        BUFG (Prop_bufg_I_O)         0.026    -1.181 r  top_i/clk_wiz_0/inst/clkout1_buf/O
                         net (fo=276, routed)         0.594    -0.587    top_i/UART_RX_0/U0/clk
    SLICE_X3Y52          FDRE                                         r  top_i/UART_RX_0/U0/s_rx_byte_ready_reg/C
  -------------------------------------------------------------------    -------------------
    SLICE_X3Y52          FDRE (Prop_fdre_C_Q)         0.141    -0.446 r  top_i/UART_RX_0/U0/s_rx_byte_ready_reg/Q
                         net (fo=3, routed)           0.369    -0.078    top_i/ASCII_LUT_0/U0/RX_BYTE_READY
    SLICE_X5Y45          FDRE                                         r  top_i/ASCII_LUT_0/U0/RX_BYTE_OUT_READY_reg/D
  -------------------------------------------------------------------    -------------------

                         (clock clk_out1_top_clk_wiz_0_0 rise edge)
                                                      0.000     0.000 r  
    W5                                                0.000     0.000 r  sys_clock (IN)
                         net (fo=0)                   0.000     0.000    top_i/clk_wiz_0/inst/clk_in1
    W5                   IBUF (Prop_ibuf_I_O)         0.414     0.414 r  top_i/clk_wiz_0/inst/clkin1_ibufg/O
                         net (fo=1, routed)           0.480     0.894    top_i/clk_wiz_0/inst/clk_in1_top_clk_wiz_0_0
    MMCME2_ADV_X1Y0      MMCME2_ADV (Prop_mmcme2_adv_CLKIN1_CLKOUT0)
                                                     -3.142    -2.248 r  top_i/clk_wiz_0/inst/mmcm_adv_inst/CLKOUT0
                         net (fo=1, routed)           0.530    -1.718    top_i/clk_wiz_0/inst/clk_out1_top_clk_wiz_0_0
    BUFGCTRL_X0Y0        BUFG (Prop_bufg_I_O)         0.029    -1.689 r  top_i/clk_wiz_0/inst/clkout1_buf/O
                         net (fo=276, routed)         0.864    -0.826    top_i/ASCII_LUT_0/U0/clk
    SLICE_X5Y45          FDRE                                         r  top_i/ASCII_LUT_0/U0/RX_BYTE_OUT_READY_reg/C
                         clock pessimism              0.508    -0.317    
    SLICE_X5Y45          FDRE (Hold_fdre_C_D)         0.075    -0.242    top_i/ASCII_LUT_0/U0/RX_BYTE_OUT_READY_reg
  -------------------------------------------------------------------
                         required time                          0.242    
                         arrival time                          -0.078    
  -------------------------------------------------------------------
                         slack                                  0.165    





Pulse Width Checks
--------------------------------------------------------------------------------------
Clock Name:         clk_out1_top_clk_wiz_0_0
Waveform(ns):       { 0.000 5.000 }
Period(ns):         10.000
Sources:            { top_i/clk_wiz_0/inst/mmcm_adv_inst/CLKOUT0 }

Check Type        Corner  Lib Pin             Reference Pin  Required(ns)  Actual(ns)  Slack(ns)  Location         Pin
Min Period        n/a     BUFG/I              n/a            2.155         10.000      7.845      BUFGCTRL_X0Y0    top_i/clk_wiz_0/inst/clkout1_buf/I
Min Period        n/a     MMCME2_ADV/CLKOUT0  n/a            1.249         10.000      8.751      MMCME2_ADV_X1Y0  top_i/clk_wiz_0/inst/mmcm_adv_inst/CLKOUT0
Min Period        n/a     FDRE/C              n/a            1.000         10.000      9.000      SLICE_X3Y47      top_i/ASCII_LUT_0/U0/ASCII_TYPE_reg[0]/C
Min Period        n/a     FDRE/C              n/a            1.000         10.000      9.000      SLICE_X4Y47      top_i/ASCII_LUT_0/U0/ASCII_TYPE_reg[1]/C
Min Period        n/a     FDRE/C              n/a            1.000         10.000      9.000      SLICE_X4Y47      top_i/ASCII_LUT_0/U0/ASCII_TYPE_reg[2]/C
Min Period        n/a     FDRE/C              n/a            1.000         10.000      9.000      SLICE_X5Y45      top_i/ASCII_LUT_0/U0/RX_BYTE_OUT_READY_reg/C
Min Period        n/a     FDRE/C              n/a            1.000         10.000      9.000      SLICE_X4Y48      top_i/ASCII_LUT_0/U0/S_RX_BYTE_OUT_reg[0]/C
Min Period        n/a     FDRE/C              n/a            1.000         10.000      9.000      SLICE_X4Y47      top_i/ASCII_LUT_0/U0/S_RX_BYTE_OUT_reg[1]/C
Min Period        n/a     FDRE/C              n/a            1.000         10.000      9.000      SLICE_X3Y47      top_i/ASCII_LUT_0/U0/S_RX_BYTE_OUT_reg[2]/C
Min Period        n/a     FDRE/C              n/a            1.000         10.000      9.000      SLICE_X4Y47      top_i/ASCII_LUT_0/U0/S_RX_BYTE_OUT_reg[3]/C
Max Period        n/a     MMCME2_ADV/CLKOUT0  n/a            213.360       10.000      203.360    MMCME2_ADV_X1Y0  top_i/clk_wiz_0/inst/mmcm_adv_inst/CLKOUT0
Low Pulse Width   Slow    FDRE/C              n/a            0.500         5.000       4.500      SLICE_X3Y47      top_i/ASCII_LUT_0/U0/ASCII_TYPE_reg[0]/C
Low Pulse Width   Fast    FDRE/C              n/a            0.500         5.000       4.500      SLICE_X3Y47      top_i/ASCII_LUT_0/U0/ASCII_TYPE_reg[0]/C
Low Pulse Width   Slow    FDRE/C              n/a            0.500         5.000       4.500      SLICE_X4Y47      top_i/ASCII_LUT_0/U0/ASCII_TYPE_reg[1]/C
Low Pulse Width   Fast    FDRE/C              n/a            0.500         5.000       4.500      SLICE_X4Y47      top_i/ASCII_LUT_0/U0/ASCII_TYPE_reg[1]/C
Low Pulse Width   Slow    FDRE/C              n/a            0.500         5.000       4.500      SLICE_X4Y47      top_i/ASCII_LUT_0/U0/ASCII_TYPE_reg[2]/C
Low Pulse Width   Fast    FDRE/C              n/a            0.500         5.000       4.500      SLICE_X4Y47      top_i/ASCII_LUT_0/U0/ASCII_TYPE_reg[2]/C
Low Pulse Width   Slow    FDRE/C              n/a            0.500         5.000       4.500      SLICE_X5Y45      top_i/ASCII_LUT_0/U0/RX_BYTE_OUT_READY_reg/C
Low Pulse Width   Fast    FDRE/C              n/a            0.500         5.000       4.500      SLICE_X5Y45      top_i/ASCII_LUT_0/U0/RX_BYTE_OUT_READY_reg/C
Low Pulse Width   Slow    FDRE/C              n/a            0.500         5.000       4.500      SLICE_X4Y48      top_i/ASCII_LUT_0/U0/S_RX_BYTE_OUT_reg[0]/C
Low Pulse Width   Fast    FDRE/C              n/a            0.500         5.000       4.500      SLICE_X4Y48      top_i/ASCII_LUT_0/U0/S_RX_BYTE_OUT_reg[0]/C
High Pulse Width  Slow    FDRE/C              n/a            0.500         5.000       4.500      SLICE_X3Y47      top_i/ASCII_LUT_0/U0/ASCII_TYPE_reg[0]/C
High Pulse Width  Fast    FDRE/C              n/a            0.500         5.000       4.500      SLICE_X3Y47      top_i/ASCII_LUT_0/U0/ASCII_TYPE_reg[0]/C
High Pulse Width  Slow    FDRE/C              n/a            0.500         5.000       4.500      SLICE_X4Y47      top_i/ASCII_LUT_0/U0/ASCII_TYPE_reg[1]/C
High Pulse Width  Fast    FDRE/C              n/a            0.500         5.000       4.500      SLICE_X4Y47      top_i/ASCII_LUT_0/U0/ASCII_TYPE_reg[1]/C
High Pulse Width  Slow    FDRE/C              n/a            0.500         5.000       4.500      SLICE_X4Y47      top_i/ASCII_LUT_0/U0/ASCII_TYPE_reg[2]/C
High Pulse Width  Fast    FDRE/C              n/a            0.500         5.000       4.500      SLICE_X4Y47      top_i/ASCII_LUT_0/U0/ASCII_TYPE_reg[2]/C
High Pulse Width  Slow    FDRE/C              n/a            0.500         5.000       4.500      SLICE_X5Y45      top_i/ASCII_LUT_0/U0/RX_BYTE_OUT_READY_reg/C
High Pulse Width  Fast    FDRE/C              n/a            0.500         5.000       4.500      SLICE_X5Y45      top_i/ASCII_LUT_0/U0/RX_BYTE_OUT_READY_reg/C
High Pulse Width  Slow    FDRE/C              n/a            0.500         5.000       4.500      SLICE_X4Y48      top_i/ASCII_LUT_0/U0/S_RX_BYTE_OUT_reg[0]/C
High Pulse Width  Fast    FDRE/C              n/a            0.500         5.000       4.500      SLICE_X4Y48      top_i/ASCII_LUT_0/U0/S_RX_BYTE_OUT_reg[0]/C



---------------------------------------------------------------------------------------------------
From Clock:  clkfbout_top_clk_wiz_0_0
  To Clock:  clkfbout_top_clk_wiz_0_0

Setup :           NA  Failing Endpoints,  Worst Slack           NA  ,  Total Violation           NA
Hold  :           NA  Failing Endpoints,  Worst Slack           NA  ,  Total Violation           NA
PW    :            0  Failing Endpoints,  Worst Slack        7.845ns,  Total Violation        0.000ns
---------------------------------------------------------------------------------------------------


Pulse Width Checks
--------------------------------------------------------------------------------------
Clock Name:         clkfbout_top_clk_wiz_0_0
Waveform(ns):       { 0.000 5.000 }
Period(ns):         10.000
Sources:            { top_i/clk_wiz_0/inst/mmcm_adv_inst/CLKFBOUT }

Check Type  Corner  Lib Pin              Reference Pin  Required(ns)  Actual(ns)  Slack(ns)  Location         Pin
Min Period  n/a     BUFG/I               n/a            2.155         10.000      7.845      BUFGCTRL_X0Y1    top_i/clk_wiz_0/inst/clkf_buf/I
Min Period  n/a     MMCME2_ADV/CLKFBOUT  n/a            1.249         10.000      8.751      MMCME2_ADV_X1Y0  top_i/clk_wiz_0/inst/mmcm_adv_inst/CLKFBOUT
Min Period  n/a     MMCME2_ADV/CLKFBIN   n/a            1.249         10.000      8.751      MMCME2_ADV_X1Y0  top_i/clk_wiz_0/inst/mmcm_adv_inst/CLKFBIN
Max Period  n/a     MMCME2_ADV/CLKFBIN   n/a            100.000       10.000      90.000     MMCME2_ADV_X1Y0  top_i/clk_wiz_0/inst/mmcm_adv_inst/CLKFBIN
Max Period  n/a     MMCME2_ADV/CLKFBOUT  n/a            213.360       10.000      203.360    MMCME2_ADV_X1Y0  top_i/clk_wiz_0/inst/mmcm_adv_inst/CLKFBOUT



--------------------------------------------------------------------------------------
Path Group:  (none)
From Clock:  clk_out1_top_clk_wiz_0_0
  To Clock:  

Max Delay             9 Endpoints
Min Delay             9 Endpoints
--------------------------------------------------------------------------------------


Max Delay Paths
--------------------------------------------------------------------------------------
Slack:                    inf
  Source:                 top_i/LED_Toggle_0/U0/LED_ON_reg/C
                            (rising edge-triggered cell FDRE clocked by clk_out1_top_clk_wiz_0_0  {rise@0.000ns fall@5.000ns period=10.000ns})
  Destination:            led[6]
                            (output port)
  Path Group:             (none)
  Path Type:              Max at Slow Process Corner
  Data Path Delay:        8.053ns  (logic 4.024ns (49.971%)  route 4.029ns (50.029%))
  Logic Levels:           1  (OBUF=1)
  Clock Uncertainty:      0.169ns  ((TSJ^2 + DJ^2)^1/2) / 2 + PE
    Total System Jitter     (TSJ):    0.050ns
    Discrete Jitter          (DJ):    0.131ns
    Phase Error              (PE):    0.099ns

    Location             Delay type                Incr(ns)  Path(ns)    Netlist Resource(s)
  -------------------------------------------------------------------    -------------------
                         (clock clk_out1_top_clk_wiz_0_0 rise edge)
                                                      0.000     0.000 r  
    W5                                                0.000     0.000 r  sys_clock (IN)
                         net (fo=0)                   0.000     0.000    top_i/clk_wiz_0/inst/clk_in1
    W5                   IBUF (Prop_ibuf_I_O)         1.458     1.458 r  top_i/clk_wiz_0/inst/clkin1_ibufg/O
                         net (fo=1, routed)           1.233     2.691    top_i/clk_wiz_0/inst/clk_in1_top_clk_wiz_0_0
    MMCME2_ADV_X1Y0      MMCME2_ADV (Prop_mmcme2_adv_CLKIN1_CLKOUT0)
                                                     -6.961    -4.269 r  top_i/clk_wiz_0/inst/mmcm_adv_inst/CLKOUT0
                         net (fo=1, routed)           1.661    -2.608    top_i/clk_wiz_0/inst/clk_out1_top_clk_wiz_0_0
    BUFGCTRL_X0Y0        BUFG (Prop_bufg_I_O)         0.096    -2.512 r  top_i/clk_wiz_0/inst/clkout1_buf/O
                         net (fo=276, routed)         1.569    -0.943    top_i/LED_Toggle_0/U0/clock_100
    SLICE_X14Y43         FDRE                                         r  top_i/LED_Toggle_0/U0/LED_ON_reg/C
  -------------------------------------------------------------------    -------------------
    SLICE_X14Y43         FDRE (Prop_fdre_C_Q)         0.518    -0.425 r  top_i/LED_Toggle_0/U0/LED_ON_reg/Q
                         net (fo=9, routed)           4.029     3.604    led_OBUF[6]
    U14                  OBUF (Prop_obuf_I_O)         3.506     7.111 r  led_OBUF[6]_inst/O
                         net (fo=0)                   0.000     7.111    led[6]
    U14                                                               r  led[6] (OUT)
  -------------------------------------------------------------------    -------------------

Slack:                    inf
  Source:                 top_i/UART_TX_0/U0/uart_tx_out_reg/C
                            (rising edge-triggered cell FDRE clocked by clk_out1_top_clk_wiz_0_0  {rise@0.000ns fall@5.000ns period=10.000ns})
  Destination:            RsTx
                            (output port)
  Path Group:             (none)
  Path Type:              Max at Slow Process Corner
  Data Path Delay:        7.846ns  (logic 3.974ns (50.649%)  route 3.872ns (49.351%))
  Logic Levels:           1  (OBUF=1)
  Clock Uncertainty:      0.169ns  ((TSJ^2 + DJ^2)^1/2) / 2 + PE
    Total System Jitter     (TSJ):    0.050ns
    Discrete Jitter          (DJ):    0.131ns
    Phase Error              (PE):    0.099ns

    Location             Delay type                Incr(ns)  Path(ns)    Netlist Resource(s)
  -------------------------------------------------------------------    -------------------
                         (clock clk_out1_top_clk_wiz_0_0 rise edge)
                                                      0.000     0.000 r  
    W5                                                0.000     0.000 r  sys_clock (IN)
                         net (fo=0)                   0.000     0.000    top_i/clk_wiz_0/inst/clk_in1
    W5                   IBUF (Prop_ibuf_I_O)         1.458     1.458 r  top_i/clk_wiz_0/inst/clkin1_ibufg/O
                         net (fo=1, routed)           1.233     2.691    top_i/clk_wiz_0/inst/clk_in1_top_clk_wiz_0_0
    MMCME2_ADV_X1Y0      MMCME2_ADV (Prop_mmcme2_adv_CLKIN1_CLKOUT0)
                                                     -6.961    -4.269 r  top_i/clk_wiz_0/inst/mmcm_adv_inst/CLKOUT0
                         net (fo=1, routed)           1.661    -2.608    top_i/clk_wiz_0/inst/clk_out1_top_clk_wiz_0_0
    BUFGCTRL_X0Y0        BUFG (Prop_bufg_I_O)         0.096    -2.512 r  top_i/clk_wiz_0/inst/clkout1_buf/O
                         net (fo=276, routed)         1.638    -0.874    top_i/UART_TX_0/U0/clk
    SLICE_X0Y43          FDRE                                         r  top_i/UART_TX_0/U0/uart_tx_out_reg/C
  -------------------------------------------------------------------    -------------------
    SLICE_X0Y43          FDRE (Prop_fdre_C_Q)         0.456    -0.418 r  top_i/UART_TX_0/U0/uart_tx_out_reg/Q
                         net (fo=2, routed)           3.872     3.454    RsTx_OBUF
    A18                  OBUF (Prop_obuf_I_O)         3.518     6.972 r  RsTx_OBUF_inst/O
                         net (fo=0)                   0.000     6.972    RsTx
    A18                                                               r  RsTx (OUT)
  -------------------------------------------------------------------    -------------------

Slack:                    inf
  Source:                 top_i/LED_Toggle_0/U0/LED_ON_reg/C
                            (rising edge-triggered cell FDRE clocked by clk_out1_top_clk_wiz_0_0  {rise@0.000ns fall@5.000ns period=10.000ns})
  Destination:            led[7]
                            (output port)
  Path Group:             (none)
  Path Type:              Max at Slow Process Corner
  Data Path Delay:        7.908ns  (logic 4.019ns (50.821%)  route 3.889ns (49.179%))
  Logic Levels:           1  (OBUF=1)
  Clock Uncertainty:      0.169ns  ((TSJ^2 + DJ^2)^1/2) / 2 + PE
    Total System Jitter     (TSJ):    0.050ns
    Discrete Jitter          (DJ):    0.131ns
    Phase Error              (PE):    0.099ns

    Location             Delay type                Incr(ns)  Path(ns)    Netlist Resource(s)
  -------------------------------------------------------------------    -------------------
                         (clock clk_out1_top_clk_wiz_0_0 rise edge)
                                                      0.000     0.000 r  
    W5                                                0.000     0.000 r  sys_clock (IN)
                         net (fo=0)                   0.000     0.000    top_i/clk_wiz_0/inst/clk_in1
    W5                   IBUF (Prop_ibuf_I_O)         1.458     1.458 r  top_i/clk_wiz_0/inst/clkin1_ibufg/O
                         net (fo=1, routed)           1.233     2.691    top_i/clk_wiz_0/inst/clk_in1_top_clk_wiz_0_0
    MMCME2_ADV_X1Y0      MMCME2_ADV (Prop_mmcme2_adv_CLKIN1_CLKOUT0)
                                                     -6.961    -4.269 r  top_i/clk_wiz_0/inst/mmcm_adv_inst/CLKOUT0
                         net (fo=1, routed)           1.661    -2.608    top_i/clk_wiz_0/inst/clk_out1_top_clk_wiz_0_0
    BUFGCTRL_X0Y0        BUFG (Prop_bufg_I_O)         0.096    -2.512 r  top_i/clk_wiz_0/inst/clkout1_buf/O
                         net (fo=276, routed)         1.569    -0.943    top_i/LED_Toggle_0/U0/clock_100
    SLICE_X14Y43         FDRE                                         r  top_i/LED_Toggle_0/U0/LED_ON_reg/C
  -------------------------------------------------------------------    -------------------
    SLICE_X14Y43         FDRE (Prop_fdre_C_Q)         0.518    -0.425 r  top_i/LED_Toggle_0/U0/LED_ON_reg/Q
                         net (fo=9, routed)           3.889     3.464    led_OBUF[7]
    V14                  OBUF (Prop_obuf_I_O)         3.501     6.965 r  led_OBUF[7]_inst/O
                         net (fo=0)                   0.000     6.965    led[7]
    V14                                                               r  led[7] (OUT)
  -------------------------------------------------------------------    -------------------

Slack:                    inf
  Source:                 top_i/LED_Toggle_0/U0/LED_ON_reg/C
                            (rising edge-triggered cell FDRE clocked by clk_out1_top_clk_wiz_0_0  {rise@0.000ns fall@5.000ns period=10.000ns})
  Destination:            led[0]
                            (output port)
  Path Group:             (none)
  Path Type:              Max at Slow Process Corner
  Data Path Delay:        7.758ns  (logic 4.023ns (51.851%)  route 3.736ns (48.149%))
  Logic Levels:           1  (OBUF=1)
  Clock Uncertainty:      0.169ns  ((TSJ^2 + DJ^2)^1/2) / 2 + PE
    Total System Jitter     (TSJ):    0.050ns
    Discrete Jitter          (DJ):    0.131ns
    Phase Error              (PE):    0.099ns

    Location             Delay type                Incr(ns)  Path(ns)    Netlist Resource(s)
  -------------------------------------------------------------------    -------------------
                         (clock clk_out1_top_clk_wiz_0_0 rise edge)
                                                      0.000     0.000 r  
    W5                                                0.000     0.000 r  sys_clock (IN)
                         net (fo=0)                   0.000     0.000    top_i/clk_wiz_0/inst/clk_in1
    W5                   IBUF (Prop_ibuf_I_O)         1.458     1.458 r  top_i/clk_wiz_0/inst/clkin1_ibufg/O
                         net (fo=1, routed)           1.233     2.691    top_i/clk_wiz_0/inst/clk_in1_top_clk_wiz_0_0
    MMCME2_ADV_X1Y0      MMCME2_ADV (Prop_mmcme2_adv_CLKIN1_CLKOUT0)
                                                     -6.961    -4.269 r  top_i/clk_wiz_0/inst/mmcm_adv_inst/CLKOUT0
                         net (fo=1, routed)           1.661    -2.608    top_i/clk_wiz_0/inst/clk_out1_top_clk_wiz_0_0
    BUFGCTRL_X0Y0        BUFG (Prop_bufg_I_O)         0.096    -2.512 r  top_i/clk_wiz_0/inst/clkout1_buf/O
                         net (fo=276, routed)         1.569    -0.943    top_i/LED_Toggle_0/U0/clock_100
    SLICE_X14Y43         FDRE                                         r  top_i/LED_Toggle_0/U0/LED_ON_reg/C
  -------------------------------------------------------------------    -------------------
    SLICE_X14Y43         FDRE (Prop_fdre_C_Q)         0.518    -0.425 r  top_i/LED_Toggle_0/U0/LED_ON_reg/Q
                         net (fo=9, routed)           3.736     3.311    led_OBUF[0]
    U16                  OBUF (Prop_obuf_I_O)         3.505     6.816 r  led_OBUF[0]_inst/O
                         net (fo=0)                   0.000     6.816    led[0]
    U16                                                               r  led[0] (OUT)
  -------------------------------------------------------------------    -------------------

Slack:                    inf
  Source:                 top_i/LED_Toggle_0/U0/LED_ON_reg/C
                            (rising edge-triggered cell FDRE clocked by clk_out1_top_clk_wiz_0_0  {rise@0.000ns fall@5.000ns period=10.000ns})
  Destination:            led[5]
                            (output port)
  Path Group:             (none)
  Path Type:              Max at Slow Process Corner
  Data Path Delay:        7.618ns  (logic 4.032ns (52.933%)  route 3.586ns (47.067%))
  Logic Levels:           1  (OBUF=1)
  Clock Uncertainty:      0.169ns  ((TSJ^2 + DJ^2)^1/2) / 2 + PE
    Total System Jitter     (TSJ):    0.050ns
    Discrete Jitter          (DJ):    0.131ns
    Phase Error              (PE):    0.099ns

    Location             Delay type                Incr(ns)  Path(ns)    Netlist Resource(s)
  -------------------------------------------------------------------    -------------------
                         (clock clk_out1_top_clk_wiz_0_0 rise edge)
                                                      0.000     0.000 r  
    W5                                                0.000     0.000 r  sys_clock (IN)
                         net (fo=0)                   0.000     0.000    top_i/clk_wiz_0/inst/clk_in1
    W5                   IBUF (Prop_ibuf_I_O)         1.458     1.458 r  top_i/clk_wiz_0/inst/clkin1_ibufg/O
                         net (fo=1, routed)           1.233     2.691    top_i/clk_wiz_0/inst/clk_in1_top_clk_wiz_0_0
    MMCME2_ADV_X1Y0      MMCME2_ADV (Prop_mmcme2_adv_CLKIN1_CLKOUT0)
                                                     -6.961    -4.269 r  top_i/clk_wiz_0/inst/mmcm_adv_inst/CLKOUT0
                         net (fo=1, routed)           1.661    -2.608    top_i/clk_wiz_0/inst/clk_out1_top_clk_wiz_0_0
    BUFGCTRL_X0Y0        BUFG (Prop_bufg_I_O)         0.096    -2.512 r  top_i/clk_wiz_0/inst/clkout1_buf/O
                         net (fo=276, routed)         1.569    -0.943    top_i/LED_Toggle_0/U0/clock_100
    SLICE_X14Y43         FDRE                                         r  top_i/LED_Toggle_0/U0/LED_ON_reg/C
  -------------------------------------------------------------------    -------------------
    SLICE_X14Y43         FDRE (Prop_fdre_C_Q)         0.518    -0.425 r  top_i/LED_Toggle_0/U0/LED_ON_reg/Q
                         net (fo=9, routed)           3.586     3.161    led_OBUF[5]
    U15                  OBUF (Prop_obuf_I_O)         3.514     6.676 r  led_OBUF[5]_inst/O
                         net (fo=0)                   0.000     6.676    led[5]
    U15                                                               r  led[5] (OUT)
  -------------------------------------------------------------------    -------------------

Slack:                    inf
  Source:                 top_i/LED_Toggle_0/U0/LED_ON_reg/C
                            (rising edge-triggered cell FDRE clocked by clk_out1_top_clk_wiz_0_0  {rise@0.000ns fall@5.000ns period=10.000ns})
  Destination:            led[4]
                            (output port)
  Path Group:             (none)
  Path Type:              Max at Slow Process Corner
  Data Path Delay:        7.049ns  (logic 4.027ns (57.123%)  route 3.022ns (42.877%))
  Logic Levels:           1  (OBUF=1)
  Clock Uncertainty:      0.169ns  ((TSJ^2 + DJ^2)^1/2) / 2 + PE
    Total System Jitter     (TSJ):    0.050ns
    Discrete Jitter          (DJ):    0.131ns
    Phase Error              (PE):    0.099ns

    Location             Delay type                Incr(ns)  Path(ns)    Netlist Resource(s)
  -------------------------------------------------------------------    -------------------
                         (clock clk_out1_top_clk_wiz_0_0 rise edge)
                                                      0.000     0.000 r  
    W5                                                0.000     0.000 r  sys_clock (IN)
                         net (fo=0)                   0.000     0.000    top_i/clk_wiz_0/inst/clk_in1
    W5                   IBUF (Prop_ibuf_I_O)         1.458     1.458 r  top_i/clk_wiz_0/inst/clkin1_ibufg/O
                         net (fo=1, routed)           1.233     2.691    top_i/clk_wiz_0/inst/clk_in1_top_clk_wiz_0_0
    MMCME2_ADV_X1Y0      MMCME2_ADV (Prop_mmcme2_adv_CLKIN1_CLKOUT0)
                                                     -6.961    -4.269 r  top_i/clk_wiz_0/inst/mmcm_adv_inst/CLKOUT0
                         net (fo=1, routed)           1.661    -2.608    top_i/clk_wiz_0/inst/clk_out1_top_clk_wiz_0_0
    BUFGCTRL_X0Y0        BUFG (Prop_bufg_I_O)         0.096    -2.512 r  top_i/clk_wiz_0/inst/clkout1_buf/O
                         net (fo=276, routed)         1.569    -0.943    top_i/LED_Toggle_0/U0/clock_100
    SLICE_X14Y43         FDRE                                         r  top_i/LED_Toggle_0/U0/LED_ON_reg/C
  -------------------------------------------------------------------    -------------------
    SLICE_X14Y43         FDRE (Prop_fdre_C_Q)         0.518    -0.425 r  top_i/LED_Toggle_0/U0/LED_ON_reg/Q
                         net (fo=9, routed)           3.022     2.598    led_OBUF[4]
    W18                  OBUF (Prop_obuf_I_O)         3.509     6.106 r  led_OBUF[4]_inst/O
                         net (fo=0)                   0.000     6.106    led[4]
    W18                                                               r  led[4] (OUT)
  -------------------------------------------------------------------    -------------------

Slack:                    inf
  Source:                 top_i/LED_Toggle_0/U0/LED_ON_reg/C
                            (rising edge-triggered cell FDRE clocked by clk_out1_top_clk_wiz_0_0  {rise@0.000ns fall@5.000ns period=10.000ns})
  Destination:            led[3]
                            (output port)
  Path Group:             (none)
  Path Type:              Max at Slow Process Corner
  Data Path Delay:        6.909ns  (logic 4.027ns (58.283%)  route 2.882ns (41.717%))
  Logic Levels:           1  (OBUF=1)
  Clock Uncertainty:      0.169ns  ((TSJ^2 + DJ^2)^1/2) / 2 + PE
    Total System Jitter     (TSJ):    0.050ns
    Discrete Jitter          (DJ):    0.131ns
    Phase Error              (PE):    0.099ns

    Location             Delay type                Incr(ns)  Path(ns)    Netlist Resource(s)
  -------------------------------------------------------------------    -------------------
                         (clock clk_out1_top_clk_wiz_0_0 rise edge)
                                                      0.000     0.000 r  
    W5                                                0.000     0.000 r  sys_clock (IN)
                         net (fo=0)                   0.000     0.000    top_i/clk_wiz_0/inst/clk_in1
    W5                   IBUF (Prop_ibuf_I_O)         1.458     1.458 r  top_i/clk_wiz_0/inst/clkin1_ibufg/O
                         net (fo=1, routed)           1.233     2.691    top_i/clk_wiz_0/inst/clk_in1_top_clk_wiz_0_0
    MMCME2_ADV_X1Y0      MMCME2_ADV (Prop_mmcme2_adv_CLKIN1_CLKOUT0)
                                                     -6.961    -4.269 r  top_i/clk_wiz_0/inst/mmcm_adv_inst/CLKOUT0
                         net (fo=1, routed)           1.661    -2.608    top_i/clk_wiz_0/inst/clk_out1_top_clk_wiz_0_0
    BUFGCTRL_X0Y0        BUFG (Prop_bufg_I_O)         0.096    -2.512 r  top_i/clk_wiz_0/inst/clkout1_buf/O
                         net (fo=276, routed)         1.569    -0.943    top_i/LED_Toggle_0/U0/clock_100
    SLICE_X14Y43         FDRE                                         r  top_i/LED_Toggle_0/U0/LED_ON_reg/C
  -------------------------------------------------------------------    -------------------
    SLICE_X14Y43         FDRE (Prop_fdre_C_Q)         0.518    -0.425 r  top_i/LED_Toggle_0/U0/LED_ON_reg/Q
                         net (fo=9, routed)           2.882     2.458    led_OBUF[3]
    V19                  OBUF (Prop_obuf_I_O)         3.509     5.967 r  led_OBUF[3]_inst/O
                         net (fo=0)                   0.000     5.967    led[3]
    V19                                                               r  led[3] (OUT)
  -------------------------------------------------------------------    -------------------

Slack:                    inf
  Source:                 top_i/LED_Toggle_0/U0/LED_ON_reg/C
                            (rising edge-triggered cell FDRE clocked by clk_out1_top_clk_wiz_0_0  {rise@0.000ns fall@5.000ns period=10.000ns})
  Destination:            led[2]
                            (output port)
  Path Group:             (none)
  Path Type:              Max at Slow Process Corner
  Data Path Delay:        6.739ns  (logic 4.019ns (59.634%)  route 2.720ns (40.366%))
  Logic Levels:           1  (OBUF=1)
  Clock Uncertainty:      0.169ns  ((TSJ^2 + DJ^2)^1/2) / 2 + PE
    Total System Jitter     (TSJ):    0.050ns
    Discrete Jitter          (DJ):    0.131ns
    Phase Error              (PE):    0.099ns

    Location             Delay type                Incr(ns)  Path(ns)    Netlist Resource(s)
  -------------------------------------------------------------------    -------------------
                         (clock clk_out1_top_clk_wiz_0_0 rise edge)
                                                      0.000     0.000 r  
    W5                                                0.000     0.000 r  sys_clock (IN)
                         net (fo=0)                   0.000     0.000    top_i/clk_wiz_0/inst/clk_in1
    W5                   IBUF (Prop_ibuf_I_O)         1.458     1.458 r  top_i/clk_wiz_0/inst/clkin1_ibufg/O
                         net (fo=1, routed)           1.233     2.691    top_i/clk_wiz_0/inst/clk_in1_top_clk_wiz_0_0
    MMCME2_ADV_X1Y0      MMCME2_ADV (Prop_mmcme2_adv_CLKIN1_CLKOUT0)
                                                     -6.961    -4.269 r  top_i/clk_wiz_0/inst/mmcm_adv_inst/CLKOUT0
                         net (fo=1, routed)           1.661    -2.608    top_i/clk_wiz_0/inst/clk_out1_top_clk_wiz_0_0
    BUFGCTRL_X0Y0        BUFG (Prop_bufg_I_O)         0.096    -2.512 r  top_i/clk_wiz_0/inst/clkout1_buf/O
                         net (fo=276, routed)         1.569    -0.943    top_i/LED_Toggle_0/U0/clock_100
    SLICE_X14Y43         FDRE                                         r  top_i/LED_Toggle_0/U0/LED_ON_reg/C
  -------------------------------------------------------------------    -------------------
    SLICE_X14Y43         FDRE (Prop_fdre_C_Q)         0.518    -0.425 r  top_i/LED_Toggle_0/U0/LED_ON_reg/Q
                         net (fo=9, routed)           2.720     2.296    led_OBUF[2]
    U19                  OBUF (Prop_obuf_I_O)         3.501     5.797 r  led_OBUF[2]_inst/O
                         net (fo=0)                   0.000     5.797    led[2]
    U19                                                               r  led[2] (OUT)
  -------------------------------------------------------------------    -------------------

Slack:                    inf
  Source:                 top_i/LED_Toggle_0/U0/LED_ON_reg/C
                            (rising edge-triggered cell FDRE clocked by clk_out1_top_clk_wiz_0_0  {rise@0.000ns fall@5.000ns period=10.000ns})
  Destination:            led[1]
                            (output port)
  Path Group:             (none)
  Path Type:              Max at Slow Process Corner
  Data Path Delay:        6.198ns  (logic 4.048ns (65.312%)  route 2.150ns (34.688%))
  Logic Levels:           1  (OBUF=1)
  Clock Uncertainty:      0.169ns  ((TSJ^2 + DJ^2)^1/2) / 2 + PE
    Total System Jitter     (TSJ):    0.050ns
    Discrete Jitter          (DJ):    0.131ns
    Phase Error              (PE):    0.099ns

    Location             Delay type                Incr(ns)  Path(ns)    Netlist Resource(s)
  -------------------------------------------------------------------    -------------------
                         (clock clk_out1_top_clk_wiz_0_0 rise edge)
                                                      0.000     0.000 r  
    W5                                                0.000     0.000 r  sys_clock (IN)
                         net (fo=0)                   0.000     0.000    top_i/clk_wiz_0/inst/clk_in1
    W5                   IBUF (Prop_ibuf_I_O)         1.458     1.458 r  top_i/clk_wiz_0/inst/clkin1_ibufg/O
                         net (fo=1, routed)           1.233     2.691    top_i/clk_wiz_0/inst/clk_in1_top_clk_wiz_0_0
    MMCME2_ADV_X1Y0      MMCME2_ADV (Prop_mmcme2_adv_CLKIN1_CLKOUT0)
                                                     -6.961    -4.269 r  top_i/clk_wiz_0/inst/mmcm_adv_inst/CLKOUT0
                         net (fo=1, routed)           1.661    -2.608    top_i/clk_wiz_0/inst/clk_out1_top_clk_wiz_0_0
    BUFGCTRL_X0Y0        BUFG (Prop_bufg_I_O)         0.096    -2.512 r  top_i/clk_wiz_0/inst/clkout1_buf/O
                         net (fo=276, routed)         1.569    -0.943    top_i/LED_Toggle_0/U0/clock_100
    SLICE_X14Y43         FDRE                                         r  top_i/LED_Toggle_0/U0/LED_ON_reg/C
  -------------------------------------------------------------------    -------------------
    SLICE_X14Y43         FDRE (Prop_fdre_C_Q)         0.518    -0.425 r  top_i/LED_Toggle_0/U0/LED_ON_reg/Q
                         net (fo=9, routed)           2.150     1.725    led_OBUF[1]
    E19                  OBUF (Prop_obuf_I_O)         3.530     5.255 r  led_OBUF[1]_inst/O
                         net (fo=0)                   0.000     5.255    led[1]
    E19                                                               r  led[1] (OUT)
  -------------------------------------------------------------------    -------------------





Min Delay Paths
--------------------------------------------------------------------------------------
Slack:                    inf
  Source:                 top_i/LED_Toggle_0/U0/LED_ON_reg/C
                            (rising edge-triggered cell FDRE clocked by clk_out1_top_clk_wiz_0_0  {rise@0.000ns fall@5.000ns period=10.000ns})
  Destination:            led[1]
                            (output port)
  Path Group:             (none)
  Path Type:              Min at Fast Process Corner
  Data Path Delay:        1.990ns  (logic 1.395ns (70.065%)  route 0.596ns (29.935%))
  Logic Levels:           1  (OBUF=1)
  Clock Uncertainty:      0.169ns  ((TSJ^2 + DJ^2)^1/2) / 2 + PE
    Total System Jitter     (TSJ):    0.050ns
    Discrete Jitter          (DJ):    0.131ns
    Phase Error              (PE):    0.099ns

    Location             Delay type                Incr(ns)  Path(ns)    Netlist Resource(s)
  -------------------------------------------------------------------    -------------------
                         (clock clk_out1_top_clk_wiz_0_0 rise edge)
                                                      0.000     0.000 r  
    W5                                                0.000     0.000 r  sys_clock (IN)
                         net (fo=0)                   0.000     0.000    top_i/clk_wiz_0/inst/clk_in1
    W5                   IBUF (Prop_ibuf_I_O)         0.226     0.226 r  top_i/clk_wiz_0/inst/clkin1_ibufg/O
                         net (fo=1, routed)           0.440     0.667    top_i/clk_wiz_0/inst/clk_in1_top_clk_wiz_0_0
    MMCME2_ADV_X1Y0      MMCME2_ADV (Prop_mmcme2_adv_CLKIN1_CLKOUT0)
                                                     -2.360    -1.693 r  top_i/clk_wiz_0/inst/mmcm_adv_inst/CLKOUT0
                         net (fo=1, routed)           0.486    -1.207    top_i/clk_wiz_0/inst/clk_out1_top_clk_wiz_0_0
    BUFGCTRL_X0Y0        BUFG (Prop_bufg_I_O)         0.026    -1.181 r  top_i/clk_wiz_0/inst/clkout1_buf/O
                         net (fo=276, routed)         0.566    -0.615    top_i/LED_Toggle_0/U0/clock_100
    SLICE_X14Y43         FDRE                                         r  top_i/LED_Toggle_0/U0/LED_ON_reg/C
  -------------------------------------------------------------------    -------------------
    SLICE_X14Y43         FDRE (Prop_fdre_C_Q)         0.164    -0.451 r  top_i/LED_Toggle_0/U0/LED_ON_reg/Q
                         net (fo=9, routed)           0.596     0.144    led_OBUF[1]
    E19                  OBUF (Prop_obuf_I_O)         1.231     1.375 r  led_OBUF[1]_inst/O
                         net (fo=0)                   0.000     1.375    led[1]
    E19                                                               r  led[1] (OUT)
  -------------------------------------------------------------------    -------------------

Slack:                    inf
  Source:                 top_i/LED_Toggle_0/U0/LED_ON_reg/C
                            (rising edge-triggered cell FDRE clocked by clk_out1_top_clk_wiz_0_0  {rise@0.000ns fall@5.000ns period=10.000ns})
  Destination:            led[2]
                            (output port)
  Path Group:             (none)
  Path Type:              Min at Fast Process Corner
  Data Path Delay:        2.205ns  (logic 1.366ns (61.967%)  route 0.838ns (38.033%))
  Logic Levels:           1  (OBUF=1)
  Clock Uncertainty:      0.169ns  ((TSJ^2 + DJ^2)^1/2) / 2 + PE
    Total System Jitter     (TSJ):    0.050ns
    Discrete Jitter          (DJ):    0.131ns
    Phase Error              (PE):    0.099ns

    Location             Delay type                Incr(ns)  Path(ns)    Netlist Resource(s)
  -------------------------------------------------------------------    -------------------
                         (clock clk_out1_top_clk_wiz_0_0 rise edge)
                                                      0.000     0.000 r  
    W5                                                0.000     0.000 r  sys_clock (IN)
                         net (fo=0)                   0.000     0.000    top_i/clk_wiz_0/inst/clk_in1
    W5                   IBUF (Prop_ibuf_I_O)         0.226     0.226 r  top_i/clk_wiz_0/inst/clkin1_ibufg/O
                         net (fo=1, routed)           0.440     0.667    top_i/clk_wiz_0/inst/clk_in1_top_clk_wiz_0_0
    MMCME2_ADV_X1Y0      MMCME2_ADV (Prop_mmcme2_adv_CLKIN1_CLKOUT0)
                                                     -2.360    -1.693 r  top_i/clk_wiz_0/inst/mmcm_adv_inst/CLKOUT0
                         net (fo=1, routed)           0.486    -1.207    top_i/clk_wiz_0/inst/clk_out1_top_clk_wiz_0_0
    BUFGCTRL_X0Y0        BUFG (Prop_bufg_I_O)         0.026    -1.181 r  top_i/clk_wiz_0/inst/clkout1_buf/O
                         net (fo=276, routed)         0.566    -0.615    top_i/LED_Toggle_0/U0/clock_100
    SLICE_X14Y43         FDRE                                         r  top_i/LED_Toggle_0/U0/LED_ON_reg/C
  -------------------------------------------------------------------    -------------------
    SLICE_X14Y43         FDRE (Prop_fdre_C_Q)         0.164    -0.451 r  top_i/LED_Toggle_0/U0/LED_ON_reg/Q
                         net (fo=9, routed)           0.838     0.387    led_OBUF[2]
    U19                  OBUF (Prop_obuf_I_O)         1.202     1.589 r  led_OBUF[2]_inst/O
                         net (fo=0)                   0.000     1.589    led[2]
    U19                                                               r  led[2] (OUT)
  -------------------------------------------------------------------    -------------------

Slack:                    inf
  Source:                 top_i/LED_Toggle_0/U0/LED_ON_reg/C
                            (rising edge-triggered cell FDRE clocked by clk_out1_top_clk_wiz_0_0  {rise@0.000ns fall@5.000ns period=10.000ns})
  Destination:            led[3]
                            (output port)
  Path Group:             (none)
  Path Type:              Min at Fast Process Corner
  Data Path Delay:        2.287ns  (logic 1.374ns (60.071%)  route 0.913ns (39.929%))
  Logic Levels:           1  (OBUF=1)
  Clock Uncertainty:      0.169ns  ((TSJ^2 + DJ^2)^1/2) / 2 + PE
    Total System Jitter     (TSJ):    0.050ns
    Discrete Jitter          (DJ):    0.131ns
    Phase Error              (PE):    0.099ns

    Location             Delay type                Incr(ns)  Path(ns)    Netlist Resource(s)
  -------------------------------------------------------------------    -------------------
                         (clock clk_out1_top_clk_wiz_0_0 rise edge)
                                                      0.000     0.000 r  
    W5                                                0.000     0.000 r  sys_clock (IN)
                         net (fo=0)                   0.000     0.000    top_i/clk_wiz_0/inst/clk_in1
    W5                   IBUF (Prop_ibuf_I_O)         0.226     0.226 r  top_i/clk_wiz_0/inst/clkin1_ibufg/O
                         net (fo=1, routed)           0.440     0.667    top_i/clk_wiz_0/inst/clk_in1_top_clk_wiz_0_0
    MMCME2_ADV_X1Y0      MMCME2_ADV (Prop_mmcme2_adv_CLKIN1_CLKOUT0)
                                                     -2.360    -1.693 r  top_i/clk_wiz_0/inst/mmcm_adv_inst/CLKOUT0
                         net (fo=1, routed)           0.486    -1.207    top_i/clk_wiz_0/inst/clk_out1_top_clk_wiz_0_0
    BUFGCTRL_X0Y0        BUFG (Prop_bufg_I_O)         0.026    -1.181 r  top_i/clk_wiz_0/inst/clkout1_buf/O
                         net (fo=276, routed)         0.566    -0.615    top_i/LED_Toggle_0/U0/clock_100
    SLICE_X14Y43         FDRE                                         r  top_i/LED_Toggle_0/U0/LED_ON_reg/C
  -------------------------------------------------------------------    -------------------
    SLICE_X14Y43         FDRE (Prop_fdre_C_Q)         0.164    -0.451 r  top_i/LED_Toggle_0/U0/LED_ON_reg/Q
                         net (fo=9, routed)           0.913     0.462    led_OBUF[3]
    V19                  OBUF (Prop_obuf_I_O)         1.210     1.672 r  led_OBUF[3]_inst/O
                         net (fo=0)                   0.000     1.672    led[3]
    V19                                                               r  led[3] (OUT)
  -------------------------------------------------------------------    -------------------

Slack:                    inf
  Source:                 top_i/LED_Toggle_0/U0/LED_ON_reg/C
                            (rising edge-triggered cell FDRE clocked by clk_out1_top_clk_wiz_0_0  {rise@0.000ns fall@5.000ns period=10.000ns})
  Destination:            led[4]
                            (output port)
  Path Group:             (none)
  Path Type:              Min at Fast Process Corner
  Data Path Delay:        2.340ns  (logic 1.374ns (58.703%)  route 0.966ns (41.297%))
  Logic Levels:           1  (OBUF=1)
  Clock Uncertainty:      0.169ns  ((TSJ^2 + DJ^2)^1/2) / 2 + PE
    Total System Jitter     (TSJ):    0.050ns
    Discrete Jitter          (DJ):    0.131ns
    Phase Error              (PE):    0.099ns

    Location             Delay type                Incr(ns)  Path(ns)    Netlist Resource(s)
  -------------------------------------------------------------------    -------------------
                         (clock clk_out1_top_clk_wiz_0_0 rise edge)
                                                      0.000     0.000 r  
    W5                                                0.000     0.000 r  sys_clock (IN)
                         net (fo=0)                   0.000     0.000    top_i/clk_wiz_0/inst/clk_in1
    W5                   IBUF (Prop_ibuf_I_O)         0.226     0.226 r  top_i/clk_wiz_0/inst/clkin1_ibufg/O
                         net (fo=1, routed)           0.440     0.667    top_i/clk_wiz_0/inst/clk_in1_top_clk_wiz_0_0
    MMCME2_ADV_X1Y0      MMCME2_ADV (Prop_mmcme2_adv_CLKIN1_CLKOUT0)
                                                     -2.360    -1.693 r  top_i/clk_wiz_0/inst/mmcm_adv_inst/CLKOUT0
                         net (fo=1, routed)           0.486    -1.207    top_i/clk_wiz_0/inst/clk_out1_top_clk_wiz_0_0
    BUFGCTRL_X0Y0        BUFG (Prop_bufg_I_O)         0.026    -1.181 r  top_i/clk_wiz_0/inst/clkout1_buf/O
                         net (fo=276, routed)         0.566    -0.615    top_i/LED_Toggle_0/U0/clock_100
    SLICE_X14Y43         FDRE                                         r  top_i/LED_Toggle_0/U0/LED_ON_reg/C
  -------------------------------------------------------------------    -------------------
    SLICE_X14Y43         FDRE (Prop_fdre_C_Q)         0.164    -0.451 r  top_i/LED_Toggle_0/U0/LED_ON_reg/Q
                         net (fo=9, routed)           0.966     0.515    led_OBUF[4]
    W18                  OBUF (Prop_obuf_I_O)         1.210     1.725 r  led_OBUF[4]_inst/O
                         net (fo=0)                   0.000     1.725    led[4]
    W18                                                               r  led[4] (OUT)
  -------------------------------------------------------------------    -------------------

Slack:                    inf
  Source:                 top_i/LED_Toggle_0/U0/LED_ON_reg/C
                            (rising edge-triggered cell FDRE clocked by clk_out1_top_clk_wiz_0_0  {rise@0.000ns fall@5.000ns period=10.000ns})
  Destination:            led[5]
                            (output port)
  Path Group:             (none)
  Path Type:              Min at Fast Process Corner
  Data Path Delay:        2.587ns  (logic 1.380ns (53.323%)  route 1.208ns (46.677%))
  Logic Levels:           1  (OBUF=1)
  Clock Uncertainty:      0.169ns  ((TSJ^2 + DJ^2)^1/2) / 2 + PE
    Total System Jitter     (TSJ):    0.050ns
    Discrete Jitter          (DJ):    0.131ns
    Phase Error              (PE):    0.099ns

    Location             Delay type                Incr(ns)  Path(ns)    Netlist Resource(s)
  -------------------------------------------------------------------    -------------------
                         (clock clk_out1_top_clk_wiz_0_0 rise edge)
                                                      0.000     0.000 r  
    W5                                                0.000     0.000 r  sys_clock (IN)
                         net (fo=0)                   0.000     0.000    top_i/clk_wiz_0/inst/clk_in1
    W5                   IBUF (Prop_ibuf_I_O)         0.226     0.226 r  top_i/clk_wiz_0/inst/clkin1_ibufg/O
                         net (fo=1, routed)           0.440     0.667    top_i/clk_wiz_0/inst/clk_in1_top_clk_wiz_0_0
    MMCME2_ADV_X1Y0      MMCME2_ADV (Prop_mmcme2_adv_CLKIN1_CLKOUT0)
                                                     -2.360    -1.693 r  top_i/clk_wiz_0/inst/mmcm_adv_inst/CLKOUT0
                         net (fo=1, routed)           0.486    -1.207    top_i/clk_wiz_0/inst/clk_out1_top_clk_wiz_0_0
    BUFGCTRL_X0Y0        BUFG (Prop_bufg_I_O)         0.026    -1.181 r  top_i/clk_wiz_0/inst/clkout1_buf/O
                         net (fo=276, routed)         0.566    -0.615    top_i/LED_Toggle_0/U0/clock_100
    SLICE_X14Y43         FDRE                                         r  top_i/LED_Toggle_0/U0/LED_ON_reg/C
  -------------------------------------------------------------------    -------------------
    SLICE_X14Y43         FDRE (Prop_fdre_C_Q)         0.164    -0.451 r  top_i/LED_Toggle_0/U0/LED_ON_reg/Q
                         net (fo=9, routed)           1.208     0.756    led_OBUF[5]
    U15                  OBUF (Prop_obuf_I_O)         1.216     1.972 r  led_OBUF[5]_inst/O
                         net (fo=0)                   0.000     1.972    led[5]
    U15                                                               r  led[5] (OUT)
  -------------------------------------------------------------------    -------------------

Slack:                    inf
  Source:                 top_i/LED_Toggle_0/U0/LED_ON_reg/C
                            (rising edge-triggered cell FDRE clocked by clk_out1_top_clk_wiz_0_0  {rise@0.000ns fall@5.000ns period=10.000ns})
  Destination:            led[0]
                            (output port)
  Path Group:             (none)
  Path Type:              Min at Fast Process Corner
  Data Path Delay:        2.640ns  (logic 1.370ns (51.881%)  route 1.271ns (48.119%))
  Logic Levels:           1  (OBUF=1)
  Clock Uncertainty:      0.169ns  ((TSJ^2 + DJ^2)^1/2) / 2 + PE
    Total System Jitter     (TSJ):    0.050ns
    Discrete Jitter          (DJ):    0.131ns
    Phase Error              (PE):    0.099ns

    Location             Delay type                Incr(ns)  Path(ns)    Netlist Resource(s)
  -------------------------------------------------------------------    -------------------
                         (clock clk_out1_top_clk_wiz_0_0 rise edge)
                                                      0.000     0.000 r  
    W5                                                0.000     0.000 r  sys_clock (IN)
                         net (fo=0)                   0.000     0.000    top_i/clk_wiz_0/inst/clk_in1
    W5                   IBUF (Prop_ibuf_I_O)         0.226     0.226 r  top_i/clk_wiz_0/inst/clkin1_ibufg/O
                         net (fo=1, routed)           0.440     0.667    top_i/clk_wiz_0/inst/clk_in1_top_clk_wiz_0_0
    MMCME2_ADV_X1Y0      MMCME2_ADV (Prop_mmcme2_adv_CLKIN1_CLKOUT0)
                                                     -2.360    -1.693 r  top_i/clk_wiz_0/inst/mmcm_adv_inst/CLKOUT0
                         net (fo=1, routed)           0.486    -1.207    top_i/clk_wiz_0/inst/clk_out1_top_clk_wiz_0_0
    BUFGCTRL_X0Y0        BUFG (Prop_bufg_I_O)         0.026    -1.181 r  top_i/clk_wiz_0/inst/clkout1_buf/O
                         net (fo=276, routed)         0.566    -0.615    top_i/LED_Toggle_0/U0/clock_100
    SLICE_X14Y43         FDRE                                         r  top_i/LED_Toggle_0/U0/LED_ON_reg/C
  -------------------------------------------------------------------    -------------------
    SLICE_X14Y43         FDRE (Prop_fdre_C_Q)         0.164    -0.451 r  top_i/LED_Toggle_0/U0/LED_ON_reg/Q
                         net (fo=9, routed)           1.271     0.819    led_OBUF[0]
    U16                  OBUF (Prop_obuf_I_O)         1.206     2.025 r  led_OBUF[0]_inst/O
                         net (fo=0)                   0.000     2.025    led[0]
    U16                                                               r  led[0] (OUT)
  -------------------------------------------------------------------    -------------------

Slack:                    inf
  Source:                 top_i/UART_TX_0/U0/uart_tx_out_reg/C
                            (rising edge-triggered cell FDRE clocked by clk_out1_top_clk_wiz_0_0  {rise@0.000ns fall@5.000ns period=10.000ns})
  Destination:            RsTx
                            (output port)
  Path Group:             (none)
  Path Type:              Min at Fast Process Corner
  Data Path Delay:        2.660ns  (logic 1.360ns (51.124%)  route 1.300ns (48.876%))
  Logic Levels:           1  (OBUF=1)
  Clock Uncertainty:      0.169ns  ((TSJ^2 + DJ^2)^1/2) / 2 + PE
    Total System Jitter     (TSJ):    0.050ns
    Discrete Jitter          (DJ):    0.131ns
    Phase Error              (PE):    0.099ns

    Location             Delay type                Incr(ns)  Path(ns)    Netlist Resource(s)
  -------------------------------------------------------------------    -------------------
                         (clock clk_out1_top_clk_wiz_0_0 rise edge)
                                                      0.000     0.000 r  
    W5                                                0.000     0.000 r  sys_clock (IN)
                         net (fo=0)                   0.000     0.000    top_i/clk_wiz_0/inst/clk_in1
    W5                   IBUF (Prop_ibuf_I_O)         0.226     0.226 r  top_i/clk_wiz_0/inst/clkin1_ibufg/O
                         net (fo=1, routed)           0.440     0.667    top_i/clk_wiz_0/inst/clk_in1_top_clk_wiz_0_0
    MMCME2_ADV_X1Y0      MMCME2_ADV (Prop_mmcme2_adv_CLKIN1_CLKOUT0)
                                                     -2.360    -1.693 r  top_i/clk_wiz_0/inst/mmcm_adv_inst/CLKOUT0
                         net (fo=1, routed)           0.486    -1.207    top_i/clk_wiz_0/inst/clk_out1_top_clk_wiz_0_0
    BUFGCTRL_X0Y0        BUFG (Prop_bufg_I_O)         0.026    -1.181 r  top_i/clk_wiz_0/inst/clkout1_buf/O
                         net (fo=276, routed)         0.595    -0.586    top_i/UART_TX_0/U0/clk
    SLICE_X0Y43          FDRE                                         r  top_i/UART_TX_0/U0/uart_tx_out_reg/C
  -------------------------------------------------------------------    -------------------
    SLICE_X0Y43          FDRE (Prop_fdre_C_Q)         0.141    -0.445 r  top_i/UART_TX_0/U0/uart_tx_out_reg/Q
                         net (fo=2, routed)           1.300     0.855    RsTx_OBUF
    A18                  OBUF (Prop_obuf_I_O)         1.219     2.073 r  RsTx_OBUF_inst/O
                         net (fo=0)                   0.000     2.073    RsTx
    A18                                                               r  RsTx (OUT)
  -------------------------------------------------------------------    -------------------

Slack:                    inf
  Source:                 top_i/LED_Toggle_0/U0/LED_ON_reg/C
                            (rising edge-triggered cell FDRE clocked by clk_out1_top_clk_wiz_0_0  {rise@0.000ns fall@5.000ns period=10.000ns})
  Destination:            led[7]
                            (output port)
  Path Group:             (none)
  Path Type:              Min at Fast Process Corner
  Data Path Delay:        2.706ns  (logic 1.366ns (50.480%)  route 1.340ns (49.520%))
  Logic Levels:           1  (OBUF=1)
  Clock Uncertainty:      0.169ns  ((TSJ^2 + DJ^2)^1/2) / 2 + PE
    Total System Jitter     (TSJ):    0.050ns
    Discrete Jitter          (DJ):    0.131ns
    Phase Error              (PE):    0.099ns

    Location             Delay type                Incr(ns)  Path(ns)    Netlist Resource(s)
  -------------------------------------------------------------------    -------------------
                         (clock clk_out1_top_clk_wiz_0_0 rise edge)
                                                      0.000     0.000 r  
    W5                                                0.000     0.000 r  sys_clock (IN)
                         net (fo=0)                   0.000     0.000    top_i/clk_wiz_0/inst/clk_in1
    W5                   IBUF (Prop_ibuf_I_O)         0.226     0.226 r  top_i/clk_wiz_0/inst/clkin1_ibufg/O
                         net (fo=1, routed)           0.440     0.667    top_i/clk_wiz_0/inst/clk_in1_top_clk_wiz_0_0
    MMCME2_ADV_X1Y0      MMCME2_ADV (Prop_mmcme2_adv_CLKIN1_CLKOUT0)
                                                     -2.360    -1.693 r  top_i/clk_wiz_0/inst/mmcm_adv_inst/CLKOUT0
                         net (fo=1, routed)           0.486    -1.207    top_i/clk_wiz_0/inst/clk_out1_top_clk_wiz_0_0
    BUFGCTRL_X0Y0        BUFG (Prop_bufg_I_O)         0.026    -1.181 r  top_i/clk_wiz_0/inst/clkout1_buf/O
                         net (fo=276, routed)         0.566    -0.615    top_i/LED_Toggle_0/U0/clock_100
    SLICE_X14Y43         FDRE                                         r  top_i/LED_Toggle_0/U0/LED_ON_reg/C
  -------------------------------------------------------------------    -------------------
    SLICE_X14Y43         FDRE (Prop_fdre_C_Q)         0.164    -0.451 r  top_i/LED_Toggle_0/U0/LED_ON_reg/Q
                         net (fo=9, routed)           1.340     0.888    led_OBUF[7]
    V14                  OBUF (Prop_obuf_I_O)         1.202     2.090 r  led_OBUF[7]_inst/O
                         net (fo=0)                   0.000     2.090    led[7]
    V14                                                               r  led[7] (OUT)
  -------------------------------------------------------------------    -------------------

Slack:                    inf
  Source:                 top_i/LED_Toggle_0/U0/LED_ON_reg/C
                            (rising edge-triggered cell FDRE clocked by clk_out1_top_clk_wiz_0_0  {rise@0.000ns fall@5.000ns period=10.000ns})
  Destination:            led[6]
                            (output port)
  Path Group:             (none)
  Path Type:              Min at Fast Process Corner
  Data Path Delay:        2.764ns  (logic 1.371ns (49.609%)  route 1.393ns (50.391%))
  Logic Levels:           1  (OBUF=1)
  Clock Uncertainty:      0.169ns  ((TSJ^2 + DJ^2)^1/2) / 2 + PE
    Total System Jitter     (TSJ):    0.050ns
    Discrete Jitter          (DJ):    0.131ns
    Phase Error              (PE):    0.099ns

    Location             Delay type                Incr(ns)  Path(ns)    Netlist Resource(s)
  -------------------------------------------------------------------    -------------------
                         (clock clk_out1_top_clk_wiz_0_0 rise edge)
                                                      0.000     0.000 r  
    W5                                                0.000     0.000 r  sys_clock (IN)
                         net (fo=0)                   0.000     0.000    top_i/clk_wiz_0/inst/clk_in1
    W5                   IBUF (Prop_ibuf_I_O)         0.226     0.226 r  top_i/clk_wiz_0/inst/clkin1_ibufg/O
                         net (fo=1, routed)           0.440     0.667    top_i/clk_wiz_0/inst/clk_in1_top_clk_wiz_0_0
    MMCME2_ADV_X1Y0      MMCME2_ADV (Prop_mmcme2_adv_CLKIN1_CLKOUT0)
                                                     -2.360    -1.693 r  top_i/clk_wiz_0/inst/mmcm_adv_inst/CLKOUT0
                         net (fo=1, routed)           0.486    -1.207    top_i/clk_wiz_0/inst/clk_out1_top_clk_wiz_0_0
    BUFGCTRL_X0Y0        BUFG (Prop_bufg_I_O)         0.026    -1.181 r  top_i/clk_wiz_0/inst/clkout1_buf/O
                         net (fo=276, routed)         0.566    -0.615    top_i/LED_Toggle_0/U0/clock_100
    SLICE_X14Y43         FDRE                                         r  top_i/LED_Toggle_0/U0/LED_ON_reg/C
  -------------------------------------------------------------------    -------------------
    SLICE_X14Y43         FDRE (Prop_fdre_C_Q)         0.164    -0.451 r  top_i/LED_Toggle_0/U0/LED_ON_reg/Q
                         net (fo=9, routed)           1.393     0.942    led_OBUF[6]
    U14                  OBUF (Prop_obuf_I_O)         1.207     2.149 r  led_OBUF[6]_inst/O
                         net (fo=0)                   0.000     2.149    led[6]
    U14                                                               r  led[6] (OUT)
  -------------------------------------------------------------------    -------------------





--------------------------------------------------------------------------------------
Path Group:  (none)
From Clock:  clkfbout_top_clk_wiz_0_0
  To Clock:  

Max Delay             1 Endpoint
Min Delay             1 Endpoint
--------------------------------------------------------------------------------------


Max Delay Paths
--------------------------------------------------------------------------------------
Slack:                    inf
  Source:                 top_i/clk_wiz_0/inst/mmcm_adv_inst/CLKFBOUT
                            (clock source 'clkfbout_top_clk_wiz_0_0'  {rise@0.000ns fall@5.000ns period=10.000ns})
  Destination:            top_i/clk_wiz_0/inst/mmcm_adv_inst/CLKFBIN
  Path Group:             (none)
  Path Type:              Max at Fast Process Corner
  Data Path Delay:        1.375ns  (logic 0.029ns (2.109%)  route 1.346ns (97.891%))
  Logic Levels:           1  (BUFG=1)
  Clock Uncertainty:      0.148ns  ((TSJ^2 + DJ^2)^1/2) / 2 + PE
    Total System Jitter     (TSJ):    0.050ns
    Discrete Jitter          (DJ):    0.086ns
    Phase Error              (PE):    0.099ns

    Location             Delay type                Incr(ns)  Path(ns)    Netlist Resource(s)
  -------------------------------------------------------------------    -------------------
                         (clock clkfbout_top_clk_wiz_0_0 fall edge)
                                                      5.000     5.000 f  
    W5                                                0.000     5.000 f  sys_clock (IN)
                         net (fo=0)                   0.000     5.000    top_i/clk_wiz_0/inst/clk_in1
    W5                   IBUF (Prop_ibuf_I_O)         0.414     5.414 f  top_i/clk_wiz_0/inst/clkin1_ibufg/O
                         net (fo=1, routed)           0.480     5.894    top_i/clk_wiz_0/inst/clk_in1_top_clk_wiz_0_0
  -------------------------------------------------------------------    -------------------
    MMCME2_ADV_X1Y0      MMCME2_ADV (Prop_mmcme2_adv_CLKIN1_CLKFBOUT)
                                                     -3.142     2.752 f  top_i/clk_wiz_0/inst/mmcm_adv_inst/CLKFBOUT
                         net (fo=1, routed)           0.530     3.282    top_i/clk_wiz_0/inst/clkfbout_top_clk_wiz_0_0
    BUFGCTRL_X0Y1        BUFG (Prop_bufg_I_O)         0.029     3.311 f  top_i/clk_wiz_0/inst/clkf_buf/O
                         net (fo=1, routed)           0.817     4.127    top_i/clk_wiz_0/inst/clkfbout_buf_top_clk_wiz_0_0
    MMCME2_ADV_X1Y0      MMCME2_ADV                                   f  top_i/clk_wiz_0/inst/mmcm_adv_inst/CLKFBIN
  -------------------------------------------------------------------    -------------------





Min Delay Paths
--------------------------------------------------------------------------------------
Slack:                    inf
  Source:                 top_i/clk_wiz_0/inst/mmcm_adv_inst/CLKFBOUT
                            (clock source 'clkfbout_top_clk_wiz_0_0'  {rise@0.000ns fall@5.000ns period=10.000ns})
  Destination:            top_i/clk_wiz_0/inst/mmcm_adv_inst/CLKFBIN
  Path Group:             (none)
  Path Type:              Min at Slow Process Corner
  Data Path Delay:        3.129ns  (logic 0.091ns (2.908%)  route 3.038ns (97.092%))
  Logic Levels:           1  (BUFG=1)
  Clock Uncertainty:      0.148ns  ((TSJ^2 + DJ^2)^1/2) / 2 + PE
    Total System Jitter     (TSJ):    0.050ns
    Discrete Jitter          (DJ):    0.086ns
    Phase Error              (PE):    0.099ns

    Location             Delay type                Incr(ns)  Path(ns)    Netlist Resource(s)
  -------------------------------------------------------------------    -------------------
                         (clock clkfbout_top_clk_wiz_0_0 rise edge)
                                                      0.000     0.000 r  
    W5                                                0.000     0.000 r  sys_clock (IN)
                         net (fo=0)                   0.000     0.000    top_i/clk_wiz_0/inst/clk_in1
    W5                   IBUF (Prop_ibuf_I_O)         1.388     1.388 r  top_i/clk_wiz_0/inst/clkin1_ibufg/O
                         net (fo=1, routed)           1.162     2.550    top_i/clk_wiz_0/inst/clk_in1_top_clk_wiz_0_0
  -------------------------------------------------------------------    -------------------
    MMCME2_ADV_X1Y0      MMCME2_ADV (Prop_mmcme2_adv_CLKIN1_CLKFBOUT)
                                                     -7.217    -4.668 r  top_i/clk_wiz_0/inst/mmcm_adv_inst/CLKFBOUT
                         net (fo=1, routed)           1.581    -3.086    top_i/clk_wiz_0/inst/clkfbout_top_clk_wiz_0_0
    BUFGCTRL_X0Y1        BUFG (Prop_bufg_I_O)         0.091    -2.995 r  top_i/clk_wiz_0/inst/clkf_buf/O
                         net (fo=1, routed)           1.457    -1.538    top_i/clk_wiz_0/inst/clkfbout_buf_top_clk_wiz_0_0
    MMCME2_ADV_X1Y0      MMCME2_ADV                                   r  top_i/clk_wiz_0/inst/mmcm_adv_inst/CLKFBIN
  -------------------------------------------------------------------    -------------------





--------------------------------------------------------------------------------------
Path Group:  (none)
From Clock:  
  To Clock:  clk_out1_top_clk_wiz_0_0

Max Delay            10 Endpoints
Min Delay            10 Endpoints
--------------------------------------------------------------------------------------


Max Delay Paths
--------------------------------------------------------------------------------------
Slack:                    inf
  Source:                 RsRx
                            (input port)
  Destination:            top_i/UART_RX_0/U0/rx_byte_full_reg[3]/D
                            (rising edge-triggered cell FDRE clocked by clk_out1_top_clk_wiz_0_0  {rise@0.000ns fall@5.000ns period=10.000ns})
  Path Group:             (none)
  Path Type:              Setup (Max at Slow Process Corner)
  Data Path Delay:        5.404ns  (logic 1.580ns (29.239%)  route 3.824ns (70.761%))
  Logic Levels:           2  (IBUF=1 LUT6=1)
  Clock Path Skew:        -1.477ns (DCD - SCD + CPR)
    Destination Clock Delay (DCD):    -1.477ns
    Source Clock Delay      (SCD):    0.000ns
    Clock Pessimism Removal (CPR):    0.000ns
  Clock Uncertainty:      0.169ns  ((TSJ^2 + DJ^2)^1/2) / 2 + PE
    Total System Jitter     (TSJ):    0.050ns
    Discrete Jitter          (DJ):    0.131ns
    Phase Error              (PE):    0.099ns

    Location             Delay type                Incr(ns)  Path(ns)    Netlist Resource(s)
  -------------------------------------------------------------------    -------------------
    B18                                               0.000     0.000 r  RsRx (IN)
                         net (fo=0)                   0.000     0.000    RsRx
    B18                  IBUF (Prop_ibuf_I_O)         1.456     1.456 r  RsRx_IBUF_inst/O
                         net (fo=10, routed)          3.824     5.280    top_i/UART_RX_0/U0/rx_serial
    SLICE_X5Y49          LUT6 (Prop_lut6_I0_O)        0.124     5.404 r  top_i/UART_RX_0/U0/rx_byte_full[3]_i_1/O
                         net (fo=1, routed)           0.000     5.404    top_i/UART_RX_0/U0/rx_byte_full[3]_i_1_n_0
    SLICE_X5Y49          FDRE                                         r  top_i/UART_RX_0/U0/rx_byte_full_reg[3]/D
  -------------------------------------------------------------------    -------------------

                         (clock clk_out1_top_clk_wiz_0_0 rise edge)
                                                      0.000     0.000 r  
    W5                                                0.000     0.000 r  sys_clock (IN)
                         net (fo=0)                   0.000     0.000    top_i/clk_wiz_0/inst/clk_in1
    W5                   IBUF (Prop_ibuf_I_O)         1.388     1.388 r  top_i/clk_wiz_0/inst/clkin1_ibufg/O
                         net (fo=1, routed)           1.162     2.550    top_i/clk_wiz_0/inst/clk_in1_top_clk_wiz_0_0
    MMCME2_ADV_X1Y0      MMCME2_ADV (Prop_mmcme2_adv_CLKIN1_CLKOUT0)
                                                     -7.217    -4.668 r  top_i/clk_wiz_0/inst/mmcm_adv_inst/CLKOUT0
                         net (fo=1, routed)           1.581    -3.086    top_i/clk_wiz_0/inst/clk_out1_top_clk_wiz_0_0
    BUFGCTRL_X0Y0        BUFG (Prop_bufg_I_O)         0.091    -2.995 r  top_i/clk_wiz_0/inst/clkout1_buf/O
                         net (fo=276, routed)         1.518    -1.477    top_i/UART_RX_0/U0/clk
    SLICE_X5Y49          FDRE                                         r  top_i/UART_RX_0/U0/rx_byte_full_reg[3]/C

Slack:                    inf
  Source:                 RsRx
                            (input port)
  Destination:            top_i/UART_RX_0/U0/rx_byte_full_reg[6]/D
                            (rising edge-triggered cell FDRE clocked by clk_out1_top_clk_wiz_0_0  {rise@0.000ns fall@5.000ns period=10.000ns})
  Path Group:             (none)
  Path Type:              Setup (Max at Slow Process Corner)
  Data Path Delay:        5.213ns  (logic 1.580ns (30.313%)  route 3.633ns (69.687%))
  Logic Levels:           2  (IBUF=1 LUT6=1)
  Clock Path Skew:        -1.477ns (DCD - SCD + CPR)
    Destination Clock Delay (DCD):    -1.477ns
    Source Clock Delay      (SCD):    0.000ns
    Clock Pessimism Removal (CPR):    0.000ns
  Clock Uncertainty:      0.169ns  ((TSJ^2 + DJ^2)^1/2) / 2 + PE
    Total System Jitter     (TSJ):    0.050ns
    Discrete Jitter          (DJ):    0.131ns
    Phase Error              (PE):    0.099ns

    Location             Delay type                Incr(ns)  Path(ns)    Netlist Resource(s)
  -------------------------------------------------------------------    -------------------
    B18                                               0.000     0.000 r  RsRx (IN)
                         net (fo=0)                   0.000     0.000    RsRx
    B18                  IBUF (Prop_ibuf_I_O)         1.456     1.456 r  RsRx_IBUF_inst/O
                         net (fo=10, routed)          3.633     5.089    top_i/UART_RX_0/U0/rx_serial
    SLICE_X4Y49          LUT6 (Prop_lut6_I0_O)        0.124     5.213 r  top_i/UART_RX_0/U0/rx_byte_full[6]_i_1/O
                         net (fo=1, routed)           0.000     5.213    top_i/UART_RX_0/U0/rx_byte_full[6]_i_1_n_0
    SLICE_X4Y49          FDRE                                         r  top_i/UART_RX_0/U0/rx_byte_full_reg[6]/D
  -------------------------------------------------------------------    -------------------

                         (clock clk_out1_top_clk_wiz_0_0 rise edge)
                                                      0.000     0.000 r  
    W5                                                0.000     0.000 r  sys_clock (IN)
                         net (fo=0)                   0.000     0.000    top_i/clk_wiz_0/inst/clk_in1
    W5                   IBUF (Prop_ibuf_I_O)         1.388     1.388 r  top_i/clk_wiz_0/inst/clkin1_ibufg/O
                         net (fo=1, routed)           1.162     2.550    top_i/clk_wiz_0/inst/clk_in1_top_clk_wiz_0_0
    MMCME2_ADV_X1Y0      MMCME2_ADV (Prop_mmcme2_adv_CLKIN1_CLKOUT0)
                                                     -7.217    -4.668 r  top_i/clk_wiz_0/inst/mmcm_adv_inst/CLKOUT0
                         net (fo=1, routed)           1.581    -3.086    top_i/clk_wiz_0/inst/clk_out1_top_clk_wiz_0_0
    BUFGCTRL_X0Y0        BUFG (Prop_bufg_I_O)         0.091    -2.995 r  top_i/clk_wiz_0/inst/clkout1_buf/O
                         net (fo=276, routed)         1.518    -1.477    top_i/UART_RX_0/U0/clk
    SLICE_X4Y49          FDRE                                         r  top_i/UART_RX_0/U0/rx_byte_full_reg[6]/C

Slack:                    inf
  Source:                 RsRx
                            (input port)
  Destination:            top_i/UART_RX_0/U0/s_busy_reg/D
                            (rising edge-triggered cell FDRE clocked by clk_out1_top_clk_wiz_0_0  {rise@0.000ns fall@5.000ns period=10.000ns})
  Path Group:             (none)
  Path Type:              Setup (Max at Slow Process Corner)
  Data Path Delay:        5.192ns  (logic 1.580ns (30.437%)  route 3.612ns (69.563%))
  Logic Levels:           2  (IBUF=1 LUT4=1)
  Clock Path Skew:        -1.489ns (DCD - SCD + CPR)
    Destination Clock Delay (DCD):    -1.489ns
    Source Clock Delay      (SCD):    0.000ns
    Clock Pessimism Removal (CPR):    0.000ns
  Clock Uncertainty:      0.169ns  ((TSJ^2 + DJ^2)^1/2) / 2 + PE
    Total System Jitter     (TSJ):    0.050ns
    Discrete Jitter          (DJ):    0.131ns
    Phase Error              (PE):    0.099ns

    Location             Delay type                Incr(ns)  Path(ns)    Netlist Resource(s)
  -------------------------------------------------------------------    -------------------
    B18                                               0.000     0.000 f  RsRx (IN)
                         net (fo=0)                   0.000     0.000    RsRx
    B18                  IBUF (Prop_ibuf_I_O)         1.456     1.456 f  RsRx_IBUF_inst/O
                         net (fo=10, routed)          3.612     5.068    top_i/UART_RX_0/U0/rx_serial
    SLICE_X4Y53          LUT4 (Prop_lut4_I0_O)        0.124     5.192 r  top_i/UART_RX_0/U0/s_busy_i_1/O
                         net (fo=1, routed)           0.000     5.192    top_i/UART_RX_0/U0/s_busy_i_1_n_0
    SLICE_X4Y53          FDRE                                         r  top_i/UART_RX_0/U0/s_busy_reg/D
  -------------------------------------------------------------------    -------------------

                         (clock clk_out1_top_clk_wiz_0_0 rise edge)
                                                      0.000     0.000 r  
    W5                                                0.000     0.000 r  sys_clock (IN)
                         net (fo=0)                   0.000     0.000    top_i/clk_wiz_0/inst/clk_in1
    W5                   IBUF (Prop_ibuf_I_O)         1.388     1.388 r  top_i/clk_wiz_0/inst/clkin1_ibufg/O
                         net (fo=1, routed)           1.162     2.550    top_i/clk_wiz_0/inst/clk_in1_top_clk_wiz_0_0
    MMCME2_ADV_X1Y0      MMCME2_ADV (Prop_mmcme2_adv_CLKIN1_CLKOUT0)
                                                     -7.217    -4.668 r  top_i/clk_wiz_0/inst/mmcm_adv_inst/CLKOUT0
                         net (fo=1, routed)           1.581    -3.086    top_i/clk_wiz_0/inst/clk_out1_top_clk_wiz_0_0
    BUFGCTRL_X0Y0        BUFG (Prop_bufg_I_O)         0.091    -2.995 r  top_i/clk_wiz_0/inst/clkout1_buf/O
                         net (fo=276, routed)         1.507    -1.489    top_i/UART_RX_0/U0/clk
    SLICE_X4Y53          FDRE                                         r  top_i/UART_RX_0/U0/s_busy_reg/C

Slack:                    inf
  Source:                 RsRx
                            (input port)
  Destination:            top_i/UART_RX_0/U0/rx_byte_full_reg[1]/D
                            (rising edge-triggered cell FDRE clocked by clk_out1_top_clk_wiz_0_0  {rise@0.000ns fall@5.000ns period=10.000ns})
  Path Group:             (none)
  Path Type:              Setup (Max at Slow Process Corner)
  Data Path Delay:        5.181ns  (logic 1.580ns (30.498%)  route 3.601ns (69.502%))
  Logic Levels:           2  (IBUF=1 LUT6=1)
  Clock Path Skew:        -1.477ns (DCD - SCD + CPR)
    Destination Clock Delay (DCD):    -1.477ns
    Source Clock Delay      (SCD):    0.000ns
    Clock Pessimism Removal (CPR):    0.000ns
  Clock Uncertainty:      0.169ns  ((TSJ^2 + DJ^2)^1/2) / 2 + PE
    Total System Jitter     (TSJ):    0.050ns
    Discrete Jitter          (DJ):    0.131ns
    Phase Error              (PE):    0.099ns

    Location             Delay type                Incr(ns)  Path(ns)    Netlist Resource(s)
  -------------------------------------------------------------------    -------------------
    B18                                               0.000     0.000 r  RsRx (IN)
                         net (fo=0)                   0.000     0.000    RsRx
    B18                  IBUF (Prop_ibuf_I_O)         1.456     1.456 r  RsRx_IBUF_inst/O
                         net (fo=10, routed)          3.601     5.057    top_i/UART_RX_0/U0/rx_serial
    SLICE_X4Y49          LUT6 (Prop_lut6_I0_O)        0.124     5.181 r  top_i/UART_RX_0/U0/rx_byte_full[1]_i_1/O
                         net (fo=1, routed)           0.000     5.181    top_i/UART_RX_0/U0/rx_byte_full[1]_i_1_n_0
    SLICE_X4Y49          FDRE                                         r  top_i/UART_RX_0/U0/rx_byte_full_reg[1]/D
  -------------------------------------------------------------------    -------------------

                         (clock clk_out1_top_clk_wiz_0_0 rise edge)
                                                      0.000     0.000 r  
    W5                                                0.000     0.000 r  sys_clock (IN)
                         net (fo=0)                   0.000     0.000    top_i/clk_wiz_0/inst/clk_in1
    W5                   IBUF (Prop_ibuf_I_O)         1.388     1.388 r  top_i/clk_wiz_0/inst/clkin1_ibufg/O
                         net (fo=1, routed)           1.162     2.550    top_i/clk_wiz_0/inst/clk_in1_top_clk_wiz_0_0
    MMCME2_ADV_X1Y0      MMCME2_ADV (Prop_mmcme2_adv_CLKIN1_CLKOUT0)
                                                     -7.217    -4.668 r  top_i/clk_wiz_0/inst/mmcm_adv_inst/CLKOUT0
                         net (fo=1, routed)           1.581    -3.086    top_i/clk_wiz_0/inst/clk_out1_top_clk_wiz_0_0
    BUFGCTRL_X0Y0        BUFG (Prop_bufg_I_O)         0.091    -2.995 r  top_i/clk_wiz_0/inst/clkout1_buf/O
                         net (fo=276, routed)         1.518    -1.477    top_i/UART_RX_0/U0/clk
    SLICE_X4Y49          FDRE                                         r  top_i/UART_RX_0/U0/rx_byte_full_reg[1]/C

Slack:                    inf
  Source:                 RsRx
                            (input port)
  Destination:            top_i/UART_RX_0/U0/rx_byte_full_reg[4]/D
                            (rising edge-triggered cell FDRE clocked by clk_out1_top_clk_wiz_0_0  {rise@0.000ns fall@5.000ns period=10.000ns})
  Path Group:             (none)
  Path Type:              Setup (Max at Slow Process Corner)
  Data Path Delay:        5.179ns  (logic 1.580ns (30.509%)  route 3.599ns (69.491%))
  Logic Levels:           2  (IBUF=1 LUT6=1)
  Clock Path Skew:        -1.477ns (DCD - SCD + CPR)
    Destination Clock Delay (DCD):    -1.477ns
    Source Clock Delay      (SCD):    0.000ns
    Clock Pessimism Removal (CPR):    0.000ns
  Clock Uncertainty:      0.169ns  ((TSJ^2 + DJ^2)^1/2) / 2 + PE
    Total System Jitter     (TSJ):    0.050ns
    Discrete Jitter          (DJ):    0.131ns
    Phase Error              (PE):    0.099ns

    Location             Delay type                Incr(ns)  Path(ns)    Netlist Resource(s)
  -------------------------------------------------------------------    -------------------
    B18                                               0.000     0.000 r  RsRx (IN)
                         net (fo=0)                   0.000     0.000    RsRx
    B18                  IBUF (Prop_ibuf_I_O)         1.456     1.456 r  RsRx_IBUF_inst/O
                         net (fo=10, routed)          3.599     5.055    top_i/UART_RX_0/U0/rx_serial
    SLICE_X5Y49          LUT6 (Prop_lut6_I0_O)        0.124     5.179 r  top_i/UART_RX_0/U0/rx_byte_full[4]_i_1/O
                         net (fo=1, routed)           0.000     5.179    top_i/UART_RX_0/U0/rx_byte_full[4]_i_1_n_0
    SLICE_X5Y49          FDRE                                         r  top_i/UART_RX_0/U0/rx_byte_full_reg[4]/D
  -------------------------------------------------------------------    -------------------

                         (clock clk_out1_top_clk_wiz_0_0 rise edge)
                                                      0.000     0.000 r  
    W5                                                0.000     0.000 r  sys_clock (IN)
                         net (fo=0)                   0.000     0.000    top_i/clk_wiz_0/inst/clk_in1
    W5                   IBUF (Prop_ibuf_I_O)         1.388     1.388 r  top_i/clk_wiz_0/inst/clkin1_ibufg/O
                         net (fo=1, routed)           1.162     2.550    top_i/clk_wiz_0/inst/clk_in1_top_clk_wiz_0_0
    MMCME2_ADV_X1Y0      MMCME2_ADV (Prop_mmcme2_adv_CLKIN1_CLKOUT0)
                                                     -7.217    -4.668 r  top_i/clk_wiz_0/inst/mmcm_adv_inst/CLKOUT0
                         net (fo=1, routed)           1.581    -3.086    top_i/clk_wiz_0/inst/clk_out1_top_clk_wiz_0_0
    BUFGCTRL_X0Y0        BUFG (Prop_bufg_I_O)         0.091    -2.995 r  top_i/clk_wiz_0/inst/clkout1_buf/O
                         net (fo=276, routed)         1.518    -1.477    top_i/UART_RX_0/U0/clk
    SLICE_X5Y49          FDRE                                         r  top_i/UART_RX_0/U0/rx_byte_full_reg[4]/C

Slack:                    inf
  Source:                 RsRx
                            (input port)
  Destination:            top_i/UART_RX_0/U0/FSM_sequential_state_reg[0]/D
                            (rising edge-triggered cell FDRE clocked by clk_out1_top_clk_wiz_0_0  {rise@0.000ns fall@5.000ns period=10.000ns})
  Path Group:             (none)
  Path Type:              Setup (Max at Slow Process Corner)
  Data Path Delay:        5.000ns  (logic 1.580ns (31.604%)  route 3.420ns (68.396%))
  Logic Levels:           2  (IBUF=1 LUT6=1)
  Clock Path Skew:        -1.486ns (DCD - SCD + CPR)
    Destination Clock Delay (DCD):    -1.486ns
    Source Clock Delay      (SCD):    0.000ns
    Clock Pessimism Removal (CPR):    0.000ns
  Clock Uncertainty:      0.169ns  ((TSJ^2 + DJ^2)^1/2) / 2 + PE
    Total System Jitter     (TSJ):    0.050ns
    Discrete Jitter          (DJ):    0.131ns
    Phase Error              (PE):    0.099ns

    Location             Delay type                Incr(ns)  Path(ns)    Netlist Resource(s)
  -------------------------------------------------------------------    -------------------
    B18                                               0.000     0.000 f  RsRx (IN)
                         net (fo=0)                   0.000     0.000    RsRx
    B18                  IBUF (Prop_ibuf_I_O)         1.456     1.456 f  RsRx_IBUF_inst/O
                         net (fo=10, routed)          3.420     4.876    top_i/UART_RX_0/U0/rx_serial
    SLICE_X3Y52          LUT6 (Prop_lut6_I0_O)        0.124     5.000 r  top_i/UART_RX_0/U0/FSM_sequential_state[0]_i_1/O
                         net (fo=1, routed)           0.000     5.000    top_i/UART_RX_0/U0/FSM_sequential_state[0]_i_1_n_0
    SLICE_X3Y52          FDRE                                         r  top_i/UART_RX_0/U0/FSM_sequential_state_reg[0]/D
  -------------------------------------------------------------------    -------------------

                         (clock clk_out1_top_clk_wiz_0_0 rise edge)
                                                      0.000     0.000 r  
    W5                                                0.000     0.000 r  sys_clock (IN)
                         net (fo=0)                   0.000     0.000    top_i/clk_wiz_0/inst/clk_in1
    W5                   IBUF (Prop_ibuf_I_O)         1.388     1.388 r  top_i/clk_wiz_0/inst/clkin1_ibufg/O
                         net (fo=1, routed)           1.162     2.550    top_i/clk_wiz_0/inst/clk_in1_top_clk_wiz_0_0
    MMCME2_ADV_X1Y0      MMCME2_ADV (Prop_mmcme2_adv_CLKIN1_CLKOUT0)
                                                     -7.217    -4.668 r  top_i/clk_wiz_0/inst/mmcm_adv_inst/CLKOUT0
                         net (fo=1, routed)           1.581    -3.086    top_i/clk_wiz_0/inst/clk_out1_top_clk_wiz_0_0
    BUFGCTRL_X0Y0        BUFG (Prop_bufg_I_O)         0.091    -2.995 r  top_i/clk_wiz_0/inst/clkout1_buf/O
                         net (fo=276, routed)         1.510    -1.486    top_i/UART_RX_0/U0/clk
    SLICE_X3Y52          FDRE                                         r  top_i/UART_RX_0/U0/FSM_sequential_state_reg[0]/C

Slack:                    inf
  Source:                 RsRx
                            (input port)
  Destination:            top_i/UART_RX_0/U0/rx_byte_full_reg[0]/D
                            (rising edge-triggered cell FDRE clocked by clk_out1_top_clk_wiz_0_0  {rise@0.000ns fall@5.000ns period=10.000ns})
  Path Group:             (none)
  Path Type:              Setup (Max at Slow Process Corner)
  Data Path Delay:        4.910ns  (logic 1.580ns (32.184%)  route 3.330ns (67.816%))
  Logic Levels:           2  (IBUF=1 LUT6=1)
  Clock Path Skew:        -1.477ns (DCD - SCD + CPR)
    Destination Clock Delay (DCD):    -1.477ns
    Source Clock Delay      (SCD):    0.000ns
    Clock Pessimism Removal (CPR):    0.000ns
  Clock Uncertainty:      0.169ns  ((TSJ^2 + DJ^2)^1/2) / 2 + PE
    Total System Jitter     (TSJ):    0.050ns
    Discrete Jitter          (DJ):    0.131ns
    Phase Error              (PE):    0.099ns

    Location             Delay type                Incr(ns)  Path(ns)    Netlist Resource(s)
  -------------------------------------------------------------------    -------------------
    B18                                               0.000     0.000 r  RsRx (IN)
                         net (fo=0)                   0.000     0.000    RsRx
    B18                  IBUF (Prop_ibuf_I_O)         1.456     1.456 r  RsRx_IBUF_inst/O
                         net (fo=10, routed)          3.330     4.786    top_i/UART_RX_0/U0/rx_serial
    SLICE_X4Y49          LUT6 (Prop_lut6_I0_O)        0.124     4.910 r  top_i/UART_RX_0/U0/rx_byte_full[0]_i_1/O
                         net (fo=1, routed)           0.000     4.910    top_i/UART_RX_0/U0/rx_byte_full[0]_i_1_n_0
    SLICE_X4Y49          FDRE                                         r  top_i/UART_RX_0/U0/rx_byte_full_reg[0]/D
  -------------------------------------------------------------------    -------------------

                         (clock clk_out1_top_clk_wiz_0_0 rise edge)
                                                      0.000     0.000 r  
    W5                                                0.000     0.000 r  sys_clock (IN)
                         net (fo=0)                   0.000     0.000    top_i/clk_wiz_0/inst/clk_in1
    W5                   IBUF (Prop_ibuf_I_O)         1.388     1.388 r  top_i/clk_wiz_0/inst/clkin1_ibufg/O
                         net (fo=1, routed)           1.162     2.550    top_i/clk_wiz_0/inst/clk_in1_top_clk_wiz_0_0
    MMCME2_ADV_X1Y0      MMCME2_ADV (Prop_mmcme2_adv_CLKIN1_CLKOUT0)
                                                     -7.217    -4.668 r  top_i/clk_wiz_0/inst/mmcm_adv_inst/CLKOUT0
                         net (fo=1, routed)           1.581    -3.086    top_i/clk_wiz_0/inst/clk_out1_top_clk_wiz_0_0
    BUFGCTRL_X0Y0        BUFG (Prop_bufg_I_O)         0.091    -2.995 r  top_i/clk_wiz_0/inst/clkout1_buf/O
                         net (fo=276, routed)         1.518    -1.477    top_i/UART_RX_0/U0/clk
    SLICE_X4Y49          FDRE                                         r  top_i/UART_RX_0/U0/rx_byte_full_reg[0]/C

Slack:                    inf
  Source:                 RsRx
                            (input port)
  Destination:            top_i/UART_RX_0/U0/rx_byte_full_reg[2]/D
                            (rising edge-triggered cell FDRE clocked by clk_out1_top_clk_wiz_0_0  {rise@0.000ns fall@5.000ns period=10.000ns})
  Path Group:             (none)
  Path Type:              Setup (Max at Slow Process Corner)
  Data Path Delay:        4.907ns  (logic 1.580ns (32.205%)  route 3.327ns (67.795%))
  Logic Levels:           2  (IBUF=1 LUT6=1)
  Clock Path Skew:        -1.477ns (DCD - SCD + CPR)
    Destination Clock Delay (DCD):    -1.477ns
    Source Clock Delay      (SCD):    0.000ns
    Clock Pessimism Removal (CPR):    0.000ns
  Clock Uncertainty:      0.169ns  ((TSJ^2 + DJ^2)^1/2) / 2 + PE
    Total System Jitter     (TSJ):    0.050ns
    Discrete Jitter          (DJ):    0.131ns
    Phase Error              (PE):    0.099ns

    Location             Delay type                Incr(ns)  Path(ns)    Netlist Resource(s)
  -------------------------------------------------------------------    -------------------
    B18                                               0.000     0.000 r  RsRx (IN)
                         net (fo=0)                   0.000     0.000    RsRx
    B18                  IBUF (Prop_ibuf_I_O)         1.456     1.456 r  RsRx_IBUF_inst/O
                         net (fo=10, routed)          3.327     4.783    top_i/UART_RX_0/U0/rx_serial
    SLICE_X4Y49          LUT6 (Prop_lut6_I0_O)        0.124     4.907 r  top_i/UART_RX_0/U0/rx_byte_full[2]_i_1/O
                         net (fo=1, routed)           0.000     4.907    top_i/UART_RX_0/U0/rx_byte_full[2]_i_1_n_0
    SLICE_X4Y49          FDRE                                         r  top_i/UART_RX_0/U0/rx_byte_full_reg[2]/D
  -------------------------------------------------------------------    -------------------

                         (clock clk_out1_top_clk_wiz_0_0 rise edge)
                                                      0.000     0.000 r  
    W5                                                0.000     0.000 r  sys_clock (IN)
                         net (fo=0)                   0.000     0.000    top_i/clk_wiz_0/inst/clk_in1
    W5                   IBUF (Prop_ibuf_I_O)         1.388     1.388 r  top_i/clk_wiz_0/inst/clkin1_ibufg/O
                         net (fo=1, routed)           1.162     2.550    top_i/clk_wiz_0/inst/clk_in1_top_clk_wiz_0_0
    MMCME2_ADV_X1Y0      MMCME2_ADV (Prop_mmcme2_adv_CLKIN1_CLKOUT0)
                                                     -7.217    -4.668 r  top_i/clk_wiz_0/inst/mmcm_adv_inst/CLKOUT0
                         net (fo=1, routed)           1.581    -3.086    top_i/clk_wiz_0/inst/clk_out1_top_clk_wiz_0_0
    BUFGCTRL_X0Y0        BUFG (Prop_bufg_I_O)         0.091    -2.995 r  top_i/clk_wiz_0/inst/clkout1_buf/O
                         net (fo=276, routed)         1.518    -1.477    top_i/UART_RX_0/U0/clk
    SLICE_X4Y49          FDRE                                         r  top_i/UART_RX_0/U0/rx_byte_full_reg[2]/C

Slack:                    inf
  Source:                 RsRx
                            (input port)
  Destination:            top_i/UART_RX_0/U0/rx_byte_full_reg[7]/D
                            (rising edge-triggered cell FDRE clocked by clk_out1_top_clk_wiz_0_0  {rise@0.000ns fall@5.000ns period=10.000ns})
  Path Group:             (none)
  Path Type:              Setup (Max at Slow Process Corner)
  Data Path Delay:        4.902ns  (logic 1.580ns (32.233%)  route 3.322ns (67.767%))
  Logic Levels:           2  (IBUF=1 LUT6=1)
  Clock Path Skew:        -1.477ns (DCD - SCD + CPR)
    Destination Clock Delay (DCD):    -1.477ns
    Source Clock Delay      (SCD):    0.000ns
    Clock Pessimism Removal (CPR):    0.000ns
  Clock Uncertainty:      0.169ns  ((TSJ^2 + DJ^2)^1/2) / 2 + PE
    Total System Jitter     (TSJ):    0.050ns
    Discrete Jitter          (DJ):    0.131ns
    Phase Error              (PE):    0.099ns

    Location             Delay type                Incr(ns)  Path(ns)    Netlist Resource(s)
  -------------------------------------------------------------------    -------------------
    B18                                               0.000     0.000 r  RsRx (IN)
                         net (fo=0)                   0.000     0.000    RsRx
    B18                  IBUF (Prop_ibuf_I_O)         1.456     1.456 r  RsRx_IBUF_inst/O
                         net (fo=10, routed)          3.322     4.778    top_i/UART_RX_0/U0/rx_serial
    SLICE_X5Y49          LUT6 (Prop_lut6_I0_O)        0.124     4.902 r  top_i/UART_RX_0/U0/rx_byte_full[7]_i_1/O
                         net (fo=1, routed)           0.000     4.902    top_i/UART_RX_0/U0/rx_byte_full[7]_i_1_n_0
    SLICE_X5Y49          FDRE                                         r  top_i/UART_RX_0/U0/rx_byte_full_reg[7]/D
  -------------------------------------------------------------------    -------------------

                         (clock clk_out1_top_clk_wiz_0_0 rise edge)
                                                      0.000     0.000 r  
    W5                                                0.000     0.000 r  sys_clock (IN)
                         net (fo=0)                   0.000     0.000    top_i/clk_wiz_0/inst/clk_in1
    W5                   IBUF (Prop_ibuf_I_O)         1.388     1.388 r  top_i/clk_wiz_0/inst/clkin1_ibufg/O
                         net (fo=1, routed)           1.162     2.550    top_i/clk_wiz_0/inst/clk_in1_top_clk_wiz_0_0
    MMCME2_ADV_X1Y0      MMCME2_ADV (Prop_mmcme2_adv_CLKIN1_CLKOUT0)
                                                     -7.217    -4.668 r  top_i/clk_wiz_0/inst/mmcm_adv_inst/CLKOUT0
                         net (fo=1, routed)           1.581    -3.086    top_i/clk_wiz_0/inst/clk_out1_top_clk_wiz_0_0
    BUFGCTRL_X0Y0        BUFG (Prop_bufg_I_O)         0.091    -2.995 r  top_i/clk_wiz_0/inst/clkout1_buf/O
                         net (fo=276, routed)         1.518    -1.477    top_i/UART_RX_0/U0/clk
    SLICE_X5Y49          FDRE                                         r  top_i/UART_RX_0/U0/rx_byte_full_reg[7]/C

Slack:                    inf
  Source:                 RsRx
                            (input port)
  Destination:            top_i/UART_RX_0/U0/rx_byte_full_reg[5]/D
                            (rising edge-triggered cell FDRE clocked by clk_out1_top_clk_wiz_0_0  {rise@0.000ns fall@5.000ns period=10.000ns})
  Path Group:             (none)
  Path Type:              Setup (Max at Slow Process Corner)
  Data Path Delay:        4.897ns  (logic 1.580ns (32.266%)  route 3.317ns (67.734%))
  Logic Levels:           2  (IBUF=1 LUT6=1)
  Clock Path Skew:        -1.477ns (DCD - SCD + CPR)
    Destination Clock Delay (DCD):    -1.477ns
    Source Clock Delay      (SCD):    0.000ns
    Clock Pessimism Removal (CPR):    0.000ns
  Clock Uncertainty:      0.169ns  ((TSJ^2 + DJ^2)^1/2) / 2 + PE
    Total System Jitter     (TSJ):    0.050ns
    Discrete Jitter          (DJ):    0.131ns
    Phase Error              (PE):    0.099ns

    Location             Delay type                Incr(ns)  Path(ns)    Netlist Resource(s)
  -------------------------------------------------------------------    -------------------
    B18                                               0.000     0.000 r  RsRx (IN)
                         net (fo=0)                   0.000     0.000    RsRx
    B18                  IBUF (Prop_ibuf_I_O)         1.456     1.456 r  RsRx_IBUF_inst/O
                         net (fo=10, routed)          3.317     4.773    top_i/UART_RX_0/U0/rx_serial
    SLICE_X5Y49          LUT6 (Prop_lut6_I0_O)        0.124     4.897 r  top_i/UART_RX_0/U0/rx_byte_full[5]_i_1/O
                         net (fo=1, routed)           0.000     4.897    top_i/UART_RX_0/U0/rx_byte_full[5]_i_1_n_0
    SLICE_X5Y49          FDRE                                         r  top_i/UART_RX_0/U0/rx_byte_full_reg[5]/D
  -------------------------------------------------------------------    -------------------

                         (clock clk_out1_top_clk_wiz_0_0 rise edge)
                                                      0.000     0.000 r  
    W5                                                0.000     0.000 r  sys_clock (IN)
                         net (fo=0)                   0.000     0.000    top_i/clk_wiz_0/inst/clk_in1
    W5                   IBUF (Prop_ibuf_I_O)         1.388     1.388 r  top_i/clk_wiz_0/inst/clkin1_ibufg/O
                         net (fo=1, routed)           1.162     2.550    top_i/clk_wiz_0/inst/clk_in1_top_clk_wiz_0_0
    MMCME2_ADV_X1Y0      MMCME2_ADV (Prop_mmcme2_adv_CLKIN1_CLKOUT0)
                                                     -7.217    -4.668 r  top_i/clk_wiz_0/inst/mmcm_adv_inst/CLKOUT0
                         net (fo=1, routed)           1.581    -3.086    top_i/clk_wiz_0/inst/clk_out1_top_clk_wiz_0_0
    BUFGCTRL_X0Y0        BUFG (Prop_bufg_I_O)         0.091    -2.995 r  top_i/clk_wiz_0/inst/clkout1_buf/O
                         net (fo=276, routed)         1.518    -1.477    top_i/UART_RX_0/U0/clk
    SLICE_X5Y49          FDRE                                         r  top_i/UART_RX_0/U0/rx_byte_full_reg[5]/C





Min Delay Paths
--------------------------------------------------------------------------------------
Slack:                    inf
  Source:                 RsRx
                            (input port)
  Destination:            top_i/UART_RX_0/U0/FSM_sequential_state_reg[0]/D
                            (rising edge-triggered cell FDRE clocked by clk_out1_top_clk_wiz_0_0  {rise@0.000ns fall@5.000ns period=10.000ns})
  Path Group:             (none)
  Path Type:              Hold (Min at Fast Process Corner)
  Data Path Delay:        1.658ns  (logic 0.269ns (16.240%)  route 1.389ns (83.760%))
  Logic Levels:           2  (IBUF=1 LUT6=1)
  Clock Path Skew:        -0.825ns (DCD - SCD - CPR)
    Destination Clock Delay (DCD):    -0.825ns
    Source Clock Delay      (SCD):    0.000ns
    Clock Pessimism Removal (CPR):    -0.000ns

    Location             Delay type                Incr(ns)  Path(ns)    Netlist Resource(s)
  -------------------------------------------------------------------    -------------------
    B18                                               0.000     0.000 f  RsRx (IN)
                         net (fo=0)                   0.000     0.000    RsRx
    B18                  IBUF (Prop_ibuf_I_O)         0.224     0.224 f  RsRx_IBUF_inst/O
                         net (fo=10, routed)          1.389     1.613    top_i/UART_RX_0/U0/rx_serial
    SLICE_X3Y52          LUT6 (Prop_lut6_I0_O)        0.045     1.658 r  top_i/UART_RX_0/U0/FSM_sequential_state[0]_i_1/O
                         net (fo=1, routed)           0.000     1.658    top_i/UART_RX_0/U0/FSM_sequential_state[0]_i_1_n_0
    SLICE_X3Y52          FDRE                                         r  top_i/UART_RX_0/U0/FSM_sequential_state_reg[0]/D
  -------------------------------------------------------------------    -------------------

                         (clock clk_out1_top_clk_wiz_0_0 rise edge)
                                                      0.000     0.000 r  
    W5                                                0.000     0.000 r  sys_clock (IN)
                         net (fo=0)                   0.000     0.000    top_i/clk_wiz_0/inst/clk_in1
    W5                   IBUF (Prop_ibuf_I_O)         0.414     0.414 r  top_i/clk_wiz_0/inst/clkin1_ibufg/O
                         net (fo=1, routed)           0.480     0.894    top_i/clk_wiz_0/inst/clk_in1_top_clk_wiz_0_0
    MMCME2_ADV_X1Y0      MMCME2_ADV (Prop_mmcme2_adv_CLKIN1_CLKOUT0)
                                                     -3.142    -2.248 r  top_i/clk_wiz_0/inst/mmcm_adv_inst/CLKOUT0
                         net (fo=1, routed)           0.530    -1.718    top_i/clk_wiz_0/inst/clk_out1_top_clk_wiz_0_0
    BUFGCTRL_X0Y0        BUFG (Prop_bufg_I_O)         0.029    -1.689 r  top_i/clk_wiz_0/inst/clkout1_buf/O
                         net (fo=276, routed)         0.864    -0.825    top_i/UART_RX_0/U0/clk
    SLICE_X3Y52          FDRE                                         r  top_i/UART_RX_0/U0/FSM_sequential_state_reg[0]/C

Slack:                    inf
  Source:                 RsRx
                            (input port)
  Destination:            top_i/UART_RX_0/U0/rx_byte_full_reg[5]/D
                            (rising edge-triggered cell FDRE clocked by clk_out1_top_clk_wiz_0_0  {rise@0.000ns fall@5.000ns period=10.000ns})
  Path Group:             (none)
  Path Type:              Hold (Min at Fast Process Corner)
  Data Path Delay:        1.694ns  (logic 0.269ns (15.900%)  route 1.424ns (84.100%))
  Logic Levels:           2  (IBUF=1 LUT6=1)
  Clock Path Skew:        -0.825ns (DCD - SCD - CPR)
    Destination Clock Delay (DCD):    -0.825ns
    Source Clock Delay      (SCD):    0.000ns
    Clock Pessimism Removal (CPR):    -0.000ns

    Location             Delay type                Incr(ns)  Path(ns)    Netlist Resource(s)
  -------------------------------------------------------------------    -------------------
    B18                                               0.000     0.000 r  RsRx (IN)
                         net (fo=0)                   0.000     0.000    RsRx
    B18                  IBUF (Prop_ibuf_I_O)         0.224     0.224 r  RsRx_IBUF_inst/O
                         net (fo=10, routed)          1.424     1.649    top_i/UART_RX_0/U0/rx_serial
    SLICE_X5Y49          LUT6 (Prop_lut6_I0_O)        0.045     1.694 r  top_i/UART_RX_0/U0/rx_byte_full[5]_i_1/O
                         net (fo=1, routed)           0.000     1.694    top_i/UART_RX_0/U0/rx_byte_full[5]_i_1_n_0
    SLICE_X5Y49          FDRE                                         r  top_i/UART_RX_0/U0/rx_byte_full_reg[5]/D
  -------------------------------------------------------------------    -------------------

                         (clock clk_out1_top_clk_wiz_0_0 rise edge)
                                                      0.000     0.000 r  
    W5                                                0.000     0.000 r  sys_clock (IN)
                         net (fo=0)                   0.000     0.000    top_i/clk_wiz_0/inst/clk_in1
    W5                   IBUF (Prop_ibuf_I_O)         0.414     0.414 r  top_i/clk_wiz_0/inst/clkin1_ibufg/O
                         net (fo=1, routed)           0.480     0.894    top_i/clk_wiz_0/inst/clk_in1_top_clk_wiz_0_0
    MMCME2_ADV_X1Y0      MMCME2_ADV (Prop_mmcme2_adv_CLKIN1_CLKOUT0)
                                                     -3.142    -2.248 r  top_i/clk_wiz_0/inst/mmcm_adv_inst/CLKOUT0
                         net (fo=1, routed)           0.530    -1.718    top_i/clk_wiz_0/inst/clk_out1_top_clk_wiz_0_0
    BUFGCTRL_X0Y0        BUFG (Prop_bufg_I_O)         0.029    -1.689 r  top_i/clk_wiz_0/inst/clkout1_buf/O
                         net (fo=276, routed)         0.865    -0.825    top_i/UART_RX_0/U0/clk
    SLICE_X5Y49          FDRE                                         r  top_i/UART_RX_0/U0/rx_byte_full_reg[5]/C

Slack:                    inf
  Source:                 RsRx
                            (input port)
  Destination:            top_i/UART_RX_0/U0/rx_byte_full_reg[7]/D
                            (rising edge-triggered cell FDRE clocked by clk_out1_top_clk_wiz_0_0  {rise@0.000ns fall@5.000ns period=10.000ns})
  Path Group:             (none)
  Path Type:              Hold (Min at Fast Process Corner)
  Data Path Delay:        1.697ns  (logic 0.269ns (15.872%)  route 1.427ns (84.128%))
  Logic Levels:           2  (IBUF=1 LUT6=1)
  Clock Path Skew:        -0.825ns (DCD - SCD - CPR)
    Destination Clock Delay (DCD):    -0.825ns
    Source Clock Delay      (SCD):    0.000ns
    Clock Pessimism Removal (CPR):    -0.000ns

    Location             Delay type                Incr(ns)  Path(ns)    Netlist Resource(s)
  -------------------------------------------------------------------    -------------------
    B18                                               0.000     0.000 r  RsRx (IN)
                         net (fo=0)                   0.000     0.000    RsRx
    B18                  IBUF (Prop_ibuf_I_O)         0.224     0.224 r  RsRx_IBUF_inst/O
                         net (fo=10, routed)          1.427     1.652    top_i/UART_RX_0/U0/rx_serial
    SLICE_X5Y49          LUT6 (Prop_lut6_I0_O)        0.045     1.697 r  top_i/UART_RX_0/U0/rx_byte_full[7]_i_1/O
                         net (fo=1, routed)           0.000     1.697    top_i/UART_RX_0/U0/rx_byte_full[7]_i_1_n_0
    SLICE_X5Y49          FDRE                                         r  top_i/UART_RX_0/U0/rx_byte_full_reg[7]/D
  -------------------------------------------------------------------    -------------------

                         (clock clk_out1_top_clk_wiz_0_0 rise edge)
                                                      0.000     0.000 r  
    W5                                                0.000     0.000 r  sys_clock (IN)
                         net (fo=0)                   0.000     0.000    top_i/clk_wiz_0/inst/clk_in1
    W5                   IBUF (Prop_ibuf_I_O)         0.414     0.414 r  top_i/clk_wiz_0/inst/clkin1_ibufg/O
                         net (fo=1, routed)           0.480     0.894    top_i/clk_wiz_0/inst/clk_in1_top_clk_wiz_0_0
    MMCME2_ADV_X1Y0      MMCME2_ADV (Prop_mmcme2_adv_CLKIN1_CLKOUT0)
                                                     -3.142    -2.248 r  top_i/clk_wiz_0/inst/mmcm_adv_inst/CLKOUT0
                         net (fo=1, routed)           0.530    -1.718    top_i/clk_wiz_0/inst/clk_out1_top_clk_wiz_0_0
    BUFGCTRL_X0Y0        BUFG (Prop_bufg_I_O)         0.029    -1.689 r  top_i/clk_wiz_0/inst/clkout1_buf/O
                         net (fo=276, routed)         0.865    -0.825    top_i/UART_RX_0/U0/clk
    SLICE_X5Y49          FDRE                                         r  top_i/UART_RX_0/U0/rx_byte_full_reg[7]/C

Slack:                    inf
  Source:                 RsRx
                            (input port)
  Destination:            top_i/UART_RX_0/U0/rx_byte_full_reg[2]/D
                            (rising edge-triggered cell FDRE clocked by clk_out1_top_clk_wiz_0_0  {rise@0.000ns fall@5.000ns period=10.000ns})
  Path Group:             (none)
  Path Type:              Hold (Min at Fast Process Corner)
  Data Path Delay:        1.703ns  (logic 0.269ns (15.814%)  route 1.434ns (84.186%))
  Logic Levels:           2  (IBUF=1 LUT6=1)
  Clock Path Skew:        -0.825ns (DCD - SCD - CPR)
    Destination Clock Delay (DCD):    -0.825ns
    Source Clock Delay      (SCD):    0.000ns
    Clock Pessimism Removal (CPR):    -0.000ns

    Location             Delay type                Incr(ns)  Path(ns)    Netlist Resource(s)
  -------------------------------------------------------------------    -------------------
    B18                                               0.000     0.000 r  RsRx (IN)
                         net (fo=0)                   0.000     0.000    RsRx
    B18                  IBUF (Prop_ibuf_I_O)         0.224     0.224 r  RsRx_IBUF_inst/O
                         net (fo=10, routed)          1.434     1.658    top_i/UART_RX_0/U0/rx_serial
    SLICE_X4Y49          LUT6 (Prop_lut6_I0_O)        0.045     1.703 r  top_i/UART_RX_0/U0/rx_byte_full[2]_i_1/O
                         net (fo=1, routed)           0.000     1.703    top_i/UART_RX_0/U0/rx_byte_full[2]_i_1_n_0
    SLICE_X4Y49          FDRE                                         r  top_i/UART_RX_0/U0/rx_byte_full_reg[2]/D
  -------------------------------------------------------------------    -------------------

                         (clock clk_out1_top_clk_wiz_0_0 rise edge)
                                                      0.000     0.000 r  
    W5                                                0.000     0.000 r  sys_clock (IN)
                         net (fo=0)                   0.000     0.000    top_i/clk_wiz_0/inst/clk_in1
    W5                   IBUF (Prop_ibuf_I_O)         0.414     0.414 r  top_i/clk_wiz_0/inst/clkin1_ibufg/O
                         net (fo=1, routed)           0.480     0.894    top_i/clk_wiz_0/inst/clk_in1_top_clk_wiz_0_0
    MMCME2_ADV_X1Y0      MMCME2_ADV (Prop_mmcme2_adv_CLKIN1_CLKOUT0)
                                                     -3.142    -2.248 r  top_i/clk_wiz_0/inst/mmcm_adv_inst/CLKOUT0
                         net (fo=1, routed)           0.530    -1.718    top_i/clk_wiz_0/inst/clk_out1_top_clk_wiz_0_0
    BUFGCTRL_X0Y0        BUFG (Prop_bufg_I_O)         0.029    -1.689 r  top_i/clk_wiz_0/inst/clkout1_buf/O
                         net (fo=276, routed)         0.865    -0.825    top_i/UART_RX_0/U0/clk
    SLICE_X4Y49          FDRE                                         r  top_i/UART_RX_0/U0/rx_byte_full_reg[2]/C

Slack:                    inf
  Source:                 RsRx
                            (input port)
  Destination:            top_i/UART_RX_0/U0/rx_byte_full_reg[0]/D
                            (rising edge-triggered cell FDRE clocked by clk_out1_top_clk_wiz_0_0  {rise@0.000ns fall@5.000ns period=10.000ns})
  Path Group:             (none)
  Path Type:              Hold (Min at Fast Process Corner)
  Data Path Delay:        1.703ns  (logic 0.269ns (15.813%)  route 1.434ns (84.187%))
  Logic Levels:           2  (IBUF=1 LUT6=1)
  Clock Path Skew:        -0.825ns (DCD - SCD - CPR)
    Destination Clock Delay (DCD):    -0.825ns
    Source Clock Delay      (SCD):    0.000ns
    Clock Pessimism Removal (CPR):    -0.000ns

    Location             Delay type                Incr(ns)  Path(ns)    Netlist Resource(s)
  -------------------------------------------------------------------    -------------------
    B18                                               0.000     0.000 r  RsRx (IN)
                         net (fo=0)                   0.000     0.000    RsRx
    B18                  IBUF (Prop_ibuf_I_O)         0.224     0.224 r  RsRx_IBUF_inst/O
                         net (fo=10, routed)          1.434     1.658    top_i/UART_RX_0/U0/rx_serial
    SLICE_X4Y49          LUT6 (Prop_lut6_I0_O)        0.045     1.703 r  top_i/UART_RX_0/U0/rx_byte_full[0]_i_1/O
                         net (fo=1, routed)           0.000     1.703    top_i/UART_RX_0/U0/rx_byte_full[0]_i_1_n_0
    SLICE_X4Y49          FDRE                                         r  top_i/UART_RX_0/U0/rx_byte_full_reg[0]/D
  -------------------------------------------------------------------    -------------------

                         (clock clk_out1_top_clk_wiz_0_0 rise edge)
                                                      0.000     0.000 r  
    W5                                                0.000     0.000 r  sys_clock (IN)
                         net (fo=0)                   0.000     0.000    top_i/clk_wiz_0/inst/clk_in1
    W5                   IBUF (Prop_ibuf_I_O)         0.414     0.414 r  top_i/clk_wiz_0/inst/clkin1_ibufg/O
                         net (fo=1, routed)           0.480     0.894    top_i/clk_wiz_0/inst/clk_in1_top_clk_wiz_0_0
    MMCME2_ADV_X1Y0      MMCME2_ADV (Prop_mmcme2_adv_CLKIN1_CLKOUT0)
                                                     -3.142    -2.248 r  top_i/clk_wiz_0/inst/mmcm_adv_inst/CLKOUT0
                         net (fo=1, routed)           0.530    -1.718    top_i/clk_wiz_0/inst/clk_out1_top_clk_wiz_0_0
    BUFGCTRL_X0Y0        BUFG (Prop_bufg_I_O)         0.029    -1.689 r  top_i/clk_wiz_0/inst/clkout1_buf/O
                         net (fo=276, routed)         0.865    -0.825    top_i/UART_RX_0/U0/clk
    SLICE_X4Y49          FDRE                                         r  top_i/UART_RX_0/U0/rx_byte_full_reg[0]/C

Slack:                    inf
  Source:                 RsRx
                            (input port)
  Destination:            top_i/UART_RX_0/U0/s_busy_reg/D
                            (rising edge-triggered cell FDRE clocked by clk_out1_top_clk_wiz_0_0  {rise@0.000ns fall@5.000ns period=10.000ns})
  Path Group:             (none)
  Path Type:              Hold (Min at Fast Process Corner)
  Data Path Delay:        1.739ns  (logic 0.269ns (15.487%)  route 1.470ns (84.513%))
  Logic Levels:           2  (IBUF=1 LUT4=1)
  Clock Path Skew:        -0.828ns (DCD - SCD - CPR)
    Destination Clock Delay (DCD):    -0.828ns
    Source Clock Delay      (SCD):    0.000ns
    Clock Pessimism Removal (CPR):    -0.000ns

    Location             Delay type                Incr(ns)  Path(ns)    Netlist Resource(s)
  -------------------------------------------------------------------    -------------------
    B18                                               0.000     0.000 f  RsRx (IN)
                         net (fo=0)                   0.000     0.000    RsRx
    B18                  IBUF (Prop_ibuf_I_O)         0.224     0.224 f  RsRx_IBUF_inst/O
                         net (fo=10, routed)          1.470     1.694    top_i/UART_RX_0/U0/rx_serial
    SLICE_X4Y53          LUT4 (Prop_lut4_I0_O)        0.045     1.739 r  top_i/UART_RX_0/U0/s_busy_i_1/O
                         net (fo=1, routed)           0.000     1.739    top_i/UART_RX_0/U0/s_busy_i_1_n_0
    SLICE_X4Y53          FDRE                                         r  top_i/UART_RX_0/U0/s_busy_reg/D
  -------------------------------------------------------------------    -------------------

                         (clock clk_out1_top_clk_wiz_0_0 rise edge)
                                                      0.000     0.000 r  
    W5                                                0.000     0.000 r  sys_clock (IN)
                         net (fo=0)                   0.000     0.000    top_i/clk_wiz_0/inst/clk_in1
    W5                   IBUF (Prop_ibuf_I_O)         0.414     0.414 r  top_i/clk_wiz_0/inst/clkin1_ibufg/O
                         net (fo=1, routed)           0.480     0.894    top_i/clk_wiz_0/inst/clk_in1_top_clk_wiz_0_0
    MMCME2_ADV_X1Y0      MMCME2_ADV (Prop_mmcme2_adv_CLKIN1_CLKOUT0)
                                                     -3.142    -2.248 r  top_i/clk_wiz_0/inst/mmcm_adv_inst/CLKOUT0
                         net (fo=1, routed)           0.530    -1.718    top_i/clk_wiz_0/inst/clk_out1_top_clk_wiz_0_0
    BUFGCTRL_X0Y0        BUFG (Prop_bufg_I_O)         0.029    -1.689 r  top_i/clk_wiz_0/inst/clkout1_buf/O
                         net (fo=276, routed)         0.861    -0.828    top_i/UART_RX_0/U0/clk
    SLICE_X4Y53          FDRE                                         r  top_i/UART_RX_0/U0/s_busy_reg/C

Slack:                    inf
  Source:                 RsRx
                            (input port)
  Destination:            top_i/UART_RX_0/U0/rx_byte_full_reg[4]/D
                            (rising edge-triggered cell FDRE clocked by clk_out1_top_clk_wiz_0_0  {rise@0.000ns fall@5.000ns period=10.000ns})
  Path Group:             (none)
  Path Type:              Hold (Min at Fast Process Corner)
  Data Path Delay:        1.780ns  (logic 0.269ns (15.132%)  route 1.510ns (84.868%))
  Logic Levels:           2  (IBUF=1 LUT6=1)
  Clock Path Skew:        -0.825ns (DCD - SCD - CPR)
    Destination Clock Delay (DCD):    -0.825ns
    Source Clock Delay      (SCD):    0.000ns
    Clock Pessimism Removal (CPR):    -0.000ns

    Location             Delay type                Incr(ns)  Path(ns)    Netlist Resource(s)
  -------------------------------------------------------------------    -------------------
    B18                                               0.000     0.000 r  RsRx (IN)
                         net (fo=0)                   0.000     0.000    RsRx
    B18                  IBUF (Prop_ibuf_I_O)         0.224     0.224 r  RsRx_IBUF_inst/O
                         net (fo=10, routed)          1.510     1.735    top_i/UART_RX_0/U0/rx_serial
    SLICE_X5Y49          LUT6 (Prop_lut6_I0_O)        0.045     1.780 r  top_i/UART_RX_0/U0/rx_byte_full[4]_i_1/O
                         net (fo=1, routed)           0.000     1.780    top_i/UART_RX_0/U0/rx_byte_full[4]_i_1_n_0
    SLICE_X5Y49          FDRE                                         r  top_i/UART_RX_0/U0/rx_byte_full_reg[4]/D
  -------------------------------------------------------------------    -------------------

                         (clock clk_out1_top_clk_wiz_0_0 rise edge)
                                                      0.000     0.000 r  
    W5                                                0.000     0.000 r  sys_clock (IN)
                         net (fo=0)                   0.000     0.000    top_i/clk_wiz_0/inst/clk_in1
    W5                   IBUF (Prop_ibuf_I_O)         0.414     0.414 r  top_i/clk_wiz_0/inst/clkin1_ibufg/O
                         net (fo=1, routed)           0.480     0.894    top_i/clk_wiz_0/inst/clk_in1_top_clk_wiz_0_0
    MMCME2_ADV_X1Y0      MMCME2_ADV (Prop_mmcme2_adv_CLKIN1_CLKOUT0)
                                                     -3.142    -2.248 r  top_i/clk_wiz_0/inst/mmcm_adv_inst/CLKOUT0
                         net (fo=1, routed)           0.530    -1.718    top_i/clk_wiz_0/inst/clk_out1_top_clk_wiz_0_0
    BUFGCTRL_X0Y0        BUFG (Prop_bufg_I_O)         0.029    -1.689 r  top_i/clk_wiz_0/inst/clkout1_buf/O
                         net (fo=276, routed)         0.865    -0.825    top_i/UART_RX_0/U0/clk
    SLICE_X5Y49          FDRE                                         r  top_i/UART_RX_0/U0/rx_byte_full_reg[4]/C

Slack:                    inf
  Source:                 RsRx
                            (input port)
  Destination:            top_i/UART_RX_0/U0/rx_byte_full_reg[1]/D
                            (rising edge-triggered cell FDRE clocked by clk_out1_top_clk_wiz_0_0  {rise@0.000ns fall@5.000ns period=10.000ns})
  Path Group:             (none)
  Path Type:              Hold (Min at Fast Process Corner)
  Data Path Delay:        1.781ns  (logic 0.269ns (15.116%)  route 1.512ns (84.884%))
  Logic Levels:           2  (IBUF=1 LUT6=1)
  Clock Path Skew:        -0.825ns (DCD - SCD - CPR)
    Destination Clock Delay (DCD):    -0.825ns
    Source Clock Delay      (SCD):    0.000ns
    Clock Pessimism Removal (CPR):    -0.000ns

    Location             Delay type                Incr(ns)  Path(ns)    Netlist Resource(s)
  -------------------------------------------------------------------    -------------------
    B18                                               0.000     0.000 r  RsRx (IN)
                         net (fo=0)                   0.000     0.000    RsRx
    B18                  IBUF (Prop_ibuf_I_O)         0.224     0.224 r  RsRx_IBUF_inst/O
                         net (fo=10, routed)          1.512     1.736    top_i/UART_RX_0/U0/rx_serial
    SLICE_X4Y49          LUT6 (Prop_lut6_I0_O)        0.045     1.781 r  top_i/UART_RX_0/U0/rx_byte_full[1]_i_1/O
                         net (fo=1, routed)           0.000     1.781    top_i/UART_RX_0/U0/rx_byte_full[1]_i_1_n_0
    SLICE_X4Y49          FDRE                                         r  top_i/UART_RX_0/U0/rx_byte_full_reg[1]/D
  -------------------------------------------------------------------    -------------------

                         (clock clk_out1_top_clk_wiz_0_0 rise edge)
                                                      0.000     0.000 r  
    W5                                                0.000     0.000 r  sys_clock (IN)
                         net (fo=0)                   0.000     0.000    top_i/clk_wiz_0/inst/clk_in1
    W5                   IBUF (Prop_ibuf_I_O)         0.414     0.414 r  top_i/clk_wiz_0/inst/clkin1_ibufg/O
                         net (fo=1, routed)           0.480     0.894    top_i/clk_wiz_0/inst/clk_in1_top_clk_wiz_0_0
    MMCME2_ADV_X1Y0      MMCME2_ADV (Prop_mmcme2_adv_CLKIN1_CLKOUT0)
                                                     -3.142    -2.248 r  top_i/clk_wiz_0/inst/mmcm_adv_inst/CLKOUT0
                         net (fo=1, routed)           0.530    -1.718    top_i/clk_wiz_0/inst/clk_out1_top_clk_wiz_0_0
    BUFGCTRL_X0Y0        BUFG (Prop_bufg_I_O)         0.029    -1.689 r  top_i/clk_wiz_0/inst/clkout1_buf/O
                         net (fo=276, routed)         0.865    -0.825    top_i/UART_RX_0/U0/clk
    SLICE_X4Y49          FDRE                                         r  top_i/UART_RX_0/U0/rx_byte_full_reg[1]/C

Slack:                    inf
  Source:                 RsRx
                            (input port)
  Destination:            top_i/UART_RX_0/U0/rx_byte_full_reg[6]/D
                            (rising edge-triggered cell FDRE clocked by clk_out1_top_clk_wiz_0_0  {rise@0.000ns fall@5.000ns period=10.000ns})
  Path Group:             (none)
  Path Type:              Hold (Min at Fast Process Corner)
  Data Path Delay:        1.800ns  (logic 0.269ns (14.960%)  route 1.531ns (85.040%))
  Logic Levels:           2  (IBUF=1 LUT6=1)
  Clock Path Skew:        -0.825ns (DCD - SCD - CPR)
    Destination Clock Delay (DCD):    -0.825ns
    Source Clock Delay      (SCD):    0.000ns
    Clock Pessimism Removal (CPR):    -0.000ns

    Location             Delay type                Incr(ns)  Path(ns)    Netlist Resource(s)
  -------------------------------------------------------------------    -------------------
    B18                                               0.000     0.000 r  RsRx (IN)
                         net (fo=0)                   0.000     0.000    RsRx
    B18                  IBUF (Prop_ibuf_I_O)         0.224     0.224 r  RsRx_IBUF_inst/O
                         net (fo=10, routed)          1.531     1.755    top_i/UART_RX_0/U0/rx_serial
    SLICE_X4Y49          LUT6 (Prop_lut6_I0_O)        0.045     1.800 r  top_i/UART_RX_0/U0/rx_byte_full[6]_i_1/O
                         net (fo=1, routed)           0.000     1.800    top_i/UART_RX_0/U0/rx_byte_full[6]_i_1_n_0
    SLICE_X4Y49          FDRE                                         r  top_i/UART_RX_0/U0/rx_byte_full_reg[6]/D
  -------------------------------------------------------------------    -------------------

                         (clock clk_out1_top_clk_wiz_0_0 rise edge)
                                                      0.000     0.000 r  
    W5                                                0.000     0.000 r  sys_clock (IN)
                         net (fo=0)                   0.000     0.000    top_i/clk_wiz_0/inst/clk_in1
    W5                   IBUF (Prop_ibuf_I_O)         0.414     0.414 r  top_i/clk_wiz_0/inst/clkin1_ibufg/O
                         net (fo=1, routed)           0.480     0.894    top_i/clk_wiz_0/inst/clk_in1_top_clk_wiz_0_0
    MMCME2_ADV_X1Y0      MMCME2_ADV (Prop_mmcme2_adv_CLKIN1_CLKOUT0)
                                                     -3.142    -2.248 r  top_i/clk_wiz_0/inst/mmcm_adv_inst/CLKOUT0
                         net (fo=1, routed)           0.530    -1.718    top_i/clk_wiz_0/inst/clk_out1_top_clk_wiz_0_0
    BUFGCTRL_X0Y0        BUFG (Prop_bufg_I_O)         0.029    -1.689 r  top_i/clk_wiz_0/inst/clkout1_buf/O
                         net (fo=276, routed)         0.865    -0.825    top_i/UART_RX_0/U0/clk
    SLICE_X4Y49          FDRE                                         r  top_i/UART_RX_0/U0/rx_byte_full_reg[6]/C

Slack:                    inf
  Source:                 RsRx
                            (input port)
  Destination:            top_i/UART_RX_0/U0/rx_byte_full_reg[3]/D
                            (rising edge-triggered cell FDRE clocked by clk_out1_top_clk_wiz_0_0  {rise@0.000ns fall@5.000ns period=10.000ns})
  Path Group:             (none)
  Path Type:              Hold (Min at Fast Process Corner)
  Data Path Delay:        1.864ns  (logic 0.269ns (14.450%)  route 1.594ns (85.550%))
  Logic Levels:           2  (IBUF=1 LUT6=1)
  Clock Path Skew:        -0.825ns (DCD - SCD - CPR)
    Destination Clock Delay (DCD):    -0.825ns
    Source Clock Delay      (SCD):    0.000ns
    Clock Pessimism Removal (CPR):    -0.000ns

    Location             Delay type                Incr(ns)  Path(ns)    Netlist Resource(s)
  -------------------------------------------------------------------    -------------------
    B18                                               0.000     0.000 r  RsRx (IN)
                         net (fo=0)                   0.000     0.000    RsRx
    B18                  IBUF (Prop_ibuf_I_O)         0.224     0.224 r  RsRx_IBUF_inst/O
                         net (fo=10, routed)          1.594     1.819    top_i/UART_RX_0/U0/rx_serial
    SLICE_X5Y49          LUT6 (Prop_lut6_I0_O)        0.045     1.864 r  top_i/UART_RX_0/U0/rx_byte_full[3]_i_1/O
                         net (fo=1, routed)           0.000     1.864    top_i/UART_RX_0/U0/rx_byte_full[3]_i_1_n_0
    SLICE_X5Y49          FDRE                                         r  top_i/UART_RX_0/U0/rx_byte_full_reg[3]/D
  -------------------------------------------------------------------    -------------------

                         (clock clk_out1_top_clk_wiz_0_0 rise edge)
                                                      0.000     0.000 r  
    W5                                                0.000     0.000 r  sys_clock (IN)
                         net (fo=0)                   0.000     0.000    top_i/clk_wiz_0/inst/clk_in1
    W5                   IBUF (Prop_ibuf_I_O)         0.414     0.414 r  top_i/clk_wiz_0/inst/clkin1_ibufg/O
                         net (fo=1, routed)           0.480     0.894    top_i/clk_wiz_0/inst/clk_in1_top_clk_wiz_0_0
    MMCME2_ADV_X1Y0      MMCME2_ADV (Prop_mmcme2_adv_CLKIN1_CLKOUT0)
                                                     -3.142    -2.248 r  top_i/clk_wiz_0/inst/mmcm_adv_inst/CLKOUT0
                         net (fo=1, routed)           0.530    -1.718    top_i/clk_wiz_0/inst/clk_out1_top_clk_wiz_0_0
    BUFGCTRL_X0Y0        BUFG (Prop_bufg_I_O)         0.029    -1.689 r  top_i/clk_wiz_0/inst/clkout1_buf/O
                         net (fo=276, routed)         0.865    -0.825    top_i/UART_RX_0/U0/clk
    SLICE_X5Y49          FDRE                                         r  top_i/UART_RX_0/U0/rx_byte_full_reg[3]/C





