memory_initialization_radix=16;
memory_initialization_vector=
3C43,
3C43,
3C43,
3C43,
3C44,
3C43,
3C43,
3C43,
3C43,
3C43,
3C43,
3C43,
3C43,
3C43,
3C43,
3C43,
3C43,
3C43,
3C43,
3C43,
3C43,
3C43,
3C43,
3C43,
3C43,
3C43,
3C43,
3C43,
3C43,
3C43,
3C43,
3C43,
3C43,
3C43,
3C43,
3C43,
3C43,
3C43,
3C43,
3C43,
3C43,
3C43,
3C43,
3C43,
3C43,
3C63,
3C63,
3C43,
3C43,
3C43,
3C43,
3C43,
3C43,
3C43,
3C43,
3C43,
3C43,
3C43,
3C43,
3C43,
3C43,
3C43,
3C43,
3C43,
3C43,
3C43,
3C43,
3C43,
3C43,
3C43,
3C43,
3C43,
3C43,
3C43,
3C43,
3C43,
3C43,
3C43,
3C43,
3C43,
3C43,
3C43,
3C43,
3C43,
3C43,
3C43,
3C43,
3C43,
3C43,
3C43,
3C43,
3C43,
3C43,
3C43,
3C23,
3C23,
3C23,
3C23,
3C23,
3C23,
3C23,
3C23,
3C23,
3C23,
3C23,
3C23,
3C23,
3C23,
3C23,
3C23,
3C23,
3C23,
3C43,
3C43,
3C43,
3443,
3443,
3443,
3443,
3443,
3443,
3443,
3443,
3443,
3443,
3443,
3443,
3443,
3444,
3443,
3443,
3423,
3423,
3423,
3423,
3423,
3423,
3423,
3423,
3423,
3423,
3423,
3423,
3423,
3423,
3423,
3403,
3403,
3403,
3403,
3403,
3403,
3403,
3403,
3403,
3BE3,
3BE4,
3BE4,
43E5,
4C06,
4C07,
43A6,
22C3,
01C0,
0140,
0120,
0120,
0140,
0180,
01C0,
0A20,
1260,
1AA1,
1AE1,
1B01,
2341,
2341,
2341,
2B62,
2BA3,
33C3,
33C3,
33C3,
33E3,
33E3,
33E3,
3403,
3423,
3423,
3423,
3423,
3423,
3423,
3423,
3423,
3423,
3423,
3423,
3423,
3423,
3423,
3423,
3423,
3423,
3423,
3423,
3423,
3423,
3423,
3423,
3423,
3424,
3C24,
3C04,
3C04,
3C04,
3BE4,
2303,
0A21,
0180,
0120,
0120,
0140,
0180,
0180,
01C0,
1AE1,
2B83,
33C3,
33C3,
33E3,
3403,
3423,
3424,
3444,
3444,
3444,
3444,
3444,
3444,
3444,
3444,
3444,
3444,
3444,
3444,
3444,
3444,
3444,
3444,
3444,
3444,
3444,
3444,
3444,
3444,
3444,
3444,
3444,
3444,
3444,
3444,
3444,
3444,
3444,
3444,
3444,
3444,
3444,
3444,
3444,
3444,
3444,
3444,
3444,
3444,
3444,
3444,
3444,
3444,
3444,
3444,
3444,
3444,
3444,
3444,
3444,
3444,
3444,
3444,
3444,
3444,
3444,
3444,
3444,
3444,
3444,
3443,
3C44,
3C23,
3C43,
3C43,
3C43,
3C44,
3C44,
3C43,
3C43,
3C43,
3C43,
3C43,
3C43,
3C43,
3C43,
3C43,
3C43,
3C43,
3C43,
3C43,
3C43,
3C43,
3C43,
3C43,
3C43,
3C43,
3C43,
3C43,
3C43,
3C43,
3C43,
3C43,
3C43,
3C43,
3C43,
3C43,
3C43,
3C43,
3C43,
3C43,
3C43,
3C43,
3C43,
3C43,
3C43,
3C43,
3C43,
3C63,
3C43,
3C43,
3C43,
3C43,
3C43,
3C43,
3C43,
3C43,
3C43,
3C43,
3C43,
3C43,
3C43,
3C43,
3C43,
3C43,
3C43,
3C43,
3C43,
3C43,
3C43,
3C43,
3C43,
3C43,
3C43,
3C43,
3C43,
3C43,
3C43,
3C43,
3C43,
3C43,
3C43,
3C43,
3C43,
3C43,
3C43,
3C43,
3C43,
3C43,
3C43,
3C43,
3C43,
3C43,
3C43,
3C43,
3C43,
3C43,
3C23,
3C23,
3C23,
3C23,
3C23,
3C23,
3C23,
3C23,
3C23,
3C23,
3C23,
3C23,
3C23,
3C23,
3C23,
3C23,
3C23,
3C23,
3C43,
3C43,
3C43,
3443,
3443,
3443,
3443,
3443,
3443,
3443,
3443,
3443,
3443,
3444,
3443,
3443,
3444,
3443,
3444,
3424,
3423,
3423,
3423,
3423,
3423,
3423,
3423,
3423,
3423,
3423,
3423,
3423,
3423,
3423,
3403,
3403,
3403,
33E3,
33E3,
2C03,
3403,
3403,
3403,
33E3,
3BE4,
3BE4,
43E5,
4C27,
4C07,
2B04,
09E0,
01C0,
0A00,
1261,
1241,
09E1,
01C0,
01C0,
0180,
0140,
0160,
0180,
01C0,
0200,
0200,
0220,
0A40,
0A60,
1280,
1280,
12A0,
12E0,
2361,
33E3,
3424,
3423,
3423,
3423,
3423,
3423,
3423,
3423,
3423,
3423,
3423,
3423,
3423,
3423,
3423,
3423,
3423,
3423,
3423,
3423,
3423,
3423,
3423,
3423,
3C24,
3404,
3C04,
3C05,
3C05,
33C4,
1AC1,
01C0,
0140,
0120,
0180,
0A01,
1A82,
1A82,
0A21,
01C0,
0A20,
2B22,
33A4,
3BC4,
3BC4,
3BE3,
3423,
3423,
3444,
3444,
3444,
3444,
3444,
3444,
3444,
3444,
3444,
3444,
3444,
3444,
3444,
3444,
3444,
3444,
3444,
3444,
3444,
3444,
3444,
3444,
3444,
3444,
3444,
3444,
3444,
3444,
3444,
3444,
3444,
3444,
3444,
3444,
3444,
3444,
3444,
3444,
3444,
3444,
3444,
3444,
3444,
3444,
3444,
3444,
3444,
3444,
3444,
3444,
3444,
3444,
3444,
3444,
3444,
3444,
3444,
3444,
3C44,
3444,
3444,
3444,
3444,
3444,
3C24,
4424,
3C43,
3C43,
3C43,
3C44,
3C44,
3C43,
3C43,
3C43,
3C43,
3C43,
3C43,
3C43,
3C43,
3C43,
3C43,
3C43,
3C43,
3C43,
3C43,
3C43,
3C43,
3C43,
3C43,
3C43,
3C43,
3C43,
3C43,
3C43,
3C43,
3C43,
3C43,
3C43,
3C43,
3C43,
3C43,
3C43,
3C43,
3C43,
3C43,
3C43,
3C43,
3C43,
3C43,
3C43,
3C43,
3C63,
3C43,
3C43,
3C43,
3C43,
3C43,
3C43,
3C43,
3C43,
3C43,
3C43,
3C44,
3C43,
3C43,
3C43,
3C43,
3C43,
3C43,
3C43,
3C43,
3C43,
3C43,
3C43,
3C43,
3C43,
3C43,
3C43,
3C43,
3C43,
3C43,
3C43,
3C43,
3C43,
3C43,
3C43,
3C43,
3C43,
3C43,
3C43,
3C43,
3C43,
3C43,
3C43,
3C43,
3C43,
3C43,
3C43,
3C43,
3C43,
3C43,
3C23,
3423,
3C23,
3C23,
3C23,
3C23,
3C23,
3C23,
3C23,
3C23,
3C23,
3C23,
3C23,
3C23,
3C23,
3C23,
3C23,
3C43,
3C43,
3C43,
3C43,
3443,
3443,
3443,
3443,
3443,
3443,
3443,
3443,
3443,
3443,
3443,
3443,
3443,
3443,
3443,
3424,
3423,
3423,
3423,
3423,
3423,
3423,
3423,
3423,
3423,
3423,
3423,
3423,
3423,
3404,
3403,
3403,
3404,
3403,
33E3,
3403,
3403,
3403,
3404,
33E4,
3BE4,
3BE4,
3BE5,
43E6,
2B24,
09E0,
0120,
1220,
3364,
43C5,
3BA5,
3344,
2B23,
2B03,
1A82,
0A20,
0A00,
0A20,
0220,
0200,
0220,
0200,
01C0,
01A0,
0180,
0180,
01C0,
0240,
1B20,
33E3,
3424,
3403,
3423,
3423,
3423,
3423,
3423,
3423,
3423,
3423,
3423,
3423,
3423,
3423,
3423,
3423,
3423,
3423,
3423,
3423,
3423,
3424,
3424,
3424,
3C24,
3C04,
33E4,
3C05,
33A5,
12A2,
01A0,
0160,
01A0,
1220,
2B03,
3B65,
3B85,
3BA5,
3344,
1240,
01C0,
1AA1,
3383,
3BC4,
3BC4,
3BE3,
3403,
3423,
3444,
3444,
3444,
3444,
3444,
3444,
3444,
3444,
3444,
3444,
3444,
3444,
3444,
3444,
3444,
3444,
3444,
3444,
3444,
3444,
3444,
3444,
3444,
3444,
3444,
3444,
3444,
3444,
3444,
3444,
3444,
3444,
3444,
3444,
3444,
3444,
3444,
3444,
3444,
3444,
3444,
3444,
3444,
3444,
3444,
3444,
3444,
3444,
3444,
3444,
3444,
3444,
3444,
3444,
3444,
3444,
3444,
3444,
3444,
3444,
3444,
3424,
3444,
3C44,
4425,
43E5,
3C43,
3C43,
3C43,
3C43,
3C43,
3C43,
3C44,
3C44,
3C43,
3C43,
3C43,
3C43,
3C43,
3C43,
3C43,
3C43,
3C43,
3C43,
3C43,
3C43,
3C43,
3C43,
3C43,
3C43,
3C43,
3C43,
3C43,
3C43,
3C43,
3C43,
3C43,
3C43,
3C43,
3C43,
3C43,
3C43,
3C43,
3C43,
3C43,
3C43,
3C43,
3C43,
3C43,
3C43,
3C43,
3C43,
3C43,
3C43,
3C63,
3C63,
3C44,
3C43,
3C43,
3C63,
3C63,
3C44,
3C44,
3C43,
3C43,
3C43,
3C43,
3C43,
3C43,
3C43,
3C43,
3C43,
3C43,
3C43,
3C43,
3C43,
3C43,
3C43,
3C43,
3C43,
3C43,
3C43,
3C43,
3C43,
3C43,
3C43,
3C43,
3C43,
3C43,
3C43,
3C43,
3C43,
3C43,
3C43,
3C43,
3C43,
3C43,
3C43,
3C24,
3C24,
3C24,
3C23,
3C24,
3C44,
3C24,
3C23,
3C23,
3C23,
3C43,
3C23,
3C23,
3C23,
3C23,
3C23,
3C23,
3C23,
3C23,
3C23,
3C23,
3C23,
3C23,
3423,
3443,
3443,
3443,
3443,
3443,
3443,
3443,
3444,
3443,
3423,
3423,
3423,
3423,
3423,
3423,
3423,
3423,
3423,
3423,
3423,
3423,
3423,
3423,
3423,
3423,
3403,
3404,
3424,
3C24,
3C24,
3C24,
3C24,
3C04,
3404,
3404,
3404,
3403,
3403,
33E4,
33E4,
33E4,
33C4,
3BC5,
3364,
1261,
0160,
0160,
22C2,
43E6,
43E6,
43C5,
43C5,
43A5,
3BA6,
43C6,
43A5,
3B85,
3364,
2B64,
2B43,
2B43,
1AE2,
01E0,
0160,
0160,
01A0,
0A40,
12C0,
2341,
33E3,
3424,
3403,
3403,
3423,
3423,
3423,
3423,
3423,
3423,
3423,
3423,
3423,
3423,
3423,
3423,
3423,
3423,
3423,
3423,
3423,
3423,
3424,
3424,
3404,
3C25,
3C04,
33E5,
33A4,
1AC2,
01A0,
0160,
09E0,
22A2,
3344,
43C6,
43C6,
3BA5,
43C5,
3BA5,
22A2,
01A0,
0A20,
2B43,
3BC4,
3BC4,
3BE4,
3403,
3423,
3444,
3444,
3444,
3444,
3444,
3444,
3444,
3444,
3444,
3444,
3444,
3444,
3444,
3444,
3444,
3444,
3444,
3444,
3444,
3444,
3444,
3444,
3444,
3444,
3444,
3444,
3444,
3444,
3444,
3444,
3444,
3444,
3444,
3444,
3444,
3444,
3444,
3444,
3444,
3444,
3444,
3444,
3444,
3444,
3444,
3444,
3444,
3444,
3444,
3444,
3444,
3444,
3444,
3444,
3444,
3444,
3444,
3444,
3464,
3444,
3424,
3424,
3424,
3C24,
33A4,
22E3,
3C43,
3C43,
3C43,
3C43,
3C23,
3C43,
3C43,
3C43,
3C43,
3C43,
3C43,
3C43,
3C43,
3C43,
3C43,
3C43,
3C43,
3C43,
3C43,
3C43,
3C43,
3C43,
3C43,
3C43,
3C43,
3C43,
3C43,
3C43,
3C43,
3C43,
3C43,
3C43,
3C43,
3C43,
3C43,
3C43,
3C43,
3C43,
3C43,
3C43,
3C43,
3C43,
3C43,
3C43,
3C43,
3C43,
3C43,
3C43,
3C63,
3C63,
3C44,
3C43,
3C43,
3C63,
3C63,
3C44,
3C44,
3C43,
3C43,
3C43,
3C43,
3C43,
3C43,
3C43,
3C43,
3C43,
3C43,
3C43,
3C43,
3C43,
3C43,
3C43,
3C43,
3C43,
3C43,
3C43,
3C43,
3C43,
3C43,
3C43,
3C43,
3C43,
3C43,
3C43,
3C43,
3C43,
3C43,
3C23,
3C23,
3C23,
3C23,
3C23,
3C23,
3C23,
3423,
3423,
3423,
3403,
2BE3,
2BE2,
2C03,
3423,
3C43,
3C43,
3C23,
3C23,
3C23,
3C23,
3C23,
3C23,
3C23,
3C23,
3C23,
3C23,
3C23,
3423,
3443,
3443,
3443,
3443,
3443,
3443,
3443,
3444,
3443,
3423,
3423,
3423,
3423,
3423,
3C23,
3C23,
3423,
3423,
3423,
3423,
3424,
3404,
3403,
3404,
3424,
3C24,
3C24,
3C24,
3404,
33E3,
33C3,
2B82,
1B01,
12E0,
1B41,
2BC3,
33E4,
2BE3,
2BE4,
33E5,
3405,
33E5,
33A5,
2302,
0200,
0180,
1261,
3364,
43E6,
3BC5,
3BA5,
3BA5,
3BA5,
43C5,
43E6,
4C07,
4C07,
3BC5,
3BC5,
3BA4,
33A5,
1AE2,
01E0,
0200,
0A61,
1B02,
2B83,
33C2,
2BC3,
33E3,
3403,
3403,
3403,
3423,
3423,
3423,
3423,
3423,
3423,
3423,
3423,
3423,
3423,
3423,
3423,
3423,
3423,
3423,
3423,
3423,
3423,
3424,
3424,
3404,
3C05,
3C05,
33E5,
2302,
01E0,
0140,
0180,
1A81,
3B65,
43A6,
3BC5,
3BC5,
3BC5,
43E5,
43C6,
2B03,
09E0,
01A0,
22E2,
3BA4,
3BC4,
3BE4,
3403,
3423,
3443,
3444,
3444,
3444,
3444,
3444,
3444,
3444,
3444,
3444,
3444,
3444,
3444,
3444,
3444,
3444,
3444,
3444,
3444,
3444,
3444,
3444,
3444,
3444,
3444,
3444,
3444,
3444,
3444,
3444,
3444,
3444,
3444,
3444,
3444,
3444,
3444,
3444,
3444,
3444,
3444,
3444,
3444,
3444,
3444,
3444,
3444,
3444,
3444,
3444,
3444,
3444,
3444,
3444,
3444,
3444,
3444,
3444,
3464,
3444,
3424,
3C24,
3C45,
33C4,
1261,
0160,
3C43,
3C43,
3C43,
3C43,
3C43,
3C43,
3C43,
3C43,
3C43,
3C43,
3C43,
3C43,
3C43,
3C43,
3C43,
3C43,
3C43,
3C43,
3C43,
3C43,
3C43,
3C43,
3C43,
3C43,
3C43,
3C43,
3C43,
3C43,
3C43,
3C43,
3C43,
3C43,
3C43,
3C43,
3C43,
3C43,
3C43,
3C43,
3C43,
3C43,
3C43,
3C43,
3C43,
3C43,
3C43,
3C63,
3C43,
3C43,
3C63,
3C63,
3C44,
3C43,
3C43,
3C63,
3C63,
3C44,
3C43,
3C43,
3C43,
3C43,
3C43,
3C44,
3C43,
3C43,
3C43,
3C43,
3C43,
3C43,
3C43,
3C43,
3C43,
3C43,
3C43,
3C43,
3C43,
3C43,
3C43,
3C43,
3C43,
3C43,
3C43,
3C43,
3C43,
3C43,
3C43,
3C43,
3C43,
3C23,
3C23,
3C23,
3C23,
3C23,
3C24,
3C44,
3424,
2382,
12C1,
0A80,
0A80,
0AA0,
1B41,
2BE2,
3402,
3423,
3423,
3423,
3C23,
3C23,
3C23,
3C23,
3C23,
3C23,
3C23,
3C23,
3C23,
3C23,
3C43,
3443,
3443,
3443,
3443,
3443,
3443,
3443,
3423,
3423,
3423,
3423,
3C23,
3C23,
3C23,
3423,
3423,
3423,
3423,
3424,
3404,
3404,
3404,
3C24,
3404,
3404,
3404,
2BC3,
2342,
12C1,
12A0,
0A40,
0220,
0220,
0240,
12E0,
2BA3,
33C4,
33E4,
3BE5,
33E5,
33A4,
2B63,
1260,
01E0,
0A40,
2B44,
3BC6,
3BE6,
3BA5,
3BA5,
3BA5,
3BA5,
43C4,
43C5,
43C5,
43A5,
3363,
3363,
2302,
1AA1,
0A40,
0240,
1301,
2B83,
33C4,
3BE4,
33E3,
3403,
3403,
3403,
3403,
3403,
3423,
3423,
3423,
3423,
3423,
3423,
3423,
3423,
3423,
3423,
3423,
3423,
3423,
3423,
3423,
3423,
3423,
3423,
3423,
3424,
3404,
3C05,
3C26,
2B84,
0A40,
0180,
0180,
1260,
3344,
3BC5,
43C5,
3BC5,
3BC4,
3BC4,
43E4,
43E6,
3B84,
0A00,
0180,
1A81,
3363,
3BA4,
3BE4,
3403,
3423,
3443,
3444,
3444,
3444,
3444,
3444,
3444,
3444,
3444,
3444,
3444,
3444,
3444,
3444,
3444,
3444,
3444,
3444,
3444,
3444,
3444,
3444,
3444,
3444,
3444,
3444,
3444,
3444,
3444,
3444,
3444,
3444,
3444,
3444,
3444,
3444,
3444,
3444,
3444,
3444,
3444,
3444,
3444,
3444,
3444,
3444,
3444,
3444,
3444,
3444,
3444,
3444,
3444,
3444,
3444,
3444,
3444,
3444,
3444,
3C44,
3C24,
3C24,
33C4,
1282,
0160,
00E0,
3C43,
3C43,
3C43,
3C43,
3C43,
3C43,
3C43,
3C43,
3C43,
3C43,
3C43,
3C43,
3C43,
3C43,
3C43,
3C43,
3C43,
3C43,
3C43,
3C43,
3C43,
3C43,
3C43,
3C43,
3C43,
3C43,
3C43,
3C43,
3C43,
3C43,
3C43,
3C23,
3C43,
3C43,
3C43,
3C43,
3C43,
3C43,
3C43,
3C43,
3C43,
3C43,
3C43,
3C43,
3C43,
3C63,
3C63,
3C43,
3C43,
3C63,
3C44,
3C43,
3C43,
3C63,
3C63,
3C44,
3C43,
3C43,
3C43,
3C43,
3C43,
3C44,
3C43,
3C43,
3C43,
3C43,
3C43,
3C43,
3C43,
3C43,
3C43,
3C43,
3C43,
3C43,
3C43,
3C43,
3C43,
3C43,
3C43,
3C43,
3C43,
3C43,
3C23,
3C23,
3C23,
3C23,
3C23,
3423,
3423,
3423,
3424,
3424,
3C25,
4446,
2B63,
0220,
0140,
0100,
0120,
0180,
0A60,
2B62,
2BC3,
33E3,
3403,
3403,
3423,
3423,
3423,
3C23,
3C23,
3C23,
3C23,
3C23,
3C23,
3C23,
3C43,
3443,
3443,
3443,
3443,
3443,
3443,
3443,
3423,
3423,
3423,
3423,
3C23,
3C23,
3C23,
3C23,
3423,
3423,
3423,
3424,
3404,
3404,
3405,
33E5,
2BA4,
2383,
1302,
0A80,
01E0,
01A0,
0180,
01A0,
01E0,
0220,
0200,
0220,
1AE1,
3BA4,
3BC5,
3BA4,
2B22,
22C1,
1A61,
09E0,
09E1,
1201,
1A63,
2AC3,
2AE3,
2B02,
2B03,
2B23,
3343,
3342,
3363,
3B84,
3B44,
22A1,
0A20,
01E0,
01E0,
12A1,
2322,
33A4,
3BC4,
33C4,
33E4,
33E3,
33E3,
3403,
3403,
3403,
3403,
3424,
3404,
3423,
3423,
3423,
3423,
3423,
3423,
3423,
3423,
3423,
3423,
3423,
3423,
3423,
3423,
3423,
3423,
3424,
3424,
3405,
3C06,
3BE6,
1AE3,
01A0,
0160,
0A20,
2B63,
3BC5,
3BE5,
3BC4,
3BC4,
3BC4,
3BC4,
3BE4,
43E5,
3BA5,
1220,
0140,
1220,
3343,
3BA4,
3BC4,
3C03,
3423,
3C44,
3C44,
3444,
3444,
3444,
3C24,
3C44,
3444,
3444,
3444,
3444,
3444,
3444,
3444,
3444,
3444,
3444,
3444,
3444,
3444,
3444,
3444,
3444,
3444,
3444,
3444,
3444,
3444,
3444,
3444,
3444,
3444,
3444,
3444,
3444,
3444,
3444,
3444,
3444,
3444,
3444,
3444,
3444,
3444,
3444,
3444,
3444,
3444,
3444,
3444,
3444,
3444,
3444,
3444,
3444,
3444,
3444,
3444,
3444,
3C44,
3C24,
33E4,
1AE2,
01A0,
0100,
0120,
3C43,
3C43,
3C43,
3C43,
3C43,
3C43,
3C43,
3C43,
3C43,
3C43,
3C43,
3C43,
3C43,
3C43,
3C43,
3C43,
3C43,
3C43,
3C43,
3C43,
3C43,
3C43,
3C43,
3C43,
3C43,
3C43,
3C43,
3C43,
3C43,
3C43,
3C43,
3C43,
3C43,
3C43,
3C43,
3C43,
3C43,
3C43,
3C43,
3C43,
3C43,
3C43,
3C43,
3C43,
3C43,
3C43,
3C43,
3C43,
3C43,
3C43,
3C44,
3C43,
3C43,
3C63,
3C63,
3C43,
3C43,
3C43,
3C43,
3C43,
3C43,
3C43,
3C43,
3C43,
3C43,
3C43,
3C43,
3C43,
3C43,
3C43,
3C43,
3C43,
3C43,
3C43,
3C43,
3C43,
3C43,
3C43,
3C43,
3C43,
3C43,
3C43,
3C23,
3C23,
3C23,
3C23,
3C23,
3423,
3423,
3423,
3424,
3C25,
3C25,
2B84,
0A41,
0160,
0100,
0100,
0120,
0120,
09E0,
22E2,
2B63,
33C3,
3403,
3403,
3403,
3423,
3423,
3423,
3423,
3423,
3C23,
3C23,
3C23,
3C23,
3C23,
3443,
3C43,
3C43,
3C43,
3443,
3443,
3443,
3423,
3C23,
3C23,
3423,
3C23,
3C23,
3C23,
3C23,
3424,
3423,
3423,
3424,
3404,
3405,
3406,
2B84,
12C1,
0260,
0200,
01A0,
01A0,
01E0,
0A42,
1A82,
22C3,
22C2,
1240,
01E0,
0A20,
22A1,
2AA2,
2241,
11E0,
0980,
00E0,
00C0,
00C0,
00E0,
0120,
0940,
0980,
09C0,
11C0,
1200,
1220,
1220,
22A1,
3323,
1A61,
0180,
0180,
01C0,
0A81,
2B64,
33A4,
33A4,
3BE4,
3C04,
3BE4,
33E3,
3403,
3403,
3403,
3403,
3403,
3404,
3404,
3423,
3423,
3423,
3423,
3423,
3423,
3423,
3423,
3423,
3423,
3423,
3423,
3423,
3423,
3424,
3424,
3424,
3424,
3C05,
3C06,
33C5,
1281,
0180,
01A0,
22E1,
3BC5,
43E5,
3BC4,
3BC4,
3BC4,
3BE4,
3BE3,
3BE4,
43E5,
3B85,
1241,
0120,
09E0,
3343,
3BA4,
3BC4,
3C03,
3C24,
3C24,
3C24,
3C44,
3C44,
3C44,
3C24,
3C44,
3C44,
3C44,
3C44,
3C44,
3444,
3444,
3444,
3444,
3444,
3444,
3444,
3444,
3444,
3444,
3444,
3444,
3444,
3444,
3444,
3444,
3444,
3444,
3444,
3444,
3444,
3444,
3444,
3444,
3444,
3444,
3444,
3444,
3444,
3444,
3C44,
3444,
3444,
3444,
3444,
3444,
3444,
3444,
3444,
3444,
3444,
3444,
3444,
3444,
3444,
3444,
3444,
3464,
3C44,
3C24,
33A3,
1260,
0160,
0160,
1222,
3C43,
3C43,
3C43,
3C43,
3C43,
3C43,
3C43,
3C43,
3C43,
3C43,
3C43,
3C43,
3C43,
3C43,
3C43,
3C43,
3C43,
3C43,
3C43,
3C43,
3C43,
3C43,
3C43,
3C43,
3C43,
3C43,
3C43,
3C43,
3C43,
3C43,
3C43,
3C43,
3C43,
3C43,
3C43,
3C43,
3C43,
3C43,
3C43,
3C43,
3C43,
3C43,
3C43,
3C43,
3C43,
3C43,
3C43,
3C43,
3C43,
3C43,
3C44,
3C44,
3C43,
3C43,
3C43,
3C43,
3C43,
3C43,
3C43,
3C43,
3C43,
3C43,
3C43,
3C43,
3C43,
3C43,
3C43,
3C43,
3C43,
3C43,
3C43,
3C43,
3C43,
3C43,
3C43,
3C43,
3C43,
3C23,
3C43,
3C43,
3C23,
3423,
3C23,
3C23,
3423,
3423,
3404,
3C04,
3C03,
3C23,
3C24,
4446,
2B84,
0A41,
0160,
0140,
01A0,
11E2,
09C1,
0140,
0180,
1A82,
2B63,
33C3,
3403,
3404,
3403,
3403,
3403,
3423,
3423,
3423,
3423,
3423,
3423,
3423,
3424,
3C23,
3C23,
3C23,
3C23,
3423,
3423,
3C23,
3C23,
3C23,
3C23,
3C23,
3C23,
3423,
3423,
3423,
3424,
3423,
3423,
3404,
3404,
3C06,
2BA5,
0AA1,
0220,
01E0,
01E0,
0220,
0A82,
2324,
3386,
3BC6,
43C7,
3B85,
22C2,
1200,
0180,
0140,
00E0,
00C0,
00C0,
00A0,
0080,
08C0,
1101,
29A1,
3A21,
3A40,
3A40,
3A60,
3A80,
3AA0,
3AC1,
3AE2,
3AE3,
2261,
0160,
0100,
09E1,
1AE2,
2343,
33A5,
33A5,
3BC4,
33E4,
33E4,
33E4,
33E3,
33E3,
3403,
3403,
3403,
3C04,
3C04,
3403,
3404,
3403,
3403,
3423,
3423,
3423,
3423,
3423,
3423,
3423,
3423,
3423,
3423,
3424,
3424,
3424,
3424,
3424,
3C05,
3C06,
3385,
0A40,
0180,
0A20,
3363,
43E5,
3BE5,
3BE4,
3BE4,
3BE4,
3BE4,
3BE4,
3C04,
4405,
3B85,
1241,
0140,
0A01,
3343,
3BA4,
3BC4,
3C03,
3C04,
3C04,
3C24,
3C24,
3C24,
3C24,
3C24,
3C24,
3C24,
3C24,
3C24,
3C24,
3C44,
3444,
3444,
3444,
3444,
3444,
3444,
3444,
3444,
3444,
3444,
3444,
3444,
3444,
3444,
3444,
3444,
3444,
3444,
3444,
3444,
3444,
3444,
3444,
3444,
3444,
3444,
3444,
3444,
3444,
3C44,
3C44,
3C44,
3C44,
3C44,
3C44,
3C44,
3C44,
3C44,
3C44,
3C44,
3C44,
3C44,
3444,
3444,
3444,
3444,
3464,
3C44,
3C04,
3383,
0A40,
0180,
0A01,
3305,
3C43,
3C43,
3C43,
3C43,
3C43,
3C43,
3C43,
3C43,
3C43,
3C43,
3C43,
3C43,
3C43,
3C43,
3C43,
3C43,
3C43,
3C43,
3C43,
3C43,
3C43,
3C43,
3C43,
3C43,
3C43,
3C43,
3C43,
3C43,
3C43,
3C43,
3C43,
3C43,
3C43,
3C43,
3C43,
3C43,
3C43,
3C43,
3C43,
3C43,
3C43,
3C43,
3C43,
3C43,
3C43,
3C43,
3C43,
3C43,
3C43,
3C44,
3C44,
3C43,
3C43,
3C43,
3C43,
3C43,
3C43,
3C43,
3C43,
3C43,
3C43,
3C43,
3C43,
3C43,
3C43,
3C43,
3C43,
3C43,
3C43,
3C43,
3C43,
3C43,
3C43,
3C43,
3C43,
3C43,
3C43,
3C23,
3C43,
3C23,
3423,
3423,
3C23,
3403,
3403,
33E3,
33E4,
33E4,
3C04,
3C04,
4445,
3BE6,
1AC2,
0160,
0120,
01A0,
1A83,
3326,
2AA4,
0160,
0160,
1260,
3363,
33C3,
3C03,
3C04,
3C03,
3403,
3403,
3423,
3423,
3423,
3423,
3423,
3423,
3423,
3424,
3C23,
3C23,
3C23,
3C23,
3C23,
3C23,
3C23,
3C23,
3C23,
3C23,
3C23,
3C23,
3423,
3423,
3423,
3423,
3423,
3423,
33E4,
33C4,
2BA5,
12A2,
01E0,
01E0,
0200,
0A81,
1B24,
33A6,
3BE7,
3BE7,
43E7,
43E7,
4BE7,
3B65,
2221,
1160,
1120,
29C1,
3202,
39E1,
5243,
62E4,
7366,
8BE8,
A4AA,
ACEA,
A4E7,
A4C6,
9CA6,
9CC6,
9CE7,
9D29,
8D4B,
5BC6,
19E0,
0120,
0140,
2AC3,
33A5,
33A4,
3384,
33A4,
33C4,
33C3,
33C3,
33E3,
33E3,
33E3,
33E3,
3403,
3C04,
3C04,
33C3,
2BC3,
33C4,
33E3,
3403,
3403,
3423,
3423,
3423,
3423,
3423,
3423,
3423,
3423,
3423,
3424,
3424,
3C24,
3424,
3404,
3C05,
3BE6,
2B44,
0A00,
0180,
1AA2,
3384,
3BC5,
43E4,
3BE4,
3C04,
3C04,
3C04,
3C04,
3C04,
4405,
3B85,
1241,
0160,
1242,
3B64,
43A5,
3BC4,
33E3,
3403,
3C04,
3C24,
3C24,
3C24,
3C24,
3C24,
3C24,
3C24,
3C24,
3C24,
3C24,
3C44,
3444,
3444,
3444,
3444,
3444,
3444,
3444,
3444,
3444,
3444,
3444,
3444,
3444,
3444,
3444,
3444,
3444,
3444,
3444,
3444,
3444,
3444,
3444,
3444,
3444,
3444,
3444,
3444,
3444,
3C44,
3C44,
3C44,
3C44,
3C44,
3C44,
3C44,
3C44,
3C44,
3C44,
3C44,
3C44,
3C44,
3C44,
3444,
3444,
3444,
3464,
3C44,
3C05,
3383,
0A60,
01A0,
1221,
3324,
3C43,
3C43,
3C43,
3C43,
3C43,
3C43,
3C43,
3C43,
3C43,
3C43,
3C43,
3C43,
3C43,
3C43,
3C43,
3C43,
3C43,
3C43,
3C43,
3C43,
3C43,
3C43,
3C43,
3C43,
3C43,
3C43,
3C43,
3C43,
3C43,
3C43,
3C43,
3C43,
3C43,
3C43,
3C43,
3C43,
3C43,
3C43,
3C43,
3C43,
3C43,
3C43,
3C43,
3C43,
3C43,
3C43,
3C43,
3C43,
3C43,
3C43,
3C43,
3C43,
3C43,
3C43,
3C43,
3C43,
3C43,
3C43,
3C43,
3C43,
3C43,
3C43,
3C43,
3C43,
3C43,
3C43,
3C43,
3C43,
3C43,
3C43,
3C43,
3C43,
3C43,
3C43,
3C43,
3C43,
3C43,
3C43,
3C23,
3C43,
3423,
3403,
3403,
3403,
3C04,
3C04,
3BE4,
3C04,
3C04,
3C05,
3BE5,
2B23,
0220,
0180,
01C0,
1A82,
3B45,
4BC8,
3305,
0180,
0160,
1A80,
3363,
3BC3,
3BE3,
3C03,
3C03,
3403,
3403,
3403,
3423,
3423,
3423,
3423,
3423,
3423,
3423,
3C23,
3C23,
3C23,
3C23,
3C23,
3C23,
3C23,
3C23,
3C23,
3C23,
3C23,
3C24,
3423,
3423,
3423,
3423,
3423,
3423,
33E4,
2B83,
12C1,
01E0,
01C0,
0220,
12C1,
2344,
33C6,
3C06,
3BE6,
3BC6,
3BC6,
43E6,
4C07,
4385,
2201,
2180,
4241,
6BC7,
8C69,
9468,
AD09,
BD6A,
C569,
D5A9,
D5E9,
DDEA,
DDE9,
DDC9,
DDC9,
D5E9,
D60B,
C62D,
9D6C,
5365,
1180,
0940,
1A01,
3B45,
3BE5,
33C4,
33A4,
33A3,
33C3,
33E3,
33E2,
33E2,
33E2,
33E3,
33E3,
3404,
3C04,
33C3,
1B01,
0AC0,
1B21,
2BC3,
3403,
3403,
3423,
3423,
3423,
3423,
3423,
3423,
3423,
3423,
3423,
3C24,
3C04,
3C04,
3C04,
3C04,
3BE6,
3BC6,
2303,
01E0,
01C0,
2303,
3385,
3BC4,
3BE4,
3C04,
3C04,
3C04,
3C04,
3C04,
3C04,
43E5,
3B85,
1220,
0180,
1A83,
43A5,
43C5,
3BE5,
3C04,
3404,
3C04,
3C24,
3C24,
3C24,
3C44,
3444,
3C24,
3C24,
3C24,
3C24,
3C24,
3C44,
3444,
3444,
3444,
3444,
3444,
3444,
3444,
3444,
3444,
3444,
3444,
3444,
3444,
3444,
3444,
3444,
3444,
3444,
3444,
3444,
3444,
3444,
3444,
3444,
3444,
3444,
3444,
3444,
3444,
3444,
3444,
3444,
3444,
3444,
3444,
3444,
3444,
3444,
3444,
3444,
3444,
3444,
3444,
3444,
3444,
3444,
3444,
3C44,
3C25,
33E4,
1AE1,
0200,
0A40,
2302,
3C43,
3C43,
3C43,
3C43,
3C43,
3C43,
3C43,
3C43,
3C43,
3C43,
3C43,
3C43,
3C43,
3C43,
3C43,
3C43,
3C43,
3C43,
3C43,
3C43,
3C43,
3C43,
3C43,
3C43,
3C43,
3C43,
3C43,
3C43,
3C43,
3C43,
3C43,
3C43,
3C43,
3C43,
3C43,
3C43,
3C43,
3C43,
3C43,
3C43,
3C43,
3C43,
3C43,
3C43,
3C43,
3C43,
3C43,
3C43,
3C43,
3C43,
3C43,
3C43,
3C43,
3C43,
3C43,
3C43,
3C43,
3C43,
3C43,
3C43,
3C43,
3C43,
3C43,
3C43,
3C43,
3C43,
3C43,
3C43,
3C43,
3C43,
3C43,
3C43,
3C43,
3C43,
3C43,
3C43,
3C43,
3C43,
3C23,
3423,
3403,
3403,
33E3,
33E3,
33C3,
33C4,
3BC4,
3BE4,
3BE5,
3BC5,
2B44,
0A40,
01A0,
0A00,
22C3,
3345,
4386,
4BC7,
3304,
01A0,
0160,
1260,
3363,
3BC3,
3BE3,
3C03,
3C03,
3403,
3403,
3403,
3403,
3423,
3423,
3423,
3423,
3423,
3423,
3C23,
3C23,
3C23,
3C23,
3C23,
3C23,
3C23,
3C23,
3C23,
3C23,
3C23,
3C24,
3423,
3424,
3424,
3423,
3C23,
3403,
33E3,
2383,
0A60,
01E0,
0240,
1B03,
33A5,
33C6,
3BE6,
3BE6,
33C5,
33C5,
3BA5,
3BC5,
43A5,
32C3,
1180,
21A0,
5B04,
8C68,
ACEA,
BD4A,
C589,
CDA8,
D5A7,
D5A5,
D5A5,
D5A5,
D5A5,
DDC6,
DDE6,
DE08,
D62A,
BDCA,
7C47,
3240,
0940,
19A0,
32A3,
43A5,
3BE5,
3BC4,
33A4,
33C3,
33E3,
33E3,
33E2,
33E2,
33E2,
33C2,
33E3,
3BE4,
33A3,
1AE1,
0200,
01E0,
0A80,
2BA3,
3C24,
3423,
3423,
3423,
3423,
3423,
3423,
3423,
3423,
3423,
3424,
3C23,
3C04,
3C04,
3C04,
3C04,
3C06,
3BA6,
22E3,
01C0,
0200,
2303,
3384,
3BC4,
3BE3,
3C03,
3C04,
3C04,
3404,
3C04,
3C04,
43E5,
3364,
09E0,
0140,
1A42,
3324,
3364,
3384,
3BE5,
3C05,
3C04,
3C24,
3C24,
3C24,
3C44,
3444,
3C24,
3C24,
3C24,
3C24,
3C24,
3C44,
3444,
3444,
3444,
3444,
3444,
3444,
3444,
3444,
3444,
3444,
3444,
3444,
3444,
3444,
3444,
3444,
3444,
3444,
3444,
3444,
3444,
3444,
3444,
3444,
3444,
3444,
3444,
3444,
3444,
3444,
3444,
3444,
3444,
3C24,
3444,
3444,
3444,
3444,
3444,
3444,
3444,
3444,
3444,
3443,
3444,
3444,
3444,
3C44,
3C45,
3424,
2BA3,
1B01,
12C0,
1B01,
3C44,
3C44,
3C44,
3C44,
3C44,
3C44,
3C44,
3C44,
3C44,
3C44,
3C44,
3C44,
3C43,
3C43,
3C43,
3C43,
3C43,
3C43,
3C43,
3C43,
3C43,
3C43,
3C43,
3C43,
3C43,
3C43,
3C43,
3C43,
3C43,
3C43,
3C43,
3C43,
3C43,
3C43,
3C43,
3C43,
3C43,
3C43,
3C43,
3C43,
3C43,
3C43,
3C43,
3C43,
3C43,
3C43,
3C43,
3C43,
3C43,
3C43,
3C43,
3C43,
3C43,
3C43,
3C43,
3C43,
3C43,
3C43,
3C43,
3C43,
3C43,
3C43,
3C43,
3C43,
3C43,
3C43,
3C43,
3C43,
3C43,
3C43,
3C43,
3C43,
3C44,
3C43,
3C43,
3C43,
3C43,
3C43,
3C23,
3423,
3423,
33E2,
2381,
1B01,
12A1,
1AA1,
22E1,
3384,
43E5,
2B43,
1240,
0180,
01A0,
1A82,
3345,
4386,
4386,
43A6,
3324,
09C0,
0180,
1261,
2B63,
3BC3,
3BE3,
3C03,
3C03,
3403,
3403,
3403,
3403,
3423,
3423,
3423,
3423,
3423,
3423,
3423,
3423,
3423,
3423,
3423,
3423,
3423,
3423,
3423,
3423,
3423,
3423,
3423,
3424,
3423,
3423,
3C23,
3403,
33E3,
2BA3,
12E1,
0AA1,
2343,
33C6,
3C06,
3C06,
33E5,
33E5,
33C5,
33A5,
33A5,
3BA5,
3B44,
2221,
0920,
21A0,
6344,
9487,
B508,
BD67,
CD86,
D5A5,
DDA5,
DD84,
DDA3,
DD83,
D5A3,
D5A3,
DDE5,
DE47,
D649,
A507,
5323,
1160,
0940,
2A42,
4325,
43A5,
3BE5,
3BC5,
3BC4,
33C4,
33E3,
33E3,
33E3,
33E2,
33E2,
3BE2,
33C3,
2342,
0A60,
01A0,
0180,
0200,
12E1,
33E3,
3C44,
3423,
3423,
3C23,
3C23,
3C23,
3C23,
3C23,
3423,
3423,
3423,
3423,
3404,
3C04,
3C04,
3C05,
4406,
3BA6,
22C3,
01C0,
0A20,
2323,
33A5,
3BC4,
3BE3,
3C03,
3C04,
3C04,
3404,
3403,
3C03,
3BC4,
22E2,
0180,
0140,
01C0,
1221,
0A20,
0A40,
1AE2,
33C4,
3C04,
3C24,
3C44,
3444,
3444,
3444,
3C24,
3C24,
3C24,
3C24,
3C24,
3C44,
3444,
3444,
3444,
3444,
3444,
3444,
3444,
3444,
3444,
3444,
3444,
3444,
3444,
3444,
3444,
3444,
3444,
3444,
3444,
3444,
3444,
3444,
3444,
3444,
3444,
3444,
3444,
3444,
3444,
3444,
3C24,
3C24,
3C24,
3C24,
3C24,
3C24,
3C24,
3C24,
3C24,
3C24,
3C24,
3444,
3444,
3444,
3C44,
3C44,
3C44,
3C44,
3C44,
3C24,
3404,
2BC3,
2BA3,
2BA3,
3C44,
3C44,
3C44,
3C44,
3C44,
3C44,
3C44,
3C44,
3C44,
3C44,
3C44,
3C44,
3C43,
3C43,
3C43,
3C43,
3C43,
3C43,
3C43,
3C43,
3C43,
3C43,
3C43,
3C43,
3C43,
3C43,
3C43,
3C43,
3C43,
3C43,
3C43,
3C43,
3C43,
3C43,
3C43,
3C43,
3C43,
3C43,
3C43,
3C43,
3C43,
3C43,
3C43,
3C43,
3C43,
3C43,
3C43,
3C43,
3C43,
3C43,
3C43,
3C43,
3C43,
3C43,
3C43,
3C43,
3C43,
3C43,
3C43,
3C43,
3C43,
3C43,
3C43,
3C43,
3C43,
3C43,
3C43,
3C43,
3C43,
3C43,
3C43,
3C43,
3C44,
3C43,
3C43,
3C43,
3C23,
3C24,
3C24,
3C24,
3403,
2B81,
12E0,
0200,
0180,
0160,
01C0,
22C3,
3365,
1A82,
0160,
0120,
1201,
2B04,
3B85,
3B85,
4365,
43A6,
3B24,
09C0,
0180,
1281,
3364,
33C3,
3BE3,
3C03,
3C03,
3403,
3C23,
3403,
3403,
3423,
3423,
3423,
3423,
3423,
3423,
3423,
3423,
3423,
3423,
3423,
3423,
3423,
3423,
3424,
3423,
3423,
3423,
3423,
3423,
3423,
3423,
3423,
3403,
3404,
2BC3,
2B83,
2B84,
33C4,
33E5,
3405,
3C05,
3405,
33E5,
3BC5,
3BC5,
3BC5,
33A4,
2AE3,
11A0,
1120,
4262,
8C26,
B528,
C547,
CD85,
D5A4,
E5C4,
E5A3,
DDA3,
E5A3,
DDA3,
DDA2,
DDA3,
DE05,
E667,
CDE8,
8424,
3A40,
1140,
19C0,
3AE4,
4B65,
43C5,
3BE5,
3BE5,
3BC4,
33C4,
33E3,
33E3,
33E3,
33E2,
3C02,
3BE3,
2322,
0A20,
0180,
0160,
01E0,
12C1,
2B84,
3404,
3423,
3423,
3423,
3C23,
3C23,
3C23,
3C23,
3C23,
3423,
3423,
3423,
3403,
3404,
3C04,
3C04,
3C05,
4406,
3BA6,
1AC3,
01C0,
0A21,
2B64,
3BC5,
3BC4,
3BE3,
3C03,
3C03,
3C03,
3404,
3404,
3C03,
3BC4,
1AA1,
0180,
0140,
0160,
0180,
0180,
0180,
01E0,
1AE2,
33A3,
3403,
3C24,
3C44,
3444,
3C44,
3C24,
3C24,
3C24,
3C24,
3C24,
3C44,
3444,
3444,
3444,
3444,
3444,
3444,
3444,
3444,
3444,
3444,
3444,
3444,
3444,
3444,
3444,
3444,
3444,
3444,
3444,
3444,
3444,
3444,
3444,
3444,
3444,
3444,
3444,
3444,
3444,
3444,
3C24,
3C24,
3C24,
3C24,
3C24,
3C24,
3C24,
3C24,
3C24,
3C24,
3C24,
3444,
3444,
3444,
3C44,
3C44,
3C44,
3C44,
3C44,
3C44,
3C24,
3404,
3C24,
3C25,
3C44,
3C43,
3C43,
3C43,
3C44,
3C44,
3C44,
3C44,
3C44,
3C43,
3C43,
3C43,
3C43,
3C43,
3C43,
3C43,
3C43,
3C43,
3C43,
3C43,
3C43,
3C43,
3C43,
3C43,
3C43,
3C43,
3C43,
3C43,
3C43,
3C43,
3C43,
3C43,
3C43,
3C43,
3C43,
3C43,
3C43,
3C43,
3C43,
3C43,
3C43,
3C43,
3C43,
3C43,
3C43,
3C43,
3C43,
3C43,
3C43,
3C43,
3C43,
3C43,
3C43,
3C43,
3C43,
3C43,
3C43,
3C43,
3C43,
3C43,
3C43,
3C43,
3C43,
3C43,
3C43,
3C43,
3C43,
3C43,
3C43,
3C43,
3C43,
3C43,
3C43,
3C44,
3444,
3443,
3423,
3423,
3423,
3C24,
3C04,
2362,
0240,
0180,
0140,
0120,
0160,
1222,
1A63,
0180,
0100,
0160,
2283,
4366,
4385,
3B85,
4385,
4BC6,
3B24,
09E0,
01A0,
1AA2,
3364,
33C4,
33E3,
3C03,
3C03,
3423,
3C23,
3C23,
3C23,
3C23,
3423,
3423,
3423,
3423,
3423,
3423,
3423,
3423,
3423,
3423,
3423,
3423,
3423,
3424,
3424,
3423,
3423,
3423,
3423,
3423,
3423,
3423,
3423,
3404,
33E3,
33E4,
3404,
3404,
3404,
3404,
3404,
3404,
33E4,
33C5,
3BE5,
3BE5,
2B43,
1A40,
0920,
29A1,
7BA6,
AD08,
C568,
D587,
D5A5,
DDA3,
E5A2,
E5A2,
DDA3,
E5A3,
DDA3,
DD82,
DDA2,
DE25,
D606,
A4E4,
5AE1,
2180,
19C0,
32C3,
4365,
4385,
43C5,
3BC4,
3BC4,
3BC4,
33E4,
3403,
3403,
33E3,
33C2,
2BA2,
1B01,
0220,
0180,
0160,
01A0,
0A81,
2B84,
3BE5,
33E4,
3403,
3403,
3423,
3423,
3423,
3C23,
3C43,
3C23,
3423,
3423,
3423,
3403,
3404,
3C04,
3C05,
4406,
43E7,
3386,
1AC3,
01E0,
0A41,
2B64,
3BC5,
3BE4,
3BE3,
3C03,
3C23,
3C23,
3C24,
3404,
3404,
33A3,
22E1,
0A20,
01E0,
0A00,
0A20,
0A40,
0200,
01C0,
0A20,
2342,
33C3,
3C23,
3C44,
3C24,
3C24,
3C24,
3C24,
3C24,
3C24,
3C24,
3C44,
3444,
3444,
3444,
3444,
3444,
3444,
3444,
3444,
3444,
3444,
3444,
3444,
3444,
3444,
3444,
3444,
3444,
3444,
3444,
3444,
3444,
3444,
3444,
3444,
3444,
3444,
3444,
3444,
3444,
3444,
3C24,
3C24,
3C24,
3C24,
3C24,
3C24,
3C24,
3C24,
3C24,
3C24,
3C24,
3444,
3444,
3444,
3C44,
3C44,
3C44,
3C44,
3C44,
3C44,
3444,
3C24,
3C44,
3C45,
3C43,
3C43,
3C43,
3C43,
3C43,
3C43,
3C43,
3C43,
3C43,
3C43,
3C43,
3C43,
3C43,
3C43,
3C43,
3C43,
3C43,
3C43,
3C43,
3C43,
3C43,
3C43,
3C43,
3C43,
3C43,
3C43,
3C43,
3C43,
3C43,
3C43,
3C43,
3C43,
3C43,
3C43,
3C43,
3C43,
3C43,
3C43,
3C43,
3C43,
3C43,
3C43,
3C43,
3C43,
3C43,
3C43,
3C43,
3C43,
3C43,
3C43,
3C43,
3C43,
3C43,
3C43,
3C43,
3C43,
3C43,
3C43,
3C43,
3C43,
3C43,
3C43,
3C43,
3C43,
3C43,
3C43,
3C43,
3C43,
3C43,
3C43,
3C43,
3C44,
3C44,
3C44,
3C24,
3C24,
3C24,
3423,
3C24,
3C24,
33A4,
1AE1,
0220,
0A00,
1242,
1221,
09C0,
09C0,
0160,
0100,
0120,
1A21,
3304,
4385,
4385,
4385,
43A5,
4BC6,
3323,
09E0,
01A0,
22A2,
3364,
3BC4,
33E3,
3403,
3C03,
3403,
3C23,
3C23,
3C23,
3C23,
3C23,
3C23,
3C23,
3C23,
3C23,
3423,
3424,
3423,
3423,
3423,
3424,
3424,
3423,
3423,
3423,
3423,
3423,
3423,
3423,
3423,
3423,
3423,
3423,
3423,
3403,
3403,
3403,
3404,
3404,
3404,
3404,
33E4,
33E5,
3BC6,
33C5,
3344,
1A41,
0960,
1980,
5B05,
9C89,
BD48,
CDA7,
D5A7,
DDA5,
DDA3,
E5A2,
E5C2,
E5C3,
E5C3,
DDA3,
DDA2,
DDC3,
E605,
D5E5,
9CA3,
4240,
1120,
2220,
3B44,
43A5,
43A5,
3BC5,
33C4,
33A4,
3BC4,
3BE4,
3C05,
33C4,
2B42,
12A1,
0220,
01C0,
0180,
0180,
01A0,
1262,
2B44,
3BE4,
3C04,
3403,
3403,
3403,
3423,
3423,
3423,
3C23,
3C43,
3C23,
3423,
3423,
3423,
3403,
3403,
3C25,
3BE5,
3364,
2B24,
22C4,
0A22,
01C0,
0A41,
2B44,
3BC4,
3BC4,
3C03,
3C23,
3C23,
3C23,
3C24,
3424,
3404,
33C4,
2B83,
2322,
2302,
2B23,
3364,
3384,
2303,
0A20,
0200,
1AE0,
2BA2,
3403,
3C24,
3C24,
3C24,
3C24,
3C24,
3C24,
3C24,
3C24,
3C44,
3444,
3444,
3444,
3444,
3444,
3444,
3444,
3444,
3444,
3444,
3444,
3444,
3444,
3444,
3444,
3444,
3444,
3444,
3444,
3444,
3444,
3444,
3444,
3444,
3444,
3444,
3444,
3444,
3444,
3444,
3444,
3444,
3444,
3C44,
3C24,
3C24,
3C24,
3C24,
3C24,
3C24,
3C24,
3C24,
3444,
3444,
3C44,
3C44,
3C44,
3C44,
3444,
3444,
3444,
3444,
3444,
3444,
3C43,
3C43,
3C43,
3C43,
3C43,
3C43,
3C43,
3C43,
3C43,
3C43,
3C43,
3C43,
3C43,
3C43,
3C43,
3C43,
3C43,
3C43,
3C43,
3C43,
3C43,
3C43,
3C43,
3C43,
3C43,
3C43,
3C43,
3C43,
3C43,
3C43,
3C43,
3C43,
3C43,
3C43,
3C43,
3C43,
3C43,
3C43,
3C43,
3C43,
3C43,
3C43,
3C43,
3C43,
3C43,
3C43,
3C43,
3C43,
3C43,
3C43,
3C43,
3C43,
3C43,
3C43,
3C43,
3C43,
3C43,
3C43,
3C43,
3C43,
3C43,
3C43,
3C43,
3C43,
3C43,
3C43,
3C43,
3C43,
3C43,
3C44,
3C44,
3C44,
3C24,
3C24,
3C24,
3C24,
3C24,
3C24,
3C24,
3C05,
2323,
0A40,
0A60,
2303,
3B86,
3B66,
1A42,
0140,
00C0,
00C0,
0980,
32C4,
4345,
4365,
4385,
43A4,
43A4,
4384,
22C2,
01A0,
01A0,
1AA2,
3364,
3BA4,
33C3,
33E3,
33E3,
3403,
3C03,
3C23,
3C23,
3C23,
3C23,
3C23,
3C23,
3C23,
3C23,
3423,
3424,
3423,
3423,
3423,
3424,
3424,
3423,
3423,
3423,
3423,
3423,
3423,
3423,
3423,
3423,
3423,
3423,
3423,
3423,
3403,
3403,
3403,
3404,
3404,
2C04,
3404,
3405,
3C06,
3B85,
2261,
0940,
00A0,
4242,
9468,
B529,
CD88,
D5C6,
DDA5,
E5A5,
E5A3,
E5C3,
E5C3,
E5C3,
E5C3,
E5C3,
E5C3,
E5C4,
E5E5,
DE06,
9CC4,
3A20,
0100,
1A21,
4384,
43C6,
43C5,
3BC5,
33A4,
3385,
3385,
3B85,
3323,
1A61,
09A0,
0140,
0140,
01A0,
09A0,
09A0,
1A62,
3345,
3BE6,
3C04,
3C03,
3C03,
3403,
3423,
3423,
3423,
3423,
3423,
3423,
3423,
3423,
3424,
3404,
3403,
3C24,
3C04,
2B44,
1261,
01E0,
0180,
0140,
0140,
0A01,
2303,
33A4,
3BC4,
3C04,
3C23,
3403,
3423,
3424,
3424,
3404,
3404,
3BE5,
3BE5,
3BC5,
3BC5,
3BE6,
4406,
33A4,
12A1,
0A40,
1AC0,
2B82,
3C03,
3C24,
3C24,
3C24,
3C24,
3C24,
3C24,
3C24,
3C23,
3C44,
3444,
3444,
3444,
3444,
3444,
3444,
3444,
3444,
3444,
3444,
3444,
3444,
3444,
3444,
3444,
3444,
3444,
3444,
3444,
3444,
3444,
3444,
3444,
3444,
3444,
3444,
3444,
3444,
3444,
3444,
3444,
3444,
3444,
3444,
3C24,
3C24,
3C24,
3C24,
3C24,
3C24,
3C24,
3C24,
3C24,
3C24,
3C44,
3C44,
3C44,
3C44,
3444,
3444,
3444,
3444,
3444,
3444,
3C43,
3C43,
3C43,
3C43,
3C43,
3C43,
3C43,
3C43,
3C43,
3C43,
3C43,
3C43,
3C43,
3C43,
3C43,
3C43,
3C43,
3C43,
3C43,
3C43,
3C43,
3C43,
3C43,
3C43,
3C43,
3C43,
3C43,
3C43,
3C43,
3C43,
3C43,
3C43,
3C43,
3C43,
3C43,
3C43,
3C43,
3C43,
3C43,
3C43,
3C43,
3C43,
3C43,
3C43,
3C43,
3C43,
3C43,
3C43,
3C43,
3C43,
3C43,
3C43,
3C43,
3C43,
3C43,
3C43,
3C43,
3C43,
3C43,
3C43,
3C43,
3C43,
3C43,
3C43,
3C43,
3C43,
3C43,
3C43,
3C43,
3C44,
3C44,
3C44,
3C44,
3C44,
3C44,
3C24,
3C04,
3C04,
3C25,
33C5,
1AC2,
0A20,
1281,
2B44,
3BA6,
43A7,
2AA4,
0100,
00A0,
00E0,
1A22,
3B45,
4365,
4365,
4385,
43C4,
43A4,
3323,
1200,
0140,
0180,
0A20,
22E2,
3384,
33C4,
33C3,
33E3,
33E3,
3C03,
3C23,
3C23,
3C23,
3C23,
3C23,
3C23,
3C23,
3423,
3423,
3423,
3423,
3C23,
3C23,
3423,
3423,
3423,
3423,
3C23,
3C24,
3C24,
3423,
3423,
3423,
3403,
3423,
3423,
3423,
3423,
3403,
33E3,
3403,
3404,
3404,
3404,
3404,
3C05,
3384,
2AA2,
1180,
08C0,
2120,
7366,
B54A,
CDA9,
D5A7,
DDA6,
E5A5,
E5C4,
E5C3,
E5C3,
EDC3,
E5C3,
E5C3,
E5E3,
EDE3,
E5E4,
E605,
DDE6,
9484,
3220,
0100,
2241,
43A5,
43A5,
3BA5,
3384,
2B23,
22E3,
1A62,
09C1,
0120,
00E0,
0940,
19C1,
2A63,
2A63,
2201,
1A01,
22C3,
3BA6,
3BE5,
3BE4,
3C03,
3C03,
3423,
3423,
3403,
3403,
3423,
3423,
3424,
3424,
3424,
3C04,
3C04,
3C04,
3C24,
33A4,
1AA2,
01C0,
0160,
0120,
0100,
0100,
01A0,
1AC2,
2B83,
3BC4,
3C04,
3C24,
3403,
3423,
3C24,
3C24,
3404,
3404,
3C05,
3BE5,
3C05,
3BE5,
3BE5,
3BE5,
33A4,
2302,
1AC0,
1B21,
2BA2,
3C03,
3C23,
3C24,
3C24,
3C24,
3C24,
3C24,
3C24,
3C23,
3C44,
3444,
3444,
3444,
3444,
3444,
3444,
3444,
3444,
3444,
3444,
3444,
3444,
3444,
3444,
3444,
3444,
3444,
3444,
3444,
3444,
3444,
3444,
3444,
3444,
3444,
3444,
3444,
3444,
3444,
3C24,
3C24,
3C44,
3C44,
3C44,
3C44,
3C44,
3C44,
3C44,
3C44,
3C44,
3C44,
3C44,
3C24,
3C24,
3C44,
3C44,
3C44,
3C44,
3C44,
3C44,
3C44,
3C44,
3C44,
3444,
3C43,
3C43,
3C43,
3C43,
3C43,
3C43,
3C43,
3C43,
3C43,
3C43,
3C43,
3C43,
3C43,
3C43,
3C43,
3C43,
3C43,
3C43,
3C43,
3C43,
3C43,
3C43,
3C43,
3C43,
3C43,
3C43,
3C43,
3C43,
3C43,
3C43,
3C43,
3C43,
3C43,
3C43,
3C43,
3C43,
3C43,
3C43,
3C43,
3C43,
3C43,
3C43,
3C43,
3C43,
3C43,
3C43,
3C43,
3C43,
3C43,
3C43,
3C43,
3C43,
3C43,
3C43,
3C43,
3C43,
3C43,
3C43,
3C43,
3C43,
3C43,
3C43,
3C43,
3C43,
3C43,
3C43,
3C43,
3C43,
3C44,
3C44,
3C24,
3C45,
3C45,
3C25,
33E4,
2BA3,
2B83,
2B83,
33A4,
2B64,
1AA2,
0200,
1261,
2B25,
3B86,
4387,
3326,
09A1,
0100,
0160,
2AA3,
4385,
4385,
4384,
43A4,
43E5,
43A4,
22C1,
01A0,
0140,
0160,
01C0,
1240,
2B22,
33A4,
3BC4,
3BC3,
3BE3,
3C03,
3C23,
3C23,
3C23,
3C23,
3C23,
3C23,
3C23,
3423,
3423,
3423,
3423,
3C23,
3C23,
3423,
3423,
3423,
3424,
3C24,
3C24,
3C24,
3423,
3423,
3423,
3403,
3423,
3423,
3423,
3423,
3403,
3403,
3403,
33E3,
3BE4,
33E4,
33C4,
3B84,
2AA1,
11A0,
1940,
3180,
5A81,
ACA8,
D5CB,
D5A8,
DDA5,
E5A5,
E5C4,
E5C3,
E5C3,
E5C3,
EDC4,
EDC4,
E5C3,
EDE3,
EDE4,
EE04,
E625,
D5E6,
9C84,
4A81,
1960,
19E0,
2A82,
2282,
2282,
1A82,
09E0,
0160,
0100,
00A0,
00C0,
1960,
42C4,
63E8,
6C29,
5366,
2A41,
2242,
3325,
3BA6,
33C5,
33E3,
3403,
3403,
3423,
3403,
3403,
3403,
3423,
3424,
3C24,
3C44,
3C24,
3C24,
3C04,
4424,
4404,
2322,
0A00,
01A0,
09E1,
1222,
09E1,
0160,
01C0,
1280,
2341,
33A3,
3BE4,
3C24,
3423,
3423,
3C23,
3C24,
3424,
3404,
3C04,
3C04,
3BE4,
3BE4,
3C04,
3C05,
33C4,
2B83,
2B62,
2B82,
33E3,
3C04,
3C03,
3C23,
3C24,
3C24,
3C24,
3C23,
3C24,
3C24,
3C44,
3444,
3444,
3444,
3444,
3444,
3444,
3444,
3444,
3444,
3444,
3444,
3444,
3444,
3444,
3444,
3444,
3444,
3444,
3444,
3444,
3444,
3444,
3444,
3444,
3444,
3444,
3444,
3444,
3C44,
3C24,
3C24,
3C44,
3C44,
3C44,
3C44,
3C44,
3C44,
3C44,
3C44,
3C44,
3C44,
3C44,
3C44,
3C44,
3C44,
3C44,
3C44,
3C44,
3C44,
3C44,
3C44,
3C44,
3C44,
3444,
3C43,
3C43,
3C43,
3C43,
3C43,
3C43,
3C43,
3C43,
3C43,
3C43,
3C43,
3C43,
3C43,
3C43,
3C43,
3C43,
3C43,
3C43,
3C43,
3C43,
3C43,
3C43,
3C43,
3C43,
3C43,
3C43,
3C43,
3C43,
3C43,
3C43,
3C43,
3C43,
3C43,
3C43,
3C43,
3C43,
3C43,
3C43,
3C43,
3C43,
3C43,
3C43,
3C43,
3C43,
3C43,
3C43,
3C43,
3C43,
3C43,
3C43,
3C43,
3C43,
3C43,
3C43,
3C43,
3C43,
3C43,
3C43,
3C43,
3C43,
3C43,
3C43,
3C43,
3C43,
3C43,
3C43,
3C44,
3C44,
3C44,
3C24,
3423,
3C24,
3404,
2342,
12A1,
0220,
0220,
0A40,
1281,
1AA2,
0A41,
01A0,
0A41,
3345,
3B86,
3BA6,
3B86,
22E3,
1241,
1A61,
3303,
4383,
3BA3,
3BA3,
3BC4,
4404,
3BA4,
22C1,
01A0,
0180,
01C0,
01E0,
1240,
2302,
3BC4,
3BE4,
3BE4,
3BE4,
3C04,
3C23,
3C23,
3C23,
3C23,
3C23,
3C23,
3C23,
3423,
3423,
3423,
3423,
3C23,
3423,
3423,
3423,
3423,
3423,
3C24,
3C24,
3C24,
3423,
3423,
3423,
3403,
3423,
3423,
3423,
3423,
3403,
3403,
3403,
3BE3,
3BE3,
3BA2,
3322,
2A81,
19E0,
1960,
3A00,
6B23,
9425,
CD68,
E5E9,
DD86,
E5A4,
E5C4,
E5C3,
E5C3,
E5C3,
E5C3,
EDC3,
EDC3,
E5C3,
E5E3,
EDE4,
EDE5,
E605,
D5E6,
AD47,
7386,
2981,
08C0,
00A0,
00A0,
00C0,
00E0,
00A0,
00C0,
0900,
29A1,
52C5,
73C8,
8CAB,
9D2C,
84CA,
4B44,
2A40,
32E3,
3BA6,
3BC6,
33E4,
33E3,
3403,
3403,
3403,
3402,
3403,
3423,
3C23,
3C44,
3C24,
3404,
3C04,
3C24,
3C04,
3BE4,
3383,
1A81,
01E0,
0A01,
22C3,
3345,
2B24,
1281,
0220,
1280,
2341,
33C3,
33E4,
3C24,
3423,
3423,
3C23,
3C23,
3423,
3424,
3C24,
3C04,
3C04,
3C04,
3C04,
3C04,
3C03,
33E3,
33E3,
33E3,
3403,
3403,
3C23,
3C24,
3C24,
3C24,
3C24,
3C24,
3C24,
3C24,
3C44,
3444,
3444,
3444,
3444,
3444,
3444,
3444,
3444,
3444,
3444,
3444,
3444,
3444,
3444,
3444,
3444,
3444,
3444,
3444,
3444,
3444,
3444,
3444,
3444,
3444,
3444,
3444,
3C44,
3C24,
3C24,
3C24,
3C44,
3C44,
3C44,
3C44,
3C44,
3C44,
3C44,
3C44,
3C44,
3C44,
3C44,
3C44,
3C44,
3C44,
3C44,
3C44,
3C44,
3C44,
3C44,
3C44,
3C44,
3444,
3444,
3C43,
3C43,
3C43,
3C43,
3C43,
3C43,
3C43,
3C43,
3C43,
3C43,
3C43,
3C43,
3C43,
3C43,
3C43,
3C43,
3C43,
3C43,
3C43,
3C43,
3C43,
3C43,
3C43,
3C43,
3C43,
3C43,
3C43,
3C43,
3C43,
3C43,
3C43,
3C43,
3C43,
3C43,
3C43,
3C43,
3C43,
3C43,
3C43,
3C43,
3C43,
3C43,
3C43,
3C43,
3C43,
3C43,
3C43,
3C43,
3C43,
3C44,
3C43,
3C43,
3C43,
3C43,
3C43,
3C43,
3C43,
3C43,
3C43,
3C43,
3C43,
3C43,
3C43,
3C43,
3C44,
3C44,
3C44,
3C44,
3C44,
3C23,
33E2,
2362,
12C0,
0200,
01A0,
0180,
0180,
01A0,
01E0,
01E0,
01C0,
01A0,
1261,
3344,
3BA5,
3BA6,
3BA5,
3384,
2B43,
2B23,
3B84,
43C4,
3BE4,
3BC3,
4404,
4425,
3BE4,
2B42,
1280,
1261,
1281,
0A20,
0A20,
1AA1,
3363,
33A3,
3BC3,
3BE4,
3BE4,
3C23,
3C23,
3C23,
3C23,
3C23,
3C23,
3C23,
3C23,
3C23,
3C23,
3423,
3423,
3423,
3423,
3423,
3423,
3423,
3C23,
3C23,
3C23,
3423,
3423,
3423,
3403,
3423,
3423,
3423,
3423,
3403,
33E3,
3403,
3BE3,
3BC2,
3320,
2A60,
19A0,
21A0,
4220,
7343,
A486,
C506,
DDA7,
EDC6,
E585,
E5A3,
E5C3,
E5C3,
E5C3,
EDC3,
EDC3,
E5E3,
E5E3,
E5E3,
E5E3,
EDC4,
E5C5,
E5E5,
DE26,
CDC9,
9C68,
62A3,
2980,
1920,
1920,
1940,
29A0,
31E0,
4A62,
7345,
9469,
B52C,
BD8D,
BD8C,
9D0A,
63A6,
2A20,
2240,
3B64,
3BC6,
33E5,
3404,
3402,
3C03,
3C03,
3403,
3403,
3C03,
3C24,
3C03,
2B82,
1B01,
12C1,
2301,
2B42,
3363,
3384,
2B02,
0A20,
09E0,
1A82,
3365,
3BA6,
3BC6,
2B63,
12E0,
1B00,
2BA2,
33E3,
3403,
3403,
3423,
3C23,
3C23,
3C23,
3423,
3423,
3423,
3C23,
3C23,
3C23,
3C03,
3C03,
3C03,
3C03,
3C03,
3C03,
3403,
3403,
3C23,
3423,
3424,
3C24,
3C24,
3C24,
3C24,
3C23,
3C44,
3444,
3444,
3444,
3444,
3444,
3444,
3444,
3444,
3444,
3C44,
3C44,
3C44,
3C44,
3C44,
3444,
3444,
3444,
3444,
3444,
3444,
3444,
3444,
3444,
3444,
3444,
3C24,
3C24,
3C24,
3C24,
3C24,
3C24,
3C44,
3C44,
3C44,
3C44,
3C44,
3C44,
3C44,
3C44,
3C44,
3C44,
3C44,
3C44,
3C44,
3C44,
3C44,
3C44,
3C44,
3C44,
3C44,
3444,
3444,
3444,
3444,
3C43,
3C43,
3C43,
3C43,
3C43,
3C43,
3C43,
3C43,
3C43,
3C43,
3C43,
3C43,
3C43,
3C43,
3C43,
3C43,
3C43,
3C43,
3C43,
3C43,
3C43,
3C43,
3C43,
3C43,
3C43,
3C43,
3C43,
3C43,
3C43,
3C43,
3C43,
3C43,
3C43,
3C43,
3C43,
3C43,
3C43,
3C43,
3C43,
3C43,
3C43,
3C43,
3C43,
3C43,
3C43,
3C43,
3C43,
3C43,
3C43,
3C43,
3C44,
3C44,
3C43,
3C43,
3C43,
3C43,
3C43,
3C43,
3C43,
3C43,
3C43,
3C43,
3C43,
3C43,
3C44,
3C44,
3C44,
3C44,
3C44,
3C24,
2B82,
0A80,
01A0,
01A0,
0200,
0A40,
1261,
1261,
0A20,
01E0,
01A0,
0A20,
2302,
3BA4,
3BC4,
3BC4,
3BC4,
3BC4,
3BC3,
3BC3,
3BE4,
3C04,
3C04,
3C03,
3C04,
3C24,
3C04,
3BE4,
33C4,
33A4,
2B23,
0A40,
01A0,
01C0,
0A20,
12A0,
2302,
3383,
3BE4,
3C03,
3423,
3C23,
3C23,
3C23,
3C23,
3C23,
3C23,
3423,
3423,
3423,
3423,
3423,
3423,
3423,
3423,
3423,
3C23,
3C23,
3C23,
3423,
3423,
3423,
3403,
3423,
3423,
3423,
3423,
3403,
33E4,
33C4,
3383,
2AC1,
2A20,
29E0,
3A20,
5B02,
83E4,
AC87,
CD28,
DD87,
E585,
E5A4,
E5A3,
E5A2,
EDA2,
EDC3,
EDC3,
EDC3,
EDE3,
E5E3,
E5E3,
EDC3,
EDC3,
E5C3,
E5E4,
E5E5,
E606,
DE08,
CD87,
B4E6,
9465,
83E4,
8BE4,
8C04,
9C85,
ACE6,
C548,
D5CA,
D5CA,
CDCA,
D5EB,
BDAA,
8425,
3200,
1160,
32A2,
4385,
3BE6,
33E5,
3404,
3403,
3C03,
3C23,
3C24,
3C04,
3C04,
3BC4,
2321,
0A40,
0180,
0160,
0160,
01A0,
1A61,
2AE3,
1A61,
01C0,
0A00,
22E3,
3BA5,
3BC5,
3BC5,
3BC4,
2B83,
2BC3,
3404,
3424,
3423,
3423,
3423,
3423,
3C23,
3C23,
3423,
3423,
3423,
3C23,
3C24,
3C24,
3C04,
3C04,
3C24,
3C24,
3C24,
3C23,
3C23,
3C23,
3C23,
3423,
3444,
3424,
3C24,
3C24,
3C24,
3C24,
3C44,
3444,
3444,
3444,
3444,
3444,
3444,
3444,
3444,
3444,
3C44,
3C44,
3C44,
3C44,
3C44,
3444,
3444,
3444,
3444,
3444,
3444,
3444,
3444,
3444,
3444,
3444,
3C24,
3C24,
3C24,
3C24,
3C24,
3C24,
3C44,
3C44,
3C44,
3C44,
3C44,
3C44,
3C44,
3C44,
3C44,
3C44,
3C44,
3C44,
3C44,
3C44,
3C44,
3C44,
3C44,
3C44,
3444,
3444,
3444,
3444,
3444,
3C43,
3C43,
3C43,
3C43,
3C43,
3C43,
3C43,
3C43,
3C43,
3C43,
3C43,
3C43,
3C43,
3C43,
3C43,
3C43,
3C43,
3C43,
3C43,
3C43,
3C43,
3C43,
3C43,
3C43,
3C43,
3C43,
3C43,
3C43,
3C43,
3C43,
3C43,
3C43,
3C43,
3C43,
3C43,
3C43,
3C43,
3C43,
3C44,
3C44,
3C44,
3C44,
3C43,
3C43,
3C43,
3C43,
3C43,
3C43,
3C43,
3C43,
3C44,
3C44,
3C43,
3C43,
3C43,
3C43,
3C43,
3C43,
3C43,
3C43,
3C43,
3C43,
3C43,
3C43,
3C43,
3C44,
3C44,
3C44,
3C44,
3C24,
2341,
0200,
01C0,
1260,
2302,
3384,
3BC5,
3384,
2302,
1280,
1280,
2301,
3383,
3BE4,
3BE4,
3BE3,
3BE3,
3C03,
3C03,
3C03,
3403,
3C23,
3C23,
3C23,
3C23,
3C03,
3C24,
3C04,
3C05,
3C26,
3384,
12A1,
01C0,
0180,
01A0,
01A0,
0220,
2302,
33C3,
3C03,
3403,
3C23,
3C23,
3C23,
3C23,
3423,
3423,
3423,
3423,
3423,
3423,
3423,
3423,
3423,
3423,
3423,
3423,
3423,
3423,
3423,
3423,
3423,
3423,
3423,
3423,
3423,
3403,
33E4,
2B83,
2302,
1241,
11A0,
1980,
3A00,
7343,
9C87,
BD08,
D548,
E567,
E586,
ED84,
EDA3,
EDC3,
EDC2,
EDC3,
EDC3,
EDC3,
EDC3,
EDC3,
EDE3,
EDE3,
EDE3,
EDE3,
EDE3,
E5E3,
E5E4,
EDC5,
E5E5,
E606,
DDE7,
D5C7,
D5A8,
D5A8,
D5A7,
DDE7,
DDE7,
E607,
DDE7,
DDC6,
DDC7,
D608,
BDC9,
73C3,
29C0,
21E0,
3AE3,
43A5,
43E6,
3C05,
3404,
3424,
3C44,
3424,
33E3,
33A4,
2B23,
1261,
01A0,
0160,
0120,
00E0,
0100,
0140,
09A0,
1201,
09A0,
0180,
0A20,
2B23,
3BA5,
3BC5,
3BC5,
3BE4,
3BE4,
3C04,
3C24,
3C24,
3C24,
3C24,
3C23,
3C23,
3C23,
3C23,
3C23,
3C23,
3C23,
3C23,
3C23,
3C23,
3C23,
3C24,
3C24,
3C24,
3C24,
3C24,
3C23,
3C23,
3C23,
3C44,
3C44,
3C44,
3C44,
3C44,
3C44,
3C44,
3C24,
3C24,
3C24,
3C24,
3C24,
3C44,
3C44,
3C44,
3C44,
3C44,
3C44,
3C44,
3C44,
3C44,
3C44,
3C24,
3C24,
3C24,
3C24,
3C24,
3C24,
3C24,
3C24,
3C24,
3C24,
3C24,
3C24,
3C24,
3C24,
3C24,
3C24,
3C24,
3C24,
3C24,
3C44,
3C44,
3C44,
3C44,
3C44,
3C44,
3C44,
3C44,
3C44,
3C44,
3C44,
3C44,
3C44,
3C44,
3C44,
3C44,
3C44,
3C44,
3C44,
3C44,
3C44,
3C43,
3C43,
3C43,
3C43,
3C43,
3C43,
3C43,
3C43,
3C43,
3C43,
3C43,
3C43,
3C43,
3C43,
3C43,
3C43,
3C43,
3C43,
3C43,
3C43,
3C43,
3C43,
3C43,
3C43,
3C43,
3C43,
3C43,
3C43,
3C43,
3C43,
3C43,
3C43,
3C43,
3C43,
3C43,
3C43,
3C43,
3C43,
3C44,
3C44,
3C44,
3C44,
3C43,
3C43,
3C43,
3C43,
3C43,
3C43,
3C43,
3C43,
3C43,
3C43,
3C43,
3C43,
3C43,
3C43,
3C43,
3C43,
3C43,
3C43,
3C43,
3C43,
3C43,
3C43,
3C43,
3C44,
3C44,
3C44,
3C44,
3C23,
2341,
0A40,
0A60,
2B23,
3BA5,
43E6,
4406,
43E5,
3BC5,
3383,
2B62,
3383,
3BE4,
3BE4,
3BE3,
3C03,
3C03,
3C03,
3C03,
3403,
3423,
3C23,
3C23,
3C23,
3C23,
3C23,
3C23,
3C24,
3C04,
3C04,
33C4,
2B63,
1AC1,
12A1,
1281,
0200,
01C0,
12A0,
2B82,
3C03,
3403,
3403,
3403,
3403,
3403,
3403,
3423,
3423,
3423,
3423,
3423,
3423,
3423,
3423,
3423,
3423,
3423,
3423,
3423,
3423,
3423,
3423,
3423,
3423,
3423,
3423,
3403,
2BA3,
1B02,
0A40,
01A0,
0100,
00E0,
31A0,
7322,
A465,
BD06,
D566,
E565,
E584,
E5A3,
EDC2,
EDC2,
EDC3,
EDC3,
EDC3,
EDE3,
EDE3,
EDE3,
EDE3,
EDE3,
EDE4,
EDE4,
EDE4,
EDE4,
EDE4,
EDE4,
EDC4,
EDE5,
EDE6,
EE06,
EE06,
EE26,
EE06,
EE05,
EDE5,
E5E5,
E5E5,
E5E5,
E5E6,
DE08,
C5A9,
73C4,
31C0,
21E0,
3B02,
4BA5,
4406,
3C25,
3C25,
3C24,
33E4,
2362,
1AE1,
1240,
09C1,
00E0,
00A0,
00C0,
0100,
0140,
11E2,
1A23,
11E1,
0180,
0140,
0180,
0A40,
2B63,
3BC5,
3BE5,
3BE4,
3BE4,
3BE4,
3C04,
3C24,
3C24,
3C24,
3C24,
3C24,
3C23,
3C23,
3C23,
3C23,
3C23,
3C43,
3C23,
3C23,
3C23,
3C23,
3C23,
3C24,
3C24,
3C24,
3C24,
3C24,
3C44,
3C44,
3C44,
3C44,
3C44,
3C44,
3C44,
3C44,
3C44,
3C24,
3C24,
3C24,
3C24,
3C24,
3C44,
3C44,
3C44,
3C44,
3C44,
3C44,
3C44,
3C44,
3C44,
3C44,
3C24,
3C24,
3C24,
3C24,
3C24,
3C24,
3C24,
3C24,
3C24,
3C24,
3C24,
3C24,
3C24,
3C24,
3C24,
3C24,
3C24,
3C24,
3C24,
3444,
3C44,
3C44,
3C44,
3C44,
3C44,
3C44,
3C44,
3C44,
3C44,
3C44,
3C44,
3C44,
3C44,
3C44,
3C44,
3C44,
3C44,
3C44,
3C44,
3C44,
3C43,
3C43,
3C43,
3C43,
3C43,
3C43,
3C43,
3C43,
3C43,
3C43,
3C43,
3C43,
3C43,
3C43,
3C43,
3C43,
3C43,
3C43,
3C43,
3C43,
3C43,
3C43,
3C43,
3C43,
3C43,
3C43,
3C43,
3C43,
3C43,
3C43,
3C43,
3C43,
3C43,
3C43,
3C43,
3C43,
3C43,
3C43,
3C43,
3C44,
3C44,
3C44,
3C43,
3C43,
3C43,
3C43,
3C43,
3C43,
3C43,
3C43,
3C43,
3C43,
3C43,
3C43,
3C43,
3C43,
3C43,
3C43,
3C43,
3C43,
3C43,
3C43,
3C43,
3C43,
3C43,
3C44,
3C44,
3C44,
3C24,
3C04,
2341,
0A80,
12A0,
2B43,
3BC5,
3BC5,
43E5,
43E5,
4405,
4404,
3BE3,
3BE3,
3BE4,
3C04,
3C04,
3C03,
3C03,
3C03,
3C03,
3403,
3423,
3C23,
3C23,
3C23,
3C23,
3C23,
3C23,
3C23,
3C24,
3403,
3C03,
3BE4,
33C3,
3BC4,
3383,
1AE0,
0220,
1AC1,
33C3,
3403,
3403,
3403,
3403,
3403,
3403,
3423,
3423,
3423,
3423,
3423,
3423,
3423,
3423,
3423,
3423,
3423,
3423,
3423,
3423,
3423,
3423,
3423,
3423,
3423,
3423,
3C23,
3403,
2B83,
1AE2,
1A81,
1A41,
19E1,
19A0,
2960,
49A0,
7B00,
AC82,
D543,
E564,
E563,
E5A3,
EDC2,
EDC3,
EDC3,
EDC3,
EDC3,
EDE3,
EDE3,
EDE3,
EDE3,
EDE3,
EDE4,
EDE4,
EDE4,
EDE3,
EDE3,
EDE3,
EDE3,
EDE3,
EDE4,
EDE4,
EDE4,
EDE4,
EDE3,
EDE3,
EDE3,
EDE3,
EE03,
EDE4,
EDE5,
E5E6,
C568,
7BA4,
31E0,
1980,
2A41,
3302,
2B23,
1B22,
12C1,
12A1,
0A20,
01E0,
09E0,
11A0,
0940,
0100,
00E0,
0940,
19E3,
32A5,
4327,
32E6,
1A43,
0180,
0120,
0160,
0A61,
2B63,
3BC4,
3BE4,
3BE4,
3BE4,
3C04,
3C24,
3C24,
3C24,
3C24,
3C24,
3C24,
3C23,
3C23,
3C23,
3C23,
3C23,
3C23,
3C23,
3C23,
3C23,
3C23,
3C23,
3C24,
3C24,
3C24,
3C24,
3C24,
3C44,
3C44,
3C44,
3C44,
3C44,
3C44,
3C44,
3C44,
3C44,
3C24,
3C24,
3C24,
3C24,
3C24,
3C44,
3C44,
3C44,
3C44,
3C44,
3C44,
3C44,
3C44,
3C44,
3C44,
3C24,
3C24,
3C24,
3C24,
3C24,
3C24,
3C24,
3C24,
3C24,
3C24,
3C24,
3C24,
3C24,
3C24,
3C24,
3C24,
3C24,
3C24,
3C24,
3444,
3C44,
3C44,
3C44,
3C44,
3C44,
3C44,
3C44,
3C44,
3C44,
3C44,
3C44,
3C44,
3C44,
3C44,
3C44,
3C44,
3C44,
3C44,
3C44,
3C44,
3C43,
3C43,
3C43,
3C43,
3C43,
3C43,
3C43,
3C43,
3C43,
3C43,
3C43,
3C43,
3C43,
3C43,
3C43,
3C43,
3C43,
3C43,
3C43,
3C43,
3C43,
3C43,
3C43,
3C43,
3C43,
3C43,
3C43,
3C43,
3C43,
3C43,
3C43,
3C43,
3C43,
3C43,
3C43,
3C43,
3C43,
3C43,
3C43,
3C43,
3C43,
3C44,
3C44,
3C43,
3C43,
3C43,
3C43,
3C43,
3C43,
3C43,
3C43,
3C43,
3C43,
3C43,
3C43,
3C43,
3C43,
3C43,
3C43,
3C43,
3C43,
3C43,
3C43,
3C43,
3C43,
3C44,
3C44,
3C24,
3C24,
3404,
2B82,
1AE0,
12C0,
1B01,
3383,
3BE4,
4405,
3C04,
3C04,
3C04,
3C03,
3C03,
3C03,
3C03,
3C03,
3C03,
3C23,
3403,
3403,
3423,
3423,
3423,
3423,
3C23,
3C23,
3C23,
3C23,
3C23,
3C23,
3C23,
3C03,
3C03,
3C04,
3BE4,
3BC3,
2B41,
1AE0,
2B62,
3BE4,
3403,
3403,
3403,
3403,
3423,
3423,
3423,
3423,
3423,
3423,
3423,
3423,
3423,
3423,
3423,
3423,
3423,
3423,
3423,
3423,
3423,
3423,
3423,
3423,
3423,
3423,
3C24,
3C04,
33C3,
2B63,
3343,
3B44,
4B65,
5B44,
4A01,
3900,
61E0,
A3E0,
CD23,
DD63,
E563,
E5A3,
EDC3,
EDC3,
EDE3,
EDE3,
EDE3,
EDE3,
EDE3,
EDE3,
EDE3,
EDE3,
EDE4,
EDE4,
EDE3,
EDE3,
EDE3,
EDE3,
EDE3,
EDE3,
EDE3,
EDE3,
EDE3,
EDE3,
EDE3,
EDE3,
EDE3,
EDE3,
EE03,
EDE3,
EDE4,
E5E6,
D587,
93E4,
39C0,
1100,
0920,
0960,
0180,
0160,
0120,
0120,
0140,
09C0,
2A83,
3AC5,
2A23,
19C0,
19E1,
2A84,
4326,
4B88,
4BA8,
4387,
2AE4,
0A41,
0180,
0180,
1281,
2B62,
33C3,
3BE3,
3BE3,
3C03,
3C03,
3C23,
3C24,
3C24,
3C24,
3C24,
3C24,
3C23,
3C23,
3C23,
3C23,
3C23,
3C23,
3C23,
3C23,
3C23,
3C23,
3C23,
3C24,
3C24,
3C24,
3C24,
3C24,
3C44,
3C44,
3C44,
3C43,
3C43,
3C43,
3C43,
3C43,
3C44,
3C44,
3C44,
3C44,
3C44,
3C44,
3C44,
3C44,
3C44,
3C44,
3C44,
3C43,
3C44,
3C44,
3C44,
3C44,
3C24,
3C24,
3C24,
3C24,
3C24,
3C24,
3C24,
3C24,
3C24,
3C24,
3C24,
3C24,
3C24,
3C24,
3C24,
3C24,
3C24,
3C24,
3C24,
3C24,
3C24,
3C24,
3444,
3444,
3444,
3444,
3C24,
3444,
3444,
3444,
3C44,
3C44,
3C44,
3C44,
3C44,
3C44,
3C44,
3C44,
3C44,
3C44,
3C43,
3C43,
3C43,
3C43,
3C43,
3C43,
3C43,
3C43,
3C43,
3C43,
3C43,
3C43,
3C43,
3C43,
3C43,
3C43,
3C43,
3C43,
3C43,
3C43,
3C43,
3C43,
3C43,
3C43,
3C43,
3C43,
3C43,
3C43,
3C43,
3C43,
3C43,
3C43,
3C43,
3C43,
3C43,
3C43,
3C43,
3C43,
3C43,
3C43,
3C43,
3C44,
3C44,
3C43,
3C43,
3C43,
3C43,
3C43,
3C43,
3C43,
3C43,
3C43,
3C43,
3C43,
3C43,
3C43,
3C43,
3C43,
3C43,
3C43,
3C43,
3C43,
3C43,
3C43,
3C43,
3C44,
3C44,
3C44,
3C24,
3C04,
33C3,
2B62,
2341,
2321,
2B82,
3BE4,
3C04,
3C04,
3C04,
3C04,
3C03,
3C03,
3403,
3C23,
3C23,
3423,
3423,
3C23,
3C23,
3423,
3423,
3423,
3423,
3C23,
3C23,
3C23,
3C23,
3C23,
3C23,
3C23,
3C23,
3C04,
3C04,
3BE3,
3BE3,
33A2,
2B82,
3BE4,
3C04,
3C03,
3403,
3403,
3403,
3423,
3423,
3423,
3423,
3423,
3423,
3423,
3423,
3423,
3423,
3423,
3423,
3423,
3423,
3423,
3423,
3423,
3423,
3423,
3423,
3423,
3423,
3C24,
3C04,
3BE4,
3BC4,
43C4,
4BC5,
5BC6,
6385,
5222,
3900,
61C0,
A3E0,
D523,
E563,
E582,
EDA3,
EDC3,
F5E3,
F5E3,
EDE3,
EDE4,
EDE3,
EDE3,
EDE3,
EDE3,
EDE3,
EDE4,
EDE4,
EDE3,
EE03,
EE03,
EDE3,
EDE3,
EDE3,
EDE3,
EDE3,
EDE3,
EDE3,
EDE3,
EDE3,
EDE3,
EDE3,
EDE3,
EDE4,
EDE4,
E5E5,
DDC7,
BD07,
7343,
3A00,
1940,
0900,
0120,
0140,
11A0,
2A41,
4B25,
6C29,
6C08,
4B05,
3242,
2A22,
32A4,
4366,
4BA6,
4BA6,
4BA6,
4BC6,
3B85,
2302,
0A40,
0A40,
1B01,
33A2,
33E3,
33E3,
3BE3,
3C03,
3C23,
3C23,
3C23,
3C24,
3C24,
3C24,
3C24,
3C23,
3C23,
3C23,
3C23,
3C23,
3C23,
3C23,
3C23,
3C23,
3C23,
3C23,
3C24,
3C24,
3C24,
3C24,
3C24,
3C44,
3C44,
3C44,
3C43,
3C43,
3C43,
3C43,
3C43,
3C44,
3C44,
3C44,
3C44,
3C44,
3C44,
3C44,
3C44,
3C44,
3C44,
3C43,
3C43,
3C44,
3C44,
3C44,
3C44,
3C24,
3C24,
3C24,
3C24,
3C24,
3C24,
3C24,
3C24,
3C24,
3C24,
3C24,
3C24,
3C24,
3C24,
3C24,
3C24,
3C24,
3C24,
3C24,
3C24,
3C24,
3C24,
3444,
3444,
3444,
3444,
3C24,
3444,
3444,
3444,
3C44,
3C44,
3C44,
3C44,
3C44,
3C44,
3C44,
3C44,
3C44,
3C44,
3C43,
3C43,
3C43,
3C43,
3C43,
3C43,
3C43,
3C43,
3C43,
3C43,
3C43,
3C43,
3C43,
3C43,
3C43,
3C43,
3C43,
3C43,
3C43,
3C43,
3C43,
3C43,
3C43,
3C43,
3C43,
3C43,
3C43,
3C43,
3C43,
3C43,
3C43,
3C43,
3C43,
3C43,
3C43,
3C43,
3C43,
3C43,
3C43,
3C43,
3C43,
3C43,
3C43,
3C43,
3C43,
3C43,
3C43,
3C43,
3C43,
3C43,
3C43,
3C43,
3C43,
3C43,
3C43,
3C43,
3C43,
3C43,
3C43,
3C43,
3C43,
3C43,
3C43,
3C43,
3C43,
3C44,
3C44,
3C44,
3C44,
3C04,
3C04,
33C3,
2BA3,
33A2,
33A2,
3BE4,
3C04,
3C04,
3C04,
3C03,
3C03,
3C03,
3C23,
3C23,
3C23,
3C23,
3C23,
3C23,
3C23,
3C23,
3423,
3423,
3C23,
3C23,
3C23,
3C23,
3C23,
3C23,
3C23,
3C23,
3C23,
3C03,
3C04,
3C04,
3C04,
3C04,
3C04,
3C04,
3C04,
3C23,
3C23,
3C23,
3C23,
3C23,
3423,
3423,
3423,
3423,
3423,
3423,
3423,
3423,
3423,
3423,
3423,
3423,
3423,
3423,
3423,
3423,
3423,
3423,
3423,
3423,
3423,
3C23,
3C04,
3C04,
4404,
4C04,
5405,
53A5,
4A81,
3940,
4120,
7AA0,
B461,
D523,
E563,
ED83,
EDC3,
EDC3,
F5E3,
F5E3,
EDE3,
EDE4,
EDE3,
EDE3,
EDE3,
EDE3,
EDE3,
EDE4,
EDE4,
EDE3,
EDE3,
EDE3,
EDE3,
EDE3,
EDE3,
EDE3,
EDE3,
EDE3,
EDE3,
EDE3,
EDE3,
EDE3,
EDE3,
EDE3,
EDE3,
EDE4,
E5E5,
DDE6,
D5C8,
BD4A,
9448,
6B86,
5304,
4AE4,
5B65,
7427,
8CCA,
A56D,
9D0B,
6365,
3220,
21E0,
2A42,
3B04,
4385,
43A5,
43C5,
43A5,
43A5,
3BC5,
33A4,
2B42,
2322,
2B82,
3BE3,
33E3,
33E3,
3C03,
3C03,
3C23,
3C23,
3C23,
3C24,
3C24,
3C24,
3C24,
3C23,
3C23,
3C23,
3C23,
3C23,
3C23,
3C23,
3C23,
3C23,
3C23,
3C23,
3C24,
3C24,
3C24,
3C24,
3C24,
3C23,
3C44,
3C44,
3C43,
3C43,
3C43,
3C43,
3C43,
3C44,
3C44,
3C44,
3C44,
3C44,
3C44,
3C44,
3C44,
3C44,
3C43,
3C43,
3C43,
3C43,
3C44,
3C44,
3C44,
3C24,
3C24,
3C24,
3C24,
3C24,
3C24,
3C24,
3C24,
3C24,
3C24,
3C44,
3C44,
3C44,
3C44,
3C44,
3C44,
3C44,
3C44,
3C44,
3C44,
3C44,
3C44,
3C44,
3C44,
3C44,
3444,
3444,
3444,
3444,
3444,
3C44,
3C44,
3C44,
3C44,
3C44,
3C44,
3C44,
3C44,
3C44,
3C44,
3C43,
3C43,
3C43,
3C43,
3C43,
3C43,
3C43,
3C43,
3C43,
3C43,
3C43,
3C43,
3C43,
3C43,
3C43,
3C43,
3C43,
3C43,
3C43,
3C43,
3C43,
3C43,
3C43,
3C43,
3C43,
3C43,
3C43,
3C43,
3C43,
3C43,
3C43,
3C43,
3C43,
3C43,
3C43,
3C43,
3C43,
3C43,
3C43,
3C43,
3C43,
3C43,
3C43,
3C43,
3C43,
3C43,
3C43,
3C43,
3C43,
3C43,
3C43,
3C43,
3C43,
3C43,
3C43,
3C43,
3C43,
3C43,
3C43,
3C43,
3C43,
3C43,
3C43,
3C43,
3C43,
3C44,
3C44,
3C44,
3C44,
3C24,
3C04,
3C04,
3C04,
3BE3,
3BE3,
3BE3,
3BE3,
3C04,
3C04,
3C03,
3C23,
3C23,
3C23,
3C23,
3C23,
3C23,
3C23,
3C23,
3C23,
3C23,
3C23,
3C23,
3C23,
3C23,
3C23,
3C23,
3C23,
3C23,
3C23,
3C23,
3C23,
3C23,
3C23,
3C04,
3C24,
3C24,
3C24,
3C04,
3C23,
3C23,
3C23,
3C23,
3C23,
3C23,
3423,
3423,
3423,
3423,
3423,
3423,
3423,
3423,
3423,
3423,
3423,
3423,
3423,
3423,
3423,
3C23,
3C24,
3424,
3423,
3423,
3423,
3C23,
3C04,
3C04,
3C04,
43C4,
4B84,
3AE2,
2980,
3100,
59E0,
9B81,
CCE3,
DD64,
ED83,
EDA3,
EDC3,
EDE3,
EDE3,
EDE3,
F5E3,
F5E3,
EDE3,
EDE3,
EDE3,
EDE3,
EDE3,
EDE3,
EDE3,
EDE3,
EDE3,
EDE4,
EDE4,
EDE4,
EDE4,
EDE4,
EDE4,
EDE4,
EDE4,
EDE4,
EDE3,
EDE3,
EDE3,
EDE3,
EDE3,
EDE4,
EDE5,
E605,
DE08,
DDEB,
D5CC,
BD8C,
AD2B,
AD2B,
B58D,
BE0F,
B5CE,
9CCA,
6B65,
4200,
29C0,
2A20,
3AC3,
4345,
4385,
43C5,
43C5,
43C5,
43C5,
3BC5,
3BE4,
3BE4,
3BC4,
33C3,
3C03,
3403,
3403,
3403,
3423,
3C23,
3C23,
3C24,
3C24,
3C24,
3C24,
3C24,
3C23,
3C23,
3C23,
3C23,
3C23,
3C23,
3C23,
3C23,
3C23,
3C23,
3C23,
3C24,
3C24,
3C24,
3C24,
3C24,
3C23,
3C43,
3C43,
3C43,
3C43,
3C43,
3C43,
3C43,
3C43,
3C43,
3C44,
3C44,
3C44,
3C43,
3C43,
3C44,
3C43,
3C43,
3C43,
3C43,
3C43,
3C43,
3C43,
3C44,
3C24,
3C24,
3C24,
3C24,
3C24,
3C24,
3C24,
3C24,
3C24,
3C24,
3C44,
3C44,
3C44,
3C44,
3C44,
3C44,
3C44,
3C44,
3C44,
3C44,
3C44,
3C44,
3C44,
3C44,
3C44,
3444,
3444,
3444,
3444,
3C24,
3C24,
3C24,
3C24,
3C24,
3C24,
3444,
3444,
3444,
3444,
3444,
3C43,
3C43,
3C43,
3C43,
3C43,
3C43,
3C43,
3C43,
3C43,
3C43,
3C43,
3C43,
3C43,
3C43,
3C43,
3C43,
3C43,
3C43,
3C43,
3C43,
3C43,
3C43,
3C43,
3C43,
3C43,
3C43,
3C43,
3C43,
3C43,
3C43,
3C43,
3C43,
3C43,
3C43,
3C43,
3C43,
3C43,
3C43,
3C43,
3C43,
3C43,
3C43,
3C43,
3C43,
3C43,
3C43,
3C43,
3C43,
3C43,
3C43,
3C43,
3C43,
3C43,
3C43,
3C43,
3C43,
3C43,
3C43,
3C43,
3C43,
3C43,
3C43,
3C43,
3C43,
3C43,
3C44,
3C44,
3C43,
3C43,
3C23,
3C03,
3C24,
3C24,
3C24,
3C03,
3C03,
3C03,
3C04,
3C04,
3C24,
3C24,
3C24,
3C23,
3C23,
3C23,
3C23,
3C23,
3C23,
3C23,
3C23,
3C23,
3C23,
3C23,
3C23,
3C23,
3C23,
3C23,
3C23,
3C23,
3C23,
3C23,
3C23,
3C23,
3C03,
3C23,
3C23,
3C23,
3C03,
3C23,
3C23,
3C23,
3C23,
3C23,
3C23,
3423,
3423,
3423,
3423,
3423,
3423,
3423,
3423,
3423,
3423,
3423,
3423,
3423,
3423,
3423,
3423,
3423,
3423,
3423,
3423,
3423,
3C23,
3C23,
3C04,
3BE4,
3B83,
2AA1,
19A0,
18E0,
4160,
8322,
BCA5,
D545,
DD84,
E583,
EDA2,
EDC3,
EDE3,
EDE3,
EDE3,
EDE3,
EDE3,
EDE3,
EDE3,
EDE3,
EDE3,
EDE3,
EDE3,
EDE3,
EDE3,
EDE3,
EDE4,
EDE4,
EDE4,
EDE4,
EDE4,
EDE4,
EDE3,
EDE3,
EDE3,
EDE3,
EDE3,
EDE3,
EDE3,
EDE3,
EDE4,
EDE4,
E604,
E606,
E629,
E62A,
D62B,
CE0B,
CE0C,
CE0D,
CE0D,
AD0A,
7323,
4A00,
31A0,
3220,
3AC3,
4345,
4385,
3BA5,
43C4,
43E4,
43E4,
3BE4,
3BE4,
3BE4,
3BE4,
3BE4,
3BE3,
3C04,
3403,
3403,
3423,
3423,
3423,
3C23,
3C24,
3C24,
3C24,
3C24,
3C24,
3C23,
3C23,
3C23,
3C23,
3C23,
3C23,
3C23,
3C23,
3C23,
3C23,
3C24,
3C24,
3C24,
3C24,
3C24,
3C24,
3C23,
3C43,
3C43,
3C43,
3C43,
3C43,
3C43,
3C43,
3C43,
3C44,
3C44,
3C44,
3C44,
3C44,
3C43,
3C43,
3C43,
3C43,
3C43,
3C43,
3C44,
3C44,
3C44,
3C44,
3C44,
3C44,
3C44,
3C44,
3C44,
3C44,
3C44,
3C44,
3C44,
3C44,
3C44,
3C44,
3C44,
3C44,
3C44,
3C44,
3C44,
3C44,
3C44,
3C44,
3C44,
3C44,
3C44,
3C44,
3C44,
3C44,
3C44,
3C44,
3C44,
3C24,
3C24,
3C24,
3C24,
3C24,
3C24,
3444,
3444,
3444,
3444,
3444,
3C43,
3C43,
3C43,
3C43,
3C43,
3C43,
3C43,
3C43,
3C43,
3C43,
3C43,
3C43,
3C43,
3C43,
3C43,
3C43,
3C43,
3C43,
3C43,
3C43,
3C43,
3C43,
3C43,
3C43,
3C43,
3C43,
3C43,
3C43,
3C43,
3C43,
3C43,
3C43,
3C43,
3C43,
3C43,
3C43,
3C43,
3C43,
3C43,
3C43,
3C43,
3C43,
3C43,
3C43,
3C43,
3C43,
3C43,
3C43,
3C43,
3C43,
3C43,
3C43,
3C43,
3C43,
3C43,
3C43,
3C43,
3C43,
3C43,
3C43,
3C43,
3C43,
3C43,
3C43,
3C43,
3C44,
3C44,
3C43,
3C23,
3C23,
3C24,
3C44,
3C44,
3C44,
3C23,
3C03,
3C23,
3C23,
3C23,
3C24,
3C44,
3C44,
3C24,
3C24,
3C24,
3444,
3C44,
3C23,
3C23,
3C23,
3C23,
3C23,
3C23,
3C23,
3C23,
3C23,
3C23,
3C23,
3C23,
3C23,
3C23,
3C23,
3C23,
3C03,
3C23,
3C23,
3C23,
3C03,
3C23,
3C23,
3423,
3423,
3423,
3423,
3423,
3423,
3423,
3423,
3423,
3423,
3423,
3423,
3423,
3423,
3423,
3423,
3423,
3423,
3423,
3423,
3423,
3443,
3443,
3443,
3424,
3C24,
3C23,
3BE4,
3343,
1A60,
0980,
1140,
31A0,
7301,
AC86,
CD46,
DD85,
DD83,
E5A2,
EDA2,
EDC3,
EDE3,
EDE3,
EDE3,
EDE3,
EDE3,
EDE3,
EDE3,
EDE3,
EDE3,
EDE3,
EDE3,
EDE4,
EDE4,
EDE4,
EDE4,
EDE4,
EDE4,
EDE4,
EDE4,
EDE4,
EDE3,
EDE3,
EDE3,
EDE3,
EDE3,
EDE3,
EE03,
EDE3,
EDE3,
EE04,
EDE4,
EE04,
E605,
E627,
E628,
DE29,
D60A,
D5EB,
C589,
8C04,
4A20,
2980,
29C0,
3AA2,
4B85,
43A5,
43A5,
3BC4,
3BC4,
3BE4,
3C04,
3C04,
3C04,
3C04,
3404,
33E4,
3404,
3403,
3403,
3403,
3423,
3423,
3423,
3C23,
3C24,
3C24,
3C24,
3C24,
3C24,
3C23,
3C23,
3C23,
3C23,
3C23,
3C23,
3C23,
3C23,
3C23,
3C23,
3C24,
3C24,
3C24,
3C24,
3C24,
3C24,
3C23,
3C44,
3C44,
3C43,
3C43,
3C43,
3C43,
3C43,
3C43,
3C43,
3C43,
3C43,
3C43,
3C43,
3C43,
3C43,
3C43,
3C43,
3C44,
3C44,
3C44,
3C44,
3C44,
3C44,
3C44,
3C44,
3C44,
3C44,
3C44,
3C44,
3C44,
3C44,
3C44,
3C44,
3C44,
3C44,
3C44,
3C44,
3C44,
3C44,
3C44,
3C44,
3C44,
3C44,
3C44,
3C44,
3C44,
3C44,
3C44,
3C44,
3C44,
3C44,
3C44,
3C44,
3C44,
3C44,
3C44,
3C44,
3C44,
3C44,
3C44,
3C44,
3C44,
3C44,
3C43,
3C43,
3C43,
3C43,
3C43,
3C43,
3C43,
3C43,
3C43,
3C43,
3C43,
3C43,
3C43,
3C43,
3C43,
3C43,
3C43,
3C43,
3C43,
3C43,
3C43,
3C43,
3C43,
3C43,
3C43,
3C43,
3C43,
3C43,
3C43,
3C43,
3C43,
3C43,
3C43,
3C43,
3C43,
3C43,
3C43,
3C43,
3C43,
3C43,
3C43,
3C43,
3C43,
3C43,
3C43,
3C43,
3C43,
3C43,
3C43,
3C43,
3C43,
3C43,
3C43,
3C43,
3C43,
3C43,
3C43,
3C43,
3C43,
3C43,
3C43,
3C43,
3C43,
3C43,
3C43,
3C44,
3C44,
3C43,
3C44,
3C44,
3C44,
3C44,
3C44,
3C44,
3C43,
3C23,
3C23,
3C24,
3C24,
3C24,
3C24,
3C24,
3C24,
3C24,
3C24,
3443,
3443,
3C23,
3C23,
3C23,
3C23,
3C23,
3C23,
3C23,
3C23,
3C23,
3C23,
3C23,
3C23,
3C23,
3C23,
3C23,
3C23,
3C03,
3C23,
3C23,
3C23,
3C03,
3C23,
3C23,
3423,
3423,
3423,
3423,
3423,
3C23,
3C23,
3423,
3423,
3423,
3423,
3423,
3423,
3423,
3423,
3423,
3423,
3423,
3423,
3424,
3424,
3443,
2C43,
3444,
3424,
33E4,
3382,
2AC1,
11A0,
00E0,
0900,
4242,
83C5,
B4C7,
CD68,
DDA6,
DDA5,
E5A4,
E5C3,
E5C3,
EDC3,
EDE3,
EDE3,
EDE3,
EDE3,
EDE3,
EDE3,
EDE3,
EDE3,
EDE3,
EDE3,
EDE3,
EDE4,
EDE4,
EDE4,
EDE4,
EDE4,
EDE4,
EDE4,
EDE4,
EDE4,
EDE3,
EDE3,
EDE3,
EDE3,
EDE3,
EDE3,
EDE3,
EDE3,
EDE3,
EE04,
EDE4,
EDE4,
EE04,
EE05,
EE06,
E606,
DDE7,
D5C7,
A4A3,
62E0,
3160,
2940,
3A01,
4B04,
53A6,
43A5,
43C5,
3BE4,
3BE3,
3BE3,
3C03,
3C03,
3C03,
3404,
3404,
3403,
3403,
3403,
3403,
3403,
3423,
3423,
3423,
3C24,
3C24,
3C24,
3C24,
3C24,
3C24,
3C23,
3C23,
3C23,
3C23,
3C23,
3C23,
3C23,
3C24,
3C24,
3C24,
3C24,
3C24,
3C24,
3C24,
3C24,
3C24,
3C23,
3C44,
3C44,
3C24,
3C44,
3C43,
3C43,
3C43,
3C43,
3C43,
3C43,
3C43,
3C43,
3C43,
3C43,
3C43,
3C43,
3C43,
3C44,
3C43,
3C43,
3C44,
3C44,
3C44,
3C44,
3C44,
3C44,
3C44,
3C44,
3C44,
3C44,
3C44,
3C44,
3C44,
3C44,
3C44,
3C44,
3C44,
3C44,
3C44,
3C44,
3C44,
3C44,
3C44,
3C44,
3C44,
3C44,
3C44,
3C44,
3C44,
3C44,
3C44,
3C44,
3C44,
3C44,
3C44,
3C44,
3C44,
3C44,
3C44,
3C44,
3C44,
3C44,
3C44,
3C43,
3C43,
3C43,
3C43,
3C43,
3C43,
3C43,
3C43,
3C43,
3C43,
3C43,
3C43,
3C43,
3C44,
3C43,
3C43,
3C43,
3C43,
3C43,
3C43,
3C43,
3C43,
3C43,
3C43,
3C43,
3C43,
3C43,
3C43,
3C43,
3C43,
3C43,
3C43,
3C43,
3C43,
3C43,
3C43,
3C43,
3C43,
3C43,
3C43,
3C43,
3C43,
3C43,
3C43,
3C43,
3C43,
3C43,
3C43,
3C43,
3C43,
3C43,
3C43,
3C43,
3C43,
3C43,
3C43,
3C43,
3C43,
3C43,
3C43,
3C43,
3C43,
3C43,
3C43,
3C43,
3C43,
3C43,
3C43,
3C43,
3C44,
3C44,
3C44,
3C44,
3C43,
3C43,
3C43,
3C43,
3C43,
3C43,
3C43,
3C43,
3C43,
3C44,
3C44,
3C43,
3C43,
3C43,
3C43,
3C23,
3C23,
3C23,
3C24,
3C23,
3C23,
3C23,
3C23,
3C23,
3C23,
3C23,
3C23,
3C23,
3C23,
3C23,
3C23,
3C23,
3C23,
3C23,
3C23,
3C23,
3C23,
3C23,
3C23,
3C23,
3C23,
3423,
3423,
3423,
3423,
3423,
3423,
3423,
3423,
3423,
3423,
3423,
3423,
3423,
3C24,
3424,
3424,
3404,
3404,
3424,
2C04,
23A2,
1AC1,
09E1,
00E0,
00A0,
1900,
4A23,
83C7,
B509,
D589,
DDA7,
DDA5,
E5A4,
E5C4,
E5C4,
EDC3,
EDE3,
EDE3,
EDE3,
EDE3,
EDE3,
EDE3,
EDE3,
EDE3,
EDE3,
EDE3,
EDE3,
EDE3,
EDE3,
EDE3,
EDE3,
EDE4,
EDE4,
EDE4,
EDE4,
EDE4,
EDE4,
EDE4,
EDE4,
EDE4,
EDE4,
EDE4,
EDE4,
EDE4,
EDE4,
EDE4,
EDE4,
EDE4,
EDE4,
EDE4,
EDE4,
EDE4,
E5E4,
DDE5,
CD64,
8BA0,
49C0,
2900,
31C0,
4AC3,
5345,
4BA5,
43C5,
43E4,
3BE4,
3BE3,
3C03,
3C03,
3C03,
3403,
3403,
3403,
3404,
3403,
3403,
3423,
3C23,
3423,
3423,
3C24,
3C24,
3C24,
3C24,
3C24,
3C24,
3C24,
3C24,
3C24,
3C23,
3C23,
3C24,
3C24,
3C24,
3C24,
3C24,
3C24,
3C44,
3C44,
3C44,
3C44,
3C44,
3C44,
3C44,
3C43,
3C44,
3C44,
3C43,
3C43,
3C43,
3C43,
3C43,
3C43,
3C43,
3C43,
3C43,
3C43,
3C43,
3C43,
3C43,
3C43,
3C43,
3C43,
3C43,
3C44,
3C44,
3C44,
3C44,
3C44,
3C44,
3C44,
3C44,
3C44,
3C44,
3C44,
3C44,
3C44,
3C44,
3C44,
3C44,
3C44,
3C44,
3C44,
3C44,
3C44,
3C44,
3C44,
3C44,
3C44,
3C44,
3C44,
3C44,
3C44,
3C44,
3C44,
3C44,
3C44,
3C44,
3C44,
3C44,
3C44,
3C44,
3C44,
3C44,
3C44,
3C44,
3C44,
3C43,
3C43,
3C43,
3C43,
3C43,
3C43,
3C43,
3C43,
3C43,
3C43,
3C43,
3C43,
3C43,
3C44,
3C43,
3C43,
3C43,
3C43,
3C43,
3C43,
3C43,
3C43,
3C43,
3C43,
3C43,
3C43,
3C43,
3C43,
3C43,
3C43,
3C43,
3C43,
3C43,
3C43,
3C43,
3C43,
3C43,
3C43,
3C43,
3C43,
3C43,
3C43,
3C43,
3C43,
3C43,
3C43,
3C43,
3C43,
3C43,
3C43,
3C43,
3C43,
3C43,
3C43,
3C43,
3C43,
3C43,
3C43,
3C43,
3C43,
3C43,
3C43,
3C43,
3C43,
3C43,
3C43,
3C43,
3C63,
3C43,
3C44,
3C44,
3C44,
3C43,
3C43,
3C43,
3C43,
3C43,
3C43,
3C43,
3C43,
3C43,
3C43,
3C44,
3C44,
3C43,
3C43,
3C43,
3C43,
3C23,
3C23,
3C23,
3C24,
3C23,
3C23,
3C23,
3C23,
3C23,
3C23,
3C23,
3C23,
3C23,
3C23,
3C23,
3C23,
3C23,
3C23,
3C23,
3C23,
3C23,
3C23,
3C23,
3C23,
3C23,
3C23,
3423,
3423,
3423,
3423,
3423,
3423,
3423,
3423,
3403,
3403,
3403,
3403,
3423,
3C24,
3424,
33E3,
2BA3,
2B83,
2343,
2322,
1280,
0180,
00E0,
0920,
3A22,
6B46,
9C49,
B50A,
C528,
DD66,
DDA5,
DDA3,
E5C3,
E5C3,
EDE4,
EDE4,
EDE4,
EDE4,
EDE4,
EDE3,
EDE3,
EDE3,
EDE3,
EDE3,
EDE3,
EDE3,
EDE3,
EDE3,
EDE3,
EDE3,
EDE3,
EDE3,
EDE4,
EDE4,
EDE4,
EDE4,
EDE4,
EDE4,
EDE4,
EDE4,
EDE4,
EDE4,
EDE4,
EDE4,
EDE4,
EDE4,
EDE4,
EDE4,
EDE4,
EDE4,
EDE3,
EDE3,
E5C4,
DDE5,
BD23,
7300,
3120,
2140,
3261,
4B23,
4B85,
43A5,
43C4,
3BE3,
3C03,
3C03,
3C03,
3C03,
3C03,
3403,
3403,
3423,
3C24,
3C24,
3C24,
3C24,
3C24,
3403,
3403,
3403,
3C23,
3C24,
3C24,
3C24,
3C24,
3C24,
3C24,
3C24,
3C24,
3C24,
3C24,
3C24,
3C24,
3C24,
3C24,
3C24,
3C43,
3C44,
3C44,
3C44,
3C44,
3C44,
3C44,
3C43,
3C43,
3C43,
3C43,
3C43,
3C43,
3C43,
3C43,
3C43,
3C43,
3C43,
3C43,
3C43,
3C43,
3C43,
3C43,
3C43,
3C43,
3C43,
3C43,
3C43,
3C44,
3C44,
3C44,
3C44,
3C44,
3C44,
3C44,
3C44,
3C44,
3C44,
3C44,
3C44,
3C44,
3C44,
3C44,
3C44,
3C44,
3C44,
3C44,
3C44,
3C44,
3C44,
3C44,
3C44,
3C44,
3C44,
3C44,
3C44,
3C44,
3C44,
3C44,
3C44,
3C44,
3C44,
3C44,
3C44,
3C44,
3C44,
3C44,
3C44,
3C44,
3C44,
3C43,
3C43,
3C43,
3C43,
3C43,
3C43,
3C43,
3C43,
3C43,
3C43,
3C43,
3C43,
3C43,
3C44,
3C43,
3C43,
3C43,
3C43,
3C43,
3C43,
3C43,
3C43,
3C43,
3C43,
3C43,
3C43,
3C44,
3C43,
3C43,
3C43,
3C43,
3C43,
3C43,
3C43,
3C43,
3C43,
3C43,
3C43,
3C43,
3C43,
3C43,
3C43,
3C43,
3C43,
3C43,
3C43,
3C43,
3C43,
3C43,
3C43,
3C43,
3C43,
3C43,
3C43,
3C43,
3C43,
3C43,
3C43,
3C43,
3C43,
3C43,
3C43,
3C43,
3C43,
3C43,
3C43,
3C43,
3C43,
3C43,
3C43,
3C43,
3C44,
3C43,
3C43,
3C43,
3C43,
3C43,
3C43,
3C43,
3C43,
3C43,
3C43,
3C44,
3C44,
3C43,
3C43,
3C43,
3C43,
3C23,
3C23,
3C23,
3C23,
3C23,
3C23,
3C23,
3C23,
3C23,
3C23,
3C23,
3C23,
3C23,
3C23,
3C23,
3C23,
3C23,
3C23,
3C23,
3C23,
3C23,
3C23,
3C23,
3C23,
3C23,
3C23,
3423,
3423,
3423,
3423,
3423,
3423,
3423,
3423,
3403,
3403,
3403,
3403,
3403,
3403,
2BC2,
2361,
12E0,
0A40,
01C0,
09C0,
09A0,
1180,
3242,
6345,
9488,
BD8C,
CDCB,
D589,
DD66,
E5A5,
E5A3,
E5C2,
E5C2,
EDE3,
EDE3,
EDE3,
EDE4,
EDE4,
EDE3,
EDE3,
EDE3,
EDE3,
EDE3,
EDE3,
EDE3,
EDE3,
EDE3,
EDE3,
EDE3,
EDE3,
EDE3,
EDE3,
EDE4,
EDE4,
EDE4,
EDE4,
EDE4,
EDE4,
EDE4,
EDE4,
EDE4,
EDE4,
EDE4,
EDE4,
EDE4,
EDE4,
EDE4,
EDE4,
EDE4,
EDE4,
EDE3,
EDC3,
E5C4,
D5C5,
ACC3,
52A0,
2140,
19A0,
32C2,
4384,
43C5,
43C5,
3BE3,
3C03,
3C03,
3C03,
3C03,
3C03,
3C03,
3C03,
3C23,
3C24,
3C44,
3C24,
33E3,
2BC3,
2BC3,
2BE3,
2BE3,
2BE3,
3423,
3C24,
3C24,
3C24,
3C24,
3C24,
3C24,
3C24,
3C24,
3C24,
3C24,
3C24,
3C24,
3C24,
3C24,
3C24,
3C44,
3C44,
3C44,
3C44,
3C44,
3C44,
3C44,
3C44,
3C43,
3C43,
3C43,
3C43,
3C43,
3C43,
3C43,
3C43,
3C43,
3C43,
3C43,
3C43,
3C43,
3C43,
3C43,
3C43,
3C43,
3C43,
3C43,
3C43,
3C44,
3C44,
3C44,
3C44,
3C44,
3C44,
3C44,
3C44,
3C44,
3C44,
3C44,
3C44,
3C44,
3C44,
3C44,
3C44,
3C44,
3C44,
3C44,
3C44,
3C44,
3C44,
3C44,
3C44,
3C44,
3C44,
3C44,
3C44,
3C44,
3C44,
3C44,
3C44,
3C44,
3C44,
3C44,
3C44,
3C44,
3C44,
3C44,
3C44,
3C44,
3C44,
3C43,
3C43,
3C43,
3C43,
3C43,
3C43,
3C43,
3C43,
3C43,
3C43,
3C43,
3C43,
3C43,
3C44,
3C44,
3C43,
3C43,
3C43,
3C43,
3C43,
3C43,
3C43,
3C43,
3C43,
3C44,
3C44,
3C44,
3C43,
3C43,
3C43,
3C43,
3C43,
3C43,
3C43,
3C43,
3C43,
3C43,
3C43,
3C43,
3C44,
3C43,
3C43,
3C43,
3C43,
3C43,
3C43,
3C43,
3C43,
3C43,
3C43,
3C43,
3C43,
3C43,
3C43,
3C43,
3C43,
3C43,
3C43,
3C43,
3C43,
3C43,
3C43,
3C43,
3C43,
3C43,
3C43,
3C43,
3C43,
3C43,
3C43,
3C43,
3C43,
3C43,
3C43,
3C43,
3C43,
3C43,
3C43,
3C43,
3C43,
3C43,
3C43,
3C43,
3C43,
3C43,
3C43,
3C43,
3C43,
3C43,
3C43,
3C43,
3C43,
3C43,
3C43,
3C43,
3C43,
3C43,
3C43,
3C23,
3C43,
3C43,
3C43,
3C23,
3C23,
3C23,
3C23,
3C23,
3C23,
3C23,
3C23,
3C23,
3C23,
3C23,
3C23,
3423,
3423,
3423,
3423,
3423,
3423,
3423,
3403,
3403,
3403,
3403,
3403,
3403,
33E2,
2381,
0AC0,
0200,
0160,
00C0,
00A0,
1180,
42C2,
8448,
AD0A,
BD89,
D62B,
DE09,
DDC7,
E5A5,
E5A3,
E5C2,
E5C2,
E5C3,
EDC3,
EDC3,
EDE3,
EDE3,
EDE3,
EDE3,
EDE3,
EDE3,
EDE3,
EDE3,
EDE3,
EDE3,
EDE3,
EDE3,
EDE3,
EDE3,
EDE3,
EDE3,
EDE3,
EDE4,
EDE4,
EDE4,
EDE4,
EDE4,
EDE4,
EDE4,
EDE4,
EDE4,
EDE4,
EDE4,
EDE4,
EDE4,
EDE4,
EDE4,
EDE4,
EDE4,
EDE4,
EDE3,
E5C3,
E5E5,
D5C5,
9C63,
4A80,
21E0,
2A61,
3B44,
43C5,
43C4,
3BE4,
3BE3,
3BE3,
3C03,
3C03,
3C03,
3C03,
3C03,
3C23,
3C03,
3403,
33E3,
2BC3,
2BA2,
2B82,
2382,
2382,
2361,
2BC2,
3423,
3C23,
3C24,
3C24,
3C24,
3C24,
3C24,
3C24,
3C24,
3C24,
3C24,
3C44,
3C44,
3C44,
3C44,
3C44,
3C44,
3C44,
3C44,
3C44,
3C44,
3C24,
3C24,
3C44,
3C44,
3C43,
3C43,
3C43,
3C43,
3C43,
3C43,
3C43,
3C43,
3C43,
3C43,
3C43,
3C43,
3C43,
3C43,
3C43,
3C43,
3C43,
3C43,
3C44,
3C44,
3C44,
3C44,
3C44,
3C44,
3C44,
3C44,
3C44,
3C44,
3C44,
3C44,
3C44,
3C44,
3C44,
3C44,
3C44,
3C44,
3C44,
3C44,
3C44,
3C44,
3C44,
3C44,
3C44,
3C44,
3C44,
3C44,
3C44,
3C44,
3C44,
3C44,
3C44,
3C44,
3C44,
3C44,
3C44,
3C44,
3C44,
3C44,
3C44,
3C44,
3C44,
3C43,
3C43,
3C43,
3C43,
3C43,
3C43,
3C43,
3C43,
3C43,
3C43,
3C43,
3C43,
3C43,
3C44,
3C44,
3C44,
3C44,
3C43,
3C43,
3C43,
3C43,
3C43,
3C43,
3C43,
3C44,
3C44,
3C44,
3C44,
3C43,
3C43,
3C43,
3C43,
3C43,
3C43,
3C43,
3C43,
3C43,
3C43,
3C43,
3C44,
3C43,
3C44,
3C44,
3C43,
3C43,
3C43,
3C43,
3C43,
3C43,
3C43,
3C43,
3C43,
3C43,
3C43,
3C43,
3C43,
3C43,
3C43,
3C43,
3C43,
3C43,
3C43,
3C43,
3C43,
3C43,
3C43,
3C43,
3C43,
3C43,
3C43,
3C43,
3C43,
3C43,
3C44,
3C43,
3C43,
3C43,
3C43,
3C43,
3C43,
3C43,
3C43,
3C43,
3C43,
3C43,
3C43,
3C43,
3C43,
3C43,
3C43,
3C43,
3C43,
3443,
3443,
3443,
3C43,
3C43,
3C43,
3C23,
3C43,
3443,
3443,
3C23,
3C23,
3C23,
3C23,
3C23,
3C23,
3C23,
3C23,
3C23,
3C23,
3C23,
3C23,
3423,
3423,
3423,
3423,
3423,
3423,
3403,
3403,
3403,
3403,
3403,
3402,
3402,
33E2,
2BC2,
2362,
1B02,
1221,
0100,
00C0,
1980,
5B25,
9CC9,
BD68,
CDA7,
DDE8,
DDC6,
E5C5,
E5A4,
E5C3,
E5C2,
E5C3,
E5C3,
EDC3,
EDE3,
EDE3,
F5E3,
EDE3,
EDE3,
EDE3,
EDE3,
EDE3,
EDE3,
EDE3,
EDE3,
EDE3,
EDE3,
EDE3,
EDE3,
EDE3,
EDE3,
EDE3,
EDE4,
EDE4,
EDE4,
EDE4,
EDE4,
EDE4,
EDE4,
EDE4,
EDE4,
EDE4,
EDE4,
EDE4,
EDE4,
EDE4,
EDE4,
EDE4,
EDE4,
EDE4,
EDE3,
E5C3,
E5E4,
CDA5,
9422,
4A60,
2A00,
3AC2,
4384,
43C4,
43E4,
43E4,
3BE4,
3BE3,
3C03,
3403,
3C44,
4464,
3C23,
33C2,
2341,
12E0,
1B00,
2341,
2B83,
2B62,
1B01,
12C0,
12E0,
2361,
3403,
3C23,
3C24,
3C24,
3C24,
3C24,
3C24,
3C24,
3C24,
3C24,
3C24,
3C44,
3C44,
3C44,
3C44,
3C44,
3C44,
3C44,
3C44,
3C44,
3C44,
3C24,
3C24,
3C44,
3C44,
3C43,
3C43,
3C43,
3C43,
3C43,
3C43,
3C43,
3C43,
3C43,
3C43,
3C43,
3C43,
3C43,
3C43,
3C43,
3C43,
3C44,
3C44,
3C44,
3C44,
3C44,
3C44,
3C44,
3C44,
3C44,
3C44,
3C44,
3C44,
3C44,
3C44,
3C44,
3C44,
3C44,
3C44,
3C44,
3C44,
3C44,
3C44,
3C44,
3C44,
3C44,
3C44,
3C44,
3C44,
3C44,
3C44,
3C44,
3C44,
3C44,
3C44,
3C44,
3C44,
3C44,
3C44,
3C44,
3C44,
3C44,
3C44,
3C44,
3C44,
3C44,
3C43,
3C43,
3C43,
3C43,
3C43,
3C43,
3C43,
3C43,
3C43,
3C43,
3C43,
3C43,
3C43,
3C43,
3C43,
3C43,
3C43,
3C43,
3C43,
3C43,
3C43,
3C43,
3C43,
3C43,
3C43,
3C43,
3C43,
3C43,
3C43,
3C43,
3C43,
3C43,
3C43,
3C43,
3C43,
3C43,
3C43,
3C43,
3C43,
3C43,
3C43,
3C44,
3C43,
3C43,
3C43,
3C43,
3C43,
3C43,
3C43,
3C43,
3C43,
3C43,
3C43,
3C43,
3C43,
3C43,
3C43,
3C43,
3C43,
3C43,
3C43,
3C43,
3C43,
3C43,
3C43,
3C43,
3C43,
3C43,
3C43,
3C43,
3C43,
3C43,
3C43,
3C43,
3C43,
3C43,
3C43,
3C43,
3C43,
3C43,
3C43,
3C43,
3C43,
3C43,
3C43,
3C43,
3C43,
3C43,
3C43,
3C43,
3C43,
3C43,
3C43,
3C43,
3C43,
3C43,
3C43,
3C43,
3C43,
3C43,
3C43,
3C23,
3C23,
3C23,
3C23,
3C23,
3C23,
3C23,
3C23,
3C23,
3C23,
3C23,
3C23,
3C23,
3423,
3423,
3423,
3423,
3423,
3423,
3403,
3403,
3403,
3403,
3402,
3402,
3402,
33E2,
33E2,
33E4,
43E6,
3325,
19E2,
1960,
2180,
52A3,
9C86,
BD45,
CD85,
E5E5,
EDC4,
EDA4,
E5C4,
E5C3,
E5E3,
EDE3,
EDE3,
EDE3,
EDE4,
EDE3,
EDE3,
EDE4,
EDE4,
EDE4,
EDE4,
EDE4,
EDE4,
EDE4,
EDE4,
EDE4,
EDE4,
EDE4,
EDE4,
EDE4,
EDE4,
EDE4,
EDE4,
EDE4,
EDE4,
EDE4,
EDE4,
EDE4,
EDE4,
EDE4,
EE04,
EE04,
EE04,
EE04,
EE04,
EE04,
EE04,
EE04,
EE04,
EE04,
EDE3,
EDC3,
E5E4,
CDA5,
9C43,
4A80,
29E0,
32A1,
4BC4,
4C04,
4404,
4404,
4404,
4424,
3C02,
2BA1,
2BA2,
33A2,
1B01,
0A60,
0200,
0220,
2321,
33A3,
2B62,
1AE1,
0A60,
0240,
0AA0,
1B40,
33E3,
3C44,
3C44,
3C44,
3C44,
3C44,
3C44,
3C44,
3C44,
3C44,
3C44,
3C44,
3C44,
3C44,
3C44,
3C44,
3C44,
3C44,
3C44,
3C44,
3C44,
3C44,
3C44,
3C44,
3C44,
3C44,
3C44,
3C43,
3C43,
3C43,
3C43,
3C43,
3C43,
3C43,
3C43,
3C43,
3C43,
3C43,
3C43,
3C43,
3C43,
3C44,
3C44,
3C44,
3C44,
3C44,
3C44,
3C44,
3C44,
3C44,
3C44,
3C44,
3C44,
3C44,
3C44,
3C44,
3C44,
3C44,
3C44,
3C44,
3C44,
3C44,
3C44,
3C44,
3C44,
3C44,
3C44,
3C44,
3C44,
3C44,
3C44,
3C44,
3C44,
3C44,
3C44,
3C44,
3C44,
3C44,
3C44,
3C44,
3C44,
3C44,
3C44,
3C44,
3C44,
3C44,
3C43,
3C43,
3C43,
3C43,
3C43,
3C43,
3C43,
3C43,
3C43,
3C43,
3C43,
3C43,
3C43,
3C43,
3C43,
3C43,
3C43,
3C43,
3C43,
3C43,
3C43,
3C43,
3C43,
3C43,
3C43,
3C43,
3C43,
3C43,
3C43,
3C43,
3C43,
3C43,
3C43,
3C43,
3C43,
3C43,
3C43,
3C43,
3C43,
3C43,
3C43,
3C43,
3C43,
3C43,
3C43,
3C43,
3C43,
3C43,
3C43,
3C43,
3C43,
3C43,
3C43,
3C43,
3C43,
3C43,
3C43,
3C43,
3C43,
3C43,
3C43,
3C43,
3C43,
3C43,
3C43,
3C43,
3C43,
3C43,
3C43,
3C43,
3C43,
3C43,
3C43,
3C43,
3C43,
3C43,
3C43,
3C43,
3C43,
3C43,
3C43,
3C43,
3C43,
3C43,
3C43,
3C43,
3C43,
3C43,
3C43,
3C43,
3C43,
3C43,
3C43,
3C43,
3C43,
3C43,
3C43,
3C43,
3C43,
3C43,
3C43,
3C23,
3C23,
3C23,
3C23,
3C23,
3C23,
3C23,
3C23,
3C23,
3C23,
3C23,
3C23,
3C23,
3423,
3423,
3423,
3423,
3423,
3423,
3403,
3403,
3403,
3403,
3402,
3402,
3402,
3402,
3402,
33E4,
3385,
32E5,
2202,
1960,
2940,
5261,
9C65,
C565,
D583,
E5E3,
EDC3,
EDA3,
E5C3,
EDC3,
EDE3,
EDE3,
EDE3,
EDE3,
EDE4,
EDE4,
EDE4,
EDE4,
EDE4,
EDE4,
EDE4,
EDE4,
EDE4,
EDE4,
EDE4,
EDE4,
EDE4,
EDE4,
EDE4,
EDE4,
EDE4,
EDE4,
EDE4,
EDE4,
EDE4,
EDE4,
EDE4,
EDE4,
EDE4,
EDE4,
EE04,
EE04,
EE04,
EE04,
EE04,
EE04,
EE04,
EE04,
EE04,
EDE4,
EDE3,
EDE3,
E604,
D5E7,
ACA5,
52C0,
21C0,
2200,
3B23,
43C4,
3BA3,
33A3,
33C3,
33A2,
2320,
1260,
01A0,
0160,
0140,
01A0,
1A81,
3343,
4C06,
43E5,
22E1,
0A40,
0220,
0A60,
1B00,
2BC2,
3403,
3C44,
3C44,
3C44,
3C44,
3C44,
3C44,
3C44,
3C44,
3C44,
3C44,
3C44,
3C44,
3C44,
3C44,
3C44,
3C44,
3C44,
3C44,
3C44,
3C44,
3C44,
3C44,
3C44,
3C44,
3C44,
3C44,
3C43,
3C43,
3C43,
3C43,
3C43,
3C43,
3C43,
3C43,
3C43,
3C43,
3C43,
3C43,
3C43,
3C43,
3C44,
3C44,
3C44,
3C44,
3C44,
3C44,
3C44,
3C44,
3C44,
3C44,
3C44,
3C44,
3C44,
3C44,
3C44,
3C44,
3C44,
3C44,
3C44,
3C44,
3C44,
3C44,
3C44,
3C44,
3C44,
3C44,
3C44,
3C44,
3C44,
3C44,
3C44,
3C44,
3C44,
3C44,
3C44,
3C44,
3C44,
3C44,
3C44,
3C44,
3C44,
3C44,
3C44,
3C44,
3C44,
3C43,
3C43,
3C43,
3C43,
3C43,
3C43,
3C43,
3C43,
3C43,
3C43,
3C43,
3C43,
3C43,
3C43,
3C43,
3C43,
3C43,
3C43,
3C43,
3C43,
3C43,
3C43,
3C43,
3C43,
3C43,
3C43,
3C43,
3C43,
3C43,
3C43,
3C43,
3C43,
3C43,
3C43,
3C43,
3C43,
3C43,
3C43,
3C43,
3C43,
3C43,
3C43,
3C43,
3C43,
3C43,
3C43,
3C43,
3C43,
3C43,
3C43,
3C43,
3C43,
3C43,
3C43,
3C43,
3C43,
3C43,
3C43,
3C43,
3C43,
3C43,
3C43,
3C43,
3C43,
3C43,
3C43,
3C43,
3C43,
3C43,
3C43,
3C43,
3C43,
3C43,
3C43,
3C43,
3C43,
3C43,
3C43,
3C43,
3C43,
3C43,
3C43,
3C43,
3C43,
3C43,
3C43,
3C43,
3C43,
3C43,
3C43,
3C43,
3C43,
3C43,
3C43,
3C43,
3C43,
3C43,
3C43,
3C43,
3C43,
3C43,
3C43,
3C23,
3C23,
3C23,
3C23,
3C23,
3C23,
3C23,
3C23,
3C23,
3C23,
3C23,
3C23,
3423,
3423,
3423,
3423,
3423,
3423,
3403,
3403,
3403,
3403,
3402,
3403,
3C03,
3C23,
3C23,
33A3,
2B03,
2242,
1140,
08C0,
3180,
6B01,
ACA4,
CD64,
DD83,
E5C2,
EDC2,
EDC2,
EDC2,
EDC3,
EDE3,
EDE3,
EDE3,
EDE3,
EDE3,
EDE4,
EDE4,
EDE4,
EDE4,
EDE4,
EDE4,
EDE4,
EDE4,
EDE4,
EDE4,
EDE4,
EDE4,
EDE4,
EDE4,
EDE4,
EDE4,
EDE4,
EDE4,
EDE4,
EDE4,
EDE4,
EDE4,
EDE4,
EDE4,
EDE4,
EE04,
EE04,
EE04,
EE04,
EE04,
EE04,
EE04,
EE04,
EE04,
EDE4,
EDE3,
EDE4,
E5E5,
DE08,
BD67,
73A2,
29E0,
1140,
0980,
09E0,
0A00,
09E0,
01C0,
01A0,
0160,
00E0,
0080,
0140,
2A82,
4BA5,
6468,
5C68,
4385,
1A81,
1260,
1280,
1AA1,
2322,
33C3,
3C24,
3C24,
3C44,
3C44,
3C44,
3C44,
3C44,
3C44,
3C44,
3C44,
3C44,
3C44,
3C44,
3C44,
3C44,
3C44,
3C44,
3C44,
3C44,
3C44,
3C44,
3C44,
3C44,
3C44,
3C44,
3C44,
3C44,
3C44,
3C43,
3C43,
3C43,
3C43,
3C43,
3C43,
3C43,
3C43,
3C43,
3C43,
3C43,
3C43,
3C43,
3C43,
3C44,
3C44,
3C44,
3C44,
3C44,
3C44,
3C44,
3C44,
3C44,
3C44,
3C44,
3C44,
3C44,
3C44,
3C44,
3C44,
3C44,
3C44,
3C44,
3C44,
3C44,
3C44,
3C44,
3C44,
3C44,
3C44,
3C44,
3C44,
3C44,
3C44,
3C44,
3C44,
3C44,
3C44,
3C44,
3C44,
3C44,
3C44,
3C44,
3C44,
3C64,
3C44,
3C44,
3C44,
3C44,
3C43,
3C43,
3C43,
3C43,
3C43,
3C43,
3C43,
3C43,
3C43,
3C43,
3C43,
3C43,
3C43,
3C43,
3C43,
3C43,
3C43,
3C43,
3C43,
3C43,
3C43,
3C43,
3C43,
3C43,
3C43,
3C43,
3C43,
3C43,
3C43,
3C43,
3C43,
3C43,
3C43,
3C43,
3C43,
3C43,
3C43,
3C43,
3C43,
3C43,
3C43,
3C43,
3C43,
3C43,
3C43,
3C43,
3C43,
3C43,
3C43,
3C43,
3C43,
3C43,
3C43,
3C43,
3C43,
3C43,
3C43,
3C43,
3C43,
3C43,
3C43,
3C43,
3C43,
3C43,
3C43,
3C43,
3C43,
3C43,
3C43,
3C43,
3C43,
3C43,
3C43,
3C43,
3C43,
3C43,
3C43,
3C43,
3C43,
3C43,
3C43,
3C43,
3C43,
3C43,
3C43,
3C43,
3C43,
3C43,
3C43,
3C43,
3C43,
3C43,
3C43,
3C43,
3C43,
3C43,
3C43,
3C43,
3C43,
3C43,
3C43,
3C23,
3C23,
3C23,
3C23,
3C23,
3C23,
3C23,
3C23,
3C23,
3C23,
3C23,
3C23,
3C23,
3423,
3423,
3423,
3423,
3C23,
3403,
3403,
33E3,
33E3,
3C04,
3C04,
3BE4,
3BC3,
43E3,
3BA3,
2AE1,
19C0,
0900,
0880,
2920,
6300,
9483,
BD45,
D585,
E5A3,
EDA3,
EDA2,
E5C2,
EDC2,
EDC3,
E5E3,
E5E3,
EDE3,
EDE3,
EDE3,
EDE4,
EDE4,
EDE4,
EDE4,
EDE4,
EDE4,
EDE4,
EDE4,
EDE4,
EDE4,
EDE4,
EDE4,
EDE4,
EDE4,
EDE4,
EDE4,
EDE4,
EDE4,
EDE4,
EDE4,
EDE4,
EDE4,
EDE4,
EDE4,
EDE4,
EE04,
EE04,
EE04,
EE04,
EE04,
EE04,
EE04,
EE04,
EE04,
EE04,
EE04,
EDE4,
E5E5,
E607,
D5E8,
A4C6,
6B21,
31E0,
00C0,
0040,
0060,
0060,
0060,
00C0,
0120,
0960,
3283,
6C29,
8D2D,
852C,
6C89,
3B64,
1220,
09E0,
1AA1,
2B43,
33A4,
3BE5,
3C05,
3C24,
3C24,
3C44,
3C44,
3C44,
3C44,
3C44,
3C44,
3C44,
3C44,
3C44,
3C44,
3C44,
3C44,
3C44,
3C44,
3C44,
3C44,
3C44,
3C44,
3C44,
3C44,
3C44,
3C44,
3C44,
3C44,
3C44,
3C44,
3C43,
3C43,
3C43,
3C43,
3C43,
3C43,
3C43,
3C43,
3C43,
3C43,
3C43,
3C43,
3C43,
3C43,
3C44,
3C44,
3C44,
3C44,
3C44,
3C44,
3C44,
3C44,
3C44,
3C44,
3C44,
3C44,
3C44,
3C44,
3C44,
3C44,
3C44,
3C44,
3C44,
3C44,
3C44,
3C44,
3C44,
3C44,
3C44,
3C44,
3C44,
3C44,
3C44,
3C44,
3C44,
3C44,
3C44,
3C44,
3C44,
3C44,
3C44,
3C44,
3C44,
3C44,
3C64,
3C64,
3C44,
3C44,
3C44,
3C43,
3C43,
3C43,
3C43,
3C43,
3C43,
3C43,
3C43,
3C43,
3C43,
3C43,
3C43,
3C43,
3C43,
3C43,
3C43,
3C43,
3C43,
3C43,
3C43,
3C43,
3C43,
3C43,
3C43,
3C43,
3C43,
3C43,
3C43,
3C43,
3C43,
3C43,
3C43,
3C43,
3C43,
3C43,
3C43,
3C43,
3C43,
3C43,
3C43,
3C43,
3C43,
3C43,
3C43,
3C43,
3C43,
3C43,
3C43,
3C43,
3C43,
3C43,
3C43,
3C43,
3C43,
3C43,
3C43,
3C43,
3C43,
3C43,
3C43,
3C43,
3C43,
3C43,
3C43,
3C43,
3C43,
3C43,
3C43,
3C43,
3C43,
3C43,
3C43,
3C43,
3C43,
3C43,
3C43,
3C43,
3C43,
3C43,
3C43,
3C43,
3C43,
3C43,
3C43,
3C43,
3C43,
3C43,
3C43,
3C43,
3C43,
3C43,
3C43,
3C43,
3C43,
3C43,
3C43,
3C43,
3C43,
3C43,
3C43,
3C43,
3C23,
3C23,
3C23,
3C23,
3C23,
3C23,
3C23,
3C23,
3C23,
3C23,
3C23,
3C23,
3C23,
3423,
3423,
3C23,
3C24,
3C24,
3C24,
3C04,
3BE4,
3BE4,
43E4,
3BA4,
3342,
3321,
3301,
2AA0,
19C0,
08C0,
10A0,
3160,
6B01,
A4C4,
BD84,
CDA4,
DDA4,
E5C2,
EDA3,
EDC3,
EDC2,
EDC2,
EDC3,
E5E3,
E5E3,
EDE3,
EDE3,
EDE3,
EDE4,
EDE4,
EDE4,
EDE4,
EDE4,
EDE4,
EDE4,
EDE4,
EDE4,
EDE4,
EDE4,
EDE4,
EDE4,
EDE4,
EDE4,
EDE4,
EDE4,
EDE4,
EDE4,
EDE4,
EDE4,
EDE4,
EDE4,
EDE4,
EDE4,
EE04,
EE04,
EE04,
EE04,
EE04,
EE04,
EE04,
EE04,
EE04,
EE04,
EE04,
EE04,
EE04,
E605,
E607,
D5C8,
B508,
8C05,
5AC3,
39E2,
2981,
2981,
31C2,
4A84,
6326,
73E8,
9D2D,
B5F0,
9D4D,
53A6,
2281,
1220,
1220,
22C2,
3384,
3BC5,
3BE5,
3BE5,
3C05,
3404,
3424,
3C24,
3C44,
3C44,
3C44,
3C44,
3C44,
3C44,
3C44,
3C44,
3C44,
3C44,
3C44,
3C44,
3C44,
3C44,
3C44,
3C44,
3C44,
3C44,
3C44,
3C44,
3C44,
3C44,
3C44,
3C44,
3C44,
3C43,
3C43,
3C43,
3C43,
3C43,
3C43,
3C43,
3C43,
3C43,
3C43,
3C43,
3C43,
3C43,
3C43,
3C43,
3C43,
3C44,
3C44,
3C44,
3C44,
3C44,
3C44,
3C44,
3C44,
3C44,
3C44,
3C44,
3C44,
3C44,
3C44,
3C44,
3C44,
3C44,
3C44,
3C44,
3C44,
3C44,
3C44,
3C44,
3C44,
3C44,
3C44,
3C44,
3C44,
3C44,
3C44,
3C44,
3C44,
3C44,
3C44,
3C44,
3C44,
3C44,
3C44,
3C64,
3C64,
3C44,
3C44,
3C44,
3C43,
3C43,
3C43,
3C43,
3C43,
3C43,
3C43,
3C43,
3C43,
3C43,
3C43,
3C43,
3C43,
3C43,
3C43,
3C43,
3C43,
3C43,
3C43,
3C43,
3C43,
3C43,
3C43,
3C43,
3C43,
3C43,
3C43,
3C43,
3C43,
3C43,
3C43,
3C43,
3C43,
3C43,
3C43,
3C43,
3C43,
3C43,
3C43,
3C43,
3C43,
3C43,
3C43,
3C43,
3C43,
3C43,
3C43,
3C43,
3C43,
3C43,
3C43,
3C43,
3C43,
3C43,
3C43,
3C43,
3C43,
3C43,
3C43,
3C43,
3C43,
3C43,
3C43,
3C43,
3C43,
3C43,
3C43,
3C43,
3C43,
3C43,
3C43,
3C43,
3C43,
3C43,
3C43,
3C43,
3C43,
3C43,
3C43,
3C43,
3C43,
3C43,
3C43,
3C43,
3C43,
3C43,
3C43,
3C23,
3C23,
3C23,
3C23,
3C23,
3C23,
3C23,
3C23,
3C23,
3C23,
3C23,
3C23,
3C23,
3C23,
3C23,
3C23,
3C23,
3C23,
3C23,
3C23,
3C23,
3C23,
3C23,
3C23,
3C23,
3C23,
3C23,
3C23,
3C24,
3C44,
3C24,
3C04,
3C04,
3BE4,
3BA4,
3B84,
3323,
2280,
1A00,
19E0,
21E0,
21C0,
29C0,
39E0,
5AC1,
8BE5,
B4E7,
CDA6,
D5C5,
D5C3,
DDC3,
E5C3,
EDC3,
EDC3,
EDC3,
E5C3,
E5C3,
EDE3,
EDE3,
EDE3,
EDE3,
EDE3,
EDE3,
EDE3,
EDE4,
EDE4,
EDE4,
EDE4,
EDE4,
EDE4,
EDE4,
EDE4,
EDE4,
EDE4,
EDE4,
EDE4,
EDE4,
EDE4,
EDE4,
EDE4,
EDE4,
EDE4,
EDE4,
EDE4,
EDE4,
EDE4,
EE04,
EE04,
EE04,
EE04,
EE04,
EE04,
EE04,
EE04,
EE04,
EE04,
EE04,
EE04,
EE04,
EE03,
E604,
E605,
DE26,
DE08,
D589,
C528,
BD28,
B4E8,
ACE8,
ACE9,
ACEA,
B52B,
BDAD,
C5EF,
AD6C,
6BC6,
2240,
0180,
1240,
3323,
43A5,
43E5,
3BE5,
3BE5,
3BE4,
3C04,
3C24,
3C24,
3C24,
3C44,
3C44,
3C44,
3C44,
3C44,
3C44,
3C44,
3C44,
3C44,
3C44,
3C44,
3C44,
3C44,
3C44,
3C44,
3C44,
3C44,
3C44,
3C44,
3C44,
3C44,
3C44,
3C44,
3C43,
3C43,
3C43,
3C43,
3C43,
3C43,
3C44,
3C43,
3C43,
3C43,
3C43,
3C43,
3C43,
3C43,
3C43,
3C43,
3C43,
3C43,
3C43,
3C44,
3C44,
3C44,
3C44,
3C44,
3C44,
3C44,
3C44,
3C44,
3C44,
3C44,
3C44,
3C44,
3C44,
3C44,
3C44,
3C44,
3C44,
3C44,
3C44,
3C44,
3C44,
3C44,
3C44,
3C44,
3C44,
3C44,
3C44,
3C44,
3C44,
3C44,
3C44,
3C44,
3C44,
3C44,
3C44,
3C44,
3C44,
3C44,
3C44,
3444,
3444,
3C43,
3C43,
3C43,
3C43,
3C43,
3C43,
3C43,
3C43,
3C43,
3C43,
3C43,
3C43,
3C43,
3C43,
3C43,
3C43,
3C43,
3C43,
3C43,
3C43,
3C43,
3C43,
3C43,
3C43,
3C43,
3C43,
3C43,
3C43,
3C43,
3C43,
3C43,
3C43,
3C43,
3C43,
3C43,
3C43,
3C43,
3C43,
3C43,
3C43,
3C43,
3C43,
3C43,
3C43,
3C43,
3C43,
3C43,
3C43,
3C43,
3C43,
3C43,
3C43,
3C43,
3C43,
3C43,
3C43,
3C43,
3C43,
3C43,
3C43,
3C43,
3C43,
3C43,
3C43,
3C43,
3C43,
3C43,
3C43,
3C43,
3C43,
3C43,
3C43,
3C43,
3C43,
3C43,
3C43,
3C43,
3C43,
3C43,
3C43,
3C43,
3C43,
3C43,
3C43,
3C43,
3C43,
3C43,
3C23,
3C23,
3C23,
3C23,
3C23,
3C23,
3C23,
3C23,
3C23,
3C23,
3C23,
3C23,
3C23,
3C23,
3C23,
3C23,
3C23,
3C23,
3C23,
3C23,
3C23,
3C23,
3C23,
3C23,
3C23,
3C23,
3C23,
3423,
3C24,
3403,
2BA2,
2B62,
2B22,
2AE2,
22A1,
1A20,
19C0,
1160,
1160,
19A0,
3200,
4A81,
6B62,
9464,
B526,
CDC7,
DDE7,
E5E6,
E5C5,
DDE3,
E5C3,
E5C3,
EDC3,
EDE3,
EDE3,
E5E3,
E5C3,
EDE3,
EDE3,
EDE3,
EDE3,
EDE3,
EDE3,
EDE3,
EDE4,
EDE4,
EDE4,
EDE4,
EDE4,
EDE4,
EDE4,
EDE4,
EDE4,
EDE4,
EDE4,
EDE4,
EDE4,
EDE4,
EDE4,
EDE4,
EDE4,
EDE4,
EDE4,
EDE4,
EDE4,
EDE4,
EE04,
EE04,
EE04,
EE04,
EE04,
EE04,
EE04,
EE04,
EE04,
EE04,
EE04,
EE04,
EE04,
EE04,
EE04,
E604,
E605,
E605,
E606,
E627,
E647,
E648,
DE48,
DE28,
D5E8,
CDC7,
CDC8,
C5CA,
9487,
4AE1,
2200,
1220,
2B01,
3BA4,
43E5,
3BE4,
3BE4,
3BE4,
3BE4,
3C04,
3C24,
3C24,
3C24,
3C44,
3C44,
3C44,
3C44,
3C44,
3C44,
3C44,
3C44,
3C44,
3C44,
3C44,
3C44,
3C44,
3C44,
3C44,
3C44,
3C44,
3C44,
3C44,
3C44,
3C44,
3C44,
3C44,
3C43,
3C43,
3C43,
3C43,
3C43,
3C43,
3C44,
3C43,
3C43,
3C43,
3C43,
3C43,
3C43,
3C43,
3C43,
3C43,
3C43,
3C43,
3C43,
3C44,
3C44,
3C44,
3C44,
3C44,
3C44,
3C44,
3C44,
3C44,
3C44,
3C44,
3C44,
3C44,
3C44,
3C44,
3C44,
3C44,
3C44,
3C44,
3C44,
3C44,
3C44,
3C44,
3C44,
3C44,
3C44,
3C44,
3C44,
3C44,
3C44,
3C44,
3C44,
3C44,
3C44,
3C44,
3C44,
3C44,
3C44,
3C44,
3C44,
3444,
3444,
3C43,
3C43,
3C43,
3C43,
3C43,
3C43,
3C43,
3C43,
3C43,
3C43,
3C43,
3C43,
3C43,
3C43,
3C43,
3C43,
3C43,
3C43,
3C43,
3C43,
3C43,
3C43,
3C43,
3C43,
3C43,
3C43,
3C43,
3C43,
3C43,
3C43,
3C43,
3C43,
3C43,
3C43,
3C43,
3C43,
3C43,
3C43,
3C43,
3C43,
3C43,
3C43,
3C43,
3C43,
3C43,
3C43,
3C43,
3C43,
3C43,
3C43,
3C43,
3C43,
3C43,
3C43,
3C43,
3C43,
3C43,
3C43,
3C43,
3C43,
3C43,
3C43,
3C43,
3C43,
3C43,
3C43,
3C43,
3C43,
3C43,
3C43,
3C43,
3C43,
3C43,
3C43,
3C43,
3C43,
3C43,
3C43,
3C43,
3C43,
3C43,
3C43,
3C43,
3C43,
3C43,
3C43,
3C43,
3C23,
3C23,
3C23,
3C23,
3C23,
3C23,
3C23,
3C23,
3C23,
3C23,
3C23,
3C23,
3C23,
3C23,
3C23,
3C23,
3C23,
3C23,
3C23,
3C23,
3C23,
3C23,
3C23,
3C23,
3C23,
3C23,
3C23,
3403,
33E3,
2381,
1B00,
1260,
09E0,
0980,
0120,
0940,
1980,
31E0,
4281,
6343,
7C03,
9CA5,
B567,
C5A7,
CDC5,
DDE5,
E5E4,
E5C4,
E5C4,
E5E3,
EDC3,
EDC3,
EDE3,
EDE3,
EDE3,
EDE3,
EDE3,
EDE3,
EDE3,
EDE3,
EDE3,
EDE3,
EDE3,
EDE3,
EDE4,
EDE4,
EDE4,
EDE4,
EDE4,
EDE4,
EDE4,
EDE4,
EDE4,
EDE4,
EDE4,
EDE4,
EDE4,
EDE4,
EDE4,
EDE4,
EDE4,
EDE4,
EDE4,
EDE4,
EDE4,
EDE4,
EE04,
EE04,
EE04,
EE04,
EE04,
EE04,
EE04,
EE04,
EE04,
EE04,
EE04,
EE04,
EE04,
EE04,
EE04,
EE04,
EE04,
EE04,
EE04,
EE04,
EE24,
E624,
E605,
E605,
DDE5,
D5A4,
CDA5,
B526,
7BC2,
3A60,
2200,
2AC0,
3BA3,
3BC4,
3BE4,
3C03,
3C03,
3C03,
3C04,
3C04,
3C24,
3C23,
3C24,
3C44,
3C44,
3C44,
3C44,
3C44,
3C44,
3C44,
3C44,
3C44,
3C44,
3C44,
3C44,
3C44,
3C44,
3C44,
3C44,
3C44,
3C44,
3C44,
3C44,
3C44,
3C44,
3C44,
3C44,
3C43,
3C43,
3C43,
3C43,
3C44,
3C43,
3C43,
3C43,
3C43,
3C43,
3C43,
3C43,
3C43,
3C43,
3C43,
3C43,
3C43,
3C44,
3C44,
3C44,
3C44,
3C44,
3C44,
3C44,
3C44,
3C44,
3C44,
3C44,
3C44,
3C44,
3C44,
3C44,
3C44,
3C44,
3C44,
3C44,
3C44,
3C44,
3C44,
3C44,
3C44,
3C44,
3C44,
3C44,
3C44,
3C44,
3C44,
3C44,
3C44,
3C44,
3C44,
3C44,
3C44,
3C44,
3C44,
3C44,
3C44,
3C44,
3444,
3444,
3C43,
3C43,
3C43,
3C43,
3C43,
3C43,
3C43,
3C43,
3C43,
3C43,
3C43,
3C43,
3C43,
3C43,
3C43,
3C43,
3C43,
3C43,
3C43,
3C43,
3C43,
3C43,
3C43,
3C43,
3C43,
3C43,
3C43,
3C43,
3C43,
3C43,
3C43,
3C43,
3C43,
3C43,
3C43,
3C43,
3C43,
3C43,
3C43,
3C43,
3C43,
3C43,
3C43,
3C43,
3C43,
3C43,
3C43,
3C43,
3C43,
3C43,
3C43,
3C43,
3C43,
3C43,
3C43,
3C43,
3C43,
3C43,
3C43,
3C43,
3C43,
3C43,
3C43,
3C43,
3C43,
3C43,
3C43,
3C43,
3C43,
3C43,
3C43,
3C43,
3C43,
3C43,
3C43,
3C43,
3C43,
3C43,
3C43,
3C43,
3C43,
3C43,
3C43,
3C43,
3C43,
3C43,
3C43,
3C23,
3C23,
3C23,
3C23,
3C23,
3C23,
3C23,
3C23,
3C23,
3C23,
3C23,
3C23,
3C23,
3C23,
3C23,
3C23,
3C23,
3C23,
3C23,
3C23,
3C23,
3C23,
3423,
3443,
3443,
3C23,
3C23,
3403,
33E2,
2B81,
2341,
1A60,
0180,
00C0,
00A0,
2180,
52C4,
73C5,
9447,
ACE7,
BD87,
CDE8,
DE08,
DDE6,
DDE4,
DDE3,
E5C3,
E5E3,
E5E3,
E5C3,
EDE3,
EDE3,
EDE3,
EDE3,
EDE3,
EDE3,
EDE3,
EDE3,
EDE3,
EDE3,
EDE3,
EDE3,
EDE3,
EDE3,
EDE4,
EDE4,
EDE4,
EDE4,
EDE3,
EDE3,
EDE3,
EDE3,
EDE3,
EDE4,
EDE4,
EDE4,
EDE4,
EDE4,
EDE4,
EDE4,
EDE4,
EDE4,
EDE4,
EDE4,
EDE4,
EDE4,
EDE4,
EE04,
EE04,
EE04,
EE04,
EE04,
EE04,
EE04,
EE04,
EE04,
EE04,
EE04,
EE04,
EE04,
EE04,
EE04,
EE04,
EE03,
EE03,
EE03,
EE03,
EE03,
EE03,
EDE4,
E5E4,
DDA3,
C564,
ACA4,
6B00,
3200,
2A40,
3B42,
3BE4,
3BE3,
33E3,
3C03,
3C03,
3C03,
3C24,
3C24,
3C23,
3C44,
3C24,
3C24,
3C44,
3C44,
3C44,
3C44,
3C44,
3C44,
3C44,
3C44,
3C44,
3C44,
3C44,
3C44,
3C44,
3C44,
3C44,
3C44,
3C44,
3C44,
3C44,
3C44,
3C44,
3C44,
3C44,
3C44,
3C43,
3C43,
3C43,
3C43,
3C43,
3C43,
3C43,
3C43,
3C43,
3C43,
3C43,
3C43,
3C43,
3C43,
3C43,
3C43,
3C44,
3C44,
3C44,
3C44,
3C44,
3C44,
3C44,
3C44,
3C44,
3C44,
3C44,
3C44,
3C44,
3C44,
3C44,
3C44,
3C44,
3C44,
3C44,
3C44,
3C44,
3C44,
3C44,
3C44,
3C44,
3C44,
3C44,
3C44,
3C44,
3C44,
3C44,
3C44,
3C44,
3C44,
3C44,
3C44,
3C44,
3C44,
3C44,
3C44,
3C44,
3444,
3444,
3C43,
3C43,
3C43,
3C43,
3C43,
3C43,
3C43,
3C43,
3C43,
3C43,
3C43,
3C43,
3C43,
3C43,
3C43,
3C43,
3C43,
3C43,
3C43,
3C43,
3C43,
3C43,
3C43,
3C43,
3C43,
3C43,
3C43,
3C43,
3C43,
3C43,
3C43,
3C43,
3C43,
3C43,
3C43,
3C43,
3C43,
3C43,
3C43,
3C43,
3C43,
3C43,
3C43,
3C43,
3C43,
3C43,
3C43,
3C43,
3C43,
3C43,
3C43,
3C43,
3C43,
3C43,
3C43,
3C43,
3C43,
3C43,
3C43,
3C43,
3C43,
3C43,
3C43,
3C43,
3C43,
3C43,
3C43,
3C43,
3C43,
3C43,
3C43,
3C43,
3C43,
3C43,
3C43,
3C43,
3C43,
3C43,
3C43,
3C43,
3C43,
3C43,
3C43,
3C43,
3C43,
3C43,
3C43,
3C23,
3C23,
3C23,
3C23,
3C23,
3C23,
3C23,
3C23,
3C23,
3C23,
3C23,
3C23,
3C23,
3C23,
3C23,
3C23,
3C23,
3C23,
3C23,
3C23,
3C23,
3C23,
3423,
3423,
3C43,
3C23,
3403,
3C03,
33C2,
3382,
3B63,
2A82,
0980,
00A0,
1900,
52A3,
9428,
AD0A,
BD49,
CD89,
D5C8,
D5C7,
DDC6,
DDE5,
E5E3,
E5E2,
E5E3,
E5E3,
E5E3,
E5E3,
E5E3,
EDE3,
EDE3,
EDE3,
EDE3,
EDE3,
EDE3,
EDE3,
EDE3,
EDE3,
EDE3,
EDE3,
EDE3,
EDE3,
EDE4,
EDE4,
EDE4,
EDE4,
EDE3,
EDE3,
EDE3,
EDE3,
EDE3,
EDE4,
EDE4,
EDE4,
EDE4,
EDE4,
EDE4,
EDE4,
EDE4,
EDE4,
EDE4,
EDE4,
EDE4,
EDE4,
EDE4,
EE04,
EE04,
EE04,
EE04,
EE04,
EE04,
EE04,
EE04,
EE04,
EE04,
EE04,
EE04,
EE04,
EE04,
EE04,
EE04,
EE03,
EE03,
EE03,
EE03,
EE03,
EE03,
EE03,
EE03,
DDA2,
CD84,
ACC4,
62C0,
29A0,
2A60,
4383,
4404,
3C03,
3C03,
3C03,
3C03,
3C23,
3C23,
3C23,
3C23,
3C24,
3C24,
3C24,
3C44,
3C44,
3C44,
3C44,
3C44,
3C44,
3C44,
3C44,
3C44,
3C44,
3C44,
3C44,
3C44,
3C44,
3C44,
3C44,
3C44,
3C44,
3C44,
3C44,
3C44,
3C44,
3C44,
3C44,
3C43,
3C43,
3C43,
3C43,
3C43,
3C43,
3C43,
3C43,
3C43,
3C43,
3C43,
3C43,
3C43,
3C43,
3C44,
3C44,
3C44,
3C44,
3C44,
3C44,
3C44,
3C44,
3C44,
3C44,
3C44,
3C44,
3C44,
3C44,
3C44,
3C44,
3C44,
3C44,
3C44,
3C44,
3C44,
3C44,
3C44,
3C44,
3C44,
3C44,
3C44,
3C44,
3C44,
3C44,
3C44,
3C44,
3C44,
3C44,
3C44,
3C44,
3C44,
3C44,
3C44,
3C44,
3C44,
3C44,
3C44,
3444,
3444,
3C43,
3C43,
3C43,
3C43,
3C43,
3C43,
3C44,
3C44,
3C43,
3C43,
3C43,
3C43,
3C43,
3C43,
3C43,
3C43,
3C43,
3C43,
3C43,
3C43,
3C43,
3C43,
3C43,
3C43,
3C43,
3C43,
3C43,
3C43,
3C43,
3C43,
3C43,
3C43,
3C43,
3C43,
3C43,
3C43,
3C43,
3C43,
3C43,
3C43,
3C43,
3C43,
3C43,
3C43,
3C43,
3C43,
3C43,
3C43,
3C43,
3C43,
3C43,
3C43,
3C43,
3C43,
3C43,
3C43,
3C43,
3C43,
3C43,
3C43,
3C43,
3C43,
3C43,
3C43,
3C43,
3C43,
3C43,
3C43,
3C43,
3C43,
3C44,
3C44,
3C43,
3C43,
3C43,
3C43,
3C43,
3C43,
3C43,
3C43,
3C43,
3C43,
3C43,
3C43,
3C23,
3C23,
3C23,
3C23,
3C23,
3C23,
3C23,
3C23,
3C23,
3C23,
3C23,
3C23,
3C23,
3C23,
3C23,
3C23,
3C23,
3C23,
3C23,
3C23,
3C23,
3C23,
3C23,
3C23,
3C23,
3C43,
3C23,
3C23,
3C23,
3C03,
3403,
3BC3,
3B82,
3B22,
2A21,
0920,
1100,
4222,
83C6,
B508,
BD69,
CD88,
D5A7,
DDA6,
DDC6,
DDC5,
E604,
E603,
E603,
E603,
E5E3,
E5E2,
E5E3,
E5E3,
EDE3,
E5E3,
E5E3,
EDE3,
EDE3,
EDE3,
EDE3,
EDE3,
EDE3,
EDE3,
EDE3,
EDE3,
EDE3,
EDE3,
EDE3,
EDE3,
EDE3,
EDE3,
EDE3,
EDE3,
EDE3,
EDE3,
EDE3,
EDE4,
EDE4,
EDE4,
EDE4,
EDE4,
EDE4,
EDE4,
EDE4,
EDE4,
EDE4,
EDE4,
EDE4,
EDE4,
EE04,
EE04,
EE04,
EE04,
EE04,
EE04,
EE04,
EE04,
EE04,
EE04,
EE04,
EE04,
EDE4,
EDE4,
EDE4,
EDE4,
EDE4,
EDE3,
EE03,
EE03,
EE03,
EE03,
EE03,
EE03,
DDC2,
DDC5,
BD25,
62A0,
1900,
2220,
43A3,
4425,
3C24,
3C04,
3C04,
3C04,
3C03,
3403,
3C23,
3C23,
3C24,
3C24,
3C24,
3C44,
3C44,
3C44,
3C44,
3C44,
3C44,
3C44,
3C44,
3C44,
3C44,
3C44,
3C44,
3C44,
3C44,
3C44,
3C44,
3C44,
3C44,
3C44,
3C44,
3C44,
3C44,
3C44,
3C44,
3C43,
3C43,
3C43,
3C43,
3C43,
3C43,
3C43,
3C43,
3C43,
3C43,
3C43,
3C43,
3C43,
3C43,
3C44,
3C44,
3C44,
3C44,
3C44,
3C44,
3C44,
3C44,
3C44,
3C44,
3C44,
3C44,
3C44,
3C44,
3C44,
3C44,
3C44,
3C44,
3C44,
3C44,
3C44,
3C44,
3C44,
3C44,
3C44,
3C44,
3C44,
3C44,
3C44,
3C44,
3C44,
3C44,
3C44,
3C44,
3C44,
3C44,
3C44,
3C44,
3C44,
3C44,
3C44,
3C44,
3C44,
3C44,
3C44,
3C43,
3C43,
3C43,
3C43,
3C43,
3C43,
3C44,
3C44,
3C43,
3C43,
3C43,
3C43,
3C43,
3C43,
3C43,
3C43,
3C43,
3C43,
3C43,
3C43,
3C43,
3C43,
3C43,
3C43,
3C43,
3C43,
3C43,
3C43,
3C43,
3C43,
3C43,
3C43,
3C43,
3C43,
3C43,
3C43,
3C43,
3C43,
3C43,
3C43,
3C43,
3C43,
3C43,
3C43,
3C43,
3C43,
3C43,
3C43,
3C43,
3C43,
3C43,
3C43,
3C43,
3C43,
3C43,
3C43,
3C43,
3C43,
3C43,
3C43,
3C43,
3C43,
3C43,
3C43,
3C43,
3C43,
3C43,
3C43,
3C43,
3C43,
3C43,
3C44,
3C44,
3C44,
3C44,
3C44,
3C44,
3C43,
3C43,
3C43,
3C43,
3C43,
3C43,
3C43,
3C23,
3C23,
3C23,
3C23,
3C23,
3C23,
3C23,
3C23,
3C23,
3C23,
3C23,
3C23,
3C23,
3C23,
3C23,
3C23,
3C23,
3C23,
3C23,
3C23,
3C23,
3C23,
3C23,
3C23,
3C23,
3C23,
3423,
3403,
3C03,
3403,
3403,
3BA3,
2B01,
1A61,
1180,
1100,
39C0,
6B65,
9CA8,
BD68,
C5A7,
CDA6,
D5A5,
DDC5,
DDC5,
DDE5,
E5E5,
E604,
EE03,
EE03,
EE03,
E5E3,
E5E3,
E5E3,
EDE3,
E5E3,
E5E3,
EDE3,
EDE3,
EDE3,
EDE3,
EDE3,
EDE3,
EDE3,
EDE3,
EDE3,
EDE3,
EDE3,
EDE3,
EDE3,
EDE3,
EDE3,
EDE3,
EDE3,
EDE3,
EDE3,
EDE3,
EDE4,
EDE4,
EDE4,
EDE4,
EDE4,
EDE4,
EDE4,
EDE4,
EDE4,
EDE4,
EDE4,
EDE4,
EE04,
EE04,
EDE4,
EE04,
EE04,
EE04,
EE04,
EE04,
EE04,
EE04,
EE04,
EE04,
EE04,
EDE4,
EDE4,
EDE4,
EDE4,
EDE4,
EDE3,
EDE3,
EE03,
EE03,
EDE3,
EE03,
EE03,
E5E3,
E606,
BD25,
62A0,
18E0,
19C0,
3B82,
4C46,
4426,
4405,
3C05,
3C05,
3C05,
3C25,
3C25,
3C44,
3C44,
3C44,
3C44,
3C44,
3C44,
3C44,
3C44,
3C44,
3C44,
3C44,
3C44,
3C44,
3C44,
3C44,
3C44,
3C44,
3C44,
3C44,
3C44,
3C44,
3C44,
3C44,
3C44,
3C44,
3C44,
3C44,
3C44,
3C43,
3C43,
3C43,
3C43,
3C43,
3C43,
3C43,
3C43,
3C43,
3C43,
3C43,
3C43,
3C43,
3C43,
3C44,
3C44,
3C44,
3C44,
3C44,
3C44,
3C44,
3C44,
3C44,
3C44,
3C44,
3C44,
3C44,
3C44,
3C44,
3C44,
3C44,
3C44,
3C44,
3C44,
3C44,
3C44,
3C44,
3C44,
3C44,
3C44,
3C44,
3C44,
3C44,
3C44,
3C44,
3C44,
3C44,
3C44,
3C44,
3C44,
3C44,
3C44,
3C44,
3C44,
3C44,
3C44,
3C44,
3C44,
3C44,
3C44,
3C44,
3C44,
3C43,
3C43,
3C43,
3C44,
3C44,
3C43,
3C43,
3C43,
3C43,
3C43,
3C43,
3C43,
3C43,
3C43,
3C43,
3C43,
3C43,
3C43,
3C43,
3C43,
3C43,
3C43,
3C43,
3C43,
3C43,
3C43,
3C43,
3C43,
3C43,
3C43,
3C43,
3C44,
3C44,
3C44,
3C44,
3C44,
3C44,
3C44,
3C44,
3C44,
3C44,
3C44,
3C44,
3C44,
3C44,
3C44,
3C44,
3C44,
3C44,
3C44,
3C44,
3C44,
3C44,
3C44,
3C44,
3C44,
3C44,
3C44,
3C44,
3C44,
3C44,
3C44,
3C44,
3C44,
3C44,
3C44,
3C44,
3C44,
3C44,
3C44,
3C44,
3C44,
3C44,
3C44,
3C43,
3C43,
3C43,
3C43,
3C43,
3C43,
3C43,
3C23,
3C23,
3C23,
3C23,
3C23,
3C23,
3C23,
3C23,
3C23,
3C23,
3423,
3423,
3423,
3423,
3423,
3423,
3423,
3423,
3C23,
3C23,
3C23,
3C23,
3C23,
3C23,
3C23,
3423,
3403,
3403,
33E3,
33E3,
33E3,
2301,
0A00,
0140,
0900,
29A0,
6B23,
9C68,
B529,
C588,
CDC7,
D5C6,
D5C5,
DDC5,
DDC4,
DDE4,
E5E4,
E603,
EE04,
EE04,
EE03,
E603,
E5E3,
E5E3,
EDE3,
EDE3,
EDE3,
EDE3,
EDE3,
EDE3,
EDE3,
EDE3,
EDE3,
EDE3,
EDE3,
EDE3,
EDE3,
EDE3,
EDE3,
EDE3,
EDE3,
EDE3,
EDE3,
EDE3,
EDE3,
EDE3,
EDE3,
EDE4,
EDE4,
EDE4,
EDE4,
EDE4,
EDE4,
EDE4,
EDE4,
EDE4,
EDE4,
EDE4,
EDE4,
EDE4,
EE04,
F5E4,
EE04,
EE04,
EE04,
EE04,
EE04,
EE04,
EE04,
EE04,
EE04,
EE04,
EDE4,
EDE4,
EDE4,
EDE4,
EDE4,
EDE3,
EDE3,
EE03,
EE03,
EE03,
EE03,
EE03,
EE03,
E606,
C545,
7341,
31A0,
19A0,
2260,
3363,
3BA5,
3BA4,
33A4,
33A4,
33C5,
33E5,
33E5,
33E4,
3403,
3403,
3404,
33E3,
3403,
3C44,
3C44,
3C44,
3C44,
3C44,
3C44,
3C44,
3C44,
3C44,
3C44,
3C44,
3C44,
3C44,
3C44,
3C44,
3C44,
3C44,
3C44,
3C44,
3C44,
3C44,
3C44,
3C43,
3C43,
3C43,
3C43,
3C43,
3C43,
3C43,
3C43,
3C43,
3C43,
3C43,
3C43,
3C43,
3C43,
3C44,
3C44,
3C44,
3C44,
3C44,
3C44,
3C44,
3C44,
3C44,
3C44,
3C44,
3C44,
3C44,
3C44,
3C44,
3C44,
3C64,
3C64,
3C64,
3C64,
3C64,
3C44,
3C44,
3C44,
3C44,
3C44,
3C44,
3C44,
3C44,
3C44,
3C44,
3C44,
3C44,
3C44,
3C44,
3C44,
3C44,
3C44,
3C44,
3C44,
3C44,
3444,
3444,
3444,
3C44,
3C44,
3C44,
3C44,
3C24,
3C24,
3C24,
3C24,
3C44,
3C43,
3C43,
3C43,
3C43,
3C43,
3C43,
3C43,
3C43,
3C43,
3C43,
3C43,
3C43,
3C43,
3C43,
3C43,
3C43,
3C43,
3C43,
3C43,
3C43,
3C43,
3C43,
3C43,
3C43,
3C43,
3C44,
3C44,
3C44,
3C44,
3C44,
3C44,
3C44,
3C44,
3C44,
3C44,
3C44,
3C44,
3C44,
3C44,
3C44,
3C44,
3C44,
3C44,
3C44,
3C44,
3C44,
3C44,
3C44,
3C44,
3C44,
3C44,
3C44,
3C44,
3C44,
3C44,
3C44,
3C44,
3C44,
3C44,
3C44,
3C44,
3C44,
3C44,
3C44,
3C44,
3C44,
3C44,
3C44,
3C44,
3C43,
3C43,
3C43,
3C43,
3C23,
3C23,
3C23,
3C23,
3C23,
3C23,
3C23,
3C23,
3C23,
3C23,
3C23,
3C23,
3423,
3423,
3443,
3443,
3443,
3423,
3423,
3423,
3423,
3C23,
3C23,
3C23,
3C23,
3423,
3423,
3423,
3423,
3403,
33E3,
33E3,
33E3,
2B82,
1A80,
0960,
00C0,
1960,
52E3,
8C47,
AD08,
C568,
CDA8,
D5C7,
DDE6,
DDE5,
DDE5,
DDE4,
DDE4,
DDE4,
E5E4,
E604,
E604,
E604,
E604,
E5E3,
E5E3,
EDE3,
EDE3,
EDE3,
EDE3,
EDE3,
EDE3,
EDE3,
EDE3,
EDE3,
EDE3,
EDE3,
EDE3,
EDE3,
EDE3,
EDE3,
EDE3,
EDE3,
EDE3,
EDE3,
EDE3,
EDE3,
EDE3,
EDE3,
EDE4,
EDE4,
EDE4,
EDE4,
EDE4,
EDE4,
EDE4,
EDE4,
EDE4,
EDE4,
EDE4,
EDE4,
EDE4,
EDE4,
EDE4,
EE04,
EE04,
EE04,
EE04,
EE04,
EE04,
EE04,
EE04,
EE04,
EE04,
EE04,
EE04,
EE04,
EE04,
EE04,
EE04,
EE04,
EE04,
EE03,
EE03,
EE03,
EE23,
EE03,
E605,
CDC5,
9CA3,
6320,
2980,
08E0,
0980,
1200,
09C0,
09C0,
0200,
0240,
0260,
0240,
0260,
0AA0,
0AE0,
1300,
1B61,
2BC2,
3C44,
3C44,
3C44,
3C44,
3C44,
3C44,
3C44,
3C44,
3C44,
3C44,
3C44,
3C44,
3C44,
3C44,
3C44,
3C44,
3C44,
3C44,
3C44,
3C44,
3C44,
3C44,
3C43,
3C43,
3C43,
3C43,
3C43,
3C43,
3C43,
3C43,
3C43,
3C43,
3C43,
3C43,
3C43,
3C43,
3C44,
3C44,
3C44,
3C44,
3C44,
3C44,
3C44,
3C44,
3C44,
3C64,
3C64,
3C64,
3C64,
3C64,
3C64,
3C64,
3C64,
3C64,
3C64,
3C64,
3C64,
3444,
3444,
3444,
3444,
3444,
3444,
3444,
3444,
3444,
3444,
3444,
3444,
3444,
3444,
3444,
3444,
3444,
3444,
3444,
3444,
3444,
3444,
3444,
3444,
3C44,
3C44,
3C44,
3C24,
3C24,
3C24,
3C24,
3C44,
3C44,
3C44,
3C44,
3C44,
3C44,
3C43,
3C43,
3C43,
3C43,
3C43,
3C43,
3C43,
3C43,
3C43,
3C43,
3C43,
3C43,
3C43,
3C43,
3C43,
3C43,
3C43,
3C43,
3C43,
3C43,
3C44,
3C44,
3C44,
3C44,
3C44,
3C44,
3C44,
3C44,
3C44,
3C44,
3C44,
3C44,
3C44,
3C44,
3C44,
3C44,
3C44,
3C44,
3C44,
3C44,
3C44,
3C44,
3C44,
3C44,
3C23,
3C23,
3C44,
3C44,
3C44,
3C44,
3C44,
3C44,
3C44,
3C44,
3C44,
3C44,
3C44,
3C44,
3C44,
3C44,
3C44,
3C44,
3C44,
3C44,
3C24,
3C43,
3C43,
3C43,
3C23,
3C23,
3C23,
3C23,
3C23,
3C23,
3C23,
3C23,
3C23,
3C23,
3C23,
3C23,
3423,
3423,
3443,
3424,
3423,
3423,
3423,
3423,
3423,
3C23,
3C03,
3C03,
3403,
3403,
3403,
3403,
3404,
3C03,
33E3,
33E3,
33E3,
3382,
1A60,
0940,
1940,
52A3,
8427,
9CC9,
AD08,
BD68,
CDA9,
DDE9,
DE08,
DE08,
DE07,
E626,
E606,
E605,
E5E5,
E5E5,
E5E4,
E5E4,
E5E3,
E5E3,
EDE3,
EDE3,
EDE4,
EDE3,
EDE3,
EDE3,
EDE3,
EDE3,
EDE3,
EDE3,
EDE3,
EDE3,
EDE3,
EDE3,
EDE3,
EDE3,
EDE3,
EDE3,
EDE3,
EDE3,
EDE3,
EDE3,
EDE3,
EDE3,
EDE4,
EDE4,
EDE4,
EDE4,
EDE4,
EDE4,
EDE4,
EDE4,
EDE4,
EDE4,
EDE4,
EDE4,
EDE4,
EDE3,
EDE3,
EDE4,
EE04,
EE04,
EE04,
EE04,
EE04,
EE04,
EE04,
EE04,
EE04,
EE04,
EE04,
EE04,
EE04,
EE04,
EE04,
EE04,
EE04,
EE04,
EE04,
EE03,
EE03,
EE03,
E624,
DE04,
C584,
A4A4,
7381,
3A40,
1960,
11A0,
1180,
0960,
09C0,
09E0,
0180,
0160,
01C0,
0220,
02A0,
1300,
2361,
2BC3,
3423,
3C24,
3C44,
3C44,
3C44,
3C44,
3C44,
3C44,
3C44,
3C44,
3C44,
3C44,
3C44,
3C44,
3C44,
3C44,
3C44,
3C44,
3C44,
3C44,
3C44,
3C44,
3C43,
3C43,
3C43,
3C43,
3C43,
3C43,
3C43,
3C43,
3C44,
3C44,
3C44,
3C44,
3C44,
3C44,
3C44,
3C44,
3C44,
3C44,
3C44,
3C44,
3C44,
3C44,
3C64,
3C64,
3C64,
3C64,
3C64,
3C64,
3C64,
3C64,
3C64,
3C64,
3C64,
3C64,
3C64,
3C44,
3444,
3444,
3444,
3444,
3444,
3444,
3444,
3444,
3444,
3444,
3444,
3444,
3444,
3444,
3444,
3444,
3444,
3444,
3444,
3444,
3444,
3444,
3444,
3C44,
3C44,
3C44,
3C24,
3C24,
3C24,
3C24,
3C24,
3C24,
3C24,
3C44,
3C44,
3C44,
3C43,
3C43,
3C43,
3C43,
3C43,
3C43,
3C43,
3C43,
3C43,
3C43,
3C43,
3C43,
3C43,
3C43,
3C43,
3C43,
3C43,
3C43,
3C44,
3C44,
3C44,
3C44,
3C44,
3C44,
3C44,
3C44,
3C44,
3C44,
3C44,
3C24,
3C24,
3C24,
3C24,
3C24,
3C24,
3C24,
3C24,
3C24,
3C24,
3C24,
3C24,
3C24,
3C24,
3C24,
3C24,
3C24,
3C24,
3C24,
3C24,
3C24,
3C24,
3C24,
3C24,
3C24,
3C24,
3C24,
3C24,
3C24,
3C24,
3C24,
3C24,
3C24,
3C24,
3C24,
3C24,
3C23,
3C23,
3C23,
3C23,
3C23,
3C23,
3C23,
3423,
3423,
3C23,
3C23,
3C23,
3423,
3423,
3423,
3423,
3423,
3423,
3423,
3423,
3423,
3423,
3403,
3C04,
3C04,
3403,
3C03,
3C03,
3403,
3403,
3404,
3C04,
3C04,
33E3,
33C3,
3BE4,
3383,
2260,
19A0,
3A41,
8408,
A50B,
AD4A,
BD6A,
C58A,
CDAA,
D5AA,
CD48,
C527,
CD48,
D568,
D587,
E5E7,
EE07,
EE07,
EE06,
E5E6,
E5E4,
E5E4,
EDE4,
EDE4,
EDE4,
EDC3,
EDC3,
EDE3,
EDE3,
EDE3,
EDE3,
EDE3,
EDE3,
EDE3,
EDE3,
EDE3,
EDE3,
EDE3,
EDE3,
EDE3,
EDE3,
EDE3,
EDE3,
EDE3,
EDE3,
EDE3,
EDE3,
EDE3,
EDE3,
EDE3,
EDE4,
EDE4,
EDE4,
EDE4,
EDE4,
EDE4,
EDE4,
EDE4,
EDE3,
EDE3,
EDE3,
EDE4,
EDE4,
EDE4,
EDE4,
EDE4,
EE04,
EE04,
EE04,
EE04,
EE04,
EE04,
EE04,
EE04,
EE04,
EE04,
EDE4,
EDE4,
EDE4,
EDE3,
EE03,
EE03,
EE03,
EE02,
E603,
E5E3,
DDC5,
CD86,
BD26,
9464,
6321,
5321,
63E4,
5BA5,
4344,
2AA3,
09A0,
0140,
01E0,
0AA0,
1B42,
2BC3,
3404,
3403,
3C23,
3C24,
3C44,
3C44,
3C44,
3C44,
3C44,
3C44,
3C44,
3C44,
3C44,
3C44,
3C44,
3C44,
3C44,
3C44,
3C44,
3C44,
3C44,
3C44,
3C43,
3C43,
3C43,
3C43,
3C43,
3C43,
3C43,
3C43,
3C44,
3C44,
3C44,
3C44,
3C44,
3C44,
3C44,
3C44,
3C44,
3C44,
3C44,
3C44,
3C44,
3C44,
3C44,
3C64,
3C44,
3C44,
3C44,
3C44,
3C44,
3C44,
3C44,
3C44,
3444,
3C44,
3C44,
3C44,
3C44,
3C44,
3C44,
3444,
3444,
3C44,
3C44,
3C44,
3C44,
3C44,
3C44,
3C44,
3C44,
3C44,
3C44,
3C44,
3C44,
3444,
3444,
3444,
3444,
3444,
3444,
3444,
3444,
3C44,
3C44,
3C44,
3C24,
3C24,
3C24,
3C24,
3C24,
3C24,
3C24,
3C44,
3C44,
3C44,
3C44,
3C43,
3C43,
3C43,
3C43,
3C43,
3C43,
3C43,
3C43,
3C43,
3C43,
3C43,
3C43,
3C43,
3C43,
3C43,
3C43,
3C43,
3C44,
3C44,
3C44,
3C44,
3C44,
3C44,
3C44,
3C44,
3C44,
3C44,
3C44,
3C24,
3C24,
3C24,
3C24,
3C24,
3C24,
3C24,
3C24,
3C24,
3C24,
3C24,
3C24,
3C24,
3C24,
3C24,
3C24,
3C24,
3C24,
3C24,
3C24,
3C24,
3C24,
3C24,
3C24,
3C24,
3C24,
3C24,
3C24,
3C24,
3C24,
3C24,
3C24,
3C24,
3C24,
3C24,
3C24,
3C23,
3C23,
3C23,
3C23,
3C23,
3C23,
3C23,
3423,
3423,
3C23,
3C23,
3C23,
3423,
3423,
3423,
3423,
3423,
3423,
3C23,
3C23,
3423,
3423,
3C04,
3C05,
3C05,
3BE5,
3BE4,
33E4,
33C3,
33C3,
33C3,
33C3,
33C3,
33C3,
33C3,
3BE4,
3BA4,
2A80,
21E0,
5303,
9CAB,
AD2D,
B52B,
B50A,
9C47,
8BA5,
8B64,
82E3,
7261,
7AA2,
82E3,
8B03,
AC25,
C508,
C506,
CD45,
E5E8,
E5E6,
EDE5,
EDE5,
E5C4,
EDC4,
E5C3,
E5C3,
E5E3,
E5E3,
EDE3,
EDE3,
EDE3,
EDE3,
EDE3,
EDE3,
EDE3,
EDE3,
EDE3,
EDE3,
EDE3,
EDE3,
EDE3,
EDE3,
EDE3,
EDE3,
EDE3,
EDE3,
EDE3,
EDE3,
EDE3,
EDE3,
EDE4,
EDE4,
EDE4,
EDE4,
EDE4,
EDE4,
EDE4,
EDE3,
EDE3,
EDE3,
EDE4,
EDE4,
EDE4,
EDE4,
EDE4,
EE04,
EE04,
EE04,
EE04,
EE04,
EE04,
EE04,
EE04,
EE04,
EE04,
EDE4,
EDE4,
EDE4,
EDE3,
EE03,
EE03,
EE02,
E602,
E603,
E5E3,
E5C4,
DDC8,
D5EA,
CDEB,
B569,
9D28,
954A,
7427,
42E3,
2241,
09C0,
01E0,
12A0,
2383,
3405,
3C25,
3C24,
3C24,
3C24,
3C24,
3C44,
3C44,
3C44,
3C44,
3C44,
3C44,
3C44,
3C44,
3C44,
3C44,
3C44,
3C44,
3C44,
3C44,
3C44,
3C44,
3C44,
3C43,
3C43,
3C43,
3C43,
3C43,
3C43,
3C43,
3C43,
3C43,
3C44,
3C44,
3C44,
3C44,
3C44,
3C44,
3C44,
3C44,
3C44,
3C44,
3C44,
3C44,
3C44,
3C44,
3C44,
3C64,
3C44,
3C44,
3C64,
3C44,
3C44,
3C44,
3C44,
3444,
3444,
3444,
3C44,
3C44,
3C44,
3C44,
3C44,
3444,
3C44,
3C44,
3C44,
3C44,
3C44,
3C44,
3C44,
3C44,
3C44,
3C44,
3C44,
3C44,
3C44,
3444,
3444,
3444,
3444,
3444,
3444,
3444,
3444,
3C44,
3C44,
3C44,
3C24,
3C24,
3C24,
3C24,
3C24,
3C24,
3C24,
3C44,
3C44,
3C44,
3C44,
3C43,
3C43,
3C43,
3C43,
3C43,
3C43,
3C43,
3C43,
3C43,
3C43,
3C43,
3C43,
3C43,
3C43,
3C43,
3C44,
3C44,
3C44,
3C44,
3C44,
3C44,
3C44,
3C44,
3C44,
3C44,
3C44,
3C44,
3C44,
3C24,
3C24,
3C24,
3C24,
3C24,
3C24,
3C24,
3C24,
3C24,
3C24,
3C24,
3C24,
3C24,
3C24,
3C24,
3C24,
3C24,
3C24,
3C24,
3C24,
3C24,
3C24,
3C24,
3C24,
3C24,
3C24,
3C24,
3C24,
3C24,
3C24,
3C24,
3C24,
3C24,
3C24,
3C24,
3C24,
3C23,
3C23,
3C23,
3C23,
3C23,
3C23,
3C23,
3C23,
3C23,
3C23,
3C23,
3C23,
3423,
3423,
3423,
3423,
3423,
3423,
3423,
3C23,
3403,
3403,
3C04,
3C05,
3C05,
3BC5,
2B84,
2B63,
2342,
2322,
1B01,
2321,
2B62,
2B63,
3BA4,
43E5,
4BC5,
3AC2,
2A00,
52E3,
8C49,
9C6A,
8BC7,
6AE4,
49C0,
30E0,
3080,
3080,
3080,
3060,
3040,
3060,
5160,
6A40,
6A40,
7AE0,
AC44,
CD05,
DD66,
DD85,
DDA5,
E5A4,
E5A3,
E5C3,
E5C3,
E5C3,
EDE3,
EDE3,
EDE3,
EDE3,
EDE3,
EDE3,
EDE3,
EDE3,
EDE3,
EDE3,
EDE3,
EDE3,
EDE3,
EDE3,
EDE3,
EDE3,
E5E3,
EDE3,
EDE3,
EDE3,
EDE3,
EDE3,
EDE4,
EDE3,
EDE3,
EDE3,
EDE3,
EDE4,
EDE4,
EDE3,
EDE3,
EDE3,
EDE3,
EDE4,
EDE4,
EDE4,
EDE4,
EE04,
EE04,
EE04,
EE04,
EE04,
EE04,
EE04,
EE04,
EE04,
EE04,
EDE4,
EDE4,
EDE4,
EDE4,
EE03,
EE03,
EE03,
EE02,
E603,
E5E4,
E5C5,
DDE8,
DE2B,
CE2C,
C62D,
ADAB,
63E5,
2A41,
11C0,
1220,
1A81,
2302,
33C4,
3C04,
3C24,
3C24,
3C24,
3C24,
3C24,
3C24,
3C44,
3C44,
3C44,
3C44,
3C44,
3C44,
3C44,
3C44,
3C44,
3C44,
3C44,
3C44,
3C44,
3C44,
3C44,
3C44,
3C44,
3C43,
3C43,
3C43,
3C43,
3C43,
3C43,
3C43,
3C43,
3C43,
3C43,
3C43,
3C44,
3C44,
3C44,
3C44,
3C44,
3C44,
3C44,
3C44,
3C44,
3C44,
3C44,
3C44,
3C44,
3C64,
3C44,
3C44,
3464,
3444,
3444,
3444,
3C44,
3444,
3444,
3444,
3C44,
3C44,
3C44,
3C44,
3C44,
3C44,
3C44,
3C44,
3C44,
3C44,
3C44,
3C44,
3C44,
3C44,
3C44,
3C44,
3C44,
3C44,
3C44,
3C44,
3444,
3444,
3444,
3444,
3444,
3444,
3444,
3C44,
3C44,
3C44,
3C24,
3C24,
3C24,
3C24,
3C24,
3C24,
3C24,
3C44,
3C44,
3C44,
3C44,
3C43,
3C43,
3C43,
3C43,
3C43,
3C43,
3C43,
3C43,
3C43,
3C43,
3C43,
3C43,
3C43,
3C43,
3C44,
3C44,
3C44,
3C44,
3C44,
3C44,
3C44,
3C44,
3C44,
3C44,
3C44,
3C44,
3C44,
3C44,
3C24,
3C24,
3C24,
3C24,
3C24,
3C24,
3C24,
3C24,
3C24,
3C24,
3C24,
3C24,
3C24,
3C24,
3C24,
3C24,
3C24,
3C24,
3C24,
3C24,
3C24,
3C24,
3C24,
3C24,
3C24,
3C24,
3C24,
3C24,
3C24,
3C24,
3C24,
3C24,
3C24,
3C24,
3C24,
3C24,
3C23,
3C23,
3C23,
3C23,
3C23,
3C23,
3C23,
3C43,
3C43,
3C23,
3C23,
3C23,
3C23,
3C23,
3C23,
3C23,
3C23,
3423,
3423,
3404,
3404,
3C04,
3BE5,
33C4,
33A4,
2302,
1281,
0A61,
0A40,
0220,
0220,
1280,
2301,
2B02,
3363,
43C5,
4B85,
3A82,
29C0,
4222,
5AC4,
5A63,
4180,
3120,
3100,
4182,
51E4,
59E4,
6205,
61E5,
59C5,
5184,
4941,
3900,
30A0,
30C0,
5180,
7AA0,
9382,
B463,
CD45,
D565,
DD83,
E5C3,
E5C3,
E5C3,
E5E3,
EDE3,
EDE3,
EDE3,
EDE3,
EDE3,
EDE3,
EDE3,
E5E3,
E5E3,
E5E3,
E5E3,
E5E3,
E5E3,
EDE3,
E5E3,
E5E3,
E5E3,
EDE3,
EDE3,
EDE3,
EDE3,
E5E3,
E5E3,
EDE3,
E5E3,
EDE3,
EDE3,
EDE4,
EDE4,
EDE3,
EDE3,
EE03,
EDE3,
EDE3,
EDE4,
EDE4,
EE04,
EE04,
EE04,
EE04,
EE04,
EE04,
EE04,
EE04,
EE04,
EE04,
EDE4,
EDE4,
EDE4,
EDE4,
EE03,
EE03,
EDE3,
EE02,
E603,
E5E5,
E607,
DE2A,
CDEC,
A54A,
94C8,
6384,
19C0,
0980,
1220,
2302,
2B63,
33C4,
3BE4,
3C04,
3C04,
3C24,
3C24,
3423,
3423,
3C24,
3C44,
3C44,
3C44,
3C44,
3C44,
3C44,
3C44,
3C44,
3C44,
3C44,
3C44,
3C44,
3C44,
3C44,
3C44,
3C43,
3C43,
3C43,
3C43,
3C43,
3C43,
3C43,
3C43,
3C43,
3C43,
3C43,
3C43,
3C43,
3C44,
3C44,
3C44,
3C44,
3C44,
3C44,
3C44,
3C44,
3C44,
3C44,
3C44,
3C44,
3C44,
3C64,
3C44,
3C44,
3444,
3444,
3444,
3444,
3444,
3444,
3444,
3444,
3444,
3444,
3444,
3C44,
3C44,
3C44,
3C44,
3C44,
3C44,
3C44,
3C44,
3C44,
3C44,
3C44,
3C44,
3C44,
3C44,
3C44,
3C44,
3C44,
3444,
3444,
3444,
3444,
3444,
3444,
3444,
3C44,
3C44,
3C44,
3C24,
3C24,
3C24,
3C24,
3C24,
3C24,
3C24,
3C44,
3C44,
3C44,
3C44,
3C44,
3C44,
3C44,
3C44,
3C43,
3C43,
3C43,
3C43,
3C43,
3C43,
3C43,
3C43,
3C43,
3C43,
3C44,
3C44,
3C44,
3C44,
3C44,
3C44,
3C44,
3C44,
3C44,
3C44,
3C44,
3C44,
3C44,
3C44,
3C24,
3C24,
3C24,
3C24,
3C24,
3C24,
3C24,
3C24,
3C24,
3C24,
3C24,
3C24,
3C24,
3C24,
3C24,
3C24,
3C24,
3C24,
3C24,
3C24,
3C24,
3C24,
3C24,
3C24,
3C24,
3C24,
3C24,
3C24,
3C24,
3C24,
3C24,
3C24,
3C24,
3C24,
3C24,
3C24,
3C23,
3C23,
3C23,
3C23,
3C23,
3C23,
3C23,
3C43,
3C43,
3C23,
3C23,
3C23,
3C23,
3C23,
3C23,
3C23,
3C23,
3C24,
3C04,
3C05,
3C05,
3BE6,
33A5,
2B23,
1281,
01C0,
01A0,
01C0,
01C0,
01A0,
0200,
1260,
1A80,
22C1,
3323,
3B44,
3B04,
3202,
1920,
1900,
2920,
3961,
49E3,
5AA6,
7B6A,
ACF0,
BDB3,
BD73,
BD73,
C553,
BD53,
B4F3,
A470,
8BAB,
6AA7,
4162,
28A0,
30C0,
4140,
6A60,
9381,
AC21,
C4E2,
E5A4,
EDE4,
EDE3,
EDE3,
EDE3,
EDE3,
EDE3,
EDE3,
EDE3,
EDE3,
EDE3,
EDE3,
EDE3,
EDE3,
EDE3,
E5E3,
E5E3,
E5E3,
E5E3,
E5E3,
E5E3,
E5E3,
EDE3,
EDE3,
EDE3,
EDE3,
EDE3,
EDE3,
E5E3,
EDE3,
E603,
EDE3,
EDE3,
EDE3,
EDE3,
EDE3,
EDE3,
EDE3,
EDE4,
EDE4,
EE04,
EE04,
EE04,
EE04,
EE04,
EE04,
EE04,
EE04,
EE04,
EE04,
EDE4,
EDE4,
EDE4,
EDE4,
EDE3,
EDE3,
EDE3,
EDE3,
E5E4,
DDE6,
D609,
C5CA,
9CE9,
63A4,
3260,
19C0,
11C0,
22A1,
3383,
33E5,
3BE5,
3BE5,
3BE4,
3BE4,
3C03,
3C23,
3C23,
3423,
3C24,
3C24,
3C44,
3C44,
3C44,
3C44,
3C44,
3C44,
3C44,
3C44,
3C44,
3C44,
3C44,
3C44,
3C44,
3C44,
3C44,
3C43,
3C43,
3C43,
3C43,
3C43,
3C43,
3C43,
3C43,
3C43,
3C43,
3C43,
3C43,
3C43,
3C44,
3C44,
3C44,
3C44,
3C44,
3C44,
3C44,
3C44,
3C44,
3C44,
3C44,
3C44,
3C44,
3C64,
3C44,
3C44,
3444,
3444,
3444,
3444,
3444,
3444,
3444,
3444,
3444,
3444,
3444,
3C44,
3C44,
3C44,
3C44,
3C44,
3C44,
3C44,
3C44,
3C44,
3C44,
3C44,
3C44,
3C44,
3C44,
3C44,
3C44,
3C44,
3444,
3444,
3444,
3444,
3444,
3444,
3444,
3C24,
3C24,
3C24,
3C24,
3C24,
3C24,
3C24,
3C24,
3C24,
3C24,
3C44,
3C44,
3C44,
3C44,
3C44,
3C44,
3C44,
3C44,
3C43,
3C43,
3C43,
3C43,
3C43,
3C43,
3C43,
3C43,
3C43,
3C43,
3C43,
3C43,
3C43,
3C44,
3C44,
3C44,
3C44,
3C44,
3C44,
3C44,
3C44,
3C44,
3C44,
3C44,
3C24,
3C24,
3C24,
3C24,
3C24,
3C24,
3C24,
3C24,
3C24,
3C24,
3C24,
3C24,
3C24,
3C24,
3C24,
3C24,
3C24,
3C24,
3C24,
3C24,
3C24,
3C24,
3C24,
3C24,
3C24,
3C44,
3C44,
3C44,
3C44,
3C44,
3C24,
3C24,
3C24,
3C24,
3C24,
3C24,
3C24,
3C24,
3C24,
3C23,
3C23,
3C23,
3C23,
3C23,
3C24,
3C23,
3C23,
3C23,
3C23,
3C23,
3C23,
3C23,
3C23,
3C04,
3C05,
3C05,
3BE6,
33C5,
2B44,
0A41,
01A0,
01A0,
01C0,
0A00,
1A81,
1AC2,
1AA1,
1260,
1240,
2281,
3B03,
3B24,
3283,
1960,
10C0,
2120,
4A45,
7B8B,
9CB0,
BD93,
CE56,
E6D9,
E6F9,
E6D9,
E6D9,
E6B9,
EEB9,
EEDA,
EEDA,
E698,
D5F5,
ACF0,
8BCA,
6AC5,
51C1,
4120,
5180,
6A20,
9321,
BCA4,
D564,
DD84,
DD63,
DDA2,
E5E3,
EDE3,
EDE3,
EDE3,
EDE3,
E5E3,
E5E3,
E5E3,
E5E3,
E5E3,
E5E3,
E5E3,
E5E3,
E5E3,
E5E3,
E5E4,
E5E4,
E5E4,
E5E4,
E5E4,
EDE4,
EDE4,
E5E4,
E5E3,
E5E3,
E603,
E603,
E603,
E5E3,
EDE3,
EE03,
EDE3,
EDE4,
EDE4,
EDE4,
EDE4,
EDE4,
EDE4,
EDE4,
EDE3,
EDE3,
EDE3,
EE03,
EE04,
EE04,
EE04,
EE04,
EE04,
EDE4,
EDC3,
F5C3,
EDC4,
EE05,
EE27,
D5E7,
AD26,
8425,
52E2,
19E0,
09A0,
1A20,
3302,
3B83,
3BE4,
3C04,
3C05,
3C04,
3C04,
3C03,
3403,
3423,
3C23,
3C23,
3C24,
3C44,
3C44,
3C44,
3C44,
3C44,
3C44,
3C44,
3C44,
3C44,
3C44,
3C44,
3C44,
3C44,
3C44,
3C44,
3C44,
3C43,
3C43,
3C43,
3C43,
3C43,
3C43,
3C43,
3C43,
3C43,
3C43,
3C43,
3C44,
3C44,
3C44,
3C44,
3C44,
3C44,
3C44,
3C44,
3C44,
3C44,
3C44,
3C44,
3C44,
3C44,
3C44,
3C64,
3C64,
3444,
3444,
3444,
3444,
3444,
3444,
3444,
3444,
3444,
3444,
3444,
3C44,
3C44,
3C44,
3C44,
3C44,
3C44,
3C44,
3C44,
3C44,
3C44,
3C44,
3C44,
3C44,
3C44,
3C44,
3C44,
3C44,
3444,
3444,
3444,
3444,
3444,
3444,
3444,
3444,
3C24,
3C24,
3C24,
3C24,
3C24,
3C24,
3C24,
3C24,
3C24,
3C24,
3C44,
3C44,
3C44,
3C44,
3C44,
3C44,
3C44,
3C44,
3C44,
3C43,
3C43,
3C43,
3C43,
3C43,
3C43,
3C43,
3C43,
3C43,
3C43,
3C43,
3C43,
3C44,
3C44,
3C44,
3C44,
3C44,
3C44,
3C44,
3C44,
3C44,
3C44,
3C44,
3C24,
3C24,
3C24,
3C24,
3C24,
3C24,
3C24,
3C24,
3C24,
3C24,
3C24,
3C24,
3C24,
3C24,
3C24,
3C24,
3C24,
3C24,
3C24,
3C24,
3C24,
3C24,
3C24,
3C24,
3C24,
3C44,
3C44,
3C44,
3C44,
3C44,
3C44,
3C44,
3C44,
3C44,
3C44,
3C44,
3C44,
3C44,
3C23,
3C23,
3403,
3C23,
3C23,
3C23,
3C23,
3423,
3423,
3423,
3423,
3403,
3C23,
3C23,
3C03,
3C05,
3BE5,
3BE5,
3BC5,
2B24,
0A40,
01A0,
01C0,
1241,
22C2,
3343,
3B85,
43C5,
3B64,
2281,
1200,
2A62,
32C4,
2243,
1160,
1141,
3A25,
73AB,
A512,
CE17,
DEBA,
E6DA,
EF1B,
E6DB,
E6BB,
E6BB,
E6BB,
EEDB,
EEDB,
EEFB,
EF1B,
F71B,
F71B,
F73B,
EED8,
CDF3,
A4AE,
7307,
4980,
40E0,
59A0,
7AE0,
A423,
C4C4,
CD23,
D542,
DD82,
E5C3,
E5E3,
E5E4,
EDE3,
E5E3,
E5E3,
EDE3,
EDE3,
E5E3,
E5E3,
E5E2,
E5E3,
E5C4,
E5C4,
E5C5,
E605,
E605,
DE05,
E605,
E605,
E605,
E605,
EE05,
EE04,
EE04,
EE04,
EE03,
E603,
EDE3,
EDE3,
EDE3,
EDE3,
EDC4,
EDE4,
EDE4,
EDE4,
EDE4,
EDE4,
EDE3,
EDE3,
EDE3,
EE03,
EE04,
EE04,
EE04,
EE04,
EDE4,
EDE3,
EDC3,
EDC3,
EDE5,
EE08,
D5C8,
A4C5,
6341,
3A20,
19A0,
09A0,
1A80,
3362,
43E4,
3BE4,
3403,
3C04,
3C04,
3C04,
3C03,
3C23,
3423,
3C23,
3C23,
3C23,
3C44,
3C44,
3C44,
3C44,
3C44,
3C44,
3C44,
3C44,
3C44,
3C44,
3C44,
3C44,
3C44,
3C44,
3C44,
3C44,
3C44,
3C43,
3C43,
3C43,
3C43,
3C43,
3C43,
3C43,
3C43,
3C43,
3C43,
3C43,
3C44,
3C44,
3C44,
3C44,
3C44,
3C44,
3C44,
3C44,
3C44,
3C44,
3C44,
3C44,
3C44,
3C44,
3C44,
3C64,
3C64,
3C44,
3444,
3444,
3444,
3444,
3444,
3444,
3444,
3444,
3444,
3444,
3C44,
3C44,
3C44,
3C44,
3C44,
3C44,
3C44,
3C44,
3C44,
3C44,
3C44,
3C44,
3C44,
3C44,
3C44,
3C44,
3C44,
3444,
3444,
3444,
3444,
3444,
3444,
3444,
3444,
3C24,
3C24,
3C24,
3C24,
3C24,
3C24,
3C24,
3C24,
3C24,
3C24,
3C44,
3C44,
3C44,
3C44,
3C44,
3C44,
3C44,
3C44,
3C44,
3C43,
3C43,
3C43,
3C43,
3C43,
3C43,
3C43,
3C43,
3C43,
3C43,
3C43,
3C43,
3C44,
3C44,
3C44,
3C44,
3C44,
3C44,
3C44,
3C44,
3C44,
3C44,
3C44,
3C24,
3C24,
3C24,
3C24,
3C24,
3C24,
3C24,
3C24,
3C24,
3C24,
3C24,
3C24,
3C24,
3C24,
3C24,
3C24,
3C24,
3C24,
3C24,
3C24,
3C24,
3C24,
3C24,
3C24,
3C24,
3C44,
3C44,
3C44,
3C44,
3C44,
3C44,
3C44,
3C44,
3C44,
3C44,
3C44,
3C44,
3C44,
3C43,
3C23,
3423,
3403,
3423,
3C23,
3C23,
3403,
3403,
3403,
3403,
3C03,
3C23,
3C03,
3C03,
3BE4,
3BE5,
3BE5,
3385,
1241,
0180,
01A0,
1260,
2B23,
3B84,
43C4,
43C5,
4BC5,
43A4,
32E2,
1A20,
2A62,
2223,
0100,
0900,
4AA8,
94D1,
CE57,
D6BA,
DEBB,
E6FC,
E6FC,
E6DC,
E6DC,
E6DC,
E6DC,
EEDC,
E6DC,
E6FC,
E71C,
E71B,
E71C,
E71C,
EF3C,
F77D,
F75B,
E6B9,
C5B3,
8BCB,
59E4,
40E0,
4100,
61E0,
8B41,
B4A3,
CD23,
D562,
DDA2,
E5C3,
E5E3,
E5E3,
E5E3,
EDC3,
EDE3,
E5E3,
E5E3,
E5E4,
E605,
E605,
DDC5,
DDE6,
E607,
EE47,
E667,
DE46,
DE27,
E647,
E627,
E628,
E607,
E606,
E605,
EE25,
EE24,
EE03,
E5E3,
E5E3,
EDE3,
EDE3,
EDE4,
EDE4,
EDE4,
EDE4,
EDE4,
EDE3,
EDE3,
EDE3,
EDE3,
EE04,
EE03,
EE03,
EE04,
EE03,
EDE3,
E5E3,
EDE5,
E5E5,
DE07,
CDA7,
9C45,
5AC1,
29C0,
1980,
19C0,
2AA1,
33A2,
3C04,
3C24,
3423,
3423,
3423,
3C23,
3C23,
3C23,
3423,
3C23,
3C23,
3C24,
3C24,
3C44,
3C44,
3C44,
3C44,
3C44,
3C44,
3C44,
3C44,
3C44,
3C44,
3C44,
3C44,
3C44,
3C44,
3C44,
3C44,
3C43,
3C43,
3C43,
3C43,
3C43,
3C43,
3C43,
3C43,
3C43,
3C43,
3C43,
3C43,
3C43,
3C43,
3C44,
3C44,
3C44,
3C44,
3C44,
3C44,
3C44,
3C44,
3C44,
3C44,
3C44,
3C44,
3C44,
3C64,
3C64,
3464,
3444,
3444,
3444,
3444,
3444,
3444,
3444,
3444,
3444,
3444,
3C44,
3C44,
3C44,
3C44,
3C44,
3C44,
3C44,
3C44,
3C44,
3C44,
3C44,
3C44,
3C44,
3C44,
3C44,
3C44,
3C44,
3444,
3444,
3444,
3444,
3444,
3444,
3444,
3444,
3C24,
3C24,
3C24,
3C24,
3C24,
3C24,
3C24,
3C24,
3C24,
3C24,
3C44,
3C44,
3C44,
3C44,
3C44,
3C44,
3C44,
3C44,
3C44,
3C44,
3C44,
3C44,
3C43,
3C43,
3C43,
3C43,
3C43,
3C43,
3C43,
3C43,
3C43,
3C44,
3C44,
3C44,
3C44,
3C44,
3C44,
3C44,
3C44,
3C44,
3C44,
3C44,
3C24,
3C24,
3C24,
3C24,
3C24,
3C24,
3C24,
3C24,
3C24,
3C24,
3C24,
3C24,
3C24,
3C24,
3C24,
3C24,
3C24,
3C24,
3C24,
3C24,
3C24,
3C24,
3C24,
3C24,
3C24,
3C44,
3C44,
3C44,
3C44,
3C44,
3C24,
3C24,
3C44,
3C43,
3C43,
3C44,
3C44,
3C24,
3C44,
3C24,
3C24,
3C24,
3C24,
3C04,
3C04,
3C04,
3C03,
3C03,
3C03,
3C03,
3C03,
3C03,
3BE4,
3BE5,
4405,
3BC5,
1AA2,
0160,
0180,
1260,
3384,
43E6,
43C5,
43A4,
43A4,
43A4,
43A4,
3302,
1A01,
11C1,
0960,
1141,
4AE9,
9D12,
CE99,
DEFB,
DEBB,
DEBC,
DEDD,
E6FD,
E6DD,
E6DD,
E6DD,
E6FD,
E6FD,
E6FC,
E6FC,
E71C,
E71C,
E71C,
E71C,
E71C,
EF3D,
EF5D,
F73D,
EEFA,
D636,
B4D0,
72C7,
4980,
3900,
4140,
7AC0,
AC02,
C4E3,
D563,
DDA3,
E5C3,
E5C3,
E5C3,
E5C3,
E5E3,
E604,
E606,
E606,
E608,
E608,
CDA6,
BD05,
BCE5,
B4C5,
AC84,
9C23,
93E3,
93C3,
9BE3,
A424,
A444,
AC83,
BD03,
CD63,
D5A3,
DDC3,
E5E4,
E5E4,
E5E4,
E5E4,
E5E4,
EDE4,
EDE4,
EDE4,
EDE3,
EDE3,
EDE3,
EDE3,
EDE3,
EDE3,
EE03,
EE03,
EE03,
EE03,
E5E3,
EE04,
E605,
D5A6,
B505,
8BC3,
4A20,
2980,
21E0,
2220,
32C2,
43A4,
4424,
3C43,
3423,
3423,
3C23,
3C23,
3C23,
3C43,
3423,
3423,
3423,
3C23,
3C24,
3C24,
3C44,
3C44,
3C44,
3C44,
3C44,
3C44,
3C44,
3C44,
3C44,
3C44,
3C44,
3C44,
3C44,
3C44,
3C43,
3C43,
3C43,
3C43,
3C43,
3C43,
3C43,
3C43,
3C43,
3C43,
3C43,
3C43,
3C43,
3C43,
3C43,
3C43,
3C44,
3C44,
3C44,
3C44,
3C44,
3C44,
3C44,
3C44,
3C44,
3C44,
3C44,
3C44,
3C44,
3C64,
3464,
3464,
3444,
3444,
3444,
3444,
3464,
3444,
3C44,
3C44,
3C44,
3C44,
3C44,
3C44,
3C44,
3C44,
3C44,
3C44,
3C44,
3C44,
3C44,
3C44,
3C44,
3C44,
3C44,
3C44,
3C44,
3C44,
3C44,
3444,
3444,
3444,
3444,
3444,
3444,
3444,
3444,
3C24,
3C24,
3C24,
3C24,
3C24,
3C24,
3C24,
3C24,
3C24,
3C24,
3C44,
3C44,
3C44,
3C44,
3C44,
3C44,
3C44,
3C44,
3C44,
3C44,
3C44,
3C44,
3C44,
3C43,
3C43,
3C43,
3C43,
3C43,
3C43,
3C43,
3C43,
3C44,
3C44,
3C44,
3C44,
3C44,
3C44,
3C44,
3C44,
3C44,
3C44,
3C44,
3C44,
3C24,
3C24,
3C24,
3C24,
3C24,
3C24,
3C24,
3C24,
3C24,
3C24,
3C24,
3C24,
3C24,
3C24,
3C24,
3C24,
3C24,
3C24,
3C24,
3C24,
3C24,
3C24,
3C24,
3C24,
3C44,
3C44,
3C44,
3C44,
3C44,
3C24,
3C24,
3C24,
3C43,
3C43,
3C44,
3C44,
3C44,
3C24,
3C04,
3404,
3C04,
3C05,
3404,
33E4,
3C04,
3C04,
3C04,
3C04,
3C04,
4425,
3C04,
3BE4,
4405,
43E5,
2302,
01A0,
0140,
0A00,
3343,
4406,
4405,
43C4,
43C4,
43A4,
43A4,
4384,
32C3,
0960,
00C0,
1162,
532B,
9D55,
C679,
D6BB,
DEDC,
DEDD,
E6FD,
E6FD,
E6FD,
E6FD,
E6FD,
E6FD,
E6FD,
E6FD,
E6FC,
E6FC,
E71C,
E71C,
E71C,
E71C,
E71C,
E71C,
E71C,
E71C,
EF3C,
F75C,
F71B,
D636,
B52F,
8387,
4180,
3900,
7A81,
AC02,
C4E3,
DD83,
E5C4,
E5C4,
DDC4,
DDC4,
DDE4,
DE06,
E628,
DE08,
CD67,
AC85,
8361,
6240,
51E0,
4980,
3920,
30E0,
30E0,
38E0,
4120,
4960,
49A0,
6240,
72C0,
8320,
93E0,
B4A1,
CD43,
D584,
E5C5,
E5C4,
E5C3,
E5E3,
EE03,
EDE3,
EDE3,
EDE3,
EDE4,
EDE3,
EDE3,
EDE3,
EDE3,
EE03,
EE03,
EDE3,
E5E3,
EE04,
DDA4,
9C22,
5A80,
2900,
2120,
3200,
3AE2,
3B64,
4384,
43E4,
3C24,
3C23,
3C23,
3C23,
3C23,
3C23,
3C23,
3C23,
3443,
3443,
3423,
3C23,
3C24,
3C24,
3C44,
3C44,
3C44,
3C44,
3C44,
3C44,
3C44,
3C44,
3C44,
3C44,
3C44,
3C44,
3C44,
3C44,
3C44,
3C44,
3C43,
3C43,
3C43,
3C43,
3C43,
3C43,
3C43,
3C43,
3C43,
3C43,
3C43,
3C43,
3C43,
3C43,
3C44,
3C44,
3C44,
3C44,
3C44,
3C44,
3C44,
3C44,
3C44,
3C44,
3C44,
3C44,
3C44,
3C64,
3464,
3464,
3444,
3444,
3444,
3444,
3444,
3C64,
3C64,
3C64,
3C64,
3C44,
3C44,
3C44,
3C44,
3C44,
3C44,
3C44,
3C44,
3C44,
3C44,
3C44,
3C44,
3C44,
3C44,
3C44,
3C44,
3C44,
3C44,
3444,
3444,
3444,
3444,
3444,
3444,
3444,
3444,
3C24,
3C24,
3C24,
3C24,
3C24,
3C24,
3C24,
3C24,
3C24,
3C24,
3C44,
3C44,
3C44,
3C44,
3C44,
3C44,
3C44,
3C44,
3C44,
3C44,
3C44,
3C44,
3C43,
3C43,
3C43,
3C43,
3C44,
3C44,
3C43,
3C43,
3C43,
3C43,
3C43,
3C44,
3C44,
3C44,
3C44,
3C44,
3C44,
3C44,
3C44,
3C44,
3C44,
3C44,
3C44,
3C44,
3C44,
3C44,
3C24,
3C24,
3C24,
3C43,
3C23,
3C24,
3C24,
3C24,
3C24,
3C24,
3C24,
3C24,
3C24,
3C24,
3C24,
3C24,
3C24,
3C24,
3C24,
3C44,
3C44,
3C44,
3C44,
3C44,
3C44,
3C44,
3C44,
3C43,
3C43,
3C24,
3C44,
3C24,
2BC3,
1B41,
1B01,
12E1,
1B02,
2B83,
33C4,
33E4,
3BE4,
3BE4,
3BE4,
33E4,
33C4,
33A4,
3BC4,
3BE5,
3BA4,
1240,
0140,
01A0,
22E3,
43A5,
43C5,
43C5,
43E5,
43C4,
43C4,
4BC5,
4365,
2A83,
0140,
0920,
4B09,
9554,
C67B,
CEBC,
D6BC,
DEFE,
E73E,
E73E,
E71D,
E6FD,
E6FD,
E6FD,
E6FD,
E6FD,
E71D,
E71D,
E71C,
E71C,
E71C,
E71C,
E71C,
E71C,
E71C,
E71C,
E6FC,
E6FC,
EF1C,
F73D,
FF5C,
F739,
D633,
83C7,
4120,
4900,
8B00,
B462,
CD43,
DDC5,
DDC5,
DDC5,
DDC6,
E5E8,
D5C8,
BD26,
9C23,
7B01,
5A00,
3940,
3940,
49C0,
6262,
6AE4,
7B46,
8387,
8387,
8387,
8387,
7B65,
62A1,
5200,
51E0,
5A00,
7280,
8B60,
A420,
C4E3,
D565,
DDA5,
DDA3,
E5C3,
EDE3,
EDE4,
EDE4,
EDE4,
EDE4,
EDE4,
EDE4,
EDE3,
EDE3,
EE04,
EDE3,
E5C3,
D584,
ACA2,
6260,
28E0,
1080,
29C0,
4B44,
4B84,
43A4,
3BC4,
3BE3,
3C03,
3C03,
3C23,
3423,
3423,
3423,
3423,
3C23,
3C43,
3C43,
3C23,
3C23,
3C24,
3C24,
3C44,
3C44,
3C44,
3C44,
3C44,
3C44,
3C44,
3C44,
3C44,
3C44,
3C44,
3C44,
3C44,
3C44,
3C44,
3C44,
3C43,
3C43,
3C43,
3C43,
3C43,
3C43,
3C43,
3C43,
3C43,
3C43,
3C43,
3C43,
3C44,
3C44,
3C44,
3C44,
3C44,
3C44,
3C44,
3C44,
3C44,
3C44,
3C44,
3C44,
3C44,
3C64,
3C64,
3C64,
3444,
3444,
3444,
3444,
3444,
3444,
3444,
3C44,
3C64,
3C64,
3C64,
3C64,
3C44,
3C44,
3C44,
3C44,
3C44,
3C44,
3C44,
3C44,
3C44,
3C44,
3C44,
3C44,
3C44,
3C44,
3C44,
3444,
3444,
3444,
3444,
3444,
3444,
3444,
3444,
3444,
3444,
3C24,
3C24,
3C24,
3C24,
3C24,
3C24,
3C24,
3C24,
3C24,
3C24,
3C44,
3C44,
3C44,
3C44,
3C44,
3C44,
3C44,
3C44,
3C44,
3C44,
3C44,
3C44,
3C44,
3C43,
3C43,
3C43,
3C44,
3C44,
3C44,
3C44,
3C43,
3C43,
3C43,
3C43,
3C43,
3C43,
3C43,
3C43,
3C43,
3C43,
3C43,
3C43,
3C44,
3C44,
3C44,
3C44,
3C44,
3C43,
3C43,
3C43,
3C43,
3C43,
3C43,
3C43,
3C43,
3C43,
3C24,
3C24,
3C24,
3C24,
3C24,
3C24,
3C24,
3C24,
3C24,
3C24,
3C24,
3C44,
3C44,
3C44,
3C44,
3C44,
3C44,
3C44,
3C44,
3C44,
3C24,
3C23,
33C3,
2362,
12C0,
0220,
01E0,
01E0,
0200,
12A0,
2B42,
33A4,
3BC4,
33A3,
2342,
1AE1,
1280,
1281,
2302,
3364,
3343,
1261,
0180,
1221,
3364,
43A5,
43C5,
43C5,
43C4,
43C4,
43C4,
4BC5,
4345,
2222,
0940,
2A24,
84B0,
B618,
C67A,
D6DC,
DF1D,
E71E,
E71E,
DEFE,
E6FD,
E6FD,
E71D,
E6FD,
E71D,
E71D,
E71D,
E71D,
E71D,
E71D,
E71D,
E71D,
E71D,
E71D,
E71D,
E71C,
E6FC,
E6FC,
E6FC,
EF1C,
EF3B,
EF19,
DED6,
B570,
6AA3,
4100,
6200,
93C0,
BD03,
D5A6,
DDE7,
DE07,
DDC7,
BD07,
93E4,
6280,
4180,
41A0,
5241,
6B04,
8BE9,
A4AE,
BD91,
D654,
DEB6,
E6D6,
E6B6,
E6B5,
DEB6,
DEB5,
BD6F,
9469,
83A4,
6280,
4140,
4120,
59E0,
8B60,
BCE4,
DD86,
E5A5,
E5C4,
E5C4,
EDC4,
EDE4,
EDE4,
EDE4,
EDE4,
EDE4,
EDE4,
EDE4,
EE04,
EE04,
DDC2,
ACC1,
6AC0,
3140,
2100,
2180,
3AA3,
53C5,
4BC5,
3BE4,
3C04,
3C03,
3BE3,
3C03,
3403,
3423,
3423,
3423,
3423,
3C23,
3C43,
3C44,
3C23,
3C23,
3C24,
3C24,
3C44,
3C44,
3C44,
3C44,
3C44,
3C44,
3C44,
3C44,
3C44,
3C44,
3C44,
3C44,
3C44,
3C44,
3C44,
3C44,
3C44,
3C43,
3C43,
3C43,
3C43,
3C43,
3C43,
3C43,
3C43,
3C43,
3C43,
3C43,
3C44,
3C44,
3C44,
3C44,
3C44,
3C44,
3C44,
3C44,
3C44,
3C44,
3C44,
3C44,
3C44,
3C64,
3C64,
3C64,
3C44,
3444,
3444,
3444,
3444,
3444,
3444,
3C44,
3C64,
3C64,
3C64,
3444,
3C44,
3C44,
3C44,
3C44,
3C44,
3C44,
3C44,
3C44,
3C44,
3C44,
3C44,
3C44,
3C44,
3C44,
3C44,
3444,
3444,
3444,
3444,
3444,
3444,
3444,
3444,
3444,
3444,
3C24,
3C24,
3C24,
3C44,
3C44,
3C44,
3C44,
3C44,
3C44,
3C44,
3C24,
3C24,
3C24,
3C24,
3C24,
3C24,
3C24,
3C24,
3C24,
3C24,
3C24,
3C44,
3C44,
3C44,
3C44,
3C44,
3C44,
3C44,
3C44,
3C44,
3C43,
3C43,
3C43,
3C43,
3C43,
3C43,
3C43,
3C43,
3C43,
3C43,
3C43,
3C43,
3C43,
3C43,
3C43,
3C43,
3C43,
3C43,
3C43,
3C43,
3C43,
3C43,
3C43,
3C43,
3C43,
3C43,
3C44,
3C44,
3C44,
3C44,
3C44,
3C44,
3C44,
3C44,
3C44,
3C44,
3C44,
3C44,
3C44,
3C44,
3C44,
3C44,
3C44,
3C44,
3C24,
3C24,
3C24,
2BA2,
12C0,
0240,
01E0,
01C0,
0220,
0A40,
0A40,
0A60,
1AC1,
3383,
33A4,
2B42,
0A80,
01C0,
0180,
01A0,
1240,
2AE2,
3323,
2AE2,
1241,
1A81,
3364,
3BC5,
3BC5,
3BC5,
3BA4,
43A4,
43C4,
43A5,
32E4,
11A0,
0940,
4B09,
A5B5,
BE59,
C67A,
D6DC,
DF1D,
DEFD,
DEDD,
DEDD,
DEFE,
E6FE,
E71D,
E71D,
E71D,
E71D,
E71D,
E71D,
E71D,
E71D,
E71D,
E71D,
DF1D,
E71D,
E71D,
E71D,
E71C,
E71C,
E71C,
E71C,
E71A,
E73A,
E739,
CE75,
9C8A,
5A20,
4980,
7AE0,
ACA3,
CD86,
D5E8,
D5E8,
ACC5,
7B21,
49C0,
3940,
5A42,
83C8,
AD0F,
CE13,
D696,
DED8,
E719,
E73A,
EF3A,
EF5A,
EF5A,
EF5A,
EF5A,
F77A,
EF38,
E6D6,
D653,
BD4D,
7B65,
51E0,
4140,
51C0,
7B00,
AC43,
D525,
DD86,
E5A5,
E5C4,
EDE3,
EDE3,
EDE4,
EDE4,
EDE4,
EE04,
EE04,
EE24,
EE04,
CDA3,
9420,
41C0,
18E0,
21A0,
3AA3,
4345,
3BC5,
3BE5,
3C04,
3C24,
3C23,
3C03,
3C03,
3403,
3423,
3423,
3423,
3423,
3C23,
3C43,
3C44,
3C23,
3C23,
3C24,
3C24,
3C44,
3C44,
3C44,
3C44,
3C44,
3C44,
3C44,
3C44,
3C44,
3C44,
3C44,
3C44,
3C44,
3C44,
3C44,
3C44,
3C43,
3C43,
3C43,
3C43,
3C43,
3C43,
3C43,
3C43,
3C43,
3C43,
3C43,
3C43,
3C43,
3C43,
3C44,
3C44,
3C44,
3C44,
3C44,
3C44,
3C44,
3C44,
3C44,
3C44,
3C44,
3C64,
3C64,
3C64,
3C44,
3444,
3444,
3444,
3444,
3444,
3444,
3C44,
3C44,
3C44,
3C44,
3444,
3C44,
3C44,
3C44,
3C44,
3C44,
3C44,
3C44,
3C44,
3444,
3444,
3444,
3444,
3444,
3444,
3444,
3444,
3444,
3444,
3444,
3444,
3444,
3444,
3444,
3444,
3444,
3C24,
3C24,
3C24,
3C44,
3C44,
3C44,
3C44,
3C44,
3C44,
3C44,
3C24,
3C24,
3C24,
3C24,
3C24,
3C24,
3C24,
3C24,
3C24,
3C24,
3C24,
3C24,
3C24,
3C24,
3C24,
3C24,
3C24,
3C24,
3C24,
3C24,
3C23,
3C43,
3C43,
3C43,
3C43,
3C43,
3C43,
3C43,
3C43,
3C43,
3C43,
3C43,
3C43,
3C43,
3C43,
3C43,
3C43,
3C43,
3C43,
3C43,
3C43,
3C43,
3C43,
3C43,
3C43,
3C43,
3C44,
3C43,
3C44,
3C44,
3C44,
3C44,
3C44,
3C44,
3C44,
3C44,
3C44,
3C44,
3C44,
3C44,
3C44,
3C44,
3C44,
3C24,
3C24,
3C05,
33A3,
12A0,
01C0,
01A0,
0200,
12A1,
2323,
2B44,
2303,
1AA1,
22C1,
3364,
2B43,
1281,
01C0,
0160,
01A0,
0A00,
1240,
22A1,
2B03,
2B03,
22C2,
2AE2,
3384,
3BC5,
3BE5,
3BC5,
3BC4,
43C4,
4BC5,
4365,
2242,
0940,
19A2,
740E,
B617,
C679,
CEBB,
D6DC,
DEFC,
DEFD,
DEFD,
DEDD,
DEFD,
DEFE,
E71E,
E71D,
E71D,
E71D,
E71D,
E71D,
E71D,
E71D,
E71D,
E71D,
E71D,
E71D,
E71D,
DF1D,
E71C,
E71C,
E71D,
E71C,
E71B,
E71A,
E73A,
E738,
D673,
8BA7,
51C0,
7280,
A424,
C528,
C548,
A445,
6AA0,
49E0,
49C0,
6AE5,
AD0E,
CE14,
E6D8,
E73B,
E71A,
E71A,
E71B,
E71B,
E6FA,
E71B,
EF1B,
EF1B,
E71B,
E71A,
EF1A,
EF1A,
EEF8,
EF18,
DEB5,
B50D,
7B45,
4180,
38E0,
6A40,
A3C1,
CCE5,
E586,
EDC6,
EDE4,
EDE3,
EDE4,
EDE4,
EDE4,
EE04,
E604,
EE24,
E604,
CDA4,
9421,
39A0,
1100,
2A21,
4B45,
4BA6,
3BA5,
3BE5,
3C04,
3C03,
3C23,
3C23,
3C03,
3C03,
3403,
3403,
3423,
3C23,
3C23,
3C24,
3C24,
3C24,
3C23,
3C23,
3C23,
3C44,
3C44,
3C44,
3C44,
3C44,
3C44,
3C44,
3C44,
3C44,
3C44,
3C44,
3C44,
3C44,
3C44,
3C43,
3C43,
3C43,
3C43,
3C43,
3C43,
3C43,
3C43,
3C43,
3C43,
3C43,
3C43,
3C43,
3C43,
3C43,
3C43,
3C44,
3C44,
3C44,
3C44,
3C44,
3C44,
3C44,
3C44,
3C44,
3C44,
3C44,
3C64,
3C64,
3C64,
3C44,
3C44,
3444,
3444,
3444,
3444,
3444,
3C44,
3444,
3444,
3C44,
3C44,
3C44,
3C44,
3C44,
3C44,
3C44,
3C44,
3C44,
3444,
3444,
3444,
3444,
3444,
3444,
3444,
3444,
3444,
3444,
3444,
3444,
3444,
3444,
3444,
3444,
3444,
3444,
3C24,
3C24,
3C24,
3C44,
3C44,
3C44,
3C44,
3C44,
3C44,
3C44,
3C24,
3C24,
3C24,
3C24,
3C24,
3C24,
3C24,
3C24,
3C24,
3C24,
3C24,
3C24,
3C24,
3C24,
3C24,
3C24,
3C24,
3C24,
3C24,
3C24,
3C23,
3C43,
3C43,
3C43,
3C43,
3C43,
3C43,
3C43,
3C43,
3C43,
3C43,
3C43,
3C43,
3C43,
3C43,
3C43,
3C43,
3C43,
3C43,
3C43,
3C43,
3C43,
3C43,
3C43,
3C43,
3C43,
3C44,
3C43,
3C44,
3C44,
3C44,
3C44,
3C44,
3C44,
3C44,
3C44,
3C44,
3C44,
3C44,
3C44,
3C44,
3C44,
3C44,
3C24,
3C04,
2BA3,
0AA0,
01E0,
01C0,
0200,
2303,
3385,
3385,
3B85,
3364,
2B23,
2B23,
22E2,
1281,
01C0,
0160,
0200,
1AA1,
2B01,
2B02,
22E2,
2AE2,
2B03,
2B23,
3364,
3BC4,
43E5,
3BE5,
3BE5,
3BC4,
43C4,
4BC5,
32E4,
11A1,
0100,
3AA8,
9534,
BE79,
C69A,
CEBB,
D6DC,
DEFC,
DEFD,
DEFD,
DEFD,
DEFD,
DEFD,
E6FE,
E71D,
E71D,
E71D,
E71D,
E71D,
E71D,
E71D,
E71D,
E71D,
E71D,
E71D,
E71D,
E71D,
E71C,
E71C,
E71D,
E71C,
E71B,
E71A,
E71A,
EF59,
EF18,
BD0F,
6A61,
6200,
9385,
BCA9,
9385,
6200,
4960,
5223,
7BAA,
B552,
D677,
E6FA,
DF1B,
DF3B,
DF1B,
DEFC,
DEFC,
E6FC,
E6FC,
E6FC,
E6FC,
E6FC,
E6FC,
E6FB,
E6FB,
E71B,
E719,
E73A,
F77B,
EF38,
C5F1,
7B88,
4960,
5160,
7A40,
ABE3,
D546,
E5C7,
EDC6,
EDC4,
EDC4,
EDE4,
EDE4,
EE04,
E604,
EE25,
E605,
CDA4,
8C01,
39A0,
1940,
3A82,
4B65,
43A5,
3BA5,
3BE5,
3C03,
3C03,
3C23,
3C23,
3C03,
3C03,
3C03,
3C03,
3C03,
3C23,
3C44,
3C24,
3C24,
3424,
3423,
3C23,
3C23,
3C23,
3C24,
3C24,
3C44,
3C44,
3C44,
3C44,
3C44,
3C44,
3C44,
3C44,
3C44,
3C44,
3C44,
3C44,
3C44,
3C43,
3C43,
3C43,
3C43,
3C43,
3C43,
3C43,
3C43,
3C43,
3C43,
3C43,
3C43,
3C43,
3C43,
3C44,
3C44,
3C44,
3C44,
3C44,
3C44,
3C44,
3C44,
3C44,
3C44,
3C44,
3C64,
3C64,
3C64,
3C44,
3C44,
3444,
3444,
3444,
3444,
3444,
3C44,
3C44,
3C44,
3C44,
3C44,
3C44,
3C44,
3C44,
3C44,
3C44,
3C44,
3C44,
3444,
3444,
3444,
3444,
3444,
3444,
3444,
3444,
3444,
3444,
3444,
3444,
3444,
3444,
3444,
3444,
3444,
3444,
3C24,
3C24,
3C24,
3C44,
3C44,
3C44,
3C44,
3C44,
3C44,
3C44,
3C24,
3C24,
3C24,
3C24,
3C24,
3C24,
3C24,
3C24,
3C24,
3C24,
3C24,
3C24,
3C24,
3C24,
3C24,
3C24,
3C24,
3C24,
3C24,
3C24,
3C43,
3C43,
3C43,
3C43,
3C43,
3C43,
3C43,
3C43,
3C43,
3C43,
3C43,
3C43,
3C43,
3C43,
3C43,
3C43,
3C43,
3C43,
3C43,
3C43,
3C43,
3C43,
3C43,
3C43,
3C43,
3C43,
3C43,
3C43,
3C43,
3C44,
3C44,
3C44,
3C44,
3C44,
3C44,
3C44,
3C44,
3C44,
3C44,
3C44,
3C44,
3C44,
3C44,
3C24,
33E3,
12E0,
01E0,
01C0,
0A41,
2303,
3BC6,
3BC6,
3BA6,
3BC6,
3BC5,
3BA5,
3343,
1280,
01C0,
0160,
01E0,
1AC2,
3365,
3BA4,
3B83,
3363,
3363,
3B84,
3BA4,
3BC4,
43E5,
4404,
3BE4,
3BE4,
3BE4,
43C4,
43A5,
2A83,
0940,
1183,
638D,
ADF8,
C69A,
CE9B,
CE9B,
D6BC,
DEFD,
DEFD,
DEFD,
DEFD,
DEFD,
DEFD,
E6FD,
E71D,
E71D,
E71D,
E71D,
E71D,
E71D,
E71D,
E71D,
E71D,
E71C,
E71C,
E71C,
E71C,
E71C,
E71C,
E71C,
E71C,
E71B,
E71A,
E71A,
E71A,
F75A,
E635,
8B67,
6222,
8B46,
93A8,
61C2,
4900,
6AA6,
9C6F,
C5D6,
DEB9,
DEDA,
E6FC,
DEFC,
DEFB,
DEFC,
DEFD,
E6FD,
E6FD,
E6FD,
E71D,
DEFC,
E6FC,
E6FC,
E71C,
E71B,
E71B,
E71B,
E71B,
E71A,
EF5B,
EF5A,
CE14,
93EA,
6A02,
5940,
8260,
BC44,
E587,
EDC6,
E5A5,
E5A4,
EDC4,
EDE3,
E603,
E604,
E624,
E605,
CD84,
8BE1,
39A0,
2140,
3A82,
4B65,
4385,
3BA5,
3C05,
3C23,
3C23,
3C23,
4423,
3C23,
3C03,
3C03,
3C23,
3C23,
3C23,
3404,
3403,
3424,
3424,
3423,
3423,
3C24,
3C24,
3C23,
3C23,
3C24,
3C44,
3C44,
3C44,
3C44,
3C44,
3C44,
3C44,
3C44,
3C44,
3C44,
3C44,
3C44,
3C43,
3C43,
3C43,
3C43,
3C43,
3C43,
3C43,
3C43,
3C43,
3C43,
3C43,
3C43,
3C43,
3C43,
3C43,
3C43,
3C44,
3C44,
3C44,
3C44,
3C44,
3C44,
3C44,
3C44,
3C44,
3C44,
3C44,
3C44,
3C44,
3C44,
3C44,
3C44,
3C44,
3C44,
3C44,
3C44,
3C44,
3C44,
3C44,
3C44,
3C44,
3C44,
3C44,
3C44,
3C44,
3C44,
3C44,
3C44,
3444,
3444,
3444,
3444,
3444,
3444,
3444,
3444,
3444,
3444,
3444,
3444,
3444,
3444,
3444,
3444,
3444,
3C24,
3C24,
3C24,
3C44,
3C44,
3C44,
3C44,
3C44,
3C44,
3C44,
3C24,
3C24,
3C24,
3C24,
3C24,
3C24,
3C24,
3C24,
3C24,
3C24,
3C24,
3C24,
3C24,
3C24,
3C24,
3C24,
3C24,
3C24,
3C24,
3C24,
3C43,
3C43,
3C43,
3C43,
3C43,
3C43,
3C43,
3C43,
3C43,
3C43,
3C43,
3C43,
3C43,
3C43,
3C43,
3C43,
3C43,
3C43,
3C43,
3C43,
3C43,
3C43,
3C43,
3C43,
3C43,
3C43,
3C43,
3C43,
3C43,
3C44,
3C44,
3C44,
3C44,
3C44,
3C44,
3C44,
3C44,
3C44,
3C44,
3C44,
3C44,
3C44,
3C44,
3C44,
2BC2,
0AA0,
0200,
0240,
2323,
3BC5,
3BC5,
3BE5,
3BC5,
3BC5,
43E5,
43E6,
2B43,
0A20,
0180,
01A0,
1282,
2B45,
3BA6,
43C5,
3BC3,
3BC3,
3BC3,
43E3,
43E3,
43E4,
43E4,
4404,
3C04,
3C04,
3BE4,
43E5,
4385,
2A42,
0920,
2A26,
8CF3,
BE39,
C69B,
CE9B,
D6BC,
D6DD,
DEFD,
E71D,
E71D,
DEFD,
DEFD,
DEFD,
E6FD,
E71D,
E71D,
E71D,
E71D,
E71D,
E71D,
E71D,
E71D,
E71D,
E71C,
E71C,
E71C,
E71C,
E71C,
E71C,
E71C,
E71C,
E71B,
E71B,
E71B,
E6FB,
EEFB,
EED9,
C511,
8B29,
72C7,
51C3,
4943,
6247,
A491,
CE39,
D6BB,
D6BB,
D6BB,
DEDC,
DEDC,
DEFC,
DEFC,
DEFD,
E71D,
DF1D,
DF1D,
DF1C,
DEFC,
DEFC,
E6FC,
E71C,
E71C,
E71C,
E71C,
DF1C,
DF1B,
E73A,
EF5C,
F73A,
D614,
9BEB,
61A1,
5940,
8AE2,
CCE5,
E5C6,
E5A5,
E5A4,
E5A3,
E5C3,
E5E4,
E604,
E604,
E606,
D5A4,
9C01,
49C0,
2180,
3282,
4B45,
43A5,
3BC5,
3BE5,
3C23,
3C23,
3C23,
3C23,
3C23,
3BE3,
3BE3,
33E3,
33E4,
2B82,
1B21,
1B41,
23A2,
33E3,
3424,
3423,
3423,
3C23,
3C23,
3C23,
3C24,
3C44,
3C44,
3C44,
3C44,
3C44,
3C44,
3C44,
3C44,
3C44,
3C44,
3C44,
3C44,
3C44,
3C43,
3C43,
3C43,
3C43,
3C43,
3C43,
3C43,
3C43,
3C43,
3C43,
3C43,
3C43,
3C43,
3C43,
3C43,
3C44,
3C44,
3C44,
3C44,
3C44,
3C44,
3C44,
3C44,
3C44,
3C44,
3C44,
3C44,
3C44,
3C44,
3C44,
3C44,
3C44,
3C44,
3C44,
3C44,
3C44,
3C44,
3C44,
3C44,
3C44,
3C44,
3C44,
3C44,
3C44,
3C44,
3C44,
3C44,
3C44,
3444,
3444,
3444,
3444,
3444,
3444,
3444,
3444,
3444,
3444,
3444,
3444,
3444,
3444,
3444,
3444,
3C24,
3C24,
3C24,
3C44,
3C44,
3C44,
3C44,
3C44,
3C44,
3C44,
3C24,
3C24,
3C24,
3C24,
3C24,
3C24,
3C24,
3C24,
3C24,
3C24,
3C24,
3C24,
3C24,
3C24,
3C24,
3C24,
3C24,
3C24,
3C24,
3C24,
3C43,
3C43,
3C43,
3C43,
3C43,
3C43,
3C43,
3C43,
3C43,
3C43,
3C43,
3C43,
3C43,
3C43,
3C43,
3C43,
3C43,
3C43,
3C43,
3C43,
3C43,
3C43,
3C43,
3C43,
3C43,
3C43,
3C43,
3C43,
3C43,
3C44,
3C44,
3C44,
3C44,
3C44,
3C44,
3C44,
3C44,
3C44,
3C44,
3C44,
3C44,
3C44,
3C44,
3C44,
33C3,
1B21,
12C0,
2342,
3BE4,
3C05,
3BE5,
3BE5,
3BE5,
3BC5,
3BC5,
43E5,
3364,
1AA1,
0A40,
1261,
2303,
3BA6,
3BA6,
3BC5,
3BE3,
3BE3,
3BE3,
3BE3,
3BE3,
3BE3,
3C04,
3C04,
3C03,
3C03,
3C04,
43E5,
4365,
19E2,
0920,
4B09,
ADD6,
BE5A,
C67B,
D6BC,
D6DC,
DEFD,
D6BC,
D6BC,
DEFD,
DEFD,
DEFD,
DEFD,
E6FD,
E71D,
E71D,
E71D,
E71D,
E71D,
E71D,
E71D,
E71D,
E71C,
E71C,
E71C,
E71C,
E71C,
E71C,
E71C,
E71C,
E6FC,
E6FC,
E71B,
E71B,
E6FB,
E6DA,
F6FB,
E638,
9BCF,
5185,
2862,
5A09,
A472,
CE19,
D6BB,
CEBB,
D6BB,
D6BC,
D6DC,
DEDC,
DEDC,
DEFC,
DEFD,
DEFD,
DEFC,
DEFC,
DEFC,
DEFC,
DEFC,
DF1C,
E71C,
E71C,
DF1C,
DF1C,
DF1C,
DF1B,
DF1B,
E71B,
EF5B,
EF3A,
D615,
8B69,
5160,
61A0,
9B62,
CD06,
E5A6,
E5A5,
E5A4,
E5C3,
E5C4,
E5E4,
E5E4,
EE05,
E5E5,
BCC3,
6AC0,
3180,
21C0,
3262,
3B24,
3384,
2B83,
2BA2,
33E3,
33C3,
2B81,
2B62,
2B82,
2B42,
1AE1,
12C0,
0A60,
0220,
0260,
1300,
2381,
3403,
3423,
3423,
3423,
3423,
3C24,
3C24,
3C44,
3C44,
3C44,
3C44,
3C44,
3C44,
3C44,
3C44,
3C44,
3C44,
3C44,
3C44,
3C43,
3C43,
3C43,
3C43,
3C43,
3C43,
3C43,
3C43,
3C43,
3C43,
3C43,
3C43,
3C43,
3C43,
3C43,
3C43,
3C43,
3C43,
3C43,
3C44,
3C44,
3C44,
3C44,
3C44,
3C44,
3C44,
3C44,
3C44,
3C44,
3C44,
3C44,
3C44,
3C44,
3C44,
3C44,
3C44,
3C44,
3C44,
3C44,
3C44,
3C44,
3C44,
3C44,
3C44,
3C44,
3C44,
3C44,
3C44,
3C44,
3444,
3444,
3444,
3444,
3444,
3444,
3444,
3444,
3444,
3444,
3444,
3444,
3444,
3444,
3444,
3444,
3C24,
3C24,
3C24,
3C44,
3C44,
3C44,
3C44,
3C44,
3C44,
3C44,
3C24,
3C24,
3C24,
3C24,
3C24,
3C24,
3C24,
3C24,
3C24,
3C24,
3C24,
3C24,
3C24,
3C24,
3C24,
3C24,
3C24,
3C24,
3C24,
3C24,
3C43,
3C43,
3C43,
3C43,
3C43,
3C43,
3C43,
3C43,
3C43,
3C43,
3C43,
3C43,
3C43,
3C43,
3C43,
3C43,
3C43,
3C43,
3C43,
3C43,
3C43,
3C43,
3C43,
3C43,
3C43,
3C43,
3C43,
3C43,
3C43,
3C44,
3C44,
3C44,
3C44,
3C44,
3C44,
3C44,
3C44,
3C44,
3C44,
3C44,
3C44,
3C44,
3C44,
3C24,
3C24,
33C3,
2BA3,
33E4,
3C04,
3C04,
3C04,
3BE4,
3C04,
3BE4,
3BE4,
3BE4,
3BC4,
3384,
3363,
3383,
3BC4,
3BC5,
43C5,
3BE4,
3C03,
3C03,
3C03,
3C03,
3C03,
3C03,
3C03,
3C03,
3C03,
3C23,
4403,
43E5,
3B25,
11A1,
0941,
6BED,
BE38,
C63A,
CE7B,
D6BC,
CE5A,
AD77,
94B4,
A516,
BDF9,
DEDC,
DF1D,
DEFD,
E6FD,
E6FD,
E71D,
E71D,
E71D,
E71D,
E71D,
E71C,
E71C,
E71C,
E71C,
E71C,
E71C,
E71C,
E71C,
E71C,
E71C,
E6FC,
E6FC,
E6FC,
E6FC,
E6DB,
EEFC,
FF5D,
E67A,
93D0,
3906,
30C6,
93D2,
D61A,
DE9C,
D6BC,
D6BB,
D6BB,
D6DC,
DEDC,
DEDC,
DEDC,
DEFC,
DEFC,
DEFC,
DEFC,
DEFC,
DEFC,
DEFC,
DEFC,
DEFC,
DF1C,
DF1C,
DF1C,
DF1C,
DF1B,
DF1B,
E71B,
E6FB,
E6FB,
E73B,
E6D9,
BD31,
7AE6,
5960,
6A00,
A3A3,
CD06,
DD86,
E5A4,
E5A4,
E5C4,
E5C4,
E5C4,
EDE4,
EE46,
DE07,
A463,
5A40,
2140,
1120,
1180,
1221,
0A40,
1260,
1AA1,
12A1,
0A40,
0A40,
0A40,
0200,
01C0,
01C0,
01A0,
01C0,
0220,
0AE0,
2380,
3403,
3403,
3403,
3423,
3423,
3C24,
3C24,
3C44,
3C44,
3C44,
3C44,
3C44,
3C44,
3C44,
3C44,
3C44,
3C44,
3C43,
3C43,
3C43,
3C43,
3C43,
3C43,
3C43,
3C43,
3C43,
3C43,
3C43,
3C43,
3C43,
3C43,
3C43,
3C43,
3C43,
3C43,
3C43,
3C43,
3C43,
3C44,
3C44,
3C44,
3C44,
3C44,
3C44,
3C44,
3C44,
3C44,
3C44,
3C44,
3C44,
3C44,
3C44,
3C44,
3C44,
3C44,
3C44,
3C44,
3C44,
3C44,
3C44,
3C44,
3C44,
3C44,
3C44,
3C44,
3C44,
3C44,
3C44,
3444,
3444,
3444,
3444,
3444,
3444,
3444,
3444,
3444,
3444,
3444,
3444,
3444,
3444,
3444,
3444,
3C24,
3C24,
3C24,
3C44,
3C44,
3C44,
3C44,
3C44,
3C44,
3C44,
3C24,
3C24,
3C24,
3C24,
3C24,
3C24,
3C24,
3C24,
3C24,
3C24,
3C24,
3C24,
3C24,
3C24,
3C24,
3C24,
3C24,
3C24,
3C24,
3C24,
3C43,
3C43,
3C43,
3C43,
3C43,
3C43,
3C43,
3C43,
3C43,
3C43,
3C43,
3C43,
3C43,
3C43,
3C43,
3C43,
3C43,
3C43,
3C43,
3C43,
3C43,
3C43,
3C43,
3C43,
3C43,
3C43,
3C43,
3C43,
3C43,
3C44,
3C44,
3C44,
3C44,
3C44,
3C44,
3C44,
3C44,
3C44,
3C44,
3C44,
3C44,
3C44,
3C44,
3C24,
3C24,
3C24,
3C24,
3C04,
3C04,
3C04,
3C03,
3C03,
3C03,
3C03,
3C03,
3C03,
3BE3,
4404,
4404,
4404,
4404,
4404,
4404,
3C03,
3C03,
3C03,
3C03,
3C03,
3C03,
3C03,
3C03,
3C03,
3C23,
3C23,
3C03,
43C5,
3304,
0940,
1983,
8490,
BE58,
C65A,
CE9B,
C639,
8C73,
422A,
2946,
4A4B,
9493,
CE7B,
DEFD,
DEDC,
DEFC,
DEFD,
E6FD,
E71D,
E71D,
E6FD,
E71C,
E71C,
E71C,
E71C,
E71C,
E71C,
E71C,
E71C,
E71C,
E71C,
E71C,
E6FC,
E6FC,
E6FC,
E6FC,
E6DC,
EF1E,
F75F,
C5B9,
6AEE,
3127,
5A4D,
BD59,
E69E,
DE9D,
D6BD,
D6DC,
D6DC,
DEDC,
DEDC,
DEDC,
DEDD,
DEFD,
DEFD,
DF1D,
DEFC,
DEFC,
DEFC,
DEFC,
DEFC,
DEFC,
DF1C,
DF1C,
DF1D,
DF1C,
DF1B,
DF1B,
DF1B,
E6FB,
DEFA,
DEDA,
E6F9,
E697,
B50F,
72A4,
59C0,
82A1,
BC64,
DD66,
DD86,
DDA4,
E5A4,
E5C4,
E5C4,
E5C3,
EE04,
EE47,
D5C7,
A485,
7362,
3A40,
1100,
00C0,
0100,
0120,
0160,
09A0,
09E0,
09E0,
01C0,
01A0,
01A0,
01E0,
0220,
0AA1,
1B22,
23A2,
2BC2,
33E3,
3403,
3423,
3423,
3C23,
3C24,
3C24,
3C44,
3C44,
3C44,
3C44,
3C44,
3C44,
3C44,
3C44,
3C44,
3C44,
3C44,
3C44,
3C43,
3C43,
3C43,
3C43,
3C43,
3C43,
3C43,
3C43,
3C43,
3C43,
3C43,
3C43,
3C43,
3C43,
3C43,
3C43,
3C43,
3C43,
3C43,
3C44,
3C44,
3C44,
3C44,
3C44,
3C44,
3C44,
3C44,
3C44,
3C44,
3C24,
3C44,
3C44,
3C44,
3C44,
3C44,
3C44,
3C44,
3C44,
3C44,
3C44,
3C44,
3C44,
3C44,
3C44,
3C44,
3C44,
3C44,
3C44,
3444,
3444,
3444,
3444,
3444,
3444,
3444,
3444,
3444,
3444,
3444,
3444,
3444,
3444,
3444,
3444,
3444,
3C24,
3C24,
3C24,
3C24,
3C24,
3C24,
3C24,
3C24,
3C24,
3C24,
3C24,
3C24,
3C24,
3C24,
3C24,
3C24,
3C24,
3C24,
3C24,
3C24,
3C24,
3C24,
3C24,
3C24,
3C24,
3C24,
3C24,
3C24,
3C24,
3C24,
3C43,
3C43,
3C43,
3C43,
3C43,
3C43,
3C43,
3C43,
3C43,
3C43,
3C43,
3C43,
3C43,
3C43,
3C43,
3C43,
3C43,
3C43,
3C43,
3C43,
3C43,
3C43,
3C43,
3C43,
3C43,
3C43,
3C43,
3C43,
3C43,
3C44,
3C44,
3C44,
3C44,
3C44,
3C44,
3C44,
3C44,
3C44,
3C44,
3C44,
3C44,
3C24,
3C24,
3C24,
3C24,
3C24,
3C24,
3C24,
3C04,
3C24,
3C23,
3C23,
3C23,
3C23,
3C03,
3C03,
4403,
4403,
4403,
4403,
4403,
3C04,
3C03,
3C03,
3C03,
3C03,
3C03,
3C03,
3C03,
3C03,
3C03,
3C03,
3C03,
3C23,
3C04,
43C5,
32C4,
0920,
29E5,
9D32,
C679,
C65A,
C63A,
9CF5,
4A4A,
0000,
0000,
18A4,
6B4E,
BDB8,
CE7B,
D69B,
DEDC,
DEFD,
DEFD,
DF1D,
E71D,
E6FD,
E6FD,
E6FD,
E71C,
E71D,
E71D,
E71D,
E71D,
E71D,
E71C,
E6FC,
E6FC,
E6FC,
E6FC,
E6FC,
E6FC,
E6DC,
EF1F,
DE9E,
9454,
41AA,
49EB,
9455,
CE1C,
D67E,
DE9D,
D6DD,
DEFC,
DEDC,
DEFC,
DEFC,
DEFC,
DEFC,
DEFC,
DEFC,
DEFC,
DF1D,
DF1D,
DF1D,
DF1D,
DF1D,
DF1D,
DF1D,
DF1C,
DF1C,
DF1C,
DF1C,
DF1C,
E71B,
E6FB,
E6FB,
E6DA,
E6F9,
F739,
DE95,
9C2A,
6241,
7260,
ABE3,
DD67,
DD86,
DD84,
DDA3,
E5C3,
E5C3,
E5C3,
E5C3,
E5E4,
DDE6,
DE29,
CDE9,
A508,
6B84,
4261,
3A62,
3AA2,
3AC2,
42E3,
32E4,
2282,
0A00,
01C0,
0A20,
1AC1,
2363,
33E4,
3404,
3403,
33E3,
3403,
3403,
3423,
3C23,
3C24,
3C24,
3C24,
3C24,
3C24,
3C44,
3C44,
3C44,
3C44,
3C44,
3C44,
3C44,
3C44,
3C44,
3C44,
3C43,
3C43,
3C43,
3C43,
3C43,
3C43,
3C43,
3C43,
3C43,
3C43,
3C43,
3C43,
3C43,
3C44,
3C44,
3C43,
3C43,
3C43,
3C43,
3C44,
3C43,
3C44,
3C44,
3C44,
3C44,
3C44,
3C44,
3C44,
3C44,
3C44,
3C44,
3C44,
3C44,
3C44,
3C44,
3C44,
3C44,
3C44,
3C44,
3C44,
3C44,
3C44,
3C44,
3C44,
3C44,
3C44,
3C44,
3444,
3444,
3444,
3444,
3444,
3444,
3444,
3444,
3444,
3444,
3444,
3444,
3444,
3444,
3444,
3444,
3444,
3444,
3C24,
3C24,
3C24,
3C24,
3C24,
3C24,
3C24,
3C24,
3C24,
3C24,
3C24,
3C24,
3C24,
3C24,
3C24,
3C24,
3C24,
3C24,
3C24,
3C24,
3C24,
3C24,
3C24,
3C24,
3C24,
3C24,
3C24,
3C24,
3C24,
3C24,
3C43,
3C43,
3C43,
3C43,
3C43,
3C43,
3C43,
3C43,
3C43,
3C43,
3C43,
3C43,
3C43,
3C43,
3C43,
3C43,
3C43,
3C43,
3C43,
3C43,
3C43,
3C43,
3C43,
3C43,
3C43,
3C43,
3C43,
3C43,
3C43,
3C43,
3C43,
3C44,
3C44,
3C44,
3C44,
3C44,
3C44,
3C44,
3C44,
3C44,
3C44,
3C44,
3C24,
3C23,
3C24,
3C24,
3C24,
3C24,
3C24,
3C24,
3C23,
3C23,
3C23,
3C23,
3C23,
3C23,
3C23,
3C23,
3C23,
3C23,
3C23,
3C23,
3C23,
3C23,
3C23,
3C23,
3C23,
3C23,
3C03,
3C03,
3C03,
3C23,
3C23,
3C23,
3C04,
43A5,
2AA3,
0100,
3A67,
A594,
CE99,
C67A,
BE19,
8C52,
2966,
0000,
0000,
1083,
5AAC,
A515,
C619,
CE5A,
DEDC,
DEFD,
DEFD,
DF1D,
E71D,
E6FD,
E6FD,
E6FD,
E6FD,
E6FC,
E6FC,
E6FC,
E6FC,
E6FC,
E6FC,
E6FC,
E6FC,
E6FC,
E6FC,
E71C,
E6FC,
E6DD,
EF1F,
C5BA,
6AEF,
41CA,
7B92,
C5FB,
DE9E,
D69E,
DEBD,
DEFC,
DEFC,
DEFC,
DEFC,
DEFC,
DEFC,
DEFD,
DEFC,
DEFC,
DEFC,
DEFC,
DEFC,
DF1D,
DF1D,
DF1D,
DF1D,
DF1D,
DF1D,
DF1D,
DF1C,
DF1C,
DF1C,
E6FC,
E6FB,
E6FB,
E6DB,
E6FA,
EF39,
F717,
CD90,
7B04,
6200,
9B61,
D546,
DD86,
DDA4,
DDA3,
E5C3,
E5C3,
E5C3,
E5C2,
E5C2,
E5E4,
E627,
DE28,
D5E8,
CDA8,
B549,
A508,
A549,
A54A,
7C28,
42E3,
1A20,
1240,
1AA0,
2342,
33A4,
33E4,
3404,
3403,
3403,
3403,
3403,
3403,
3423,
3C23,
3C24,
3C24,
3C24,
3C24,
3C24,
3C44,
3C44,
3C44,
3C44,
3C44,
3C44,
3C44,
3C44,
3C44,
3C44,
3C44,
3C43,
3C43,
3C43,
3C43,
3C43,
3C43,
3C43,
3C43,
3C43,
3C43,
3C43,
3C44,
3C44,
3C44,
3C43,
3C43,
3C43,
3C43,
3C44,
3C44,
3C44,
3C44,
3C44,
3C44,
3C44,
3C44,
3C44,
3C44,
3C44,
3C44,
3C44,
3C44,
3C44,
3C44,
3C44,
3C44,
3C44,
3C44,
3C44,
3C44,
3C44,
3C44,
3C44,
3C44,
3C44,
3C44,
3444,
3444,
3444,
3444,
3444,
3444,
3444,
3444,
3444,
3444,
3444,
3444,
3444,
3444,
3444,
3444,
3444,
3444,
3C24,
3C24,
3C24,
3C24,
3C24,
3C24,
3C24,
3C24,
3C24,
3C24,
3C24,
3C24,
3C24,
3C24,
3C24,
3C24,
3C24,
3C24,
3C24,
3C24,
3C24,
3C24,
3C24,
3C24,
3C24,
3C24,
3C24,
3C24,
3C24,
3C24,
3C43,
3C43,
3C43,
3C43,
3C43,
3C43,
3C43,
3C43,
3C43,
3C43,
3C43,
3C43,
3C43,
3C43,
3C43,
3C43,
3C43,
3C43,
3C43,
3C43,
3C43,
3C43,
3C43,
3C43,
3C43,
3C43,
3C43,
3C43,
3C43,
3C43,
3C43,
3C44,
3C44,
3C44,
3C44,
3C44,
3C44,
3C44,
3C44,
3C44,
3C44,
3C44,
3424,
3C23,
3C23,
3C23,
3C23,
3C23,
3C23,
3C23,
3C23,
3C23,
3C23,
3C23,
3C23,
3C23,
3C23,
3C23,
3423,
3423,
3C23,
3C23,
3C23,
3C23,
3C23,
3C23,
3C23,
3C23,
3C03,
3C03,
3C03,
3C23,
3C23,
3C23,
3C04,
3BA5,
2283,
0920,
4AA8,
ADB5,
CEBA,
C69A,
BE39,
94D4,
39C8,
0000,
0000,
1063,
630D,
AD56,
BE19,
CE7A,
DEDC,
DEFD,
DEFD,
DF1D,
DF1D,
DF1D,
DEFD,
DEFD,
E6FD,
E6FC,
E6FC,
E6FC,
E6FC,
E6FC,
E6FC,
E6FC,
E6FC,
E6FC,
E6FC,
E6FC,
DEFC,
E71D,
E6FE,
9CD6,
4A2C,
528D,
A4F6,
D69D,
DEBD,
D6BD,
DEDD,
DEDC,
DEFC,
DEFC,
DEFC,
DEFC,
DEFC,
DEFC,
DEFC,
DEFC,
DEFC,
DEFC,
DEFC,
DF1D,
DF1D,
DEFD,
DF1D,
DF1D,
DF1D,
DF1C,
DEFC,
DF1C,
DF1C,
DF1C,
E6FC,
E6FC,
E6FB,
E6FA,
E739,
EF38,
E674,
9C29,
5A00,
82E0,
CCE6,
DD86,
E5C5,
E5A4,
E5C4,
E5C3,
E5C2,
E5C1,
E5C1,
E5E3,
E5E4,
D5A4,
D5A4,
D5C5,
D5E7,
CDE8,
BDC8,
9CC8,
5B03,
21E0,
11E0,
1A80,
3383,
3BE4,
33C3,
33E3,
33E4,
3403,
3403,
3423,
3403,
3423,
3423,
3C23,
3C24,
3C24,
3C24,
3C24,
3C24,
3C44,
3C44,
3C44,
3C44,
3C44,
3C44,
3C44,
3C44,
3C44,
3C44,
3C44,
3C43,
3C43,
3C43,
3C43,
3C43,
3C43,
3C43,
3C43,
3C43,
3C43,
3C43,
3C43,
3C43,
3C43,
3C43,
3C43,
3C43,
3C43,
3C44,
3C44,
3C44,
3C44,
3C44,
3C44,
3C44,
3C44,
3C44,
3C44,
3C44,
3C44,
3C44,
3C44,
3C44,
3C44,
3C44,
3C44,
3C44,
3C44,
3C44,
3C44,
3C44,
3C44,
3C44,
3C44,
3C44,
3444,
3444,
3444,
3444,
3444,
3444,
3444,
3444,
3444,
3444,
3444,
3444,
3444,
3444,
3444,
3444,
3444,
3444,
3444,
3C24,
3C24,
3C24,
3C24,
3C24,
3C24,
3C24,
3C24,
3C24,
3C24,
3C24,
3C24,
3C24,
3C24,
3C24,
3C24,
3C24,
3C24,
3C24,
3C24,
3C24,
3C24,
3C24,
3C24,
3C24,
3C24,
3C24,
3C24,
3C24,
3C24,
3C43,
3C43,
3C43,
3C43,
3C43,
3C43,
3C43,
3C43,
3C43,
3C43,
3C43,
3C43,
3C43,
3C43,
3C43,
3C43,
3C43,
3C43,
3C43,
3C43,
3C43,
3C43,
3C43,
3C43,
3C43,
3C43,
3C43,
3C43,
3C43,
3C43,
3C43,
3C44,
3C44,
3C44,
3C44,
3C44,
3C44,
3C44,
3C44,
3C44,
3C44,
3C44,
3423,
3423,
3C23,
3C23,
3C23,
3C23,
3C23,
3C23,
3C23,
3C23,
3C23,
3C23,
3C23,
3C23,
3C23,
3C23,
3C23,
3C23,
3C23,
3C23,
3C23,
3C23,
3C23,
3C23,
3C23,
3C23,
3C03,
3C03,
3C03,
3C23,
3C23,
3C23,
3C04,
3B85,
2283,
0940,
4288,
A554,
C679,
CE9A,
CE7A,
B5B8,
5AEC,
0001,
0000,
2126,
8C52,
C639,
C639,
CE7A,
DEDC,
DEFD,
DEFD,
DF1D,
DF1D,
DF1C,
DEFD,
DEFD,
E6FD,
E6FC,
E6FC,
E6FC,
E6FC,
E6FC,
E6FC,
DEFC,
DEFC,
DEFC,
DEFC,
DEFC,
E6FC,
E6FD,
C5FA,
7390,
4A8C,
8412,
C61A,
DEDD,
D6DD,
DEDD,
DEDD,
DEDC,
DEFC,
DEFC,
DEFC,
DEFC,
DEFC,
DEFC,
DEFC,
DEFC,
DEFC,
DEFC,
DEFC,
DEFC,
DEFC,
DEFD,
DF1D,
DF1D,
DF1C,
DF1C,
DF1C,
DF1C,
DF1C,
DF1C,
DF1C,
DEFC,
E6FB,
E71A,
E719,
EF39,
F6F7,
BD4F,
6AA2,
7AC0,
C4C7,
DD88,
DDA6,
E5A4,
E5A4,
E5A3,
E5A1,
E5C1,
E5C1,
E5E2,
DDE2,
D5A1,
D5C3,
CDC3,
D5E5,
CDE7,
A504,
6341,
29C0,
19C0,
2A80,
3362,
3BE4,
3C04,
3BE3,
33E3,
3403,
3403,
3423,
3423,
3423,
3423,
3423,
3C23,
3C24,
3C24,
3C24,
3C24,
3C24,
3C44,
3C44,
3C44,
3C44,
3C44,
3C44,
3C44,
3C44,
3C44,
3C44,
3C44,
3C43,
3C43,
3C43,
3C43,
3C43,
3C43,
3C43,
3C43,
3C43,
3C43,
3C43,
3C43,
3C43,
3C43,
3C43,
3C43,
3C44,
3C44,
3C44,
3C44,
3C44,
3C44,
3C44,
3C44,
3C44,
3C44,
3C44,
3C44,
3C44,
3C44,
3C44,
3C44,
3C64,
3C64,
3C44,
3C44,
3C44,
3C44,
3C44,
3C44,
3C44,
3C44,
3C44,
3444,
3444,
3444,
3444,
3444,
3444,
3444,
3444,
3444,
3444,
3444,
3444,
3444,
3444,
3444,
3444,
3444,
3444,
3444,
3444,
3444,
3C24,
3C24,
3C24,
3C24,
3C24,
3C24,
3C24,
3C24,
3C24,
3C24,
3C24,
3C24,
3C24,
3C24,
3C24,
3C24,
3C24,
3C24,
3C24,
3C24,
3C24,
3C24,
3C24,
3C24,
3C24,
3C24,
3C24,
3C24,
3C24,
3C24,
3C43,
3C43,
3C43,
3C43,
3C43,
3C43,
3C43,
3C43,
3C43,
3C43,
3C43,
3C43,
3C43,
3C43,
3C43,
3C43,
3C43,
3C43,
3C43,
3C43,
3C43,
3C43,
3C43,
3C43,
3C43,
3C43,
3C43,
3C43,
3C43,
3C43,
3C43,
3C44,
3C44,
3C44,
3C44,
3C44,
3C44,
3C44,
3C44,
3C44,
3C44,
3C44,
3C23,
3C23,
3C23,
3C23,
3C23,
3C23,
3C23,
3C23,
3C23,
3C23,
3C23,
3C23,
3C23,
3C23,
3C23,
3C23,
3C23,
3C23,
3C23,
3C23,
3C23,
3C23,
3C23,
3C23,
3C23,
3C23,
3C03,
3C03,
3C03,
3C23,
3C23,
3C23,
3C04,
3B84,
2283,
0120,
3226,
94D2,
BE18,
CE7A,
CE9B,
C63A,
8452,
528B,
5ACC,
8431,
B5D8,
D6BC,
D6BB,
D6BB,
DEDC,
DEFC,
DEFD,
DEFD,
DF1D,
DF1C,
DEFD,
DEFD,
E6FD,
E6FC,
E6FC,
E6FC,
E6FC,
DEFC,
DEFC,
DEFC,
DEFC,
DEFC,
DEFC,
DEFC,
E71D,
DEFC,
9D15,
4A8C,
5AEE,
AD77,
CE9C,
D6DD,
D6BC,
DEDD,
DEFD,
DEFC,
DEFC,
DEFC,
DEFC,
DEFC,
DEFC,
DEFC,
DEFC,
DEFC,
DEFC,
DEFC,
DEFC,
DEFC,
DEFC,
DEFC,
DF1D,
DF1D,
DF1C,
DF1C,
DF1C,
DF1C,
DF1C,
DF1C,
DF1C,
DEFC,
E6FC,
E71B,
E71A,
EF19,
EF18,
DE53,
93C8,
7281,
B447,
D589,
DD86,
DDA4,
E5A3,
E5A3,
E5A2,
E5C2,
DDC1,
DDC1,
DDC1,
D5C1,
D5E2,
DE44,
DE65,
BD63,
8400,
3A60,
19C0,
2AA1,
4383,
43C4,
3BE4,
3C04,
3C03,
3403,
3403,
3403,
3423,
3423,
3423,
3423,
3C23,
3C23,
3C24,
3C24,
3C24,
3C24,
3C24,
3C44,
3C44,
3C44,
3C44,
3C44,
3C44,
3C44,
3C44,
3C44,
3C44,
3C44,
3C43,
3C43,
3C43,
3C43,
3C43,
3C43,
3C43,
3C43,
3C43,
3C43,
3C43,
3C43,
3C43,
3C43,
3C43,
3C43,
3C44,
3C44,
3C44,
3C44,
3C44,
3C44,
3C44,
3C44,
3C44,
3C44,
3C44,
3C44,
3C44,
3C44,
3C44,
3C44,
3C64,
3C64,
3C44,
3C44,
3C44,
3C44,
3C44,
3C44,
3C44,
3C44,
3C44,
3444,
3444,
3444,
3444,
3444,
3444,
3444,
3444,
3444,
3444,
3444,
3444,
3444,
3444,
3444,
3444,
3444,
3444,
3444,
3444,
3444,
3C24,
3C24,
3C24,
3C24,
3C24,
3C24,
3C24,
3C24,
3C24,
3C24,
3C24,
3C24,
3C24,
3C24,
3C24,
3C24,
3C24,
3C24,
3C24,
3C24,
3C24,
3C24,
3C24,
3C24,
3C24,
3C24,
3C24,
3C24,
3C24,
3C24,
3C24,
3C24,
3C43,
3C43,
3C43,
3C43,
3C43,
3C43,
3C43,
3C43,
3C43,
3C43,
3C43,
3C43,
3C43,
3C43,
3C43,
3C43,
3C43,
3C43,
3C43,
3C43,
3C43,
3C43,
3C43,
3C43,
3C43,
3C43,
3C43,
3C43,
3C43,
3C43,
3C44,
3C44,
3C44,
3C44,
3C44,
3C44,
3C44,
3C44,
3C44,
3C44,
3C23,
3C23,
3C23,
3C23,
3C23,
3C23,
3C23,
3C23,
3C23,
3C23,
3C23,
3C23,
3C23,
3C23,
3C23,
3C23,
3C23,
3C23,
3C23,
3C23,
3C23,
3C23,
3C23,
3C23,
3C23,
3C23,
3C23,
3C23,
3C23,
3C24,
3C23,
3C23,
3C03,
3B84,
22A3,
0120,
29C5,
8C91,
BE18,
C659,
CE9B,
CE9B,
BE19,
BDF8,
C619,
CE5A,
D6BC,
DEFD,
DEFC,
DEFC,
DEFC,
DEFC,
DEFC,
DEFD,
DEFD,
DEFD,
DEFD,
DEFD,
DEFD,
DEFC,
DEFC,
DEFC,
DEFC,
DEFC,
DEFC,
DEFC,
DEFC,
DEFC,
DEDC,
DEFC,
E71D,
DEFC,
8C73,
39E8,
6B8F,
BE1A,
CE9C,
CE9C,
D6BC,
D6DC,
DEFD,
DEFD,
DEFD,
DEFC,
DEFC,
DEFC,
DEFC,
DEFC,
DEFC,
DEFC,
DEFC,
DEFC,
DEFC,
DEFC,
D6FC,
DEFC,
DEFC,
DF1D,
DF1D,
DEFC,
DEFC,
DF1C,
DF1C,
DF1C,
DF1C,
E6FC,
E71C,
E6FB,
E6FA,
E6F9,
EF19,
EED6,
ACAC,
72A3,
9BE6,
D548,
DD66,
DD85,
E5A4,
E5C3,
E5C3,
E5C3,
DDC3,
DDA2,
DDA2,
D5C3,
D5E3,
DE44,
CE03,
9440,
4A80,
21C0,
2220,
3B43,
4BC5,
3BC4,
3BE4,
3C03,
3C03,
3403,
3423,
3423,
3423,
3423,
3C23,
3C23,
3C43,
3C23,
3C24,
3C24,
3C24,
3C24,
3C24,
3C44,
3C44,
3C44,
3C44,
3C44,
3C44,
3C44,
3C44,
3C44,
3C43,
3C43,
3C43,
3C43,
3C43,
3C43,
3C43,
3C43,
3C43,
3C43,
3C43,
3C43,
3C43,
3C44,
3C43,
3C43,
3C43,
3C44,
3C44,
3C44,
3C44,
3C44,
3C44,
3C44,
3C44,
3C44,
3C44,
3C44,
3C44,
3C44,
3C64,
3C64,
3C64,
3C64,
3C64,
3C64,
3C44,
3C44,
3C44,
3C44,
3444,
3444,
3444,
3444,
3444,
3444,
3444,
3444,
3444,
3444,
3444,
3444,
3444,
3444,
3444,
3444,
3444,
3444,
3444,
3444,
3444,
3444,
3444,
3444,
3444,
3444,
3C24,
3C24,
3C24,
3C24,
3C24,
3C24,
3C24,
3C24,
3C24,
3C24,
3C24,
3C24,
3C24,
3C24,
3C24,
3C24,
3C24,
3C24,
3C24,
3C24,
3C24,
3C24,
3C24,
3C24,
3C24,
3C24,
3C24,
3C24,
3C24,
3C24,
3C24,
3C24,
3C43,
3C43,
3C43,
3C43,
3C43,
3C43,
3C43,
3C43,
3C43,
3C43,
3C43,
3C43,
3C43,
3C43,
3C43,
3C43,
3C43,
3C43,
3C43,
3C43,
3C43,
3C43,
3C43,
3C43,
3C43,
3C43,
3C43,
3C43,
3C43,
3C43,
3C44,
3C44,
3C44,
3C44,
3C44,
3C44,
3C44,
3C44,
3C44,
3C44,
3C23,
3C23,
3C23,
3C23,
3C23,
3C23,
3C23,
3C23,
3423,
3C23,
3C23,
3C23,
3C23,
3423,
3C23,
3C23,
3C23,
3C23,
3C23,
3C23,
3C23,
3C23,
3C23,
3C23,
3C23,
3C23,
3C23,
3C23,
3C23,
3C24,
3C23,
3C23,
3C03,
3BA4,
2AC3,
0120,
21A4,
8470,
BE18,
C65A,
CE5B,
DEDD,
DEFD,
DF1D,
E73E,
DEDC,
DEFC,
DEFD,
DF1D,
E71D,
E71C,
E71D,
DEFD,
DF1D,
DF1D,
DF1D,
DF1D,
DF1D,
DEFC,
DEFC,
DEFC,
DEFC,
DEFC,
DEFC,
DEFC,
DEFC,
DEFC,
DEDC,
DEDC,
DEDC,
E71D,
D69B,
73D0,
424A,
8C93,
CE9B,
CEBC,
CE9B,
D6BC,
D6DC,
DEFD,
DEFD,
DF1D,
DEFD,
DEFC,
DEFC,
DEFD,
E71D,
E73D,
E73D,
E71D,
DEFC,
DEFC,
DF1C,
DEFC,
DEFC,
DEFC,
DF1D,
DF1D,
DEFC,
DEFC,
DF1C,
DF1C,
DF1C,
DF1C,
DEFC,
E6FC,
E6FB,
E6FA,
E6FA,
EF19,
EF18,
C591,
8B47,
9BC6,
CD09,
D548,
DD67,
E5A5,
E5E4,
E5C3,
DD83,
D543,
CD22,
CD43,
D5A4,
D5E5,
CDE4,
AD02,
6B40,
29C0,
21C0,
32C1,
4384,
43C4,
3BE4,
3C04,
3403,
3403,
3403,
3423,
3423,
3423,
3423,
3C23,
3C23,
3C43,
3C24,
3C24,
3C24,
3C24,
3C24,
3C24,
3C44,
3C44,
3C44,
3C44,
3C44,
3C44,
3C44,
3C44,
3C44,
3C44,
3C44,
3C43,
3C43,
3C43,
3C43,
3C43,
3C43,
3C43,
3C43,
3C43,
3C43,
3C43,
3C43,
3C44,
3C44,
3C44,
3C44,
3C44,
3C44,
3C44,
3C44,
3C44,
3C44,
3C44,
3C44,
3C44,
3C44,
3C44,
3C44,
3C64,
3C64,
3C64,
3C64,
3C64,
3C64,
3C44,
3C44,
3C44,
3C44,
3444,
3444,
3444,
3444,
3444,
3444,
3444,
3444,
3444,
3444,
3444,
3444,
3444,
3444,
3444,
3444,
3444,
3444,
3444,
3444,
3444,
3444,
3444,
3444,
3444,
3444,
3C24,
3C24,
3C24,
3C24,
3C24,
3C24,
3C24,
3C24,
3C24,
3C24,
3C24,
3C24,
3C24,
3C24,
3C24,
3C24,
3C24,
3C44,
3C44,
3C44,
3C44,
3C44,
3C44,
3C44,
3C44,
3C44,
3C44,
3C44,
3C44,
3C44,
3C44,
3C44,
3C43,
3C43,
3C43,
3C43,
3C43,
3C43,
3C43,
3C43,
3C43,
3C43,
3C43,
3C43,
3C43,
3C43,
3C43,
3C43,
3C43,
3C43,
3C43,
3C43,
3C43,
3C43,
3C43,
3C43,
3C43,
3C43,
3C43,
3C43,
3C43,
3C43,
3C43,
3C43,
3C44,
3C44,
3C44,
3C44,
3C44,
3C44,
3C44,
3C44,
3C43,
3C23,
3C23,
3C23,
3C43,
3C23,
3C23,
3C43,
3C43,
3C43,
3C43,
3C23,
3C43,
3C43,
3C43,
3C23,
3C23,
3C23,
3423,
3C23,
3C23,
3C23,
3C23,
3C23,
3C23,
3C23,
3C23,
3C23,
3C23,
3C23,
3C23,
3C23,
3C03,
43C5,
2AC3,
0120,
1983,
7C4F,
BE18,
C65A,
C65B,
D69C,
DEDC,
E73E,
EF5E,
DEFC,
D6BC,
DEDC,
E6FD,
E71D,
E73D,
EF3D,
E73D,
E71D,
DF1D,
E71D,
E71D,
E71D,
DEFC,
DEDC,
E6FD,
E71D,
E6FD,
DEFD,
DEFD,
DEFC,
DEFC,
DEDC,
DEDC,
DEFC,
E6FD,
BDF8,
634E,
5B2D,
AD97,
D6BB,
CEBB,
CEBC,
D6BC,
D6DC,
DEFC,
DEFD,
DEFD,
DEFC,
DEFC,
DEFC,
E71D,
E71D,
E71D,
E71D,
DF1D,
DEFC,
DF1D,
DEFC,
DEFC,
DEFC,
DEFC,
DF1C,
DF1C,
DF1C,
DF1C,
DF1C,
DF1C,
DF1C,
DF1C,
DEFC,
E71C,
E6FB,
E6DB,
E6FA,
E719,
EF39,
DE55,
A40B,
9367,
C4C9,
D549,
DD67,
E5C6,
E605,
E5E3,
D542,
A400,
9BC0,
B4C4,
CD86,
D5C7,
CDE7,
9CC3,
4AC0,
21A0,
2220,
3B63,
43C4,
3BC4,
3BE4,
3C03,
3403,
3403,
3403,
3423,
3423,
3423,
3423,
3C23,
3C23,
3C43,
3C44,
3C44,
3C44,
3C44,
3C44,
3C24,
3C24,
3C44,
3C44,
3C44,
3C44,
3C44,
3C44,
3C44,
3C44,
3C44,
3C44,
3C44,
3C44,
3C44,
3C44,
3C44,
3C44,
3C44,
3C44,
3C44,
3C44,
3C44,
3C44,
3C44,
3C44,
3C44,
3C44,
3C44,
3C44,
3C44,
3C44,
3C44,
3C44,
3C44,
3C64,
3C64,
3C64,
3C64,
3C64,
3C64,
3C64,
3C64,
3C64,
3C64,
3C64,
3444,
3444,
3444,
3444,
3444,
3444,
3444,
3444,
3444,
3444,
3444,
3444,
3444,
3444,
3444,
3444,
3444,
3444,
3444,
3444,
3444,
3444,
3444,
3444,
3444,
3464,
3464,
3464,
3464,
3464,
3C24,
3C24,
3C24,
3C24,
3C24,
3C24,
3C24,
3C24,
3C24,
3C24,
3C24,
3C24,
3C24,
3C24,
3C24,
3C24,
3C24,
3C43,
3C44,
3C43,
3C43,
3C43,
3C43,
3C43,
3C43,
3C43,
3C43,
3C44,
3C44,
3C44,
3C44,
3C44,
3C44,
3C43,
3C43,
3C43,
3C43,
3C43,
3C43,
3C43,
3C43,
3C43,
3C43,
3C43,
3C43,
3C43,
3C43,
3C43,
3C43,
3C43,
3C43,
3C43,
3C43,
3C43,
3C43,
3C43,
3C43,
3C43,
3C43,
3C43,
3C43,
3C43,
3C43,
3C43,
3C43,
3C43,
3C44,
3C43,
3C43,
3C43,
3C43,
3C43,
3443,
3C43,
3C43,
3C43,
3C43,
3C43,
3C43,
3C43,
3C43,
3C43,
3C43,
3C43,
3C43,
3C43,
3C43,
3C23,
3C23,
3423,
3423,
3C23,
3C23,
3C23,
3C23,
3C23,
3C23,
3C23,
3C23,
3C23,
3C23,
3C03,
3C23,
3C23,
3C03,
43C5,
3304,
0140,
1121,
6BCD,
B5F8,
C67B,
CE5B,
CE7B,
D6BC,
DEFD,
DEFD,
DEBC,
DEBC,
E6FD,
EF3E,
EF7E,
EF3D,
EF3D,
E73D,
E73D,
E73D,
E71D,
E71D,
E73D,
DF1D,
E71D,
E73D,
E73D,
E6FD,
DEFD,
DEFD,
DEFD,
DEFD,
DEDD,
E6DC,
E71D,
DEFC,
A535,
52CB,
6BAE,
B5F8,
CEBB,
CEBB,
D6BC,
D6DC,
DEDC,
DEFC,
DEFC,
DEFD,
DEFC,
DF1C,
E73C,
DEFC,
C619,
9CF4,
8431,
94D4,
BE19,
D6BB,
DEDC,
D6DC,
DEFC,
DEFC,
DEFC,
DF1C,
DF1C,
DF1C,
DF1C,
DF1D,
E71C,
DF1C,
DEFC,
E71C,
E6FB,
E6DB,
E6FB,
E719,
EF39,
DE95,
A44C,
8B27,
BC8A,
D54A,
D588,
DDE6,
E605,
E624,
C4E0,
7AA0,
6A60,
A425,
CD68,
CDA8,
C5E8,
94C4,
4AA0,
21A0,
2A81,
4384,
3BA4,
3BC4,
3BE4,
3403,
3403,
3403,
3403,
3423,
3423,
3423,
3423,
3C23,
3C23,
3C43,
3C44,
3444,
3444,
3444,
3444,
3C24,
3C24,
3C44,
3C44,
3C44,
3C44,
3C44,
3C44,
3C44,
3C44,
3C44,
3C44,
3C44,
3C44,
3C44,
3C44,
3C44,
3C44,
3C44,
3C44,
3C44,
3C44,
3C44,
3C44,
3C44,
3C44,
3C44,
3C44,
3C44,
3C44,
3C44,
3C44,
3C44,
3C44,
3C44,
3C44,
3C44,
3C44,
3C44,
3C44,
3C44,
3C44,
3C44,
3C44,
3C44,
3C44,
3444,
3444,
3444,
3444,
3444,
3444,
3444,
3444,
3444,
3444,
3444,
3444,
3444,
3444,
3444,
3444,
3444,
3444,
3444,
3444,
3444,
3444,
3444,
3444,
3444,
3464,
3464,
3464,
3464,
3C64,
3C24,
3C24,
3C24,
3C24,
3C24,
3C24,
3C24,
3C24,
3C24,
3C24,
3C24,
3C24,
3C24,
3C24,
3C24,
3C24,
3C24,
3C44,
3C44,
3C43,
3C43,
3C43,
3C43,
3C43,
3C43,
3C43,
3C43,
3C43,
3C44,
3C44,
3C44,
3C44,
3C44,
3C43,
3C43,
3C43,
3C43,
3C43,
3C43,
3C43,
3C43,
3C43,
3C43,
3C43,
3C43,
3C43,
3C43,
3C43,
3C43,
3C43,
3C43,
3C43,
3C43,
3C43,
3C43,
3C43,
3C43,
3C43,
3C43,
3C43,
3C43,
3C43,
3C43,
3C43,
3C43,
3C43,
3C44,
3C43,
3C43,
3C43,
3C43,
3C43,
3443,
3C43,
3C43,
3C43,
3C23,
3C43,
3C43,
3C43,
3C43,
3C43,
3C43,
3C43,
3C43,
3C43,
3C23,
3C23,
3C23,
3423,
3423,
3C23,
3C23,
3C23,
3C23,
3C23,
3C23,
3C23,
3C03,
3C23,
3C23,
3C03,
3C03,
3C23,
3C03,
43C5,
3B45,
0960,
00E0,
4AEA,
9D55,
C65B,
CE5B,
CE5B,
D69C,
DEDD,
E6FD,
E6FE,
E6FD,
DEBC,
D67B,
CE19,
B576,
AD35,
A535,
A535,
A535,
AD76,
B5B7,
BDF8,
C63A,
D69B,
DEBC,
DEFD,
E73E,
E73E,
E71E,
E71E,
E6FE,
E6DD,
E6DD,
E73E,
DEDC,
9492,
4A6A,
7BF0,
C639,
D6BB,
CE9B,
D6BC,
D6DC,
DEDC,
DEFC,
DEFC,
DEFC,
E6FC,
E71C,
E71C,
C619,
7BD0,
31A7,
0883,
2987,
7BF0,
B5D8,
CE9B,
D6BB,
DEFC,
E71D,
DEFC,
DEFC,
DF1C,
DF1C,
DF1C,
DF1C,
DF1C,
DF1C,
DF1C,
DF1C,
DEFB,
E6FB,
E6FB,
E719,
EF19,
E696,
AC8D,
8308,
B44A,
D54B,
D569,
DDC7,
E606,
EE45,
B4A0,
59C0,
4940,
8B84,
C549,
C548,
B526,
8C82,
4AE0,
3220,
32A1,
3B64,
3BA4,
3BC4,
3BE4,
3403,
3402,
3402,
3403,
3423,
3423,
3423,
3423,
3C23,
3C23,
3C43,
3C43,
3443,
3443,
3444,
3444,
3424,
3C24,
3C24,
3C24,
3C44,
3C44,
3C44,
3C44,
3C44,
3C44,
3C44,
3C44,
3C44,
3C44,
3C44,
3C44,
3C44,
3C44,
3C44,
3C44,
3C44,
3C44,
3C44,
3C44,
3C44,
3C44,
3C44,
3C44,
3C44,
3C44,
3C44,
3C44,
3C44,
3C44,
3C44,
3C44,
3C44,
3C44,
3444,
3444,
3444,
3444,
3444,
3444,
3444,
3444,
3444,
3444,
3444,
3444,
3444,
3444,
3444,
3444,
3444,
3444,
3444,
3444,
3444,
3444,
3444,
3444,
3444,
3444,
3444,
3444,
3444,
3444,
3444,
3444,
3444,
3464,
3464,
3464,
3464,
3464,
3C24,
3C24,
3C24,
3C24,
3C24,
3C24,
3C24,
3C24,
3C24,
3C24,
3C24,
3C24,
3C24,
3C24,
3C24,
3C24,
3C24,
3C44,
3C44,
3C44,
3C44,
3C44,
3C44,
3C43,
3C43,
3C43,
3C43,
3C43,
3C43,
3C43,
3C44,
3C44,
3C44,
3C44,
3C43,
3C43,
3C43,
3C43,
3C43,
3C43,
3C43,
3C43,
3C43,
3C43,
3C43,
3C43,
3C43,
3C43,
3C43,
3C43,
3C43,
3C43,
3C43,
3C43,
3C43,
3C43,
3C43,
3C43,
3C43,
3C43,
3C43,
3C43,
3C43,
3C43,
3C43,
3C43,
3C43,
3C43,
3C43,
3C43,
3C43,
3C43,
3C43,
3C23,
3C23,
3C23,
3C23,
3C23,
3C23,
3C23,
3C23,
3C23,
3C23,
3C23,
3C23,
3C23,
3C23,
3C23,
3C23,
3C23,
3C23,
3C23,
3C23,
3C23,
3C23,
3C23,
3C23,
3403,
3403,
3403,
3403,
3403,
3403,
3C23,
3C03,
43C5,
3B65,
2222,
0900,
29E6,
7410,
ADB8,
C65C,
CE3B,
D67C,
E6FE,
E6FE,
D65B,
AD15,
83CF,
6ACB,
49E7,
3986,
39A6,
41C6,
41C6,
41C6,
49E6,
5268,
5AAA,
6B2D,
7BAF,
8BF1,
ACF4,
CE3A,
D69B,
DE9C,
DEBD,
E6DD,
EEFE,
EF1E,
E71D,
DEDB,
8C51,
4A8A,
8C52,
C67A,
CEBB,
CE9B,
D6DC,
D6DC,
DEFC,
DEFC,
E6FC,
E6FC,
E6FC,
E73D,
DEDC,
A514,
4229,
0000,
0000,
0021,
4A4A,
9493,
B5D8,
CE5A,
D6BB,
DEFC,
DEFC,
DEFC,
DF1C,
DF1C,
DF1C,
DF1C,
DF1C,
DF1C,
DF1C,
DF1C,
DEFB,
E6FB,
E6FA,
E719,
EF19,
E6B6,
B4AE,
8307,
B46A,
DD6B,
DD69,
DDC7,
E647,
E625,
A420,
4940,
38C0,
7AE3,
BCE9,
BD08,
ACE6,
94A3,
5B60,
3260,
2A60,
3323,
3BC4,
3BE5,
3C04,
3C03,
3403,
3403,
3403,
3423,
3423,
3423,
3423,
3C23,
3C23,
3C23,
3C23,
3423,
3423,
3424,
3424,
3424,
3424,
3C24,
3C24,
3C24,
3C24,
3C24,
3C24,
3C24,
3C24,
3C24,
3C44,
3C44,
3C44,
3C44,
3C44,
3C44,
3C44,
3C44,
3C44,
3C44,
3C44,
3C44,
3C44,
3C44,
3C44,
3C44,
3C44,
3C44,
3C44,
3C44,
3C44,
3C44,
3C44,
3C44,
3C44,
3C44,
3C44,
3444,
3444,
3444,
3444,
3444,
3444,
3444,
3444,
3444,
3444,
3444,
3444,
3444,
3444,
3444,
3444,
3444,
3444,
3444,
3444,
3444,
3444,
3444,
3444,
3444,
3444,
3444,
3444,
3444,
3444,
3444,
3444,
3444,
3464,
3464,
3464,
3464,
3464,
3C24,
3C24,
3C24,
3C24,
3C24,
3C24,
3C24,
3C24,
3C24,
3C24,
3C24,
3C24,
3C24,
3C24,
3C24,
3C24,
3C24,
3C44,
3C44,
3C44,
3C44,
3C44,
3C44,
3C43,
3C43,
3C43,
3C43,
3C43,
3C43,
3C43,
3C44,
3C44,
3C44,
3C44,
3C43,
3C43,
3C43,
3C43,
3C43,
3C43,
3C43,
3C43,
3C43,
3C43,
3C43,
3C43,
3C43,
3C43,
3C43,
3C43,
3C43,
3C43,
3C43,
3C43,
3C43,
3C43,
3C43,
3C43,
3C43,
3C43,
3C43,
3C43,
3C43,
3C43,
3C43,
3C43,
3C43,
3C43,
3C43,
3C43,
3C43,
3C43,
3C43,
3C23,
3C23,
3C23,
3C23,
3C23,
3C23,
3C23,
3C23,
3C23,
3C23,
3C23,
3C23,
3C23,
3C23,
3C23,
3C23,
3C23,
3C23,
3C23,
3C23,
3C23,
3C23,
3C23,
3C23,
3403,
3403,
3403,
3403,
3403,
3423,
3C23,
3C03,
43C4,
4366,
3AE6,
1982,
08E2,
3A6A,
8CB5,
C63B,
CE7C,
D6BD,
DE9C,
B537,
734E,
3965,
2040,
1820,
2880,
3902,
4983,
51E4,
51E4,
49C4,
49A3,
41A3,
3983,
4184,
4184,
4985,
51E7,
72EB,
838E,
9431,
ACD4,
BD56,
CE19,
D67A,
D65A,
CE39,
8C51,
5ACB,
94B3,
CE7A,
CE9B,
CE9B,
D6DC,
D6DC,
DEFC,
DEFC,
DEFC,
DEFC,
DEFC,
E71D,
D6BB,
8C72,
39A7,
0001,
0000,
0021,
4209,
8C52,
B5B7,
C65A,
D69B,
DEDC,
DEDC,
DEFC,
DF1C,
DF1C,
DF1C,
DF1C,
DF1C,
DF1C,
DF1C,
DF1C,
DEFC,
DEFB,
E6FA,
E719,
EF19,
E696,
AC8D,
7B06,
B469,
DD8B,
D568,
DDC6,
E626,
CDA3,
8BA0,
51A0,
4140,
6242,
A448,
B4E8,
B547,
AD87,
73C2,
3240,
19E0,
22A1,
3384,
3BC4,
3BC4,
3BE4,
3C04,
3424,
3423,
3403,
3403,
3403,
3423,
3C23,
3C23,
3C23,
3423,
3423,
3424,
3424,
3424,
3424,
3424,
3424,
3C23,
3C24,
3C24,
3C24,
3C24,
3C24,
3C24,
3C24,
3C44,
3C44,
3C44,
3C44,
3C44,
3C44,
3C44,
3C44,
3C44,
3C44,
3C44,
3C44,
3C44,
3C44,
3C44,
3C44,
3C44,
3C44,
3C44,
3C44,
3C44,
3C44,
3C44,
3C44,
3C44,
3C44,
3C44,
3444,
3444,
3444,
3444,
3444,
3444,
3444,
3444,
3444,
3444,
3444,
3444,
3444,
3444,
3444,
3444,
3444,
3444,
3444,
3444,
3444,
3444,
3444,
3444,
3444,
3444,
3444,
3444,
3444,
3444,
3444,
3444,
3444,
3464,
3464,
3464,
3464,
3464,
3C24,
3C24,
3C24,
3C24,
3C24,
3C24,
3C24,
3C24,
3C24,
3C24,
3C24,
3C24,
3C24,
3C24,
3C24,
3C24,
3C24,
3C44,
3C44,
3C44,
3C43,
3C43,
3C43,
3C43,
3C43,
3C43,
3C43,
3C43,
3C44,
3C44,
3C44,
3C44,
3C44,
3C44,
3C43,
3C43,
3C43,
3C43,
3C43,
3C43,
3C43,
3C43,
3C43,
3C43,
3C43,
3C43,
3C43,
3C43,
3C43,
3C43,
3C43,
3C43,
3C43,
3C43,
3C43,
3C43,
3C43,
3C43,
3C43,
3C43,
3C43,
3C43,
3C43,
3C43,
3C43,
3C43,
3C43,
3C43,
3C43,
3C43,
3C43,
3C43,
3C43,
3C43,
3C43,
3C43,
3C23,
3C23,
3C23,
3C23,
3C23,
3C23,
3C23,
3C23,
3C43,
3C43,
3C43,
3C23,
3C23,
3C23,
3C23,
3C23,
3C23,
3C23,
3C23,
3C23,
3C23,
3423,
3403,
3403,
3403,
3403,
3423,
3C23,
3C03,
3BC4,
4385,
3B27,
2204,
00C1,
1965,
6BF1,
B5D9,
CE7B,
CE5B,
AD15,
62AA,
3123,
2901,
3941,
59E3,
8368,
9C4A,
A48A,
ACCA,
ACCA,
ACAA,
A469,
9428,
9408,
8386,
7305,
72A6,
5A25,
4163,
4144,
4185,
49C6,
5A49,
6AEB,
7B6E,
8BF1,
9472,
738E,
52AA,
94B2,
CE7A,
CE7A,
CE7B,
D6DC,
D6DC,
D6DC,
DEDC,
DEFC,
DEFC,
DEFC,
E71C,
D69B,
9CD4,
4229,
0842,
0000,
0001,
4A6A,
9CF4,
BDF9,
CE5A,
D6BB,
DEDC,
DEDC,
DEFC,
DF1C,
DF1C,
DF1C,
DF1C,
DF1C,
DF1C,
DF1C,
DF1C,
DEFC,
DEFB,
DF1A,
DF19,
E739,
E696,
A46C,
7AE5,
B469,
DD8A,
D587,
D5C6,
D5C6,
B4E2,
8360,
6260,
51C0,
59E1,
8BA6,
ACC8,
B547,
C5E9,
94A5,
4280,
19A0,
1200,
1A80,
2B02,
2B22,
2B63,
33C4,
33E3,
3403,
33E3,
2BE3,
3403,
3423,
3C23,
3423,
3423,
3423,
3423,
3424,
3424,
3424,
3424,
3424,
3424,
3424,
3C24,
3C24,
3C24,
3C24,
3C24,
3C24,
3C24,
3C44,
3C44,
3C44,
3C44,
3C44,
3C44,
3C44,
3C44,
3C44,
3C44,
3C44,
3C44,
3C44,
3C44,
3C44,
3C44,
3C44,
3C44,
3C44,
3C44,
3C44,
3C44,
3C44,
3C44,
3C44,
3C44,
3C44,
3444,
3444,
3444,
3444,
3444,
3444,
3444,
3444,
3444,
3444,
3444,
3444,
3444,
3444,
3444,
3444,
3444,
3444,
3444,
3444,
3444,
3444,
3444,
3444,
3444,
3444,
3444,
3444,
3444,
3444,
3444,
3444,
3444,
3464,
3464,
3464,
3464,
3464,
3C24,
3C24,
3C24,
3C24,
3C24,
3C24,
3C24,
3C24,
3C24,
3C24,
3C24,
3C24,
3C24,
3C24,
3C24,
3C24,
3C24,
3C44,
3C44,
3C44,
3C43,
3C43,
3C43,
3C43,
3C43,
3C43,
3C43,
3C44,
3C44,
3C44,
3C44,
3C44,
3C44,
3C43,
3C43,
3C43,
3C43,
3C43,
3C43,
3C43,
3C43,
3C43,
3C43,
3C43,
3C43,
3C43,
3C43,
3C43,
3C43,
3C43,
3C43,
3C43,
3C43,
3C43,
3C43,
3C43,
3C43,
3C43,
3C43,
3C43,
3C43,
3C43,
3C43,
3C43,
3C43,
3C43,
3C43,
3C43,
3C43,
3C43,
3C43,
3C43,
3C43,
3C43,
3C43,
3C43,
3C43,
3C23,
3C23,
3C23,
3C23,
3C23,
3C23,
3C23,
3C43,
3443,
3443,
3C23,
3C23,
3C23,
3C23,
3C23,
3C23,
3C23,
3C23,
3C23,
3C23,
3423,
3403,
3403,
3403,
3403,
3423,
3423,
3C03,
3BE3,
43C5,
4386,
32C5,
1162,
0902,
42AA,
9514,
B5D7,
A534,
62CA,
28E1,
4161,
7B06,
9C09,
B4CB,
CD8C,
DDEC,
D5EA,
D60A,
DE2B,
DE2B,
DE0B,
D5CA,
D5AA,
D5CA,
CD8A,
BD0A,
AC69,
8B67,
72C6,
6245,
49A4,
3902,
30E1,
28C2,
3945,
5208,
3165,
3185,
8C71,
C639,
CE7A,
CE7B,
D6BC,
D6DC,
DEDC,
DEDC,
DEFC,
DEFC,
DEFC,
DEFC,
DEDC,
C5F8,
7BD0,
39A8,
1083,
2146,
7C11,
BDD8,
CE5A,
D69B,
D6BC,
DEDC,
DEFC,
DEFC,
DF1C,
DF1C,
DF1C,
DF1C,
DF1C,
DF1C,
DF1C,
DF1C,
DF1C,
DEFB,
DF1A,
DF19,
E738,
DE96,
9C0B,
72C3,
BC88,
D589,
CD87,
D5A6,
CDA5,
A481,
7B40,
72E1,
6242,
51E1,
8364,
A4C7,
A4E5,
BDA8,
BDCA,
8466,
42A1,
19C0,
11C0,
11E0,
0A00,
1221,
1281,
1300,
1B61,
2381,
23A2,
3403,
3423,
3C23,
3423,
3443,
3443,
3444,
3424,
3424,
3424,
3424,
3424,
3424,
3424,
3424,
3C24,
3C24,
3C24,
3C24,
3C24,
3C24,
3C44,
3C44,
3C44,
3C44,
3C44,
3C44,
3C44,
3C44,
3C44,
3C44,
3C44,
3C44,
3C44,
3C44,
3C44,
3C44,
3C44,
3C44,
3C44,
3C44,
3C44,
3C44,
3C44,
3444,
3C44,
3C44,
3C44,
3444,
3444,
3444,
3444,
3444,
3444,
3444,
3444,
3444,
3444,
3444,
3444,
3444,
3444,
3444,
3444,
3444,
3444,
3444,
3444,
3444,
3444,
3444,
3444,
3444,
3444,
3444,
3444,
3444,
3444,
3444,
3464,
3464,
3464,
3464,
3464,
3464,
3464,
3C24,
3C24,
3C24,
3C24,
3C24,
3C24,
3C24,
3C24,
3C24,
3C24,
3C24,
3C24,
3C24,
3C24,
3C24,
3C24,
3C24,
3C44,
3C44,
3C44,
3C43,
3C43,
3C43,
3C43,
3C43,
3C43,
3C43,
3C44,
3C44,
3C44,
3C44,
3C44,
3C44,
3C43,
3C43,
3C43,
3C43,
3C43,
3C43,
3C43,
3C43,
3C43,
3C43,
3C43,
3C43,
3C43,
3C43,
3C43,
3C43,
3C43,
3C43,
3C43,
3C43,
3C43,
3C43,
3C43,
3C43,
3C43,
3C43,
3C43,
3C43,
3C43,
3C43,
3C43,
3C43,
3C43,
3C43,
3C43,
3C43,
3C43,
3C43,
3C43,
3C43,
3C43,
3C43,
3C43,
3C43,
3C23,
3C23,
3C23,
3C23,
3C24,
3C23,
3C23,
3C43,
3443,
3443,
3C23,
3C23,
3C23,
3C23,
3C23,
3C23,
3C23,
3C23,
3C23,
3C23,
3423,
3403,
3403,
3423,
3423,
3C23,
3423,
3C23,
3BE4,
43C5,
4BC6,
4366,
2243,
0120,
1963,
73EE,
A553,
7BEE,
41C4,
51E2,
9387,
BCCB,
CD4B,
D58B,
DDCA,
DDC8,
DDE7,
DDE6,
DE06,
E607,
E5E7,
DDE6,
DDC6,
E607,
E627,
D5E7,
DDE8,
D5C9,
CD69,
BCE8,
AC68,
93C7,
8345,
7326,
5A46,
4185,
18A1,
2123,
8451,
C618,
C639,
C65A,
CE9B,
D6DC,
DEDC,
DEDC,
DEFC,
DEFC,
DEFC,
DEFC,
DEFC,
DEFC,
C5F9,
9CB4,
8411,
8C72,
BDF8,
D6BB,
DEDC,
D6BB,
D6BB,
DEDC,
DEFC,
DEFC,
DF1C,
DF1C,
DF1C,
DF1D,
DF1D,
DF1C,
DF1C,
DF1C,
DF1C,
DEFB,
DF1B,
DEF9,
E718,
DE55,
93CA,
8324,
BCA8,
DD88,
CD87,
D5C7,
D5C6,
A461,
7300,
8364,
7B45,
51E0,
6281,
9C66,
AD06,
B547,
C60B,
ADAA,
8467,
5304,
2201,
0140,
0120,
0140,
01A0,
0240,
0AC0,
1B20,
2381,
33E3,
3403,
3C23,
3423,
3423,
3423,
3424,
3424,
3424,
3424,
3424,
3424,
3424,
3424,
3C24,
3C24,
3C24,
3C24,
3C24,
3C24,
3C24,
3C44,
3C44,
3C44,
3C44,
3C44,
3C44,
3C44,
3C44,
3C44,
3C44,
3C44,
3C44,
3C44,
3C44,
3C44,
3C44,
3C44,
3C44,
3C44,
3C44,
3C44,
3C44,
3C44,
3C44,
3C44,
3C44,
3444,
3444,
3444,
3444,
3444,
3444,
3444,
3444,
3444,
3444,
3444,
3444,
3444,
3444,
3444,
3444,
3444,
3444,
3444,
3444,
3444,
3444,
3444,
3444,
3444,
3444,
3444,
3444,
3444,
3444,
3444,
3444,
3444,
3444,
3464,
3464,
3464,
3464,
3464,
3C24,
3C24,
3C24,
3C24,
3C24,
3C24,
3C24,
3C24,
3C24,
3C24,
3C24,
3C24,
3C24,
3C24,
3C24,
3C24,
3C24,
3C24,
3C44,
3C44,
3C43,
3C43,
3C43,
3C43,
3C43,
3C43,
3C43,
3C44,
3C44,
3C44,
3C44,
3C44,
3C44,
3C43,
3C43,
3C43,
3C43,
3C43,
3C43,
3C43,
3C43,
3C43,
3C43,
3C43,
3C43,
3C43,
3C43,
3C43,
3C43,
3C43,
3C43,
3C43,
3C43,
3C43,
3C43,
3C43,
3C43,
3C43,
3C43,
3C43,
3C43,
3C43,
3C43,
3C43,
3C43,
3C43,
3C43,
3C43,
3C43,
3C43,
3C43,
3C43,
3C43,
3C43,
3C43,
3C43,
3C43,
3C43,
3C24,
3C24,
3C24,
3C24,
3C24,
3C24,
3C24,
3C24,
3C23,
3C23,
3C23,
3C23,
3C23,
3C23,
3C23,
3C23,
3C23,
3C23,
3C23,
3403,
3403,
3C23,
3C23,
3C23,
3C23,
3C23,
3C23,
3C04,
43C5,
4BE5,
43C5,
3303,
11C1,
0920,
3224,
6B69,
4A65,
41A1,
8367,
BCCB,
D52B,
D569,
D568,
D586,
DDA5,
DDC4,
E5E4,
E5E4,
E5C3,
E5E3,
E5E3,
DDE3,
DE04,
DE04,
E624,
E625,
E626,
DE26,
DE07,
DE08,
D5C9,
D5AA,
D5EE,
B4EF,
83AC,
5247,
31A5,
83EF,
BDD7,
C639,
C65A,
D6BC,
DEDC,
DEDC,
DEDC,
DEFC,
DEFC,
DEFC,
DEFC,
DEDC,
DEFC,
E6FC,
DEDC,
DEDB,
DEDC,
DEFC,
DEFC,
DEDC,
DEDB,
DEDC,
DEDC,
DEFC,
DEFC,
DEFC,
DF1D,
DF1D,
DF1D,
DF1D,
DF1C,
DF1C,
DF1C,
DF1C,
DEFB,
DF1B,
DEF9,
E739,
D634,
8B89,
8B66,
C4A8,
D568,
CD87,
D5C7,
CD86,
93C0,
72E0,
8C05,
9406,
49E0,
49A0,
9C45,
BD89,
B527,
B588,
9D28,
8447,
5B45,
2201,
0160,
0160,
01A0,
01E0,
0260,
1300,
2361,
2BC2,
3403,
3424,
3C24,
3C24,
3424,
3424,
3424,
3424,
3424,
3424,
3424,
3424,
3424,
3C24,
3C24,
3C24,
3C24,
3C24,
3C24,
3C24,
3C24,
3C24,
3C24,
3C24,
3C24,
3C24,
3C24,
3C24,
3C24,
3C24,
3C24,
3C44,
3C44,
3C44,
3C44,
3C44,
3C44,
3C44,
3C44,
3C44,
3C44,
3444,
3444,
3444,
3444,
3444,
3444,
3444,
3444,
3444,
3444,
3444,
3444,
3444,
3444,
3444,
3444,
3444,
3444,
3444,
3444,
3444,
3444,
3444,
3444,
3444,
3444,
3444,
3444,
3444,
3444,
3444,
3444,
3444,
3444,
3444,
3444,
3444,
3444,
3444,
3444,
3464,
3464,
3464,
3444,
3444,
3C24,
3C24,
3C24,
3C24,
3C24,
3C24,
3C24,
3C24,
3C24,
3C24,
3C24,
3C24,
3C24,
3C24,
3C24,
3C24,
3C24,
3C24,
3C44,
3C44,
3C43,
3C43,
3C43,
3C43,
3C43,
3C43,
3C43,
3C44,
3C44,
3C44,
3C44,
3C44,
3C44,
3C44,
3C43,
3C43,
3C43,
3C43,
3C43,
3C43,
3C43,
3C43,
3C43,
3C43,
3C43,
3C43,
3C43,
3C43,
3C43,
3C43,
3C43,
3C43,
3C43,
3C43,
3C43,
3C43,
3C43,
3C43,
3C43,
3C43,
3C43,
3C43,
3C43,
3C43,
3C43,
3C43,
3C43,
3C43,
3C43,
3C43,
3C43,
3C43,
3C43,
3C43,
3C43,
3C43,
3C43,
3C43,
3C24,
3C24,
3C24,
3C24,
3C24,
3C24,
3C24,
3C24,
3C23,
3C23,
3C23,
3C23,
3C23,
3C23,
3C23,
3C23,
3C23,
3C23,
3C23,
3403,
3403,
3C23,
3C23,
3C23,
3C23,
3C23,
3C23,
3C04,
43E4,
43E4,
43E4,
3363,
2AC3,
19E1,
1960,
2140,
18E0,
4A01,
9408,
CD2B,
DD6A,
DD48,
DD66,
DD85,
DD84,
E5A2,
E5C2,
E5C2,
E5C2,
E5C2,
E5E2,
E5C2,
E5E2,
E5E3,
E5E3,
E603,
E604,
E5E4,
E5E4,
E5E6,
E5E7,
E5C9,
D5CB,
D5D1,
CD93,
942E,
4A06,
62CA,
AD54,
CE59,
CE7A,
D6BC,
DEDC,
DEDC,
DEDC,
DEDB,
DEDB,
DEFC,
DEFC,
DEFC,
DEFC,
DEFC,
E6FC,
E71D,
E71D,
E6FC,
DEFC,
DEFC,
DEDC,
DEDC,
DEDC,
DEDC,
DEFC,
DEFC,
DEFC,
DEFC,
DEFC,
DEFC,
DEFC,
DEFC,
DF1C,
DF1C,
DEFC,
DF1B,
DF19,
EF59,
CDD3,
7B27,
8B65,
C4C8,
D547,
CD87,
D5A7,
BCE5,
7AE0,
7300,
A485,
9C66,
5A61,
49A0,
9404,
C589,
ACC6,
8404,
6B62,
4A81,
3220,
21E0,
19E0,
1A62,
1AA2,
1AE1,
1B20,
2381,
33E3,
3403,
3404,
3C24,
3C24,
3C24,
3C24,
3424,
3424,
3424,
3424,
3424,
3424,
3424,
3424,
3C24,
3C24,
3C24,
3C24,
3C24,
3C24,
3C24,
3C24,
3C24,
3C24,
3C24,
3C24,
3C24,
3C24,
3C24,
3C24,
3C24,
3C24,
3C44,
3C44,
3C44,
3C44,
3C44,
3C44,
3C44,
3C44,
3C44,
3C44,
3444,
3444,
3444,
3444,
3444,
3444,
3444,
3444,
3444,
3444,
3444,
3444,
3444,
3444,
3444,
3444,
3444,
3444,
3444,
3444,
3444,
3444,
3444,
3444,
3444,
3444,
3444,
3444,
3444,
3444,
3444,
3444,
3444,
3444,
3444,
3444,
3444,
3444,
3444,
3444,
3464,
3464,
3464,
3444,
3444,
3C24,
3C24,
3C24,
3C24,
3C24,
3C24,
3C24,
3C24,
3C24,
3C24,
3C24,
3C24,
3C24,
3C24,
3C24,
3C24,
3C23,
3C23,
3C44,
3C44,
3C44,
3C43,
3C43,
3C43,
3C43,
3C43,
3C43,
3C43,
3C43,
3C43,
3C44,
3C44,
3C44,
3C44,
3C43,
3C43,
3C43,
3C43,
3C43,
3C43,
3C43,
3C43,
3C43,
3C43,
3C43,
3C43,
3C43,
3C43,
3C43,
3C43,
3C43,
3C43,
3C43,
3C43,
3C43,
3C43,
3C43,
3C43,
3C43,
3C43,
3C43,
3C43,
3C43,
3C43,
3C43,
3C43,
3C43,
3C43,
3C43,
3C43,
3C43,
3C43,
3C43,
3C43,
3C43,
3C43,
3C43,
3C23,
3C23,
3C23,
3C23,
3C23,
3C24,
3C24,
3C24,
3C24,
3C23,
3C23,
3C23,
3C23,
3C23,
3C23,
3C23,
3C23,
3C23,
3C23,
3C23,
3423,
3403,
3C23,
3C23,
3C23,
3C23,
3C23,
3C23,
3C23,
3C04,
4404,
3BE3,
3383,
3B43,
32C2,
2200,
10E0,
18C0,
5A81,
ACA8,
CD6A,
DD69,
DD47,
DD46,
E564,
E583,
E5A2,
E5C2,
E5C2,
E5C2,
E5C2,
E5C2,
E5C2,
E5C2,
E5C2,
E5E3,
E5E3,
EDC3,
EDC3,
E5C3,
E5C4,
E5C6,
E5A7,
DDA9,
DDAD,
D5B2,
ACAF,
6287,
5A26,
A4B1,
CE38,
CE9A,
D6BB,
D6BC,
D6DC,
DEDC,
DEDB,
DEDB,
DEFC,
DEFC,
DEFC,
DEDC,
DEDC,
DEDC,
DEDC,
DEFC,
DEFC,
DEFC,
DEFC,
DEDC,
DEDC,
DEDC,
DEDC,
DEFC,
DEFC,
DEFC,
DEFC,
DEFC,
DEFC,
DEFC,
DEFC,
DEFB,
DEFB,
E6FB,
DF1B,
E71A,
E718,
B4F0,
72E6,
93C5,
C4E7,
CD46,
D587,
D5A7,
A443,
6A80,
7B41,
B4E7,
B508,
7323,
51E0,
7B41,
9C85,
7B83,
4A40,
2980,
2180,
2A00,
2A62,
32C3,
3344,
2B84,
2BA3,
2BC3,
33E3,
3404,
3403,
3404,
3C24,
3C24,
3424,
3424,
3424,
3424,
3424,
3424,
3424,
3424,
3424,
3424,
3424,
3424,
3C24,
3C24,
3C24,
3C24,
3C24,
3C24,
3C44,
3C44,
3C44,
3C44,
3C44,
3C44,
3C44,
3C44,
3C44,
3C44,
3C44,
3C44,
3C44,
3C44,
3C44,
3C44,
3C44,
3C44,
3C44,
3C44,
3444,
3444,
3444,
3444,
3C24,
3C44,
3444,
3444,
3444,
3444,
3444,
3444,
3444,
3444,
3444,
3444,
3444,
3444,
3444,
3444,
3444,
3444,
3444,
3444,
3444,
3444,
3444,
3444,
3444,
3444,
3444,
3444,
3444,
3444,
3444,
3444,
3444,
3444,
3444,
3444,
3464,
3464,
3464,
3444,
3444,
3C24,
3C24,
3C24,
3C24,
3C24,
3C24,
3C24,
3C24,
3C24,
3C24,
3C24,
3C24,
3C24,
3C24,
3C24,
3C23,
3C43,
3C43,
3C44,
3C44,
3C44,
3C44,
3C44,
3C43,
3C43,
3C43,
3C43,
3C43,
3C43,
3C43,
3C44,
3C44,
3C44,
3C44,
3C43,
3C43,
3C44,
3C43,
3C43,
3C43,
3C43,
3C43,
3C43,
3C43,
3C43,
3C43,
3C44,
3C43,
3C43,
3C43,
3C43,
3C43,
3C43,
3C43,
3C43,
3C43,
3C44,
3C43,
3C43,
3C43,
3C43,
3C43,
3C43,
3C43,
3C43,
3C43,
3C43,
3C43,
3C43,
3C43,
3C43,
3C43,
3C43,
3C43,
3C43,
3C43,
3C43,
3C23,
3C23,
3C23,
3C23,
3C23,
3C24,
3C24,
3C24,
3C24,
3C23,
3C23,
3C23,
3C23,
3C23,
3C23,
3C23,
3C23,
3C23,
3C23,
3C23,
3423,
3403,
3C23,
3C23,
3C23,
3C23,
3C23,
3C23,
3C23,
3C03,
3C03,
3C03,
3BC3,
43A3,
4B84,
3AC3,
2160,
2920,
7324,
B508,
CD68,
DD67,
E566,
E585,
E584,
E583,
E5A2,
E5A2,
E5C2,
E5C2,
E5A2,
E5C2,
E5C2,
E5C2,
E5E2,
E5E3,
E5C3,
E5C3,
E5C3,
E5C3,
E5C4,
E5A5,
E5A6,
DDC7,
DDCA,
D5CE,
ACED,
6AE6,
5A25,
83AD,
B596,
CE7A,
D6BB,
D6BB,
D6BC,
DEDC,
DEDB,
DEDB,
DEFC,
DEDC,
DEFC,
DEDC,
DEDC,
DEDC,
DEDC,
DEFC,
DEFC,
DEFC,
DEFC,
DEFC,
DEFC,
DEFC,
DEFC,
DEFC,
DEFC,
DEFC,
DEFC,
DEFC,
DEFC,
DEFB,
DEFB,
DEFB,
DEFB,
DEFB,
DEFA,
E719,
D676,
940C,
72E6,
A447,
C507,
CD46,
D5A7,
CD67,
8B61,
6220,
8B83,
BD49,
CDAA,
9405,
5200,
6240,
6AC1,
39A0,
10C0,
08E0,
2200,
2AC1,
3303,
4384,
3BE5,
33E4,
33E3,
3404,
3404,
3404,
3403,
3404,
3404,
3C24,
3424,
3424,
3424,
3424,
3424,
3424,
3424,
3424,
3424,
3424,
3424,
3424,
3424,
3C24,
3C24,
3C24,
3C24,
3C24,
3C44,
3C44,
3C44,
3C44,
3C44,
3C44,
3C44,
3C44,
3C44,
3C44,
3C44,
3C44,
3C44,
3C44,
3C44,
3C44,
3C44,
3C44,
3C44,
3C44,
3444,
3444,
3444,
3444,
3C24,
3444,
3444,
3444,
3444,
3444,
3444,
3444,
3444,
3444,
3444,
3444,
3444,
3444,
3444,
3444,
3444,
3444,
3444,
3444,
3444,
3444,
3444,
3444,
3444,
3444,
3444,
3444,
3444,
3444,
3444,
3444,
3444,
3444,
3444,
3444,
3464,
3464,
3464,
3444,
3444,
3C24,
3C24,
3C24,
3C24,
3C24,
3C24,
3C24,
3C24,
3C24,
3C24,
3C24,
3C24,
3C24,
3C24,
3C24,
3C24,
3C24,
3C44,
3C44,
3C44,
3C44,
3C44,
3C44,
3C43,
3C43,
3C43,
3C43,
3C43,
3C44,
3C44,
3C44,
3C44,
3C44,
3C44,
3C44,
3C44,
3C44,
3C44,
3C44,
3C44,
3C44,
3C44,
3C43,
3C43,
3C44,
3C44,
3C44,
3C44,
3C44,
3C44,
3C44,
3C44,
3C43,
3C43,
3C44,
3C44,
3C44,
3C44,
3C44,
3C44,
3C44,
3C43,
3C44,
3C44,
3C44,
3C44,
3C43,
3C44,
3C44,
3C44,
3C44,
3C44,
3C43,
3C43,
3C43,
3C43,
3C43,
3C23,
3C23,
3C23,
3C23,
3C23,
3C24,
3C24,
3C24,
3C24,
3C23,
3C23,
3C23,
3C23,
3C23,
3C23,
3C23,
3C23,
3C23,
3C23,
3C23,
3423,
3403,
3423,
3423,
3423,
3C23,
3C23,
3C23,
3423,
3C23,
3C03,
3C03,
3C03,
43E4,
4BC5,
4303,
2160,
2920,
7B45,
BD29,
CD88,
D566,
E565,
E5A4,
E5A3,
E5A3,
E5A2,
E5A2,
E5A2,
E5C2,
EDC2,
EDC2,
EDC2,
EDC2,
EDC3,
EDE3,
EDE3,
E5C3,
E5C3,
E5C3,
E5C4,
E5A5,
E5C5,
DDC6,
DDC9,
D5CC,
C56D,
8BE9,
51E3,
5A27,
9471,
C639,
D6BC,
D6BC,
D6BC,
DEDC,
DEDB,
D6DB,
DEDC,
DEDC,
DEFC,
DEFC,
DEFC,
DEDC,
DEFC,
DEFC,
DEFC,
DEFC,
DEFC,
DEFC,
DEFC,
DEFC,
DEFC,
DEFC,
DEFC,
DEFC,
DEFC,
DEFC,
DEFC,
DEFB,
DEFB,
DEFB,
DEFB,
DEDA,
DEFA,
DED8,
BD92,
7309,
72C5,
B487,
C506,
CD46,
D5A7,
BCC5,
7AC0,
6220,
9BE5,
C589,
D5EA,
A465,
49C0,
4960,
41A0,
18C0,
10E0,
19A0,
32A0,
3B62,
3BA3,
3BE4,
3404,
3403,
3403,
3403,
3403,
3403,
3403,
3404,
3424,
3C24,
3424,
3424,
3424,
3424,
3424,
3424,
3424,
3424,
3424,
3424,
3424,
3424,
3424,
3C24,
3C24,
3C24,
3C24,
3C24,
3C44,
3C44,
3C44,
3C44,
3C44,
3C44,
3C44,
3C44,
3C44,
3C44,
3C44,
3C44,
3C44,
3C44,
3C44,
3C44,
3C44,
3C44,
3C44,
3C44,
3C44,
3C44,
3C44,
3444,
3444,
3444,
3C44,
3444,
3444,
3444,
3444,
3444,
3444,
3444,
3444,
3444,
3444,
3444,
3444,
3444,
3444,
3444,
3444,
3444,
3444,
3444,
3444,
3444,
3444,
3444,
3444,
3444,
3444,
3444,
3444,
3444,
3444,
3444,
3444,
3444,
3464,
3464,
3464,
3444,
3444,
3C24,
3C24,
3C24,
3C24,
3C24,
3C24,
3C24,
3C24,
3C24,
3C24,
3C24,
3C24,
3C24,
3C24,
3C24,
3C24,
3C24,
3C44,
3C44,
3C44,
3C44,
3C44,
3C44,
3C43,
3C43,
3C43,
3C43,
3C43,
3C44,
3C44,
3C44,
3C44,
3C44,
3C43,
3C44,
3C44,
3C44,
3C44,
3C44,
3C44,
3C44,
3C44,
3C43,
3C44,
3C44,
3C44,
3C44,
3C44,
3C44,
3C44,
3C44,
3C44,
3C43,
3C44,
3C44,
3C44,
3C44,
3C44,
3C44,
3C44,
3C44,
3C44,
3C44,
3C44,
3C44,
3C44,
3C44,
3C44,
3C44,
3C44,
3C44,
3C44,
3C24,
3C24,
3C24,
3C24,
3C24,
3C23,
3C23,
3C23,
3C23,
3C24,
3C24,
3C24,
3C24,
3C24,
3C23,
3C23,
3C23,
3C23,
3C23,
3C23,
3C23,
3C23,
3C23,
3C23,
3423,
3423,
3423,
3423,
3423,
3423,
3423,
3423,
3423,
3423,
3C23,
3C03,
3C03,
3C03,
43E4,
4BC4,
4303,
1960,
2920,
8385,
C56A,
CD68,
D546,
DD64,
E584,
E5A3,
E5A3,
E5A2,
E5A3,
E5A3,
E5C3,
EDC3,
EDC2,
EDC2,
EDC3,
EDC4,
EDC4,
EDC4,
EDC3,
EDC4,
EDC4,
EDC4,
E5C4,
E5C5,
E5C6,
DDC8,
D5EB,
CDCE,
ACCB,
6264,
4163,
734C,
B5D7,
D6DC,
D69B,
D6BC,
D6BC,
D6DB,
D6DB,
DEDC,
DEFC,
DEFC,
DEFC,
DEFC,
DEFC,
DEFC,
DEFC,
DEFC,
DEFC,
DEFC,
DEFC,
DEFC,
DEFC,
DEFC,
DEFC,
DEDC,
DEDC,
DEDB,
DEDB,
DEFB,
DEFB,
DEFB,
DEFB,
DEDB,
DEDA,
E71A,
DEB7,
A4AE,
5A24,
7264,
B488,
D547,
D5A6,
D567,
AC44,
7260,
7AA2,
AC88,
C589,
CDC9,
A485,
49C0,
3100,
2940,
18E0,
19A0,
2A60,
3B22,
43A3,
3BE3,
33E3,
3403,
3403,
3403,
3403,
3403,
3423,
3423,
3423,
3423,
3C24,
3C24,
3424,
3424,
3424,
3424,
3424,
3424,
3424,
3444,
3444,
3444,
3444,
3424,
3C24,
3C24,
3C24,
3C44,
3C44,
3C44,
3C44,
3C44,
3C44,
3C44,
3C44,
3C44,
3C44,
3C44,
3C44,
3C44,
3C44,
3C44,
3C44,
3C44,
3C44,
3C44,
3C44,
3C44,
3C44,
3C44,
3C44,
3C44,
3C44,
3C44,
3C44,
3C44,
3444,
3444,
3444,
3444,
3444,
3444,
3444,
3444,
3444,
3444,
3444,
3444,
3444,
3444,
3444,
3444,
3444,
3444,
3444,
3444,
3444,
3444,
3444,
3444,
3444,
3444,
3444,
3444,
3444,
3444,
3444,
3444,
3444,
3444,
3444,
3444,
3444,
3444,
3C24,
3C24,
3C24,
3C24,
3C24,
3C24,
3C24,
3C24,
3C24,
3C24,
3C24,
3C24,
3C24,
3C24,
3C24,
3C24,
3C24,
3C44,
3C44,
3C44,
3C44,
3C44,
3C44,
3C43,
3C43,
3C43,
3C43,
3C44,
3C44,
3C44,
3C44,
3C44,
3C44,
3C43,
3C44,
3C44,
3C44,
3C44,
3C44,
3C44,
3C44,
3C44,
3C43,
3C44,
3C44,
3C44,
3C44,
3C44,
3C44,
3C44,
3C44,
3C44,
3C44,
3C44,
3C44,
3C44,
3C44,
3C44,
3C44,
3C44,
3C44,
3C44,
3C44,
3C44,
3C44,
3C44,
3C44,
3C44,
3C44,
3C44,
3C44,
3C44,
3C24,
3C24,
3C24,
3C24,
3C24,
3C23,
3C23,
3C23,
3C23,
3C24,
3C24,
3C24,
3C24,
3C24,
3C23,
3C23,
3C23,
3C23,
3C23,
3C23,
3C23,
3C23,
3C23,
3C23,
3C23,
3423,
3423,
3423,
3423,
3423,
3423,
3423,
3423,
3C23,
3C23,
3403,
3C03,
3C03,
43E4,
43C4,
3B03,
2160,
2940,
7B45,
B4E9,
CD48,
D566,
E565,
E584,
E5A3,
E5A2,
E5C3,
EDC3,
EDC3,
EDC3,
EDC3,
EDC3,
EDC2,
EDC3,
EDC4,
EDC4,
EDC4,
EDC4,
EDC4,
EDE4,
EDC4,
E5C4,
E5C4,
E5C5,
DDC6,
D5E8,
CDEB,
BD2B,
8BA6,
5204,
5248,
9CB2,
CE7A,
D6BB,
D6BC,
D6BC,
D6BB,
D6DC,
D6DC,
DEDC,
DEFC,
DEFC,
DEFC,
DEFC,
DEFC,
DEFC,
DEFC,
DEFC,
DEFC,
DEFC,
DEFC,
DEFC,
DEFC,
DEFC,
DEDC,
DEDC,
DEDC,
DEFB,
DEFB,
DEFB,
DEFB,
E6FB,
E6DB,
DEDA,
DEFA,
C614,
7348,
49A1,
7AC4,
BCA8,
DD88,
DDC7,
CD46,
9BA2,
6A20,
8B44,
BCE9,
C568,
CD88,
ACA5,
49E0,
18A0,
2120,
21C0,
2A62,
3303,
3B84,
33C3,
33E3,
3403,
3403,
3403,
3C03,
3403,
3403,
3423,
3423,
3423,
3423,
3C24,
3C24,
3C24,
3423,
3424,
3424,
3424,
3424,
3424,
3444,
3444,
3444,
3444,
3424,
3C24,
3C24,
3C24,
3C44,
3C44,
3C44,
3C44,
3C44,
3C44,
3C44,
3C44,
3C44,
3C44,
3C44,
3C44,
3C44,
3C44,
3C44,
3C44,
3C44,
3C44,
3C44,
3C44,
3C44,
3C44,
3C44,
3C44,
3C44,
3C44,
3C44,
3C44,
3C44,
3444,
3444,
3444,
3444,
3444,
3444,
3444,
3444,
3444,
3444,
3444,
3444,
3444,
3444,
3444,
3444,
3444,
3444,
3444,
3444,
3444,
3444,
3444,
3444,
3444,
3444,
3444,
3444,
3444,
3444,
3444,
3444,
3444,
3444,
3444,
3444,
3444,
3444,
3C24,
3C24,
3C24,
3C24,
3C24,
3C24,
3C24,
3C24,
3C24,
3C24,
3C24,
3C24,
3C24,
3C24,
3C24,
3C24,
3C24,
3C44,
3C44,
3C44,
3C43,
3C43,
3C43,
3C43,
3C43,
3C43,
3C43,
3C43,
3C43,
3C43,
3C43,
3C44,
3C44,
3C43,
3C43,
3C43,
3C44,
3C44,
3C44,
3C44,
3C43,
3C43,
3C43,
3C43,
3C43,
3C43,
3C44,
3C44,
3C44,
3C44,
3C44,
3C44,
3C24,
3C24,
3C24,
3C24,
3C24,
3C24,
3C24,
3C24,
3C24,
3C24,
3C44,
3C44,
3C44,
3C44,
3C44,
3C44,
3C44,
3C44,
3C44,
3C44,
3C24,
3C24,
3C24,
3C24,
3C24,
3C23,
3C23,
3C23,
3C23,
3C24,
3C24,
3C24,
3C24,
3C24,
3C24,
3C43,
3C43,
3C43,
3C43,
3C43,
3C43,
3C43,
3C43,
3C43,
3C43,
3423,
3423,
3423,
3423,
3423,
3423,
3423,
3423,
3C23,
3C23,
3423,
3C02,
3C03,
4404,
43C4,
3B23,
29E0,
2960,
62C3,
A488,
C528,
D546,
E565,
E584,
E5A3,
E5C2,
E5C3,
EDC3,
E5C3,
E5C3,
EDE3,
E5E3,
E5C3,
E5C3,
EDC3,
EDC3,
EDC3,
EDC3,
EDC3,
EDE4,
EDC4,
E5C3,
E5C4,
E5C5,
E5C5,
DDC7,
DDE9,
CD6A,
B4CA,
7B26,
49E4,
6B2B,
AD75,
D69B,
DEFD,
D6DC,
D6BB,
D6BB,
D6DB,
D6DB,
DEDC,
DEFB,
DEFC,
DEDB,
DEFC,
DEFC,
DEFC,
DEFC,
DEFC,
DEFC,
DEFC,
DEFC,
DEFC,
DEFC,
DEFC,
DEFC,
DEFC,
DEFB,
DEFB,
DEFB,
DEFB,
DEDB,
E6DB,
DEDB,
CE37,
93EC,
51C2,
6222,
A3C7,
CCE9,
DDA8,
E5E6,
C504,
8300,
61E0,
9BC6,
C54A,
C567,
CD87,
ACA5,
4A00,
10A0,
2180,
3281,
3B24,
3B84,
33C4,
33E4,
3403,
3403,
3403,
3423,
3403,
3403,
3423,
3423,
3C24,
3C24,
3C24,
3C24,
3423,
3423,
3443,
3443,
3444,
3444,
3444,
3444,
3C44,
3C44,
3C44,
3C44,
3C44,
3C44,
3C24,
3C44,
3C44,
3C44,
3C44,
3C44,
3C44,
3C44,
3C44,
3C44,
3C44,
3C44,
3C44,
3C44,
3C44,
3C44,
3C44,
3C44,
3C44,
3C44,
3C44,
3C44,
3C44,
3C44,
3C44,
3C44,
3C44,
3C44,
3C44,
3C44,
3C44,
3C44,
3C44,
3444,
3444,
3444,
3444,
3444,
3444,
3444,
3444,
3444,
3444,
3444,
3444,
3444,
3444,
3444,
3444,
3444,
3444,
3444,
3444,
3444,
3444,
3444,
3444,
3444,
3444,
3444,
3444,
3444,
3444,
3444,
3444,
3444,
3444,
3444,
3444,
3C24,
3C24,
3C24,
3C24,
3C24,
3C24,
3C24,
3C24,
3C24,
3C24,
3C24,
3C24,
3C24,
3C24,
3C24,
3C24,
3C24,
3C24,
3C44,
3C44,
3C43,
3C43,
3C43,
3C43,
3C43,
3C43,
3C43,
3C43,
3C43,
3C43,
3C43,
3C44,
3C44,
3C43,
3C43,
3C43,
3C43,
3C44,
3C44,
3C24,
3C43,
3C43,
3C43,
3C43,
3C43,
3C43,
3C23,
3C44,
3C44,
3C44,
3C44,
3C44,
3C24,
3C24,
3C24,
3C24,
3C24,
3C23,
3C24,
3C24,
3C24,
3C24,
3C44,
3C44,
3C44,
3C44,
3C44,
3C44,
3C44,
3C44,
3C44,
3C44,
3C24,
3C24,
3C24,
3C24,
3C24,
3C24,
3C24,
3C24,
3C24,
3C24,
3C23,
3C23,
3C23,
3C24,
3C24,
3C43,
3C43,
3C43,
3C43,
3C43,
3C43,
3C43,
3C43,
3C43,
3C43,
3C23,
3C23,
3C23,
3C23,
3C23,
3423,
3423,
3423,
3C23,
3C23,
3423,
3402,
3C03,
43E4,
43C4,
3B23,
3262,
2960,
4A01,
9C28,
C568,
D566,
DD85,
E584,
E5A3,
E5C3,
E5C3,
E5C3,
E5C3,
E5C3,
EDE3,
EDE3,
E5C3,
EDE3,
EDE3,
EDC3,
EDC3,
EDC3,
EDC3,
EDE3,
EDE3,
E5C3,
E5E3,
E5C4,
E5C4,
DDC6,
DDE7,
DDA8,
C529,
9C27,
5242,
4225,
73AD,
BDF8,
E71E,
DEFD,
D6DC,
D6DB,
D6DB,
D6DB,
D6DB,
DEFB,
DEFB,
DEDB,
DEFC,
DEFC,
DEFC,
DEFC,
DEFC,
DEFC,
DEFC,
DEFC,
DEFC,
DEFC,
DEFC,
DEFC,
DEFC,
DEFC,
DEFB,
DEFA,
E6FB,
E6FB,
E6DB,
D659,
9C91,
59E4,
4940,
82E5,
BC88,
DD49,
E5C7,
DDE5,
B482,
6A40,
6A00,
B467,
D5AA,
CDA7,
C566,
9403,
41C0,
1900,
2A21,
3B03,
4364,
33A4,
33C4,
33E5,
3C04,
3423,
3403,
3423,
3403,
3403,
3423,
3423,
3C24,
3C24,
3C24,
3C24,
3423,
3443,
3423,
3423,
3444,
3444,
3444,
3444,
3C44,
3C44,
3C44,
3C44,
3C44,
3C44,
3C24,
3C44,
3C44,
3444,
3444,
3444,
3444,
3444,
3C44,
3C44,
3C44,
3C44,
3C44,
3C44,
3C44,
3C44,
3C44,
3C44,
3C44,
3C44,
3C44,
3C44,
3C44,
3C44,
3C44,
3C44,
3C44,
3C44,
3C44,
3C44,
3C44,
3C44,
3C44,
3C44,
3444,
3444,
3444,
3444,
3444,
3444,
3444,
3444,
3444,
3444,
3444,
3444,
3444,
3444,
3444,
3444,
3444,
3444,
3444,
3444,
3444,
3444,
3444,
3444,
3444,
3444,
3444,
3444,
3444,
3444,
3444,
3444,
3444,
3444,
3444,
3C24,
3C24,
3C24,
3C24,
3C24,
3C24,
3C24,
3C24,
3C24,
3C24,
3C24,
3C24,
3C24,
3C24,
3C24,
3C24,
3C24,
3C24,
3C44,
3C44,
3C43,
3C43,
3C43,
3C43,
3C43,
3C43,
3C43,
3C43,
3C43,
3C43,
3C43,
3C44,
3C44,
3C43,
3C43,
3C43,
3C43,
3C44,
3C44,
3C24,
3C43,
3C43,
3C43,
3C43,
3C43,
3C43,
3C23,
3C44,
3C44,
3C44,
3C44,
3C44,
3C24,
3C24,
3C24,
3C24,
3C24,
3C24,
3C24,
3C24,
3C24,
3C24,
3C24,
3C24,
3C44,
3C44,
3C44,
3C44,
3C44,
3C44,
3C44,
3C44,
3C24,
3C24,
3C24,
3C24,
3C24,
3C24,
3C24,
3C24,
3C24,
3C24,
3C24,
3C24,
3C24,
3C24,
3C24,
3C43,
3C43,
3C43,
3C43,
3C43,
3C43,
3C43,
3C43,
3C43,
3C43,
3C23,
3C23,
3C23,
3C23,
3C23,
3423,
3423,
3423,
3C23,
3C23,
3423,
3422,
3C03,
4404,
43C4,
3B23,
3262,
2160,
3120,
62A2,
ACA6,
CD67,
DD65,
E5A4,
E5A3,
E5C3,
E5C3,
E5C3,
E5C3,
E5E3,
EDE3,
EDE3,
E5E3,
E5E3,
EDE3,
EDE3,
EDE3,
EDE3,
EDE3,
EDE3,
EDE3,
E5C3,
E5E3,
E5C3,
E5C4,
E5C5,
DDE6,
DDC7,
CD88,
B508,
7BA5,
4A23,
41E6,
A514,
E73E,
DEFD,
DEFD,
D6DC,
D6BB,
D6DB,
D6DB,
D6DB,
DEDB,
DEDC,
D6FB,
D6FB,
DEFC,
DEFC,
DEFC,
DEFC,
DEFC,
DEFC,
DEFC,
DEFC,
DEFC,
DEDC,
DEFC,
DEFC,
DEFB,
DEFB,
E71C,
EF1C,
DEBB,
B536,
628A,
4121,
6A22,
A3E7,
CD29,
DD88,
E5C7,
D5A5,
9BC0,
61E0,
7AA1,
BCC8,
D5AA,
D5C8,
C565,
7B80,
3980,
1100,
2A81,
4344,
3B84,
33A4,
33E4,
33E5,
3404,
3403,
3403,
3423,
3404,
3404,
3423,
3423,
3C24,
3C24,
3C24,
3C24,
3423,
3423,
3423,
3424,
3444,
3444,
3444,
3444,
3C44,
3C44,
3C44,
3C44,
3C44,
3C44,
3C24,
3C44,
3444,
3444,
3444,
3444,
3444,
3444,
3C44,
3C44,
3C44,
3C44,
3C44,
3C44,
3C44,
3C44,
3C44,
3C44,
3C44,
3C44,
3C44,
3C44,
3C44,
3C44,
3C44,
3C44,
3C44,
3C44,
3C44,
3C44,
3C44,
3C44,
3C44,
3C44,
3C44,
3C44,
3C44,
3C44,
3444,
3444,
3444,
3444,
3444,
3444,
3444,
3444,
3444,
3444,
3444,
3444,
3444,
3444,
3444,
3444,
3444,
3444,
3444,
3444,
3444,
3444,
3444,
3444,
3444,
3444,
3444,
3444,
3444,
3444,
3444,
3C24,
3C24,
3C24,
3C24,
3C24,
3C24,
3C24,
3C24,
3C24,
3C24,
3C24,
3C24,
3C24,
3C24,
3C24,
3C24,
3C24,
3C24,
3C44,
3C44,
3C43,
3C43,
3C43,
3C43,
3C43,
3C43,
3C43,
3C43,
3C43,
3C43,
3C43,
3C43,
3C43,
3C43,
3C43,
3C43,
3C43,
3C43,
3C43,
3C43,
3C43,
3C43,
3C43,
3C43,
3C43,
3C43,
3C43,
3C43,
3C43,
3C43,
3C43,
3C44,
3C24,
3C24,
3C24,
3C24,
3C24,
3C24,
3C24,
3C24,
3C24,
3C24,
3C24,
3C24,
3C24,
3C44,
3C44,
3C44,
3C44,
3C44,
3C44,
3C44,
3C24,
3C24,
3C24,
3C24,
3C24,
3C24,
3C24,
3C24,
3C24,
3C24,
3C24,
3C24,
3C24,
3C24,
3C24,
3C24,
3C24,
3C43,
3C43,
3C43,
3C43,
3C43,
3C43,
3C43,
3C43,
3C23,
3C23,
3C23,
3C23,
3C23,
3423,
3423,
3423,
3423,
3423,
3423,
3422,
3C03,
4404,
43C4,
3B23,
3262,
2160,
20A0,
28E0,
6261,
A404,
CCE6,
DD85,
E5A3,
E5C3,
E5C3,
E5C3,
E5E3,
E5E3,
E5E3,
E5E3,
E603,
E5E3,
E5E3,
EDE3,
EDE3,
EDE3,
EDE3,
E5E3,
E5C3,
E5C3,
E5C3,
E5C3,
E5C3,
E5E3,
E5E4,
DDC6,
D5C7,
CDA9,
BD6A,
7BA7,
4204,
736D,
A535,
C659,
D6DC,
DEDC,
D6DC,
D6BB,
D6BB,
D6DB,
D6DB,
D6DC,
D6DB,
D6DB,
DEFB,
DEFB,
DEDB,
DEDC,
DEFC,
DEFC,
DEFC,
DEFC,
DEDB,
DEDB,
DEDB,
DEDC,
DEFC,
E71C,
E6FB,
CE18,
A492,
5229,
28E2,
51C3,
9367,
C4C9,
DD89,
DDA8,
E5E8,
CD45,
82E0,
61E0,
9383,
C52A,
D58A,
D5C8,
C585,
83C0,
4200,
2140,
3281,
4365,
43A5,
3BE5,
3C04,
3404,
3404,
3404,
3403,
3404,
3404,
3403,
3423,
3423,
3C24,
3C24,
3C24,
3C24,
3C24,
3C23,
3423,
3424,
3444,
3444,
3444,
3444,
3C44,
3C44,
3C44,
3C44,
3C44,
3C44,
3C44,
3C44,
3444,
3444,
3444,
3444,
3444,
3444,
3C44,
3C44,
3C44,
3C44,
3C44,
3C44,
3C44,
3C44,
3C44,
3C44,
3C44,
3C44,
3C44,
3C44,
3C44,
3C44,
3C44,
3C44,
3C44,
3C44,
3C44,
3C44,
3C44,
3C44,
3C44,
3C44,
3C44,
3C44,
3C44,
3C44,
3C44,
3444,
3444,
3444,
3444,
3444,
3444,
3444,
3444,
3444,
3444,
3444,
3444,
3444,
3444,
3444,
3444,
3444,
3444,
3444,
3444,
3444,
3444,
3444,
3444,
3444,
3444,
3444,
3444,
3444,
3444,
3C24,
3C24,
3C24,
3C24,
3C24,
3C24,
3C24,
3C24,
3C24,
3C24,
3C24,
3C24,
3C24,
3C24,
3C24,
3C24,
3C24,
3C44,
3C44,
3C44,
3C43,
3C43,
3C43,
3C43,
3C43,
3C43,
3C43,
3C43,
3C43,
3C43,
3C43,
3C43,
3C43,
3C43,
3C43,
3C43,
3C43,
3C43,
3C43,
3C43,
3C43,
3C43,
3C43,
3C43,
3C43,
3C43,
3C43,
3C43,
3C43,
3C43,
3C43,
3C44,
3C24,
3C24,
3C24,
3C24,
3C24,
3C24,
3C24,
3C24,
3C24,
3C24,
3C24,
3C24,
3C24,
3C44,
3C44,
3C44,
3C44,
3C44,
3C44,
3C44,
3C24,
3C24,
3C24,
3C24,
3C24,
3C24,
3C24,
3C24,
3C24,
3C24,
3C24,
3C24,
3C24,
3C24,
3C24,
3C24,
3C23,
3C43,
3C43,
3C43,
3C43,
3C43,
3C43,
3C43,
3C43,
3C23,
3C23,
3C23,
3C23,
3C23,
3423,
3423,
3423,
3423,
3423,
3423,
3422,
3C23,
43E4,
43A4,
3B03,
3263,
31E2,
3981,
30E0,
3900,
7261,
B404,
D525,
DDA4,
E5C3,
E5C3,
E5C3,
E5E3,
E5E3,
E5E3,
E5E3,
E5E3,
E5E3,
E5E3,
E5E3,
E5E3,
E5E3,
E5E3,
E5C3,
E5C3,
E5C3,
E5E2,
E5E2,
E5E3,
E5E3,
E5C3,
E5C5,
DDC7,
DDC8,
DE0B,
BD6C,
83C9,
5287,
4A69,
8431,
B5D7,
CE7A,
D6DC,
D6DC,
D6BB,
D6BB,
D6DB,
D6DB,
D6DB,
D6DB,
DEFB,
DEFB,
DEDB,
DEDB,
DEDC,
DEDC,
DEDC,
DEFC,
DEDB,
DEDC,
DEDB,
D6BB,
DEDB,
E6DC,
BD96,
734D,
3144,
1880,
51E4,
9BEA,
C4EB,
D569,
DDA8,
DDA7,
DDC8,
AC63,
6A20,
6A40,
AC25,
CD4A,
D569,
D5A7,
CDA6,
9CA2,
5AE0,
29A0,
2A21,
3B24,
3BA5,
3BE5,
33E5,
33E5,
33E4,
3404,
3404,
3404,
3404,
3403,
3423,
3423,
3C24,
3C24,
3C24,
3C24,
3C24,
3C24,
3424,
3424,
3444,
3444,
3444,
3444,
3C44,
3C44,
3C44,
3C44,
3C44,
3C44,
3C44,
3C44,
3444,
3444,
3444,
3444,
3444,
3444,
3C44,
3C44,
3C44,
3C44,
3C44,
3C44,
3C44,
3C44,
3C44,
3C44,
3C44,
3C44,
3C44,
3C44,
3C44,
3C44,
3C44,
3C44,
3C44,
3C44,
3C44,
3C44,
3C44,
3C44,
3C44,
3C44,
3C44,
3C44,
3C44,
3C44,
3444,
3444,
3444,
3444,
3444,
3444,
3444,
3444,
3444,
3444,
3444,
3444,
3444,
3444,
3444,
3444,
3444,
3444,
3444,
3444,
3444,
3444,
3444,
3444,
3444,
3444,
3444,
3444,
3444,
3444,
3444,
3C24,
3C24,
3C24,
3C24,
3C24,
3C24,
3C24,
3C24,
3C24,
3C24,
3C24,
3C24,
3C24,
3C24,
3C24,
3C24,
3C23,
3C43,
3C44,
3C44,
3C44,
3C43,
3C43,
3C43,
3C43,
3C43,
3C43,
3C43,
3C43,
3C43,
3C43,
3C43,
3C43,
3C43,
3C43,
3C43,
3C43,
3C43,
3C43,
3C43,
3C43,
3C43,
3C43,
3C43,
3C43,
3C43,
3C43,
3C43,
3C43,
3C43,
3C43,
3C44,
3C24,
3C24,
3C24,
3C24,
3C24,
3C24,
3C24,
3C24,
3C24,
3C24,
3C24,
3C24,
3C24,
3C44,
3C44,
3C44,
3C44,
3C44,
3C44,
3C44,
3C24,
3C24,
3C24,
3C24,
3C24,
3C24,
3C24,
3C24,
3C24,
3C24,
3C24,
3C24,
3C24,
3C24,
3C24,
3C24,
3C24,
3C24,
3C43,
3C43,
3C43,
3C43,
3C43,
3C43,
3C43,
3C23,
3C23,
3C23,
3C23,
3C23,
3423,
3423,
3423,
3C23,
3C23,
3C23,
3C22,
3C23,
43E3,
43A4,
3B03,
3243,
3A23,
4A45,
41C2,
30E0,
4940,
82C0,
A402,
C503,
D584,
DDC4,
DDC4,
E5C3,
E5E3,
E5C3,
E5C3,
E5E3,
E5E3,
E5E3,
E5E3,
E5E3,
E5E3,
E5E3,
E5E3,
E5C3,
E5C3,
E5E2,
E5E2,
E5E2,
E5E2,
E5E3,
E5C4,
E5C6,
DDC7,
DDEA,
DE4D,
BD8C,
6B67,
31C3,
4A48,
7BEF,
A514,
BDF7,
CE7A,
CEBB,
D6BB,
D6BB,
D6BB,
D6DB,
D6DB,
D6DB,
DEDB,
DEFC,
DEFB,
DEFB,
DEFB,
DEFB,
DEFB,
DEFC,
DEFC,
DEDB,
DEBA,
D65A,
AD15,
62AA,
28C2,
1860,
49C4,
9C0B,
CD4D,
D56A,
D568,
DD87,
DDC7,
D565,
9380,
61E0,
82E1,
BCA7,
CD49,
D587,
D5A5,
D5C5,
B545,
7BA1,
3A00,
21A0,
2240,
2301,
2363,
2B43,
2B83,
2BE3,
3404,
3404,
3424,
3C04,
3C04,
3423,
3423,
3C24,
3C24,
3C24,
3C24,
3424,
3424,
3424,
3424,
3424,
3424,
3424,
3424,
3444,
3444,
3444,
3444,
3444,
3444,
3444,
3444,
3444,
3443,
3444,
3444,
3444,
3444,
3C44,
3C44,
3C44,
3C44,
3C44,
3C44,
3C44,
3C44,
3C44,
3C44,
3C44,
3C44,
3C44,
3C44,
3C44,
3C44,
3C44,
3C44,
3C44,
3C44,
3C44,
3C44,
3C44,
3C44,
3C44,
3C44,
3C44,
3C44,
3C44,
3C44,
3444,
3444,
3444,
3444,
3444,
3444,
3444,
3444,
3444,
3444,
3444,
3444,
3444,
3444,
3444,
3444,
3444,
3444,
3444,
3444,
3444,
3444,
3444,
3444,
3444,
3444,
3444,
3444,
3444,
3444,
3444,
3C24,
3C24,
3C24,
3C24,
3C24,
3C24,
3C24,
3C24,
3C24,
3C24,
3C44,
3C44,
3C24,
3C24,
3C44,
3C43,
3C43,
3C43,
3C44,
3C44,
3C44,
3C43,
3C43,
3C43,
3C43,
3C43,
3C43,
3C43,
3C43,
3C43,
3C43,
3C43,
3C43,
3C43,
3C43,
3C43,
3C43,
3C43,
3C43,
3C43,
3C43,
3C43,
3C43,
3C43,
3C43,
3C43,
3C43,
3C43,
3C43,
3C43,
3C43,
3C44,
3C24,
3C24,
3C24,
3C24,
3C24,
3C24,
3C24,
3C24,
3C24,
3C24,
3C24,
3C24,
3C24,
3C44,
3C44,
3C44,
3C44,
3C44,
3C44,
3C44,
3C24,
3C24,
3C24,
3C24,
3C24,
3C24,
3C24,
3C24,
3C24,
3C24,
3C24,
3C24,
3C24,
3C24,
3C24,
3C24,
3C24,
3C24,
3C23,
3C23,
3C43,
3C43,
3C43,
3C43,
3C43,
3C23,
3C23,
3C23,
3C23,
3C23,
3423,
3423,
3423,
3C23,
3C23,
3C23,
3402,
3C03,
43E4,
43A4,
3AE3,
2A02,
29C2,
4204,
41E3,
3940,
4100,
4940,
6220,
8B40,
AC62,
CD24,
DD85,
E5C5,
E5C3,
E5C2,
E5C2,
E5E3,
E5E3,
E5E3,
E5E3,
E5E3,
E5E3,
E5E3,
E5E3,
E5E3,
E5E3,
E5E2,
E5E2,
E5E2,
E5E2,
E5E2,
E5C3,
E5C5,
E5C6,
DDC7,
DE2A,
D62C,
AD0B,
6B27,
5225,
49E5,
5288,
7BCD,
9CD2,
B5B5,
C638,
CE59,
D6BA,
D6DB,
D6DB,
DEDB,
DEDB,
DEDB,
DEDB,
DEFB,
DEFC,
DEFC,
E71C,
E73D,
DEFC,
D6DB,
C5F7,
9431,
5208,
1840,
2040,
51C2,
8B88,
BCEB,
CD6A,
CD67,
D566,
D586,
DDC7,
CD24,
8B20,
6A20,
9BC3,
CD28,
D588,
D5A6,
D5C5,
D5C4,
C5A5,
A4C5,
7BA3,
4240,
21A0,
1200,
0A00,
1221,
1280,
1301,
1B62,
2383,
2BC3,
33E3,
3403,
3423,
3423,
3423,
3C24,
3C24,
3C24,
3424,
3424,
3424,
3424,
3424,
3424,
3424,
3424,
3444,
3444,
3444,
3444,
3444,
3444,
3444,
3444,
3443,
3443,
3443,
3464,
3444,
3444,
3C44,
3C44,
3C44,
3C44,
3C44,
3C44,
3C44,
3C44,
3C44,
3C44,
3C44,
3C44,
3C44,
3C44,
3C44,
3C44,
3C44,
3C44,
3C44,
3C44,
3C44,
3C44,
3C44,
3C44,
3C44,
3C44,
3C44,
3C44,
3C44,
3C44,
3444,
3444,
3444,
3444,
3444,
3444,
3444,
3444,
3444,
3444,
3444,
3444,
3444,
3444,
3444,
3444,
3444,
3444,
3444,
3444,
3444,
3444,
3444,
3444,
3444,
3444,
3444,
3444,
3444,
3444,
3444,
3C24,
3C24,
3C24,
3C24,
3C24,
3C24,
3C24,
3C24,
3C24,
3C24,
3C44,
3C44,
3C44,
3C44,
3C44,
3C44,
3C44,
3C44,
3C44,
3C44,
3C43,
3C44,
3C44,
3C44,
3C44,
3C44,
3C43,
3C43,
3C43,
3C43,
3C43,
3C44,
3C44,
3C44,
3C44,
3C44,
3C43,
3C44,
3C44,
3C44,
3C44,
3C44,
3C43,
3C43,
3C43,
3C43,
3C43,
3C43,
3C43,
3C43,
3C43,
3C44,
3C24,
3C24,
3C24,
3C24,
3C24,
3C24,
3C24,
3C24,
3C24,
3C24,
3C24,
3C24,
3C24,
3C44,
3C44,
3C44,
3C44,
3C44,
3C44,
3C44,
3C24,
3C24,
3C24,
3C24,
3C24,
3C24,
3C24,
3C24,
3C24,
3C24,
3C24,
3C24,
3C24,
3C24,
3C24,
3C24,
3C24,
3C24,
3C24,
3C24,
3C43,
3C43,
3C43,
3C43,
3C43,
3C23,
3C23,
3C23,
3C23,
3C23,
3423,
3423,
3423,
3C23,
3C23,
3C23,
3402,
3C03,
43E4,
3B84,
2AA2,
1980,
1920,
31A1,
5244,
6AA5,
5A23,
4120,
3900,
4960,
6A40,
9BA1,
BCA2,
CD22,
DDA2,
E5E3,
E5E4,
E5E3,
EDE2,
E5E2,
E5E2,
E5E2,
E5E2,
E5E2,
E5E3,
E5E3,
E5E3,
E5E2,
E5E2,
E5E2,
E5E2,
E5E2,
E5C2,
E5C3,
E5C4,
E5C5,
DDC7,
D5E9,
CE0B,
BD6C,
9409,
5A84,
39A1,
39A2,
4A46,
6B4B,
8430,
94B2,
9D14,
AD75,
B5D7,
CE79,
CE9A,
D6BB,
D6BB,
D6DB,
DF1C,
DF1C,
DEFB,
CE79,
BDD6,
A4F3,
5ACA,
20A2,
1000,
28A0,
6A85,
A429,
BD0A,
C549,
C567,
CD66,
D565,
D585,
DDA6,
C4E3,
82E0,
7260,
A404,
CD47,
DDC7,
D5C6,
D5C5,
D5E5,
DE26,
D609,
C5CB,
8C47,
3A20,
1160,
00E0,
00E0,
0140,
01E0,
0240,
0AA0,
1B21,
2382,
2BC2,
33E3,
3403,
3423,
3C24,
3C24,
3C24,
3424,
3424,
3424,
3424,
3424,
3424,
3424,
3424,
3444,
3444,
3444,
3444,
3444,
3444,
3444,
3444,
3443,
3443,
3443,
3444,
3444,
3444,
3C44,
3C44,
3C44,
3C44,
3C44,
3C44,
3C44,
3C44,
3C44,
3C44,
3C44,
3C44,
3C44,
3C44,
3C44,
3C44,
3C44,
3C44,
3C44,
3C44,
3C44,
3444,
3444,
3444,
3444,
3444,
3444,
3444,
3444,
3444,
3444,
3444,
3444,
3444,
3444,
3444,
3444,
3444,
3444,
3444,
3444,
3444,
3444,
3444,
3444,
3444,
3444,
3444,
3444,
3444,
3444,
3444,
3444,
3444,
3444,
3444,
3444,
3444,
3444,
3444,
3444,
3C24,
3C24,
3C24,
3C24,
3C24,
3C24,
3C24,
3C24,
3C24,
3C24,
3C44,
3C44,
3C44,
3C44,
3C44,
3C44,
3C44,
3C44,
3C44,
3C44,
3C43,
3C44,
3C44,
3C44,
3C44,
3C44,
3C44,
3C44,
3C44,
3C44,
3C44,
3C44,
3C44,
3C44,
3C44,
3C44,
3C43,
3C44,
3C44,
3C44,
3C44,
3C44,
3C44,
3C43,
3C43,
3C43,
3C43,
3C43,
3C43,
3C43,
3C43,
3C44,
3C24,
3C24,
3C24,
3C24,
3C24,
3C24,
3C24,
3C24,
3C24,
3C24,
3C24,
3C24,
3C24,
3C44,
3C44,
3C44,
3C44,
3C44,
3C44,
3C44,
3C24,
3C24,
3C24,
3C24,
3C24,
3C24,
3C24,
3C24,
3C24,
3C24,
3C24,
3C24,
3C24,
3C24,
3C24,
3C24,
3C24,
3C24,
3C24,
3C24,
3C24,
3C24,
3C24,
3C24,
3C23,
3C23,
3C23,
3C23,
3C23,
3C23,
3423,
3423,
3423,
3C23,
3C23,
3C23,
3C03,
3C04,
3BC4,
3323,
1A00,
00C0,
10E0,
4223,
7347,
940A,
93EA,
6A84,
4120,
38A0,
30A0,
4960,
6A40,
8300,
AC21,
C503,
D584,
E5A4,
E5C2,
DDC2,
DDC2,
DDC2,
E5E2,
E5E2,
E5E2,
E5E2,
E5E2,
E5E2,
E5E2,
E5E2,
E5E2,
E5E2,
E5C2,
E5C2,
E5C3,
E5C5,
E5A5,
DDA6,
D5E8,
CE0A,
C58B,
AD0A,
8C08,
62E6,
4A24,
41C4,
39A5,
39C6,
4227,
5ACA,
738E,
8C51,
9CF4,
AD55,
AD76,
B596,
B5B6,
AD74,
9470,
6B4B,
4A27,
3143,
2080,
2040,
4163,
7B48,
AC8C,
C52C,
D5AA,
D5A8,
CD86,
D585,
D585,
DDA6,
D586,
B462,
7280,
7AC1,
B445,
CD47,
DDC7,
DDE6,
D5E6,
DE06,
DE07,
CDA7,
B508,
9447,
52C2,
19A0,
0960,
0160,
01C0,
0240,
0AA0,
0AA0,
1300,
2382,
2BA2,
2BC2,
3403,
3423,
3C24,
3C24,
3C24,
3C24,
3C24,
3424,
3424,
3424,
3424,
3424,
3424,
3444,
3444,
3444,
3444,
3444,
3444,
3444,
3444,
3444,
3444,
3444,
3444,
3444,
3444,
3444,
3C24,
3C24,
3C24,
3C24,
3C24,
3C24,
3C24,
3C24,
3C24,
3C24,
3C24,
3C24,
3C24,
3C24,
3C24,
3C24,
3C24,
3C24,
3C24,
3C24,
3444,
3444,
3444,
3444,
3443,
3443,
3443,
3443,
3443,
3444,
3444,
3444,
3444,
3444,
3444,
3444,
3444,
3444,
3444,
3444,
3444,
3444,
3444,
3444,
3444,
3444,
3444,
3444,
3444,
3444,
3444,
3444,
3444,
3444,
3444,
3444,
3444,
3444,
3444,
3444,
3C24,
3C24,
3C24,
3C24,
3C24,
3C24,
3C24,
3C24,
3C24,
3C24,
3C44,
3C44,
3C44,
3C44,
3C44,
3C44,
3C44,
3C44,
3C44,
3C44,
3C43,
3C43,
3C44,
3C44,
3C44,
3C44,
3C44,
3C44,
3C44,
3C44,
3C44,
3C44,
3C44,
3C44,
3C44,
3C44,
3C44,
3C44,
3C44,
3C44,
3C44,
3C44,
3C44,
3C43,
3C43,
3C43,
3C43,
3C43,
3C43,
3C43,
3C43,
3C44,
3C24,
3C24,
3C24,
3C24,
3C24,
3C24,
3C24,
3C24,
3C24,
3C24,
3C24,
3C24,
3C24,
3C44,
3C44,
3C44,
3C44,
3C44,
3C44,
3C44,
3C24,
3C24,
3C24,
3C24,
3C24,
3C24,
3C24,
3C24,
3C24,
3C24,
3C24,
3C24,
3C24,
3C24,
3C24,
3C24,
3C24,
3C24,
3C24,
3C24,
3C24,
3C24,
3C24,
3C44,
3C43,
3C23,
3C23,
3C23,
3C23,
3C23,
3423,
3423,
3423,
3C23,
3C23,
3403,
3C03,
3C04,
3363,
2261,
11A0,
00C0,
2181,
6B48,
944B,
A48C,
A48B,
A429,
8B46,
6A42,
4960,
3080,
2860,
38C0,
51A0,
7B01,
9BE1,
AC81,
BD01,
CD61,
D5C2,
DDC3,
DDC3,
E5E3,
E5E3,
E5E3,
E5E2,
E5E2,
E5E2,
E5E2,
E5E2,
E5E2,
E5C2,
E5E2,
E5C2,
E5C3,
E5A4,
DDA3,
D5C4,
D5C6,
D5C8,
D5CA,
C5AD,
B52C,
9C6A,
7327,
4A24,
3162,
2901,
20E1,
20E2,
3124,
39A6,
41C7,
41E7,
4A08,
4A27,
41E6,
3143,
20C0,
1020,
1840,
4982,
72A6,
93A9,
B4AC,
CD4C,
DD8B,
DD88,
DD87,
DD86,
DDA5,
DDC5,
E5E6,
D586,
9BC0,
6A20,
8B22,
BCC7,
CD47,
DDC7,
DDE6,
DE06,
D5C4,
BD23,
AC62,
8382,
62C2,
4240,
2A40,
2A81,
2AC2,
2302,
2B62,
2B81,
2361,
2382,
2BE3,
3403,
3403,
3403,
3423,
3C24,
3C24,
3C24,
3C24,
3C24,
3424,
3424,
3424,
3424,
3424,
3424,
3444,
3444,
3444,
3444,
3444,
3444,
3444,
3444,
3444,
3464,
3444,
3444,
3444,
3444,
3444,
3C24,
3C24,
3C24,
3C24,
3C24,
3C24,
3C24,
3C24,
3C24,
3C24,
3C24,
3C24,
3C24,
3C24,
3C24,
3C24,
3C24,
3C24,
3C24,
3C24,
3444,
3444,
3444,
3444,
3444,
3444,
3444,
3444,
3444,
3444,
3444,
3444,
3444,
3444,
3444,
3444,
3444,
3444,
3444,
3444,
3444,
3444,
3444,
3444,
3444,
3444,
3444,
3444,
3444,
3444,
3444,
3444,
3444,
3444,
3444,
3444,
3444,
3444,
3444,
3444,
3C24,
3C24,
3C24,
3C24,
3C24,
3C24,
3C24,
3C24,
3C24,
3C24,
3C44,
3C44,
3C44,
3C44,
3C44,
3C44,
3C44,
3C44,
3C44,
3C44,
3C43,
3C43,
3C44,
3C44,
3C44,
3C44,
3C44,
3C44,
3C44,
3C44,
3C44,
3C44,
3C43,
3C44,
3C44,
3C44,
3C44,
3C44,
3C44,
3C44,
3C44,
3C44,
3C44,
3C43,
3C43,
3C43,
3C43,
3C43,
3C43,
3C43,
3C43,
3C44,
3C24,
3C24,
3C24,
3C24,
3C24,
3C24,
3C24,
3C24,
3C24,
3C24,
3C24,
3C24,
3C24,
3C44,
3C44,
3C44,
3C44,
3C44,
3C44,
3C44,
3C24,
3C24,
3C24,
3C24,
3C24,
3C24,
3C24,
3C24,
3C24,
3C24,
3C24,
3C24,
3C24,
3C24,
3C24,
3C24,
3C24,
3C24,
3C24,
3C24,
3C24,
3C23,
3C43,
3C43,
3C43,
3C23,
3C23,
3C23,
3C23,
3C23,
3423,
3423,
3423,
3423,
3423,
3423,
3BE3,
3BA4,
2AC2,
11E0,
1160,
2180,
5B06,
842A,
9C8B,
A48B,
A48A,
ACAA,
B4AA,
A449,
8B87,
6A83,
4960,
30A0,
3080,
4100,
4960,
59C0,
72A0,
8B60,
A401,
B481,
BCC2,
C502,
CD62,
DDA2,
E5E3,
E5E4,
E5E3,
E5E2,
E5E3,
E603,
E5E3,
E5E3,
E5C3,
E5C3,
E5C3,
E5E3,
DDE3,
DDE4,
DDC5,
D5C7,
CDCA,
CDEC,
CDED,
BDAD,
A4CB,
944A,
7B89,
62A6,
41C3,
3102,
20C0,
28C0,
2900,
3121,
2900,
3120,
41C2,
5244,
62A5,
7B47,
9C29,
BCCB,
CD4C,
D56B,
D569,
DD88,
DD86,
DDA5,
DDA5,
DDA5,
DDE5,
E626,
D585,
9340,
7A60,
A3E4,
CD08,
CD47,
DDC7,
E5E7,
D585,
AC81,
8360,
6AC0,
5A40,
4200,
3A40,
32A1,
3B23,
43A4,
3BC4,
3404,
3404,
33E4,
3404,
3404,
3404,
3403,
3403,
3C23,
3C24,
3C24,
3C24,
3424,
3424,
3424,
3424,
3444,
3444,
3444,
3444,
3444,
3444,
3444,
3444,
3444,
3444,
3444,
3444,
3444,
3444,
3444,
3444,
3444,
3444,
3C44,
3C44,
3C44,
3C44,
3C44,
3C44,
3C44,
3C44,
3C44,
3C44,
3C44,
3C44,
3C44,
3C44,
3C44,
3C44,
3C44,
3C44,
3C44,
3C44,
3C44,
3C44,
3C44,
3C44,
3C44,
3C44,
3C44,
3C44,
3C44,
3C44,
3444,
3444,
3444,
3444,
3444,
3444,
3444,
3444,
3444,
3444,
3444,
3444,
3444,
3444,
3444,
3444,
3444,
3444,
3444,
3444,
3444,
3444,
3444,
3444,
3444,
3444,
3444,
3444,
3444,
3444,
3444,
3C24,
3C24,
3C24,
3C24,
3C24,
3C24,
3C24,
3C24,
3C24,
3C24,
3C43,
3C44,
3C44,
3C44,
3C44,
3C44,
3C44,
3C44,
3C44,
3C44,
3C43,
3C43,
3C44,
3C24,
3C44,
3C44,
3C44,
3C44,
3C44,
3C44,
3C44,
3C44,
3C43,
3C43,
3C44,
3C44,
3C44,
3C44,
3C44,
3C44,
3C44,
3C44,
3C43,
3C43,
3C43,
3C43,
3C43,
3C43,
3C43,
3C43,
3C43,
3C44,
3C24,
3C24,
3C24,
3C24,
3C24,
3C24,
3C24,
3C24,
3C24,
3C24,
3C24,
3C24,
3C24,
3C44,
3C44,
3C44,
3C44,
3C44,
3C44,
3C44,
3C24,
3C24,
3C24,
3C24,
3C24,
3C24,
3C24,
3C24,
3C24,
3C24,
3C24,
3C24,
3C24,
3C24,
3C24,
3C24,
3C24,
3C24,
3C24,
3C24,
3C24,
3C23,
3C43,
3C43,
3C43,
3C23,
3C23,
3C23,
3C23,
3C23,
3423,
3423,
3C23,
3423,
3423,
3C24,
3BE4,
2B22,
1A20,
0980,
21A0,
52C4,
842A,
946B,
9C6B,
9C6B,
A48A,
AC8A,
B4AA,
B4CB,
B4AB,
A42A,
8B67,
7AE4,
6221,
4940,
38A0,
3880,
38C0,
4100,
5160,
59E0,
6240,
72A0,
8320,
93C0,
AC61,
B4C1,
BCE0,
CD61,
D5A2,
DDA3,
DDC3,
E5E4,
EDE4,
E5E3,
E5C3,
DDE3,
DDE3,
DDE3,
DDC4,
D5C5,
D5C7,
D5E9,
D60A,
D62C,
D60D,
CDEE,
CDAF,
C56E,
B4CD,
9C4C,
8BC9,
8BC9,
93E9,
93E9,
8BC8,
8BC8,
A48B,
BD4D,
BD6D,
CD8D,
D5CD,
DDCB,
DDCA,
DDC9,
DDA8,
DDA7,
DDA5,
DDC4,
DDC4,
DDC4,
DDE4,
E625,
D5A4,
9B80,
9320,
C4C6,
D548,
CD47,
DDA6,
CD44,
A442,
7B00,
5A20,
41C0,
4220,
4AC0,
4B21,
4323,
43A5,
43C4,
3BC4,
33E4,
3404,
3404,
3424,
3424,
3404,
3404,
3403,
3423,
3C24,
3C24,
3C24,
3424,
3424,
3424,
3424,
3444,
3444,
3444,
3444,
3444,
3444,
3444,
3444,
3444,
3444,
3444,
3444,
3444,
3444,
3444,
3444,
3444,
3444,
3C44,
3C44,
3C44,
3C44,
3C44,
3C44,
3C44,
3C44,
3C44,
3C44,
3C44,
3C44,
3C44,
3C44,
3C44,
3C44,
3C44,
3C44,
3C44,
3444,
3444,
3C44,
3C44,
3C44,
3C44,
3C44,
3C44,
3C44,
3C44,
3C44,
3444,
3444,
3444,
3444,
3444,
3444,
3444,
3444,
3444,
3444,
3444,
3444,
3444,
3444,
3444,
3444,
3444,
3444,
3444,
3444,
3444,
3444,
3444,
3444,
3444,
3444,
3444,
3444,
3444,
3444,
3444,
3C24,
3C24,
3C24,
3C24,
3C24,
3C24,
3C24,
3C24,
3C24,
3C24,
3C44,
3C44,
3C44,
3C44,
3C44,
3C44,
3C44,
3C24,
3C44,
3C44,
3C43,
3C43,
3C44,
3C24,
3C44,
3C44,
3C44,
3C44,
3C44,
3C44,
3C44,
3C44,
3C43,
3C43,
3C44,
3C44,
3C44,
3C44,
3C44,
3C44,
3C43,
3C43,
3C43,
3C44,
3C44,
3C44,
3C44,
3C44,
3C44,
3C44,
3C44,
3C44,
3C24,
3C24,
3C24,
3C24,
3C24,
3C24,
3C24,
3C24,
3C24,
3C24,
3C24,
3C24,
3C24,
3C44,
3C44,
3C44,
3C44,
3C44,
3C44,
3C44,
3C24,
3C24,
3C24,
3C24,
3C24,
3C24,
3C24,
3C24,
3C24,
3C24,
3C24,
3C24,
3C24,
3C24,
3C24,
3C24,
3C24,
3C24,
3C24,
3C24,
3C23,
3C23,
3C23,
3C43,
3C43,
3C23,
3C23,
3C23,
3C23,
3C23,
3423,
3423,
3C23,
3C23,
3C23,
4404,
3B84,
1A81,
09A0,
11A0,
42A4,
73C9,
8C4B,
9C8B,
9C6A,
9C6A,
A48A,
ACAA,
AC8A,
AC8A,
B48A,
AC6A,
AC6A,
B4CB,
A449,
8345,
7AE3,
6A62,
59E1,
4980,
4140,
4120,
3900,
3920,
4140,
4960,
5180,
5A00,
72A0,
8340,
9BE0,
AC20,
BCC1,
D563,
DD83,
DD82,
DDC2,
DDC2,
D5A2,
D5A2,
D5A3,
DDC4,
DDC5,
DDC6,
DDC8,
D5C9,
D5EA,
D5EB,
D5EC,
D5EC,
D5ED,
DDEF,
D5CE,
D5AD,
D5CD,
D5CD,
D5CD,
CDCC,
CDAC,
D5CC,
D5EC,
D5CB,
DDCA,
DDC8,
DDC8,
DDC6,
DDC6,
DDC6,
DDC4,
DDC3,
DDC3,
DDC3,
E5E3,
E603,
DDC3,
BCC2,
B482,
D566,
D568,
DD88,
BCC4,
8B60,
6AC0,
5240,
4A20,
4240,
4AC0,
5362,
4B83,
4B83,
43A4,
3BC4,
3BE4,
33E4,
3404,
3404,
3404,
3424,
3424,
3424,
3424,
3423,
3C24,
3C24,
3C24,
3424,
3424,
3444,
3444,
3444,
3444,
3444,
3444,
3444,
3444,
3444,
3C44,
3C44,
3C44,
3C44,
3444,
3444,
3444,
3444,
3444,
3444,
3444,
3C44,
3C44,
3C44,
3C44,
3C44,
3C44,
3C44,
3C44,
3C44,
3C44,
3C44,
3C44,
3C44,
3C44,
3C44,
3C44,
3C44,
3C44,
3C44,
3444,
3444,
3C44,
3C44,
3C44,
3C44,
3C44,
3C44,
3C44,
3C44,
3C44,
3444,
3444,
3444,
3444,
3444,
3444,
3444,
3444,
3444,
3444,
3444,
3444,
3444,
3444,
3444,
3444,
3444,
3444,
3444,
3444,
3444,
3444,
3444,
3444,
3444,
3444,
3444,
3444,
3444,
3444,
3444,
3C24,
3C24,
3C24,
3C24,
3C24,
3C24,
3C24,
3C24,
3C24,
3C24,
3C44,
3C44,
3C44,
3C44,
3C44,
3C44,
3C44,
3C44,
3C44,
3C44,
3C44,
3C44,
3C44,
3C44,
3C44,
3C44,
3C44,
3C44,
3C44,
3C44,
3C44,
3C44,
3C43,
3C43,
3C43,
3C43,
3C44,
3C44,
3C44,
3C44,
3C43,
3C43,
3C44,
3C44,
3C44,
3C44,
3C44,
3C44,
3C44,
3C44,
3C44,
3C44,
3C24,
3C24,
3C24,
3C24,
3C24,
3C24,
3C24,
3C24,
3C24,
3C24,
3C24,
3C24,
3C24,
3C24,
3C24,
3C44,
3C44,
3C44,
3C44,
3C44,
3C24,
3C24,
3C24,
3C24,
3C24,
3C24,
3C24,
3C24,
3C24,
3C24,
3C24,
3C24,
3C24,
3C23,
3C23,
3C23,
3C23,
3C23,
3C23,
3C24,
3C23,
3C23,
3C23,
3C23,
3C23,
3423,
3423,
3423,
3423,
3423,
3423,
3C23,
3C23,
3C03,
3C03,
3BA3,
22A1,
09C0,
11A0,
3242,
6BA8,
8C4B,
9C8B,
9C8A,
9C69,
A489,
A488,
ACA8,
ACA9,
ACA9,
AC89,
A469,
ACA9,
B4EB,
BD0C,
B4CB,
B4CB,
AC89,
A448,
93C7,
8325,
7B04,
72E3,
6A61,
5A00,
5180,
4100,
40E0,
4940,
51A0,
61E0,
6220,
7AA0,
9360,
9BC0,
A400,
BCE1,
D582,
D5A2,
D5A2,
D5A2,
DDC3,
DDE4,
DDE5,
DDE6,
DDC6,
D5E7,
D5E7,
D5E7,
D5E8,
D5C9,
D5CA,
D5CA,
D5A9,
D5C9,
D5EA,
D60A,
D60A,
D5E9,
D5E9,
D5E9,
DDE9,
DDC7,
DDE6,
DDE6,
E5C6,
E5C5,
E5E4,
E5C3,
E5C3,
E5C3,
E5C3,
E5E3,
E5E3,
E5C3,
D583,
D544,
DD86,
DDA8,
DDA8,
9382,
49A0,
49C0,
4A40,
4AC1,
4B01,
4B62,
4BA3,
43A3,
43A3,
3BC4,
3BE4,
3BE4,
3C04,
3404,
3404,
3C04,
3C24,
3424,
3C24,
3C24,
3C24,
3C24,
3C24,
3C24,
3C24,
3C24,
3C44,
3444,
3444,
3444,
3444,
3444,
3444,
3444,
3444,
3C44,
3C44,
3C44,
3C44,
3C44,
3444,
3444,
3444,
3444,
3444,
3444,
3C44,
3C44,
3C44,
3C44,
3C44,
3C44,
3C44,
3C44,
3C44,
3C44,
3C44,
3C44,
3C44,
3C44,
3C44,
3C44,
3C44,
3C44,
3C44,
3444,
3444,
3C44,
3C44,
3C44,
3C44,
3C44,
3C44,
3C44,
3C44,
3C44,
3444,
3444,
3444,
3444,
3444,
3444,
3444,
3444,
3444,
3444,
3444,
3444,
3444,
3444,
3444,
3444,
3444,
3444,
3444,
3444,
3444,
3444,
3444,
3444,
3444,
3444,
3444,
3444,
3444,
3444,
3444,
3C24,
3C24,
3C24,
3C24,
3C24,
3C24,
3C24,
3C24,
3C24,
3C24,
3C44,
3C44,
3C44,
3C44,
3C44,
3C44,
3C44,
3C44,
3C44,
3C44,
3C44,
3C44,
3C44,
3C44,
3C44,
3C44,
3C44,
3C44,
3C44,
3C44,
3C44,
3C44,
3C43,
3C43,
3C43,
3C43,
3C43,
3C44,
3C44,
3C44,
3C43,
3C43,
3C44,
3C44,
3C44,
3C44,
3C44,
3C44,
3C44,
3C44,
3C44,
3C24,
3C24,
3C24,
3C24,
3C24,
3C24,
3C24,
3C24,
3C24,
3C24,
3C24,
3C24,
3C24,
3C24,
3C24,
3C24,
3C44,
3C44,
3C44,
3C44,
3C44,
3C24,
3C24,
3C24,
3C24,
3C24,
3C24,
3C24,
3C24,
3C24,
3C24,
3C24,
3C24,
3C24,
3C23,
3C23,
3C23,
3C23,
3C23,
3C23,
3C24,
3C23,
3C23,
3C23,
3C23,
3C23,
3423,
3423,
3423,
3423,
3423,
3C23,
3C03,
3C03,
3C04,
3BE3,
2B01,
11E0,
1180,
4263,
6B88,
846B,
948B,
9C6A,
9C68,
9C88,
A488,
A4A8,
ACA8,
ACA8,
ACA8,
AC88,
AC88,
ACA8,
B4CA,
B4CB,
B4CB,
B4CC,
B4CB,
B4CB,
B4CB,
AC8A,
AC6A,
AC6A,
A448,
9BE7,
93A5,
8344,
7B03,
7B02,
72A0,
59C0,
4960,
4920,
4960,
51A0,
6220,
82E0,
93A1,
B480,
CD41,
D581,
D5C2,
D5E3,
DDE3,
D5E3,
DDE3,
DDE4,
DDE4,
DDE4,
DDE4,
DDE5,
DDE5,
DDC5,
DDC5,
DDE5,
DDE5,
DDE6,
D5E6,
D5E6,
DDE6,
DDE6,
DDE6,
DDE6,
DDE5,
DDE5,
E5E5,
E5E4,
E5C3,
E5E3,
E5E3,
E5C3,
E5E3,
E5E3,
E5E3,
E5E3,
E5C4,
DDA5,
E5C7,
CD46,
9BE1,
5A20,
41C0,
4220,
4AC0,
4B42,
4B62,
4BA3,
43C3,
3BE3,
3BE3,
3C03,
3C04,
3C04,
3C04,
3404,
3404,
3424,
3424,
3424,
3C24,
3C24,
3C24,
3C24,
3C24,
3C24,
3C24,
3C24,
3C24,
3C24,
3444,
3444,
3444,
3444,
3444,
3444,
3444,
3C44,
3C44,
3C44,
3C44,
3C44,
3444,
3444,
3444,
3444,
3444,
3444,
3C44,
3C44,
3C44,
3C44,
3C44,
3C44,
3C44,
3C44,
3C44,
3C44,
3C44,
3C44,
3C44,
3C44,
3C44,
3C44,
3C44,
3C44,
3C44,
3C44,
3C44,
3C44,
3C44,
3C44,
3C44,
3C44,
3C44,
3C44,
3C44,
3C44,
3444,
3444,
3444,
3444,
3444,
3444,
3444,
3444,
3444,
3444,
3444,
3444,
3444,
3444,
3444,
3444,
3444,
3444,
3444,
3444,
3444,
3444,
3444,
3444,
3444,
3444,
3444,
3444,
3444,
3444,
3444,
3C24,
3C24,
3C24,
3C24,
3C24,
3C24,
3C24,
3C24,
3C24,
3C24,
3C44,
3C44,
3C44,
3C44,
3C44,
3C44,
3C44,
3C24,
3C24,
3C24,
3C24,
3C24,
3C44,
3C44,
3C44,
3C43,
3C43,
3C43,
3C44,
3C44,
3C44,
3C44,
3C43,
3C43,
3C43,
3C43,
3C43,
3C44,
3C44,
3C44,
3C44,
3C43,
3C44,
3C44,
3C44,
3C44,
3C44,
3C44,
3C24,
3C24,
3C44,
3C44,
3C24,
3C24,
3C24,
3C24,
3C24,
3C24,
3C24,
3C24,
3C24,
3C24,
3C24,
3C24,
3C24,
3C24,
3C24,
3C24,
3C24,
3C24,
3C24,
3C24,
3C24,
3C24,
3C24,
3C24,
3C24,
3C24,
3C24,
3C24,
3C24,
3C24,
3C24,
3C24,
3C24,
3C24,
3C24,
3C24,
3C24,
3C24,
3C24,
3C24,
3C23,
3C23,
3C23,
3C23,
3C23,
3423,
3423,
3423,
3C23,
3C23,
3C23,
3C23,
3C24,
43E4,
3B63,
1A40,
0980,
3222,
7387,
946B,
94AB,
9C8A,
9C88,
9C88,
A488,
A4A8,
A4A8,
ACA8,
ACA8,
ACA8,
ACA8,
AC88,
ACA8,
ACA9,
AC89,
AC8A,
AC8A,
AC8A,
AC8B,
AC8B,
B48B,
B48B,
AC8B,
AC8A,
AC8A,
ACAA,
ACA9,
ACA9,
ACA8,
A446,
93A4,
8323,
6242,
5180,
4120,
4120,
4920,
4920,
61E0,
8301,
9BE0,
B4E0,
C562,
CDA2,
D5C1,
D5E2,
DDE3,
DDE3,
DDC3,
DDA3,
DDC2,
DDC2,
DDE2,
DE02,
DE03,
DE03,
DDE4,
DDC4,
DDE4,
DDE5,
DDE5,
DDE5,
DDE5,
DDE5,
E5E5,
E5E4,
E5E3,
E5E3,
E5E3,
E5E3,
E5E3,
E5E3,
E5E3,
E5E3,
E5E3,
E5C4,
E5C6,
CD45,
93C1,
5200,
39A0,
4A40,
4AE1,
5342,
4B62,
4383,
43A3,
3BE3,
3403,
3403,
3403,
3403,
3403,
3423,
3423,
3423,
3C23,
3C23,
3C23,
3C24,
3C24,
3C24,
3C23,
3C23,
3C23,
3C23,
3C24,
3C24,
3C24,
3444,
3444,
3444,
3444,
3444,
3444,
3444,
3C44,
3C44,
3C44,
3C44,
3C44,
3C44,
3444,
3444,
3444,
3444,
3444,
3C44,
3C44,
3C44,
3C44,
3C44,
3C44,
3C44,
3C44,
3C44,
3C44,
3C44,
3C44,
3C44,
3C44,
3C44,
3C44,
3C44,
3C44,
3C44,
3C44,
3C44,
3C44,
3C44,
3C44,
3C44,
3C44,
3C44,
3C44,
3C44,
3C44,
3444,
3444,
3444,
3444,
3444,
3444,
3444,
3444,
3444,
3444,
3444,
3444,
3444,
3444,
3444,
3444,
3444,
3444,
3444,
3444,
3444,
3444,
3444,
3444,
3444,
3444,
3444,
3444,
3444,
3444,
3444,
3C24,
3C24,
3C24,
3C24,
3C24,
3C24,
3C24,
3C24,
3C24,
3C24,
3C44,
3C44,
3C44,
3C44,
3C44,
3C44,
3C44,
3C24,
3C24,
3C24,
3C24,
3C24,
3C44,
3C44,
3C44,
3C44,
3C43,
3C43,
3C43,
3C44,
3C44,
3C44,
3C43,
3C43,
3C43,
3C43,
3C43,
3C44,
3C44,
3C44,
3C44,
3C44,
3C44,
3C44,
3C44,
3C44,
3C44,
3C44,
3C24,
3C24,
3444,
3424,
3C24,
3C24,
3C24,
3C24,
3C24,
3C24,
3C24,
3C24,
3C24,
3C24,
3C24,
3C24,
3C24,
3C24,
3C24,
3C24,
3C24,
3C24,
3C24,
3C24,
3C24,
3C24,
3C24,
3C24,
3C24,
3C24,
3C24,
3C24,
3C24,
3C24,
3C24,
3C24,
3C24,
3C24,
3C24,
3C24,
3C24,
3C24,
3C24,
3C24,
3C23,
3C23,
3C23,
3C23,
3C23,
3423,
3423,
3423,
3423,
3C23,
3C03,
3C03,
3C04,
3BA4,
2AC2,
11C0,
1980,
52E5,
8409,
948B,
9C8A,
9CA9,
9CA8,
A488,
A4A8,
A4A8,
ACA8,
ACA8,
ACA8,
ACA8,
ACA8,
ACA8,
ACA8,
ACA8,
ACA8,
ACA8,
ACA9,
AC89,
AC89,
AC89,
AC89,
AC89,
AC89,
AC89,
AC89,
AC89,
ACA9,
ACAA,
AC89,
ACAA,
B4CA,
B48A,
A428,
93C7,
8B45,
72A3,
61E0,
4940,
38C0,
38A0,
4940,
7280,
93A1,
ACA0,
C540,
CD81,
D5A2,
DDC3,
DDC2,
DDA2,
DDA2,
E5C2,
E5C1,
E5E2,
E5E3,
E5E3,
E5C3,
E5E4,
DDE4,
DDE4,
DDC4,
DDC4,
DDC4,
DDC4,
E5C4,
E5E4,
E5E3,
E5E3,
E5E3,
E5E3,
E5E3,
E5E3,
E5E3,
E603,
E5E3,
E5E4,
CD23,
93C1,
5200,
3140,
3A20,
4AC1,
4B63,
4B83,
4383,
3BC3,
3BC3,
3403,
3403,
3403,
3403,
3403,
3423,
3423,
3423,
3423,
3C23,
3C23,
3C23,
3C24,
3C24,
3C24,
3C23,
3C23,
3C23,
3C23,
3C24,
3C24,
3C24,
3444,
3444,
3444,
3444,
3444,
3444,
3444,
3C44,
3C44,
3C44,
3C44,
3C44,
3C44,
3C44,
3C44,
3C44,
3C44,
3C44,
3C44,
3C44,
3C44,
3C44,
3C44,
3C44,
3C44,
3C44,
3C44,
3C44,
3C44,
3C44,
3C44,
3C44,
3C44,
3C44,
3C44,
3C44,
3C44,
3C44,
3C44,
3C44,
3C44,
3C44,
3C44,
3C44,
3C44,
3C44,
3C44,
3C44,
3444,
3444,
3444,
3444,
3444,
3444,
3444,
3444,
3444,
3444,
3444,
3444,
3444,
3444,
3444,
3444,
3444,
3444,
3444,
3444,
3444,
3444,
3424,
3424,
3424,
3424,
3444,
3444,
3444,
3444,
3444,
3C24,
3C24,
3C24,
3C24,
3C24,
3C24,
3C24,
3C24,
3C24,
3C24,
3C24,
3C44,
3C44,
3C44,
3C44,
3C44,
3C44,
3C24,
3C24,
3C24,
3C24,
3C24,
3C24,
3C44,
3C44,
3C44,
3C43,
3C44,
3C44,
3C44,
3C44,
3C44,
3C44,
3C23,
3C23,
3C44,
3C44,
3C44,
3C44,
3C24,
3C24,
3C44,
3C44,
3C44,
3C44,
3C44,
3C44,
3C24,
3C24,
3C24,
3C24,
3C24,
3C24,
3C24,
3C24,
3C24,
3C24,
3C24,
3C24,
3C24,
3C24,
3C24,
3C24,
3C24,
3C24,
3C24,
3C24,
3C24,
3C24,
3C24,
3C24,
3C24,
3C24,
3C24,
3C24,
3C24,
3C24,
3C24,
3C24,
3C24,
3C24,
3C24,
3C24,
3C24,
3C24,
3C24,
3424,
3C24,
3C24,
3C24,
3C24,
3C23,
3423,
3423,
3423,
3423,
3423,
3423,
3423,
3C23,
3C23,
3C23,
3C03,
3C23,
3BE3,
3B43,
2260,
0980,
29E0,
6B87,
8C4A,
9C6A,
9C8A,
A4A9,
A4A9,
A4A9,
A4A8,
ACA8,
ACA8,
ACA8,
ACA8,
ACA8,
ACA8,
ACA8,
ACA8,
ACA8,
ACA8,
ACA8,
ACA8,
ACA8,
AC88,
AC88,
AC89,
AC89,
AC89,
AC88,
AC89,
AC89,
AC89,
ACA9,
ACA9,
AC8A,
AC8A,
B4AA,
B4AB,
B4CB,
B4CB,
AC69,
A407,
9384,
7282,
59A0,
4900,
40C0,
5140,
6A40,
8B40,
AC60,
C501,
D581,
DDC2,
DDA2,
DDA1,
E5C1,
E5C1,
E5C2,
EDC2,
E5A3,
E5A3,
E5C3,
E5C3,
E5C3,
E5C4,
E5C4,
E5C4,
E5C4,
E5C4,
E5E4,
E5E3,
E5E3,
E5E3,
E5E3,
E5E3,
E5E3,
E5E3,
E5E3,
E5E4,
D582,
9C00,
5A40,
3140,
3180,
42C1,
4B63,
4383,
3BA3,
3BC3,
33E3,
33E3,
3403,
2C03,
3403,
3403,
3403,
3403,
3423,
3423,
3423,
3C23,
3C23,
3C23,
3C24,
3C24,
3C24,
3C24,
3C23,
3C23,
3C23,
3C24,
3C24,
3C24,
3C24,
3C24,
3C24,
3C24,
3C24,
3C24,
3C24,
3C44,
3C44,
3C44,
3C44,
3C44,
3C44,
3C44,
3C44,
3C44,
3C44,
3C44,
3C44,
3C44,
3C44,
3C44,
3C44,
3C44,
3C44,
3C44,
3C44,
3C44,
3C44,
3C44,
3C44,
3C44,
3C44,
3C44,
3C44,
3C44,
3C44,
3C44,
3C44,
3C44,
3C44,
3C44,
3C44,
3C44,
3C44,
3C44,
3C44,
3C44,
3C44,
3444,
3444,
3444,
3444,
3444,
3444,
3444,
3444,
3444,
3444,
3444,
3444,
3444,
3444,
3444,
3424,
3424,
3424,
3424,
3424,
3424,
3424,
3424,
3424,
3424,
3424,
3444,
3444,
3444,
3444,
3C24,
3C24,
3C24,
3C24,
3C24,
3C24,
3C24,
3C24,
3C24,
3C24,
3C24,
3C24,
3C24,
3C24,
3C24,
3C24,
3C24,
3C24,
3C24,
3C24,
3C24,
3C24,
3C24,
3C24,
3C24,
3C44,
3C43,
3C44,
3C44,
3C44,
3C44,
3C44,
3C44,
3C24,
3C24,
3C24,
3C24,
3C24,
3C24,
3C24,
3C24,
3C24,
3C24,
3C24,
3C24,
3C24,
3C23,
3C24,
3C24,
3C24,
3C24,
3C24,
3C24,
3C24,
3C24,
3C24,
3C24,
3C24,
3C24,
3C24,
3C24,
3C24,
3C24,
3C24,
3C24,
3C24,
3C24,
3C24,
3C24,
3C24,
3C24,
3C24,
3C24,
3C24,
3C24,
3C24,
3C24,
3C24,
3C24,
3C24,
3C24,
3C24,
3C24,
3C24,
3C24,
3C24,
3423,
3423,
3423,
3423,
3423,
3423,
3423,
3423,
3423,
3423,
3423,
3423,
3423,
3C24,
3C24,
3C24,
3C04,
3C24,
3BE3,
3302,
11E0,
1180,
4AC4,
7C09,
946A,
9C8B,
9C8A,
A4AA,
A4A9,
A4A9,
A4A8,
ACA8,
ACA8,
ACA8,
ACA8,
ACA8,
ACA8,
ACA8,
B4A8,
B4A8,
ACA8,
ACA8,
ACA8,
ACA8,
AC88,
AC88,
ACA8,
ACA8,
ACA8,
ACA8,
ACA8,
ACA8,
ACA8,
ACA8,
ACA8,
ACA9,
ACA9,
AC89,
AC89,
AC8A,
B48A,
B4AA,
B4AA,
B4AA,
B48A,
AC29,
8B45,
6A21,
4940,
40A0,
40C0,
61C0,
8B00,
AC60,
CD41,
D581,
DDA1,
DDA1,
DDA2,
E582,
E5A2,
E5A3,
E5A3,
E5C3,
E5C3,
E5C3,
E5C3,
E5C3,
E5C3,
E5C4,
E5E3,
E5E4,
E5E3,
E5E3,
E5E3,
E5E3,
E5E3,
E5E3,
E603,
E604,
D5A4,
A441,
6280,
3980,
3180,
3A61,
4B23,
4B84,
43A4,
3BC3,
3BE4,
3BE4,
33E3,
3403,
3403,
3403,
3403,
3403,
3403,
3423,
3423,
3423,
3C23,
3C23,
3C23,
3C24,
3C24,
3C24,
3C24,
3C24,
3C24,
3C24,
3C24,
3C24,
3C24,
3C24,
3C24,
3C24,
3C24,
3C24,
3C24,
3C24,
3C24,
3C24,
3C44,
3C44,
3C44,
3C44,
3C44,
3C44,
3C44,
3C44,
3C44,
3C44,
3C44,
3C44,
3C44,
3C44,
3C44,
3C44,
3C44,
3C44,
3C44,
3C44,
3C44,
3C44,
3C44,
3C44,
3C44,
3C44,
3444,
3C44,
3C44,
3C44,
3C44,
3C44,
3C44,
3C44,
3C44,
3C44,
3C44,
3C44,
3C44,
3C44,
3444,
3444,
3C44,
3C44,
3C44,
3444,
3444,
3444,
3444,
3444,
3444,
3444,
3444,
3444,
3444,
3424,
3424,
3424,
3424,
3424,
3424,
3424,
3424,
3424,
3424,
3423,
3424,
3424,
3424,
3424,
3C24,
3C24,
3C24,
3C24,
3C24,
3C24,
3C24,
3C24,
3C24,
3C24,
3C24,
3C24,
3C24,
3C24,
3C24,
3C24,
3C24,
3C24,
3C24,
3C24,
3C24,
3C24,
3C24,
3C24,
3C24,
3C44,
3C44,
3C44,
3C44,
3C44,
3C44,
3C44,
3C44,
3C24,
3C24,
3C24,
3C24,
3C24,
3C24,
3C24,
3C24,
3C24,
3C24,
3C24,
3C24,
3C24,
3C24,
3C24,
3C24,
3C24,
3C24,
3C24,
3C24,
3C24,
3C24,
3C24,
3C24,
3C24,
3C24,
3C24,
3C24,
3C24,
3C24,
3C24,
3C24,
3C24,
3C24,
3C24,
3C24,
3C24,
3C24,
3C24,
3C24,
3C24,
3C24,
3C24,
3C24,
3C24,
3C24,
3C24,
3C24,
3C24,
3C24,
3C24,
3C24,
3C24,
3423,
3423,
3423,
3423,
3423,
3423,
3423,
3423,
3423,
3423,
3423,
3423,
3423,
3423,
3C23,
3C04,
3C04,
4424,
3BC4,
2AA1,
0980,
21C0,
6367,
8C4A,
9C8A,
9C6A,
A48A,
A4AA,
A4A9,
A4A9,
ACA8,
ACA8,
ACA8,
ACC8,
ACA8,
ACA8,
ACA8,
ACA8,
ACA8,
ACA8,
ACA8,
ACA8,
ACA8,
ACA8,
ACA8,
ACA8,
ACA8,
ACA8,
ACA7,
ACA7,
ACA7,
ACA7,
ACA7,
ACA7,
ACA7,
ACA8,
ACA8,
ACA8,
ACA8,
AC89,
AC89,
AC89,
AC89,
B48A,
B4AA,
B4AB,
B4AB,
AC49,
93A6,
7282,
5140,
4080,
40A0,
6A00,
9380,
B460,
CD41,
D581,
DD83,
DD83,
DD83,
E583,
E5A3,
E5C3,
E5C3,
E5C3,
E5C3,
E5C3,
E5C3,
E5C3,
E5C3,
E5E3,
E5E3,
E5E3,
E5E3,
E5E3,
E5C3,
E5C3,
E603,
DE04,
B4E2,
6AC0,
3980,
31A0,
3A61,
4B23,
4B84,
43A4,
43A4,
3BC4,
3BE4,
3BE4,
3C04,
3404,
3424,
3424,
3424,
3403,
3403,
3423,
3423,
3423,
3C23,
3C23,
3C23,
3C23,
3C24,
3C24,
3C24,
3C24,
3C24,
3C24,
3C24,
3C24,
3C24,
3C24,
3C24,
3C24,
3C24,
3C24,
3C24,
3C24,
3C24,
3C24,
3C44,
3C44,
3C44,
3C44,
3C44,
3C44,
3C44,
3C44,
3C44,
3C44,
3C44,
3C44,
3C44,
3C44,
3C44,
3C44,
3C44,
3C44,
3C44,
3C44,
3C44,
3C44,
3C44,
3C44,
3C44,
3C44,
3444,
3C44,
3C44,
3C44,
3C44,
3C44,
3C44,
3C44,
3C44,
3C44,
3C44,
3C44,
3C44,
3C44,
3444,
3444,
3444,
3444,
3444,
3444,
3444,
3444,
3444,
3444,
3444,
3444,
3444,
3444,
3444,
3424,
3424,
3424,
3424,
3424,
3424,
3424,
3424,
3424,
3424,
3424,
3424,
3424,
3424,
3424,
3C24,
3C24,
3C24,
3C24,
3C24,
3C24,
3C24,
3C24,
3C24,
3C24,
3C24,
3C24,
3C24,
3C24,
3C24,
3C24,
3C24,
3C24,
3C24,
3C24,
3C24,
3C24,
3C24,
3C24,
3C24,
3C44,
3C44,
3C44,
3C44,
3C44,
3C44,
3C44,
3C44,
3C24,
3C24,
3C24,
3C24,
3C24,
3C24,
3C24,
3C24,
3C24,
3C24,
3C24,
3C24,
3C24,
3C24,
3C24,
3C24,
3C24,
3C24,
3C24,
3C24,
3C24,
3C24,
3C24,
3C24,
3C24,
3C24,
3C24,
3C24,
3C24,
3C24,
3C24,
3C24,
3C24,
3C24,
3C24,
3C24,
3C24,
3C24,
3C24,
3C24,
3C24,
3C24,
3C24,
3C24,
3C24,
3C24,
3C24,
3C24,
3C24,
3C24,
3C24,
3C24,
3C24,
3423,
3423,
3423,
3423,
3423,
3423,
3423,
3423,
3423,
3423,
3423,
3423,
3C23,
3403,
3C04,
3C04,
3C04,
43E4,
3B63,
2240,
1160,
3A42,
7BE8,
948B,
9C8A,
A48A,
AC8A,
ACA9,
ACC9,
ACA8,
ACA8,
ACA8,
ACC8,
ACC8,
ACA8,
ACA8,
B4A8,
B4A8,
ACA8,
ACA8,
ACA8,
ACA8,
ACA8,
ACA8,
ACA8,
ACA8,
ACA7,
ACA7,
ACA7,
ACA8,
ACA7,
ACA7,
ACA7,
ACA7,
ACA7,
ACA7,
ACA7,
ACA7,
ACA8,
AC88,
AC88,
AC89,
AC88,
AC89,
AC89,
AC89,
AC89,
B4AB,
B4AB,
AC69,
9386,
6A43,
38A0,
3880,
5120,
7240,
A3E0,
C501,
D564,
DD64,
DD64,
DD83,
DDA2,
E5C3,
E5C3,
E5C3,
E5C3,
E5C3,
E5C3,
E5C3,
E5E3,
E5E3,
E5E3,
E5E3,
E5E3,
E5E3,
E5E3,
E5E3,
E604,
CDC3,
9C20,
5200,
2960,
3220,
42E1,
4B43,
43A4,
43C5,
43E4,
3BE4,
3BE4,
3C04,
3C04,
3404,
3404,
3404,
3424,
3423,
3423,
3423,
3423,
3423,
3C23,
3C23,
3C23,
3C23,
3C23,
3C23,
3C23,
3C24,
3C24,
3C24,
3C24,
3C23,
3C24,
3C24,
3C24,
3C24,
3C24,
3C24,
3C24,
3C24,
3C24,
3C24,
3C24,
3C24,
3C24,
3C24,
3C24,
3C24,
3C24,
3C24,
3C24,
3C24,
3C24,
3C24,
3C24,
3C24,
3C24,
3C24,
3C24,
3C24,
3C24,
3C24,
3C24,
3C24,
3C24,
3C24,
3444,
3444,
3444,
3444,
3C24,
3444,
3444,
3444,
3444,
3444,
3444,
3444,
3444,
3444,
3C44,
3C44,
3444,
3444,
3444,
3444,
3444,
3444,
3444,
3444,
3444,
3444,
3444,
3444,
3444,
3444,
3444,
3424,
3424,
3424,
3424,
3424,
3423,
3424,
3424,
3424,
3424,
3424,
3424,
3424,
3424,
3424,
3C24,
3C24,
3C24,
3C24,
3C24,
3C24,
3C24,
3C24,
3C24,
3C24,
3C24,
3C24,
3C24,
3C24,
3C24,
3C24,
3C24,
3C24,
3C24,
3C24,
3C24,
3C24,
3C24,
3C24,
3C24,
3C44,
3C44,
3C44,
3C44,
3C44,
3C44,
3C24,
3C24,
3C24,
3C24,
3C24,
3C24,
3C24,
3C24,
3C24,
3C24,
3C24,
3C24,
3C24,
3C24,
3C24,
3C24,
3C24,
3C24,
3C24,
3C24,
3C24,
3C24,
3C24,
3C24,
3C24,
3C24,
3C24,
3C24,
3C24,
3C24,
3C24,
3C24,
3C24,
3C24,
3C24,
3C24,
3C24,
3C24,
3C24,
3C24,
3C24,
3C24,
3C24,
3C24,
3C24,
3C24,
3C24,
3C24,
3C24,
3C24,
3C24,
3C24,
3C24,
3C24,
3C24,
3424,
3423,
3423,
3423,
3423,
3423,
3423,
3423,
3423,
3423,
3423,
3423,
3423,
3403,
3BE4,
3BE4,
3BE4,
43A4,
32E2,
19C0,
1960,
52E4,
8C4A,
9C8A,
9C8A,
A48A,
ACA9,
ACA9,
ACC8,
ACA9,
ACA8,
ACA8,
ACC8,
ACC8,
ACA8,
ACA8,
B4A8,
B4A8,
ACA8,
ACA8,
ACA8,
ACA8,
ACA8,
ACA8,
ACA8,
ACA8,
ACA8,
ACA8,
ACA8,
ACA8,
ACA8,
ACA8,
ACA8,
ACA8,
ACA8,
ACA7,
A4A8,
ACA8,
ACA8,
ACA8,
ACA8,
ACA8,
ACA8,
ACA8,
ACA8,
ACA8,
AC88,
A468,
AC68,
AC89,
B4A9,
A428,
8304,
59E0,
40E0,
38C0,
51A0,
8B42,
BC84,
D525,
D544,
DD64,
DDA3,
DDA3,
DDC3,
E5C3,
E5C3,
E5C3,
E5C3,
E5C3,
E5E3,
E5E3,
E5E3,
E5E3,
E5E3,
E5E3,
E5E3,
E5E3,
DE04,
C562,
8BA0,
49E0,
39C0,
42A1,
4B42,
4B43,
43A4,
43E4,
43E4,
3BC4,
3BC4,
33A3,
2B83,
2362,
2362,
1B61,
2BA2,
3403,
3403,
3423,
3423,
3423,
3C23,
3C23,
3C23,
3C23,
3C23,
3C23,
3C24,
3C24,
3C24,
3C24,
3C24,
3C24,
3C24,
3C24,
3C24,
3C24,
3C24,
3C24,
3C24,
3C24,
3C24,
3C24,
3C24,
3C24,
3C24,
3C24,
3C24,
3C24,
3C24,
3C24,
3C24,
3C24,
3C24,
3C24,
3C24,
3C24,
3C24,
3C24,
3C24,
3C24,
3C24,
3C24,
3C24,
3C24,
3C24,
3C24,
3444,
3444,
3444,
3C44,
3C24,
3444,
3444,
3444,
3444,
3444,
3444,
3444,
3444,
3444,
3444,
3444,
3444,
3444,
3444,
3444,
3444,
3444,
3444,
3444,
3444,
3444,
3444,
3444,
3444,
3444,
3444,
3424,
3424,
3424,
3424,
3424,
3423,
3424,
3424,
3424,
3424,
3424,
3424,
3424,
3424,
3424,
3C24,
3C24,
3C24,
3C24,
3C24,
3C24,
3C24,
3C24,
3C24,
3C24,
3C24,
3C24,
3C24,
3C24,
3C24,
3C24,
3C24,
3C24,
3C24,
3C24,
3C24,
3C24,
3C24,
3C24,
3C24,
3C44,
3C44,
3C24,
3C24,
3C24,
3C24,
3C24,
3C24,
3C24,
3C24,
3C24,
3C24,
3C24,
3C24,
3C24,
3C24,
3C24,
3C24,
3C24,
3C24,
3C24,
3C24,
3C24,
3C24,
3C24,
3C24,
3C24,
3C24,
3C24,
3C24,
3C24,
3C24,
3C24,
3C24,
3C24,
3C24,
3C24,
3C24,
3C24,
3C24,
3C24,
3C24,
3C24,
3C24,
3C24,
3C24,
3C24,
3C24,
3C24,
3C24,
3C24,
3C24,
3C24,
3C24,
3C24,
3C24,
3C24,
3C24,
3C24,
3C24,
3C24,
3C24,
3C24,
3C24,
3C24,
3C23,
3423,
3423,
3423,
3423,
3423,
3423,
3403,
3403,
3C03,
3BE4,
3BC4,
3BC4,
4384,
2A81,
0940,
29C0,
6BA7,
948A,
9C8A,
A489,
A489,
ACA8,
ACA8,
ACA8,
ACA8,
ACA8,
ACA8,
B4A8,
B4A8,
B4A8,
B4A8,
ACA8,
ACA8,
ACA8,
ACA8,
ACA8,
AC88,
ACA8,
ACA8,
ACA7,
ACA8,
ACA8,
ACA8,
ACA8,
ACA8,
ACA8,
ACA8,
ACA8,
ACA8,
ACA8,
ACA8,
ACA8,
ACA8,
ACA8,
ACA8,
ACA8,
ACA8,
ACA8,
ACA8,
ACA8,
ACA8,
ACA7,
AC87,
AC87,
AC88,
B4A8,
B4A8,
AC89,
9C07,
7AE4,
5182,
3080,
40E0,
7A60,
AC02,
CD25,
DD65,
DDA4,
DDA3,
DDA3,
DDC3,
DDC3,
E5C3,
E5C3,
E5C3,
E5E3,
E5E3,
E5E3,
E5E3,
E5E3,
E5E3,
E5E3,
E5E3,
E604,
C542,
7B40,
41C0,
4200,
5342,
5BA4,
53A4,
4BA4,
3BA3,
3362,
2B42,
2321,
1AE0,
12C0,
0A80,
0260,
0AA0,
1B21,
2BC3,
3403,
3403,
3423,
3423,
3423,
3423,
3423,
3C23,
3C24,
3423,
3424,
3C24,
3C24,
3C24,
3C24,
3C24,
3C24,
3C23,
3C24,
3C24,
3C24,
3C24,
3C24,
3C24,
3C24,
3C24,
3C24,
3C24,
3C24,
3C24,
3C24,
3C24,
3C24,
3C24,
3C24,
3C24,
3C24,
3C24,
3C24,
3C24,
3C24,
3C24,
3C24,
3C24,
3C24,
3C24,
3C24,
3C24,
3C24,
3C24,
3C24,
3C24,
3C44,
3444,
3424,
3444,
3444,
3444,
3444,
3444,
3444,
3444,
3444,
3444,
3444,
3444,
3444,
3444,
3444,
3444,
3444,
3444,
3444,
3444,
3444,
3444,
3444,
3444,
3444,
3444,
3444,
3424,
3424,
3424,
3424,
3424,
3423,
3424,
3423,
3423,
3423,
3423,
3423,
3423,
3423,
3423,
3C24,
3C24,
3C24,
3C24,
3C24,
3C24,
3C24,
3C24,
3C24,
3C24,
3C24,
3C24,
3C24,
3C24,
3C24,
3C24,
3C24,
3C24,
3C24,
3C24,
3C24,
3C24,
3C24,
3C24,
3C24,
3C24,
3C24,
3C24,
3C24,
3C24,
3C24,
3C24,
3C24,
3C24,
3C24,
3C24,
3C24,
3C24,
3C24,
3C24,
3C24,
3C24,
3C24,
3C24,
3C24,
3C24,
3C24,
3C24,
3C24,
3C24,
3C24,
3C24,
3C24,
3C24,
3C24,
3C24,
3C24,
3C24,
3C24,
3C24,
3C24,
3C24,
3C24,
3C24,
3C24,
3C24,
3C24,
3C24,
3C24,
3C24,
3C24,
3C24,
3C24,
3C24,
3C24,
3C24,
3C24,
3C24,
3C24,
3C24,
3C24,
3C24,
3C24,
3C24,
3C24,
3C24,
3C24,
3C24,
3C24,
3C24,
3C23,
3423,
3423,
3423,
3423,
3423,
3423,
3403,
3404,
3C04,
3BE4,
3BC4,
43C5,
4384,
2220,
1140,
3A42,
7BE9,
9C8A,
9C8A,
A489,
AC88,
ACA8,
ACA8,
ACA8,
ACA8,
ACA8,
B4C8,
B4A8,
B4A8,
B4A8,
B4A8,
ACA8,
ACA8,
ACA8,
ACA8,
ACA8,
AC88,
ACA8,
ACA8,
ACA7,
ACA8,
ACA8,
ACA8,
ACA8,
ACA7,
ACA8,
ACA8,
ACA8,
ACA8,
ACA8,
ACA8,
ACA8,
ACA8,
ACA8,
ACA8,
ACA8,
ACA8,
ACA8,
ACA8,
ACA8,
ACA8,
ACA8,
ACA8,
AC88,
ACA8,
AC88,
ACA8,
ACA8,
B4A9,
AC6A,
9BC9,
6A43,
30A0,
30A0,
59E0,
9BE4,
CD46,
D585,
DDA5,
DDA3,
DDC3,
DDC3,
DDC3,
E5C3,
E5C3,
E5E3,
E5E3,
E5E3,
E5E3,
E5E3,
E5E3,
E5E3,
E5E4,
E604,
C563,
8BC0,
5240,
4200,
42A1,
3AC1,
3AC2,
2AC1,
1AA0,
1A80,
1280,
1260,
0A40,
0220,
0220,
0260,
12C0,
1B41,
2BC2,
3403,
3403,
3403,
3423,
3423,
3423,
3423,
3C23,
3C24,
3423,
3404,
3C04,
3C24,
3C24,
3C24,
3C24,
3C24,
3424,
3C24,
3C24,
3C24,
3C24,
3C24,
3C24,
3C24,
3C23,
3C23,
3C23,
3C23,
3C23,
3C24,
3C24,
3C24,
3C24,
3C24,
3C24,
3C24,
3C24,
3C24,
3C24,
3C24,
3C24,
3C24,
3C24,
3C24,
3C24,
3C24,
3C24,
3C24,
3C24,
3C24,
3C24,
3C24,
3444,
3444,
3444,
3444,
3444,
3444,
3444,
3444,
3444,
3444,
3444,
3444,
3444,
3444,
3444,
3444,
3444,
3444,
3444,
3444,
3444,
3444,
3444,
3444,
3444,
3444,
3444,
3444,
3424,
3424,
3424,
3424,
3424,
3424,
3424,
3423,
3423,
3423,
3423,
3423,
3423,
3423,
3423,
3C24,
3C24,
3C24,
3C24,
3C24,
3C24,
3C24,
3C24,
3C24,
3C24,
3C24,
3C24,
3C24,
3C24,
3C24,
3C24,
3C24,
3C24,
3C24,
3C24,
3C24,
3C24,
3C24,
3C24,
3C24,
3C24,
3C24,
3C24,
3C24,
3C24,
3C24,
3C24,
3C24,
3C24,
3C24,
3C24,
3C24,
3C24,
3C24,
3C24,
3C24,
3C24,
3C24,
3C24,
3C24,
3C24,
3C24,
3C24,
3C24,
3C24,
3C24,
3C24,
3C24,
3C24,
3C24,
3C24,
3C24,
3C24,
3C24,
3C24,
3C24,
3C24,
3C24,
3C24,
3C24,
3C24,
3C24,
3C24,
3C24,
3C24,
3C24,
3C24,
3C24,
3C24,
3C24,
3C24,
3C24,
3C24,
3C24,
3C24,
3C24,
3C24,
3C24,
3C24,
3C24,
3C24,
3C24,
3C24,
3C24,
3C24,
3C24,
3423,
3423,
3423,
3423,
3423,
3423,
3403,
3404,
3C04,
3BE4,
3BA4,
43A5,
3B24,
19C0,
1980,
5305,
8C6A,
9CAA,
A489,
A489,
AC88,
ACA8,
ACA8,
ACA8,
ACA8,
B4A8,
B4A8,
B4A8,
B4A8,
B4A8,
B4A8,
ACA8,
ACA8,
ACA8,
ACA8,
ACA8,
ACA8,
ACA8,
ACA8,
ACA8,
ACA8,
ACA8,
ACA8,
ACA8,
ACA8,
ACA8,
ACA8,
ACA8,
ACA8,
ACA8,
ACA8,
ACA8,
ACA8,
ACA8,
ACA8,
ACA8,
ACA8,
ACA8,
ACA8,
ACA8,
ACA8,
ACA8,
ACA8,
ACA8,
ACA8,
ACA8,
AC87,
AC87,
AC87,
AC89,
AC6A,
9C08,
6241,
2880,
2880,
5A00,
A444,
C526,
D585,
DDA4,
DDC3,
DDC3,
DDC3,
DDC3,
E5C3,
E5E3,
E5E3,
E5E3,
E5E3,
E5E3,
E5E3,
E5E3,
E5E3,
E604,
D5C4,
ACE2,
7B81,
4220,
1960,
0920,
0940,
0180,
01A0,
09E0,
0A20,
1240,
1260,
12A0,
12A0,
2321,
2B83,
33C3,
3403,
3403,
3403,
3423,
3423,
3423,
3423,
3423,
3C24,
3C24,
3424,
3404,
3C05,
3C25,
3C25,
3C25,
3C24,
3C24,
3424,
3C24,
3C24,
3C24,
3C24,
3C24,
3C24,
3C24,
3C23,
3C23,
3C23,
3C23,
3C24,
3C24,
3C24,
3C24,
3C24,
3C24,
3C24,
3C24,
3C24,
3C24,
3C24,
3C24,
3C24,
3C24,
3C24,
3C24,
3C24,
3C24,
3C24,
3C24,
3C24,
3C24,
3C24,
3C44,
3444,
3444,
3444,
3444,
3444,
3444,
3444,
3444,
3444,
3444,
3444,
3444,
3444,
3444,
3444,
3444,
3444,
3444,
3444,
3444,
3444,
3444,
3444,
3444,
3444,
3444,
3444,
3444,
3424,
3424,
3424,
3424,
3424,
3424,
3424,
3423,
3423,
3423,
3423,
3423,
3423,
3423,
3423,
3C24,
3C24,
3C24,
3C24,
3C24,
3C24,
3C24,
3C24,
3C24,
3C24,
3C24,
3C24,
3C24,
3C24,
3C24,
3C24,
3C24,
3C24,
3C24,
3C24,
3C24,
3C24,
3C24,
3C24,
3C24,
3C24,
3C24,
3C24,
3C24,
3C24,
3C24,
3C24,
3C24,
3C24,
3C24,
3C24,
3C24,
3C24,
3C24,
3C24,
3C24,
3C24,
3C24,
3C24,
3C24,
3C24,
3C24,
3C24,
3C24,
3C24,
3C24,
3C24,
3C24,
3C24,
3C24,
3C24,
3C24,
3C24,
3C24,
3C24,
3C24,
3C24,
3C24,
3C24,
3C24,
3C24,
3C24,
3C24,
3C24,
3C24,
3C24,
3C24,
3C24,
3C24,
3C24,
3C24,
3C24,
3C24,
3C24,
3C24,
3C24,
3C24,
3C24,
3C24,
3C24,
3C24,
3C24,
3C24,
3C24,
3C24,
3C24,
3423,
3423,
3423,
3423,
3423,
3423,
3403,
3403,
3C04,
43E5,
3B85,
4385,
3AC3,
1980,
31C0,
7386,
94AA,
9CA9,
A488,
AC88,
AC88,
ACA8,
ACA8,
ACA8,
ACA8,
B4A8,
B4A8,
B4A8,
B4A8,
B4A9,
B4A9,
ACA8,
ACA8,
ACA8,
ACA8,
ACA8,
ACA8,
ACA8,
ACA8,
ACA8,
ACA8,
ACA8,
ACA8,
ACA8,
ACA8,
ACA8,
ACA8,
ACA8,
ACA8,
ACA8,
ACA8,
ACA8,
ACA8,
ACA8,
ACA8,
ACA8,
ACA8,
ACA8,
ACA8,
ACA8,
ACA8,
ACA8,
ACA8,
ACA8,
ACA8,
ACA8,
AC88,
AC87,
AC67,
A468,
AC88,
AC88,
9C27,
6A84,
38E0,
3900,
6AA0,
A424,
BD04,
D585,
D5C5,
DDC3,
DDC3,
DDC2,
DDC3,
DDE3,
E5E3,
E5E2,
E5E3,
E5E3,
E5E2,
E5E2,
E5E2,
DE03,
DE05,
CDC5,
AD03,
6B80,
3A40,
21A0,
1160,
11C0,
1A20,
1A40,
1A60,
1AA0,
2B02,
3363,
2B83,
33A3,
3BE4,
3C04,
3404,
3403,
3403,
3423,
3423,
3423,
3423,
3423,
3C24,
3C24,
3C24,
3C25,
3C25,
3C25,
3C25,
3405,
3404,
3404,
3C24,
3C24,
3C24,
3C24,
3C24,
3C24,
3C24,
3C24,
3C24,
3C24,
3C24,
3C24,
3C24,
3C24,
3C24,
3C24,
3C24,
3C24,
3C24,
3C24,
3C24,
3C24,
3C24,
3C24,
3C44,
3C44,
3C44,
3C44,
3C44,
3C44,
3C44,
3C44,
3C44,
3C44,
3C44,
3C44,
3444,
3444,
3444,
3444,
3444,
3444,
3444,
3444,
3444,
3444,
3444,
3444,
3444,
3444,
3444,
3444,
3444,
3444,
3444,
3444,
3444,
3444,
3444,
3444,
3444,
3444,
3444,
3444,
3424,
3424,
3424,
3424,
3424,
3423,
3423,
3423,
3423,
3423,
3423,
3423,
3423,
3423,
3423,
3C24,
3C24,
3C24,
3C24,
3C24,
3C24,
3C24,
3C24,
3C24,
3C24,
3C24,
3C24,
3C24,
3C24,
3C24,
3C24,
3C24,
3C24,
3C24,
3C24,
3C24,
3C24,
3C24,
3C24,
3C24,
3C24,
3C24,
3C24,
3C24,
3C24,
3C24,
3C24,
3C24,
3C24,
3C24,
3C24,
3C24,
3C24,
3C24,
3C24,
3C24,
3C24,
3C24,
3C24,
3C24,
3C24,
3C24,
3C24,
3C24,
3C24,
3C24,
3C24,
3C24,
3C24,
3C24,
3C24,
3C24,
3C24,
3C24,
3C24,
3C24,
3C24,
3C24,
3C24,
3C24,
3C24,
3C24,
3C24,
3C24,
3C24,
3C24,
3C24,
3C24,
3C24,
3C24,
3C24,
3C24,
3C24,
3C24,
3C24,
3C24,
3C24,
3C24,
3C24,
3C24,
3C24,
3C24,
3C24,
3C24,
3C24,
3C24,
3424,
3423,
3423,
3423,
3423,
3423,
3403,
3C03,
3BE4,
4BC5,
4BA6,
4324,
29E0,
1920,
4221,
8BE8,
9C8A,
9CA9,
A488,
AC88,
ACA8,
ACA8,
ACA8,
ACA8,
ACA7,
B4A8,
B4A8,
B4A8,
B4A8,
B4A8,
B4A9,
ACA9,
ACA9,
ACA8,
ACA8,
ACA8,
ACA8,
ACA8,
ACA8,
ACA8,
ACA8,
ACA8,
ACA8,
ACA8,
ACA8,
ACA8,
ACA8,
ACA8,
ACA8,
ACA8,
ACA8,
ACA8,
ACA8,
ACA8,
ACA8,
ACA8,
ACA8,
ACA8,
ACA8,
ACA8,
ACA8,
ACA8,
ACA8,
ACA8,
ACA8,
ACA8,
AC88,
AC88,
AC88,
A488,
AC88,
ACA9,
B4E9,
9C28,
6A63,
38E0,
38E0,
6A61,
9C24,
BD06,
CD86,
D5A5,
DDC3,
DDC2,
DDC3,
DDC3,
DDC3,
E5C3,
E5E3,
E5E3,
E5E3,
E5E2,
E5E2,
DE03,
DE04,
DE25,
D605,
BDA6,
A525,
8CA5,
7405,
63C5,
4B43,
3AE2,
2B01,
2B22,
3B63,
3BA4,
3BC4,
3BE4,
3BE4,
33E4,
3404,
3403,
3403,
3403,
3403,
3424,
3424,
3424,
3C24,
3C24,
3C24,
3C25,
3C05,
2BA4,
2342,
1B01,
2322,
2BA3,
3404,
3424,
3424,
3C24,
3C24,
3C24,
3C24,
3C24,
3C24,
3C24,
3C24,
3C24,
3C24,
3C24,
3C24,
3C24,
3C24,
3C24,
3C24,
3C24,
3C24,
3C24,
3C24,
3C24,
3C44,
3C44,
3C44,
3C44,
3C44,
3C44,
3C44,
3C44,
3C44,
3C44,
3C44,
3C44,
3444,
3444,
3444,
3444,
3444,
3444,
3444,
3444,
3444,
3444,
3444,
3444,
3444,
3444,
3444,
3444,
3444,
3444,
3444,
3444,
3444,
3444,
3444,
3444,
3444,
3444,
3444,
3444,
3424,
3424,
3424,
3424,
3424,
3423,
3423,
3423,
3423,
3424,
3423,
3423,
3423,
3423,
3423,
3C24,
3C24,
3C24,
3C24,
3C24,
3C24,
3C24,
3C24,
3C24,
3C24,
3C24,
3C24,
3C24,
3C24,
3C24,
3C24,
3C24,
3C24,
3C24,
3C24,
3C24,
3C24,
3C24,
3C24,
3C24,
3C24,
3C24,
3C24,
3C24,
3C24,
3C24,
3C24,
3C24,
3C24,
3C24,
3C24,
3C24,
3C24,
3C24,
3C24,
3C24,
3C24,
3C24,
3C24,
3C24,
3C24,
3C24,
3C24,
3C24,
3C24,
3C24,
3C24,
3C24,
3C24,
3C24,
3C24,
3C24,
3C24,
3C24,
3C24,
3C24,
3C24,
3C24,
3C24,
3C24,
3C24,
3C24,
3C24,
3C24,
3C24,
3C24,
3C24,
3C24,
3C24,
3C24,
3C24,
3C24,
3C24,
3C24,
3C24,
3423,
3C24,
3C24,
3C24,
3C24,
3C24,
3C24,
3C24,
3C24,
3C24,
3C24,
3424,
3C23,
3423,
3403,
3403,
3403,
3C03,
3C03,
4404,
4BC5,
4324,
2200,
08E0,
18E0,
5282,
9409,
A46A,
A489,
A488,
ACA8,
ACA8,
ACA8,
ACA8,
ACC8,
ACA8,
B4A8,
B4A8,
B4A8,
B4A8,
B4A9,
B4A9,
ACA9,
ACA9,
ACA8,
ACA8,
ACA8,
ACA8,
ACA8,
ACA8,
ACA8,
ACA8,
ACA8,
ACA8,
ACA8,
ACA8,
ACA8,
ACA8,
ACA8,
ACA8,
ACA8,
ACA8,
ACA8,
ACA8,
ACA8,
ACA8,
ACA8,
ACA8,
ACA8,
ACA8,
ACA8,
ACA8,
ACA8,
ACA8,
ACA8,
ACA8,
ACA8,
AC88,
AC88,
AC88,
AC88,
AC88,
AC89,
ACA9,
A488,
8BA5,
5A00,
2860,
4120,
8323,
AC67,
C506,
D565,
D5A4,
D5C3,
DDC2,
DDC2,
E5C3,
E5E3,
E5C3,
E5E3,
E5E3,
E5E3,
E5E2,
E5E3,
E603,
E624,
DE46,
DE68,
D649,
C629,
B60A,
84A6,
4B43,
3B02,
3B63,
3BA4,
3BA4,
3BC4,
3BC4,
3BE4,
3C04,
3C04,
3404,
3404,
3404,
3404,
3424,
3C24,
3C24,
3424,
3C24,
3C25,
3C25,
33C4,
2342,
0A80,
01E0,
01E0,
0A60,
1B21,
2BC3,
3424,
3423,
3423,
3C24,
3C24,
3C24,
3C24,
3C24,
3C24,
3C24,
3C24,
3C24,
3C24,
3C24,
3C24,
3C24,
3C24,
3C24,
3C24,
3C24,
3C24,
3C44,
3C44,
3C44,
3C44,
3C44,
3C44,
3C44,
3C44,
3C44,
3C44,
3C44,
3C44,
3C44,
3C44,
3C44,
3C44,
3444,
3444,
3444,
3444,
3444,
3444,
3444,
3444,
3444,
3444,
3444,
3444,
3444,
3444,
3444,
3444,
3444,
3444,
3444,
3444,
3424,
3424,
3424,
3424,
3444,
3444,
3424,
3424,
3424,
3424,
3424,
3424,
3424,
3423,
3424,
3423,
3423,
3423,
3423,
3423,
3423,
3C24,
3C24,
3C24,
3C24,
3C24,
3C24,
3C24,
3C24,
3C24,
3C24,
3C24,
3C24,
3C24,
3C24,
3C24,
3C24,
3C24,
3C24,
3C24,
3C24,
3C24,
3C24,
3C24,
3C24,
3C24,
3C24,
3C24,
3C24,
3C24,
3C24,
3C24,
3C24,
3C24,
3C24,
3C24,
3C24,
3C24,
3C24,
3C24,
3C24,
3C24,
3C24,
3C24,
3C24,
3C24,
3C24,
3C24,
3C24,
3C24,
3C24,
3C24,
3C24,
3C24,
3C24,
3C24,
3C24,
3C24,
3C24,
3C24,
3C24,
3C24,
3C24,
3C24,
3C24,
3C24,
3C24,
3C24,
3C24,
3C24,
3C24,
3C24,
3C24,
3C24,
3C24,
3C24,
3C24,
3C24,
3C24,
3C24,
3C24,
3423,
3C24,
3C24,
3C24,
3C24,
3C24,
3C24,
3C24,
3C24,
3C24,
3C24,
3C24,
3C24,
3C24,
3403,
3404,
3C04,
3C04,
4424,
43E5,
32E3,
19A0,
08C0,
10A0,
31A0,
7366,
9C49,
A46A,
A489,
ACA8,
ACA8,
ACA8,
ACA8,
ACA8,
ACC8,
B4A8,
B4A8,
B4A8,
B4A8,
B4A8,
B4A9,
B4A9,
ACA8,
ACA8,
ACA8,
ACA8,
ACA8,
ACA8,
ACA8,
ACA8,
ACA8,
ACA8,
ACA8,
ACA8,
ACA8,
ACA8,
ACA8,
ACA8,
ACA8,
ACA8,
ACA8,
ACA8,
ACA8,
ACA8,
ACA8,
ACA8,
ACA8,
ACA8,
ACA8,
ACA8,
ACA8,
ACA8,
ACA8,
ACA8,
ACA8,
ACA8,
ACA8,
AC88,
A487,
A488,
AC88,
AC88,
AC88,
AC89,
ACA9,
9C67,
8384,
51E1,
38E0,
59E1,
8B65,
BCC7,
CD45,
CD44,
D5A4,
DDA3,
DDC3,
E5C3,
E5C3,
E5C3,
E5C3,
E5E3,
E5E3,
E5E3,
E5E3,
E5E3,
DE04,
D605,
CDC5,
BD84,
A525,
8CC5,
5342,
3280,
32E2,
3BA4,
43C5,
43C4,
3BC4,
3BE4,
3C04,
3C04,
3404,
3404,
3404,
3424,
3424,
3424,
3C24,
3C25,
3C25,
3C05,
3C25,
33E4,
2363,
0AA0,
0200,
01A0,
01E0,
0A80,
12E0,
2362,
3404,
3424,
3423,
3C24,
3C24,
3C24,
3C24,
3C24,
3C24,
3C24,
3C24,
3C24,
3C24,
3423,
3C24,
3C24,
3C24,
3C24,
3C24,
3C24,
3C24,
3C44,
3C44,
3C44,
3C44,
3C44,
3C44,
3C44,
3C44,
3C44,
3C44,
3C44,
3C44,
3C44,
3C44,
3C44,
3C44,
3444,
3444,
3444,
3444,
3444,
3444,
3444,
3444,
3444,
3C44,
3C44,
3444,
3444,
3444,
3444,
3444,
3444,
3424,
3424,
3424,
3424,
3424,
3424,
3424,
3424,
3424,
3424,
3424,
3424,
3424,
3424,
3424,
3424,
3424,
3424,
3423,
3423,
3423,
3423,
3423,
3444,
3C24,
3C24,
3C24,
3C24,
3C24,
3C24,
3C24,
3C24,
3C24,
3C24,
3C24,
3C24,
3C24,
3C24,
3C24,
3C24,
3C24,
3C24,
3C24,
3C24,
3C24,
3C24,
3C24,
3C24,
3C24,
3C24,
3C24,
3C24,
3C24,
3C24,
3C24,
3C24,
3C24,
3C24,
3C24,
3C24,
3C24,
3C24,
3C24,
3C24,
3C24,
3C24,
3C24,
3C24,
3C24,
3C24,
3C24,
3C24,
3C24,
3C24,
3C24,
3C24,
3C24,
3C24,
3C24,
3C24,
3C24,
3C24,
3C24,
3C24,
3C24,
3C24,
3C24,
3C24,
3C24,
3C24,
3C24,
3C24,
3C24,
3C24,
3C24,
3C24,
3C24,
3C24,
3C24,
3C24,
3C24,
3C24,
3C24,
3C24,
3C23,
3C23,
3C24,
3C24,
3C24,
3C24,
3C24,
3C24,
3C24,
3C24,
3C24,
3C24,
3C24,
3C23,
3403,
3C03,
3C04,
3C04,
43E5,
3344,
09C0,
00C0,
1900,
41C1,
6B46,
9C6A,
A469,
A48A,
AC89,
ACA9,
ACA8,
ACA8,
ACA8,
ACA8,
ACC8,
B4A8,
B4A8,
B4A8,
B4A8,
B4A8,
B4A8,
B4A8,
ACA8,
ACA8,
ACA8,
ACA8,
ACA8,
ACA8,
ACA8,
ACA8,
ACA8,
ACA8,
ACA8,
ACA8,
ACA8,
ACA8,
ACA8,
ACA8,
ACA8,
ACA8,
ACA8,
ACA8,
ACA8,
ACA8,
ACA8,
ACA8,
ACA8,
ACA8,
ACA8,
ACA8,
ACA8,
ACA8,
ACA8,
ACA8,
ACA8,
ACA8,
ACA8,
ACA8,
A488,
A488,
A488,
AC88,
AC68,
A488,
A4A9,
A4A9,
A468,
8365,
4140,
2860,
6A42,
B487,
C526,
CD25,
DD86,
DDA4,
DDC3,
E5C3,
E5C3,
E5C3,
E5C3,
E5E3,
E5E3,
E5E3,
E5E3,
E5E3,
E5E4,
D5E5,
CDC5,
AD23,
73E1,
42C0,
2A20,
2A60,
3302,
3BA4,
3BC4,
3BC4,
3BC4,
3BE4,
3C04,
3C04,
3404,
3424,
3C24,
3C24,
3C24,
3C24,
3C24,
3C25,
3C25,
3C05,
3C05,
33C4,
1B22,
0240,
0220,
1280,
1AE2,
1B02,
1B01,
2342,
33C3,
3404,
3C24,
3C24,
3C24,
3C24,
3C24,
3C24,
3C24,
3C24,
3C24,
3C24,
3C23,
3423,
3C24,
3C24,
3C24,
3C24,
3C24,
3C24,
3C24,
3C44,
3C44,
3C44,
3C44,
3C44,
3C44,
3C44,
3C44,
3C44,
3C44,
3C44,
3C44,
3C44,
3C44,
3C44,
3C44,
3444,
3444,
3444,
3444,
3444,
3C44,
3444,
3444,
3444,
3C44,
3C44,
3444,
3444,
3444,
3444,
3444,
3444,
3424,
3424,
3424,
3424,
3424,
3424,
3424,
3424,
3424,
3424,
3424,
3424,
3424,
3424,
3424,
3424,
3424,
3424,
3424,
3423,
3423,
3423,
3423,
3444,
3C24,
3C24,
3C24,
3C24,
3C24,
3C24,
3C24,
3C24,
3C24,
3C24,
3C24,
3C24,
3C24,
3C24,
3C24,
3C24,
3C24,
3C24,
3C24,
3C24,
3C24,
3C24,
3C24,
3C24,
3C24,
3C24,
3C24,
3C24,
3C24,
3C24,
3C24,
3C24,
3C24,
3C24,
3C24,
3C24,
3C24,
3C24,
3C24,
3C24,
3C24,
3C24,
3C24,
3C24,
3C24,
3C24,
3C24,
3C24,
3C24,
3C24,
3C24,
3C24,
3C24,
3C24,
3C24,
3C24,
3C24,
3C24,
3C24,
3C24,
3C24,
3C24,
3C24,
3C24,
3C24,
3C24,
3C24,
3C24,
3C24,
3C24,
3C24,
3C24,
3C24,
3C24,
3C24,
3C24,
3C24,
3C24,
3C24,
3C24,
3C43,
3C24,
3C24,
3C24,
3C24,
3C24,
3C23,
3C23,
3C23,
3C23,
3C23,
3C23,
3C23,
3C03,
3C03,
3C03,
3C24,
4404,
3B63,
1A40,
0120,
0920,
4262,
7B87,
9C2A,
A4AA,
A489,
A489,
AC89,
AC89,
ACA8,
ACA8,
ACA8,
ACA8,
B4A8,
B4A8,
B4A8,
B4A8,
B4A8,
B4A8,
B4A8,
B4A8,
ACA8,
ACA8,
ACA8,
ACA8,
ACA8,
ACA8,
ACA8,
ACA8,
ACA8,
ACA8,
ACA8,
ACA8,
ACA8,
ACA8,
ACA8,
ACA8,
ACA8,
ACA8,
ACA8,
ACA8,
ACA8,
ACA8,
ACA8,
ACA8,
ACA8,
ACA8,
ACA8,
ACA8,
ACA8,
ACA8,
ACA8,
ACA8,
ACA8,
ACA8,
ACA8,
AC88,
A488,
A488,
A488,
A488,
AC88,
A489,
A488,
ACA9,
ACA9,
9C09,
6243,
3080,
4960,
8B64,
B4A6,
CD46,
DDA6,
DDA5,
DDA3,
DDC3,
E5C3,
E5C3,
E5C3,
E5C3,
E5C3,
E5E3,
E5E3,
E5E3,
E5E4,
DDE5,
CD85,
9442,
52C0,
2A00,
2220,
2A81,
3B43,
3BA4,
33C4,
3BC4,
33C4,
33E3,
33E3,
3403,
3423,
3424,
3C24,
3C44,
3C24,
3C24,
3C24,
3C25,
3404,
3404,
33E4,
33A4,
1AE1,
0220,
12A0,
3384,
3BC5,
2B63,
1B01,
2322,
2BA3,
3404,
3C24,
3C44,
3C24,
3C24,
3C24,
3C24,
3C24,
3C24,
3C24,
3C43,
3C23,
3C23,
3C23,
3C24,
3C24,
3C24,
3C24,
3C24,
3C24,
3C44,
3C44,
3C44,
3C44,
3C44,
3C44,
3C44,
3C44,
3C44,
3C44,
3C44,
3C44,
3C44,
3C44,
3C44,
3C44,
3C44,
3444,
3444,
3444,
3444,
3C44,
3444,
3C44,
3C44,
3C44,
3C44,
3444,
3444,
3444,
3444,
3444,
3424,
3424,
3424,
3444,
3444,
3424,
3424,
3424,
3424,
3424,
3424,
3424,
3424,
3424,
3444,
3444,
3423,
3423,
3423,
3424,
3423,
3423,
3423,
3423,
3444,
3C24,
3C24,
3C24,
3C24,
3C24,
3C24,
3C24,
3C24,
3C24,
3C24,
3C24,
3C24,
3C24,
3C24,
3C24,
3C24,
3C24,
3C24,
3C24,
3C24,
3C24,
3C24,
3C24,
3C24,
3C24,
3C24,
3C24,
3C24,
3C24,
3C24,
3C24,
3C24,
3C24,
3C24,
3C24,
3C24,
3C24,
3C24,
3C24,
3C24,
3C24,
3C24,
3C24,
3C24,
3C24,
3C24,
3C24,
3C24,
3C24,
3C24,
3C24,
3C24,
3C24,
3C24,
3C23,
3423,
3C24,
3C24,
3C24,
3C24,
3C24,
3C24,
3C24,
3C24,
3C24,
3C24,
3C24,
3C24,
3C24,
3C24,
3C24,
3C24,
3C24,
3C24,
3C24,
3C24,
3C24,
3C24,
3C24,
3C24,
3C24,
3C24,
3C23,
3C24,
3C24,
3C24,
3C23,
3C23,
3C23,
3C23,
3C23,
3C23,
3C23,
3C03,
3C03,
3C03,
3C24,
43E4,
32E2,
11A0,
0900,
3A22,
73A8,
9C4A,
A48B,
A48A,
A489,
A489,
AC89,
ACA8,
ACA8,
ACA8,
ACA8,
ACA8,
B4A8,
B4A8,
B4A8,
B4A8,
B4A8,
B4A8,
B4A8,
B4A8,
ACA8,
ACA8,
ACA8,
ACA8,
ACA8,
ACA8,
ACA8,
ACA8,
ACA8,
ACA8,
ACA8,
ACA8,
ACA8,
ACA8,
ACA8,
ACA8,
ACA8,
ACA8,
ACA8,
ACA8,
ACA8,
ACA8,
ACA8,
ACA8,
ACA8,
ACA8,
ACA8,
ACA8,
ACA8,
ACA8,
AC88,
ACA8,
ACA8,
ACA8,
ACA8,
AC88,
AC88,
A4A8,
AC88,
A488,
AC88,
A488,
A488,
A488,
AC89,
AC6A,
8346,
4960,
38C0,
6221,
9BE5,
C527,
D586,
D5A5,
DDA4,
DDA3,
E5C3,
E5C3,
E5C3,
E5C3,
E5C3,
E5C3,
E5C3,
E5C3,
E5E4,
DDE6,
C525,
7B81,
3A20,
21C0,
2A41,
3AE3,
4384,
3BA4,
3BC4,
33C4,
33E4,
33E3,
3403,
3403,
3423,
3424,
3C24,
3C44,
3C24,
3C24,
3C24,
3C25,
3404,
33E4,
33C4,
2B63,
12A0,
0A60,
2301,
3BC5,
4406,
3384,
1AE1,
1B02,
2BA3,
3C04,
3C24,
3C24,
3C24,
3C24,
3C24,
3C24,
3C24,
3C24,
3C24,
3C43,
3C23,
3C23,
3C23,
3C24,
3C24,
3C24,
3C24,
3C24,
3C24,
3C44,
3C44,
3C44,
3C44,
3C44,
3C44,
3C44,
3C44,
3C44,
3C44,
3C44,
3C44,
3C44,
3C44,
3C44,
3C44,
3C44,
3C44,
3C44,
3C44,
3C44,
3C44,
3C44,
3C44,
3C44,
3C44,
3C44,
3444,
3424,
3444,
3444,
3424,
3424,
3424,
3424,
3444,
3444,
3424,
3424,
3424,
3424,
3424,
3424,
3424,
3424,
3424,
3444,
3444,
3423,
3423,
3423,
3424,
3423,
3423,
3423,
3444,
3444,
3C24,
3C24,
3C24,
3C23,
3C23,
3C23,
3C23,
3C23,
3C23,
3C23,
3C24,
3C24,
3C24,
3C24,
3C24,
3C24,
3C24,
3C24,
3C24,
3C24,
3C24,
3C24,
3C24,
3C24,
3C24,
3C24,
3C24,
3C24,
3C24,
3C24,
3C24,
3C24,
3C24,
3C24,
3C24,
3C24,
3C24,
3C24,
3C24,
3C24,
3C24,
3C24,
3C24,
3C24,
3C24,
3C24,
3C24,
3C24,
3C24,
3C24,
3C24,
3C24,
3C24,
3C24,
3C23,
3423,
3C24,
3C24,
3C24,
3C24,
3C24,
3C24,
3C24,
3C24,
3C24,
3C24,
3C24,
3C24,
3C24,
3C24,
3C24,
3C24,
3C24,
3C24,
3C24,
3C24,
3C24,
3C24,
3C24,
3C24,
3C24,
3C24,
3C24,
3C24,
3C24,
3C24,
3C24,
3C23,
3C23,
3C23,
3C23,
3C23,
3C23,
3C03,
3C03,
3C03,
3C03,
43C4,
32C2,
1960,
1940,
5B06,
946B,
A48B,
A46A,
A48A,
A4A9,
ACA9,
AC89,
ACA9,
ACA8,
ACA8,
ACA8,
ACA8,
ACC8,
B4A8,
B4A8,
B4A8,
B4A8,
B4A8,
B4A8,
B4A8,
ACA8,
ACA8,
ACA8,
ACA8,
ACA8,
ACA8,
ACA8,
ACA8,
ACA8,
ACA8,
ACA8,
ACA8,
ACA8,
ACA8,
ACA8,
ACA8,
ACA8,
ACA8,
ACA8,
ACA8,
ACA8,
ACA8,
AC88,
AC88,
ACA8,
ACA8,
ACA8,
ACA8,
ACA8,
ACA8,
ACA8,
ACA8,
ACA8,
ACA8,
AC88,
AC88,
ACA8,
ACA8,
ACA8,
AC88,
AC88,
AC89,
A489,
A489,
A489,
AC6A,
9C29,
72C5,
4120,
4140,
7AE3,
B487,
CD66,
D585,
D5A3,
DDA3,
E5C3,
E5C3,
E5C3,
E5C3,
E5C3,
E5C3,
E5C3,
E5C3,
E5E5,
DDE6,
BCE5,
6AE1,
29A0,
21C0,
3282,
4324,
4384,
3BA5,
3BC5,
33E4,
33E3,
3403,
3403,
3403,
3423,
3423,
3424,
3424,
3C24,
3C24,
3424,
3C04,
3405,
3C05,
33C4,
1AE1,
0A60,
0A60,
2302,
3BC5,
3BE6,
33A4,
1AC1,
1AE1,
33A4,
3C04,
3C24,
3C24,
3C23,
3C24,
3C24,
3C24,
3C24,
3C23,
3C23,
3C23,
3C23,
3C23,
3C23,
3C24,
3C24,
3C24,
3C24,
3C24,
3C24,
3C24,
3C24,
3C24,
3C24,
3C24,
3C24,
3C24,
3C24,
3C24,
3C24,
3C24,
3C24,
3C44,
3C44,
3C44,
3C44,
3C44,
3C44,
3C44,
3C44,
3C44,
3C44,
3C44,
3C44,
3C44,
3C44,
3C44,
3C24,
3C24,
3424,
3444,
3444,
3C24,
3C24,
3C24,
3C24,
3C24,
3C24,
3C24,
3C24,
3C24,
3C24,
3C24,
3C24,
3C24,
3C24,
3C24,
3424,
3424,
3424,
3424,
3424,
3444,
3444,
3444,
3444,
3444,
3C24,
3C24,
3C23,
3C23,
3C23,
3C23,
3C23,
3C23,
3C23,
3C23,
3C24,
3C24,
3C24,
3C24,
3C24,
3C24,
3C24,
3C24,
3C24,
3C24,
3C24,
3C24,
3C24,
3C24,
3C24,
3C24,
3C24,
3C24,
3C24,
3C24,
3C24,
3C24,
3C24,
3C24,
3C24,
3C24,
3C24,
3C24,
3C24,
3C24,
3C24,
3C24,
3C24,
3C24,
3C24,
3C24,
3C24,
3C24,
3C24,
3C24,
3C24,
3C24,
3C24,
3C24,
3C23,
3C23,
3C24,
3C24,
3C24,
3C24,
3C24,
3C24,
3C24,
3C24,
3C24,
3C24,
3C24,
3C24,
3C24,
3C24,
3C24,
3C24,
3C24,
3C24,
3C24,
3C24,
3C24,
3C24,
3C24,
3C24,
3C24,
3C24,
3C24,
3C24,
3C24,
3C24,
3C24,
3C23,
3C23,
3C23,
3C23,
3C23,
3C23,
3C03,
3C03,
3C03,
3C03,
43C3,
32C2,
1160,
21A0,
6B68,
946C,
A46B,
A469,
A489,
A4A9,
ACA9,
ACA9,
ACA9,
ACA8,
ACA8,
ACA8,
ACA8,
ACC8,
B4A8,
B4A8,
B4A8,
B4A8,
B4A8,
B4A8,
B4A8,
ACA8,
ACA8,
ACA8,
ACA8,
ACA8,
ACA8,
ACA8,
ACA8,
ACA8,
ACA8,
ACA8,
ACA8,
ACA8,
ACA8,
ACA8,
ACA8,
ACA8,
ACA8,
ACA8,
ACA8,
ACA8,
ACA8,
AC88,
AC88,
ACA8,
ACA8,
ACA8,
ACA8,
ACA8,
ACA8,
ACA8,
ACA8,
ACA8,
ACA8,
AC88,
AC88,
ACA8,
ACA8,
ACA8,
AC88,
AC88,
AC89,
A489,
A469,
A469,
A469,
AC6A,
9C09,
6221,
38C0,
59C0,
9BC5,
C508,
D586,
D584,
DDA4,
E5C3,
E5C3,
E5C4,
E5C3,
E5C3,
E5C3,
E5C3,
E5C4,
EDE5,
DDE6,
AC63,
5220,
2140,
2A00,
3AC2,
4364,
43A5,
3BA5,
3BC4,
33E3,
3403,
3403,
3403,
3C03,
3C23,
3423,
3444,
3C24,
3C24,
3C24,
3424,
3C04,
3C05,
3C05,
2BA4,
12C0,
0220,
1280,
3384,
43C5,
3BC5,
3BC5,
1AE1,
12E1,
33A4,
33E4,
3C04,
3C03,
3C03,
3C23,
3C23,
3C24,
3C23,
3C23,
3C23,
3C23,
3C23,
3C23,
3C23,
3C23,
3C23,
3C24,
3C24,
3C24,
3C24,
3C24,
3C24,
3C24,
3C24,
3C24,
3C24,
3C24,
3C24,
3C24,
3C24,
3C24,
3C24,
3C44,
3C44,
3C44,
3C44,
3C44,
3C44,
3C44,
3C44,
3C44,
3C44,
3C44,
3C44,
3C44,
3C24,
3C24,
3C24,
3C24,
3C24,
3C44,
3C44,
3C24,
3C24,
3C24,
3C24,
3C24,
3C24,
3C24,
3C24,
3C24,
3C24,
3C24,
3C24,
3C24,
3C24,
3C24,
3424,
3424,
3424,
3424,
3444,
3444,
3444,
3444,
3444,
3444,
3C24,
3C24,
3C23,
3C23,
3C23,
3C23,
3C23,
3C23,
3C23,
3C23,
3C24,
3C24,
3C24,
3C24,
3C24,
3C24,
3C24,
3C24,
3C24,
3C24,
3C24,
3C24,
3C24,
3C24,
3C24,
3C24,
3C24,
3C24,
3C24,
3C24,
3C24,
3C24,
3C24,
3C24,
3C24,
3C24,
3C24,
3C24,
3C24,
3C24,
3C24,
3C24,
3C24,
3C24,
3C24,
3C24,
3C24,
3C24,
3C24,
3C24,
3C24,
3C24,
3C24,
3C24,
3C23,
3C23,
3C24,
3C24,
3C24,
3C24,
3C24,
3C24,
3C24,
3C24,
3C24,
3C24,
3C24,
3C24,
3C24,
3C24,
3C24,
3C24,
3C24,
3C24,
3C24,
3C24,
3C24,
3C24,
3C24,
3C24,
3C24,
3C24,
3C24,
3C24,
3C24,
3C24,
3C24,
3C23,
3C23,
3C23,
3C23,
3C23,
3C23,
3C03,
3C03,
3C03,
4404,
43C4,
32C2,
1180,
2180,
5B06,
8C0A,
A44A,
A48A,
A4AA,
A489,
ACA9,
ACA8,
ACA8,
ACA8,
ACA8,
ACA8,
ACA8,
B4A8,
B4A8,
B4A8,
B4A8,
B4A8,
B4A8,
B4A8,
B4A8,
ACA8,
ACA8,
ACA8,
ACA8,
ACA8,
ACA8,
ACA8,
ACA8,
ACA8,
ACA8,
ACA8,
ACA8,
ACA8,
ACA8,
ACA8,
ACA8,
ACA8,
ACA8,
ACA8,
ACA8,
ACA8,
ACA8,
AC88,
AC88,
ACA8,
ACA8,
ACA8,
ACA8,
ACA8,
ACA8,
ACA8,
ACA8,
ACA8,
ACA8,
AC88,
AC88,
ACA8,
ACA8,
ACA8,
AC88,
AC88,
AC89,
AC89,
AC69,
AC69,
A468,
AC69,
AC69,
7B23,
4160,
4120,
7AC2,
B486,
D566,
D5A5,
DDC4,
DDC4,
E5C4,
E5C4,
E5C3,
E5C3,
E5C4,
E5C3,
E5C4,
EDE5,
D5C6,
9C02,
49E0,
2160,
3241,
4304,
4365,
3BA4,
3BC4,
3BE3,
3403,
3403,
3403,
3403,
3C24,
3C23,
3424,
3C44,
3C24,
3C24,
3C24,
3404,
3404,
3C05,
3C05,
2B83,
12A0,
0200,
1AE2,
3BC5,
3BC5,
3BC5,
3BC5,
1AE1,
12C1,
33A4,
33C3,
3BE3,
3BE3,
3C03,
3C03,
3C03,
3C03,
3C03,
3C03,
3C03,
3C03,
3C03,
3C23,
3C23,
3C24,
3C24,
3C24,
3C24,
3C24,
3C24,
3C24,
3C24,
3C24,
3C24,
3C24,
3C24,
3C24,
3C24,
3C24,
3C24,
3C24,
3C24,
3C44,
3C44,
3C44,
3C44,
3C44,
3C44,
3C44,
3C44,
3C44,
3C44,
3C44,
3C44,
3C44,
3C24,
3C24,
3C24,
3C24,
3C24,
3C24,
3C24,
3C24,
3C24,
3C24,
3C24,
3C24,
3C24,
3C24,
3C24,
3C24,
3C24,
3C24,
3C24,
3C24,
3C24,
3C24,
3424,
3424,
3424,
3424,
3424,
3444,
3444,
3444,
3444,
3444,
3C24,
3C24,
3C23,
3C23,
3C23,
3C23,
3C23,
3C23,
3C23,
3C23,
3C24,
3C24,
3C24,
3C24,
3C24,
3C24,
3C24,
3C24,
3C24,
3C24,
3C24,
3C24,
3C24,
3C24,
3C24,
3C24,
3C24,
3C24,
3C24,
3C24,
3C24,
3C24,
3C24,
3C24,
3C24,
3C24,
3C24,
3C24,
3C24,
3C24,
3C24,
3C24,
3C24,
3C24,
3C24,
3C24,
3C24,
3C24,
3C24,
3C24,
3C24,
3C24,
3C24,
3C24,
3C23,
3C23,
3C24,
3C24,
3C24,
3C24,
3C24,
3C24,
3C24,
3C24,
3C24,
3C24,
3C24,
3C24,
3C24,
3C24,
3C24,
3C24,
3C24,
3C24,
3C24,
3C24,
3C24,
3C24,
3C24,
3C24,
3C24,
3C24,
3C24,
3C24,
3C24,
3C43,
3C43,
3C23,
3C23,
3C23,
3C23,
3C23,
3C24,
3C23,
3C23,
3C04,
4404,
43C4,
3322,
1A00,
1160,
3A22,
6B67,
9409,
A48A,
A4AA,
A48A,
ACA9,
ACA9,
ACA8,
ACA8,
ACA8,
ACA8,
ACA8,
B4A8,
B4C8,
B4A8,
B4A8,
B4A8,
B4A8,
B4A8,
B4A8,
ACA8,
ACA8,
ACA8,
ACA8,
ACA8,
ACA8,
ACA8,
ACA8,
ACA8,
ACA8,
ACA8,
ACA8,
ACA8,
ACA8,
ACA8,
ACA8,
ACA8,
ACA8,
ACA8,
ACA8,
ACA8,
ACA8,
AC88,
AC88,
ACA8,
ACA8,
ACA8,
ACA8,
ACA8,
ACA8,
ACA8,
ACA8,
ACA8,
ACA8,
AC88,
AC88,
AC88,
ACA8,
ACA8,
ACA8,
AC88,
AC88,
AC88,
AC88,
AC88,
AC88,
AC68,
AC88,
9406,
5A40,
3900,
59E0,
9BC4,
C526,
D5C6,
DDC5,
DDC4,
DDC4,
E5C4,
E5C4,
E5C3,
E5C3,
E5C3,
E5C4,
E605,
D5C5,
9C02,
41E0,
2180,
3A81,
4324,
4365,
3BA4,
33E3,
3BE3,
3403,
3403,
3403,
3423,
3C23,
3C24,
3C24,
3C24,
3C23,
3424,
3C04,
3404,
3405,
3C05,
33E4,
2B43,
0A80,
0A40,
2B23,
43C5,
3BC5,
3BE5,
33C5,
12C0,
12A0,
3383,
33C4,
3BE4,
3BE4,
3BE3,
3BE3,
3BE3,
3BE3,
3BE3,
3C03,
3C03,
3C03,
3C04,
3C24,
3C24,
3C24,
3C24,
3C24,
3C24,
3C24,
3C24,
3C24,
3C24,
3C24,
3C24,
3C24,
3C24,
3C24,
3C24,
3C24,
3C24,
3C24,
3C24,
3C24,
3C24,
3C24,
3C24,
3C24,
3C44,
3C44,
3C44,
3C44,
3C44,
3C44,
3C44,
3C44,
3C24,
3C24,
3C24,
3C24,
3C24,
3C24,
3C24,
3C24,
3C24,
3C24,
3C24,
3C24,
3C24,
3C24,
3C24,
3C24,
3C24,
3C24,
3C24,
3C24,
3C24,
3C24,
3424,
3424,
3424,
3444,
3444,
3444,
3444,
3444,
3444,
3444,
3C24,
3C24,
3C23,
3C23,
3C23,
3C23,
3C23,
3C23,
3C23,
3C23,
3C23,
3C24,
3C24,
3C24,
3C24,
3C24,
3C24,
3C24,
3C24,
3C24,
3C24,
3C24,
3C24,
3C24,
3C24,
3C24,
3C24,
3C24,
3C24,
3C24,
3C24,
3C24,
3C24,
3C24,
3C24,
3C24,
3C24,
3C24,
3C24,
3C24,
3C24,
3C24,
3C24,
3C24,
3C24,
3C24,
3C24,
3C24,
3C24,
3C24,
3C24,
3C24,
3C24,
3C24,
3C23,
3C23,
3C24,
3C24,
3C24,
3C24,
3C24,
3C24,
3C24,
3C24,
3C24,
3C24,
3C24,
3C24,
3C24,
3C24,
3C24,
3C24,
3C24,
3C24,
3C24,
3C24,
3C24,
3C24,
3C24,
3C24,
3C24,
3C24,
3C24,
3C24,
3C24,
3C23,
3C23,
3C23,
3C23,
3C23,
3C23,
3C23,
3C24,
3C43,
3423,
3C03,
4404,
3BE4,
3B63,
32A1,
1980,
1960,
3A22,
6B45,
9408,
A48A,
ACAA,
AC8A,
AC89,
ACA9,
ACA9,
ACA8,
ACA8,
ACA8,
ACA8,
ACA8,
ACA8,
ACA9,
ACA9,
ACA8,
ACA8,
ACA8,
ACA8,
ACA8,
ACA8,
ACA8,
ACA8,
ACA8,
ACA8,
ACA8,
ACA8,
ACA8,
ACA8,
ACA8,
ACA8,
ACA8,
ACA8,
ACA8,
ACA8,
ACA8,
ACA8,
ACA8,
ACA8,
ACA8,
AC88,
AC88,
ACA8,
ACA8,
ACA8,
ACA8,
ACA8,
ACA8,
ACA8,
ACA8,
ACA8,
ACA8,
AC88,
AC88,
AC88,
AC88,
AC88,
ACA8,
AC88,
AC88,
AC88,
AC88,
AC88,
AC88,
AC68,
AC88,
A468,
7B23,
4180,
4120,
72C2,
B4E6,
D5C7,
DDC5,
DDC5,
DDC4,
DDC4,
E5C4,
E5C3,
E5C3,
E5C3,
E5C3,
E5E5,
CDA5,
9401,
4A40,
31E0,
3AA1,
4324,
4365,
3BA3,
33E2,
33E3,
3403,
3403,
3403,
3423,
3423,
3423,
3423,
3423,
3423,
3424,
3C04,
3C05,
3C05,
3C05,
33A4,
2322,
1280,
1280,
2B43,
3BA5,
3BA5,
3BC5,
33A4,
1280,
1280,
2B63,
33A4,
3BC4,
3BC4,
3BC4,
3BE4,
3BE3,
3BE3,
3BE3,
3BE4,
3C04,
3C04,
3C04,
3C04,
3C24,
3C24,
3C24,
3C24,
3C24,
3C44,
3C24,
3C24,
3C24,
3C24,
3C24,
3C24,
3C24,
3C23,
3C24,
3C24,
3C24,
3C24,
3C24,
3C24,
3C24,
3C24,
3C24,
3C24,
3C44,
3C44,
3C44,
3C44,
3C44,
3C44,
3C44,
3C44,
3C24,
3C24,
3C24,
3C24,
3C24,
3C24,
3C24,
3C24,
3C24,
3C24,
3C24,
3C24,
3C24,
3C24,
3C24,
3C24,
3C24,
3C24,
3C24,
3C24,
3C24,
3C24,
3424,
3424,
3424,
3444,
3444,
3444,
3444,
3444,
3444,
3444,
3C24,
3C24,
3C23,
3C23,
3C23,
3C23,
3C23,
3C23,
3C23,
3C23,
3C24,
3C24,
3C24,
3C24,
3C24,
3C24,
3C24,
3C24,
3C24,
3C24,
3C24,
3C24,
3C24,
3C24,
3C24,
3C24,
3C24,
3C24,
3C24,
3C24,
3C24,
3C24,
3C24,
3C24,
3C24,
3C24,
3C24,
3C24,
3C24,
3C24,
3C24,
3C24,
3C24,
3C24,
3C24,
3C24,
3C24,
3C24,
3C24,
3C24,
3C24,
3C24,
3C24,
3C24,
3C24,
3423,
3C24,
3C24,
3C24,
3C24,
3C24,
3C24,
3C24,
3C24,
3C24,
3C24,
3C24,
3C24,
3C24,
3C24,
3C24,
3C24,
3C24,
3C24,
3C24,
3C24,
3C24,
3C24,
3C24,
3C24,
3C24,
3C24,
3C24,
3C24,
3C24,
3C24,
3C24,
3C24,
3C24,
3C24,
3C24,
3C24,
3C24,
3C23,
3C23,
3C23,
3C04,
3BE4,
43A4,
3B23,
2A40,
1140,
1120,
31E0,
5AC3,
83C7,
A48A,
ACAB,
ACAA,
A489,
A488,
A488,
A488,
A488,
A488,
A488,
ACA8,
ACA9,
ACA9,
ACA9,
B4A9,
ACA8,
ACA8,
ACA8,
ACA8,
B4A8,
B4A8,
ACA8,
ACA8,
ACA8,
ACA8,
ACA8,
ACA8,
ACA8,
ACA8,
ACA8,
ACA8,
ACA8,
ACA8,
AC88,
AC88,
ACA8,
ACA8,
ACA8,
AC88,
AC88,
ACA8,
ACA8,
ACA8,
ACA8,
ACA8,
ACA8,
ACA8,
ACA8,
ACA8,
ACA8,
ACA8,
ACA8,
ACA8,
ACA8,
ACA8,
AC88,
AC88,
AC88,
AC88,
AC88,
AC88,
AC88,
AC88,
AC88,
A488,
8BC6,
5A01,
38E0,
5A00,
AC65,
CD66,
D5A5,
D5A4,
DDA4,
DDC4,
E5C3,
E5C4,
E5C4,
E5C4,
E5C4,
DDC5,
CD65,
9C42,
62E0,
4260,
3AC1,
4343,
4385,
3BA3,
33E2,
3402,
3402,
3423,
3403,
3403,
3C23,
3403,
3423,
3423,
3423,
3C24,
3C04,
3C05,
3BE5,
3BE5,
3BC5,
2B43,
1280,
12A0,
2B63,
3BC5,
3BA4,
3BC5,
3384,
0A40,
1280,
2B63,
2B63,
2B23,
2322,
33A4,
3BE5,
3C04,
4404,
3C04,
4405,
4405,
4405,
4405,
3C04,
3C04,
3C04,
3C24,
3C04,
3C24,
3C24,
3C24,
3C24,
3C44,
3C24,
3C23,
3C23,
3C23,
3C23,
3C23,
3C23,
3C23,
3C23,
3C23,
3C23,
3C23,
3C23,
3C23,
3C24,
3C24,
3C24,
3C24,
3C24,
3C24,
3C24,
3C24,
3C24,
3C24,
3C24,
3C24,
3C24,
3C24,
3C24,
3C24,
3C24,
3C24,
3C24,
3C24,
3C24,
3C24,
3C24,
3C24,
3C24,
3C24,
3C24,
3C24,
3C24,
3C24,
3C24,
3424,
3424,
3424,
3444,
3444,
3444,
3444,
3444,
3444,
3444,
3C24,
3C24,
3C23,
3C23,
3C23,
3C23,
3C23,
3C23,
3C23,
3C23,
3C24,
3C24,
3C24,
3C24,
3C24,
3C24,
3C24,
3C24,
3C24,
3C24,
3C24,
3C24,
3C24,
3C24,
3C24,
3C24,
3C24,
3C24,
3C24,
3C24,
3C24,
3C24,
3C24,
3C24,
3C24,
3C24,
3C24,
3C24,
3C24,
3C24,
3C24,
3C24,
3C24,
3C24,
3C24,
3C24,
3C24,
3C24,
3C24,
3C24,
3C24,
3C24,
3C24,
3C24,
3C24,
3423,
3C24,
3C24,
3C24,
3C24,
3C24,
3C24,
3C24,
3C24,
3C24,
3C24,
3C24,
3C24,
3C24,
3C24,
3C24,
3C24,
3C24,
3C24,
3C24,
3C24,
3C24,
3C24,
3C24,
3C24,
3C24,
3C24,
3C24,
3C24,
3C24,
3C24,
3C24,
3C24,
3C24,
3C24,
3C24,
3C24,
3C24,
3C23,
3C23,
3C23,
3C24,
3C04,
43C4,
43C5,
4364,
2A41,
0920,
10E0,
1940,
3A21,
6B26,
93E9,
A46B,
ACCB,
ACCA,
ACAA,
ACAA,
ACAA,
AC89,
AC89,
AC89,
AC89,
ACA9,
ACA9,
ACA9,
ACA8,
ACA8,
ACA8,
ACA8,
B4A8,
B4A8,
ACA8,
ACA8,
ACA8,
ACA8,
ACA8,
AC88,
AC88,
ACA8,
ACA8,
ACA8,
ACA8,
ACA8,
AC88,
AC88,
ACA8,
ACA8,
ACA8,
AC88,
AC88,
ACA8,
ACA8,
ACA8,
ACA8,
ACA8,
ACA8,
ACA8,
ACA8,
ACA8,
ACA8,
ACA8,
ACA8,
ACA8,
ACA8,
ACA8,
AC88,
AC88,
AC88,
ACA8,
AC88,
AC88,
ACA8,
AC88,
A487,
AC88,
9C48,
6AA3,
38E0,
5180,
9BC4,
BD06,
C525,
CD64,
DDA4,
DDC4,
E5A3,
E5A4,
E5A4,
E5C4,
DDC4,
DDC6,
D5E8,
AD05,
6B61,
3A40,
3281,
4344,
43A6,
43E6,
3C24,
3C23,
3403,
3404,
3404,
3404,
3C03,
3403,
3403,
3403,
3404,
3404,
3C04,
3C05,
4406,
4406,
3BE5,
2B23,
1280,
1280,
2B63,
3BC4,
3BA4,
3BA4,
3363,
0A20,
1281,
2B43,
22E2,
1AC1,
1AC1,
2322,
33A4,
3BE5,
43E5,
3C05,
3BE5,
3BC4,
3BC4,
3BC4,
3BC4,
3BC4,
3BE4,
3C04,
3C04,
3C04,
3C04,
3C24,
3C23,
3C23,
3C23,
3C23,
3C23,
3C23,
3C23,
3C23,
3C23,
3C23,
3C23,
3C23,
3C23,
3C23,
3C23,
3C23,
3C24,
3C24,
3C24,
3C24,
3C24,
3C24,
3C24,
3C23,
3C24,
3C24,
3C24,
3C24,
3C24,
3C24,
3C24,
3C24,
3C24,
3C24,
3C24,
3C24,
3C24,
3C24,
3C24,
3C24,
3C24,
3C24,
3C24,
3C24,
3C24,
3C24,
3C24,
3424,
3424,
3423,
3444,
3444,
3424,
3444,
3444,
3443,
3444,
3C24,
3C24,
3C23,
3C23,
3C23,
3C23,
3C23,
3C23,
3C23,
3C23,
3C23,
3C24,
3C24,
3C24,
3C24,
3C24,
3C24,
3C24,
3C24,
3C24,
3C24,
3C24,
3C24,
3C24,
3C24,
3C24,
3C24,
3C24,
3C24,
3C24,
3C24,
3C24,
3C24,
3C24,
3C24,
3C24,
3C24,
3C24,
3C24,
3C24,
3C24,
3C24,
3C24,
3C24,
3C24,
3C24,
3C24,
3C24,
3C24,
3C24,
3C24,
3C24,
3C24,
3C23,
3C23,
3423,
3C24,
3C24,
3C24,
3C24,
3C24,
3C24,
3C24,
3C24,
3C24,
3C24,
3C24,
3C24,
3C24,
3C24,
3C24,
3C24,
3C24,
3C24,
3C24,
3C24,
3C24,
3C24,
3C24,
3C24,
3C24,
3C24,
3C24,
3C24,
3C24,
3C24,
3C24,
3C24,
3C24,
3C24,
3C24,
3C24,
3C24,
3C24,
3C23,
3C23,
3C23,
3C04,
43E4,
43E4,
43E5,
43A4,
32C1,
21E0,
1980,
1120,
2920,
3141,
5A44,
7B87,
93E9,
9C2A,
A44A,
AC8B,
ACAB,
ACAA,
AC8A,
ACA9,
ACA9,
ACA9,
ACA8,
AC88,
AC88,
AC88,
ACA8,
AC88,
ACA8,
ACA8,
ACA8,
ACA8,
ACA8,
ACA8,
AC88,
AC88,
ACA8,
ACA8,
ACA8,
ACA8,
ACA8,
AC88,
AC88,
ACA8,
ACA8,
ACA8,
AC88,
AC88,
ACA8,
ACA8,
ACA8,
ACA8,
ACA8,
ACA8,
ACA8,
ACA8,
ACA8,
ACA8,
ACA8,
ACA8,
ACA8,
ACA8,
ACA8,
ACA8,
ACA8,
ACA8,
ACA8,
ACA8,
ACA8,
ACA8,
AC88,
AC87,
ACA8,
A4A8,
8B86,
49A0,
3900,
72C1,
ACA6,
BD05,
C524,
D564,
DD83,
DD83,
DD84,
E584,
E5A5,
DDC6,
D608,
BDA7,
8444,
4A80,
21A0,
1180,
1A02,
2283,
3344,
33C4,
2BC3,
33C4,
33E4,
33E4,
3404,
3404,
3403,
3403,
3404,
3404,
33E4,
33E4,
33C4,
33A4,
3384,
22E2,
0A40,
0200,
0220,
1AE2,
3384,
3BA4,
3BA4,
3343,
0A20,
1280,
2B23,
2B23,
2B22,
2302,
1AE2,
1AE2,
1AE2,
22E2,
1AC2,
1281,
0A40,
0A20,
1260,
22C1,
2B43,
3BC4,
3BE4,
3BE4,
3BE3,
33E3,
3403,
3C23,
3C03,
3C23,
3C23,
3C23,
3C23,
3C23,
3C23,
3C23,
3C23,
3C23,
3C23,
3C23,
3C23,
3C23,
3C23,
3C24,
3C24,
3C24,
3C24,
3C24,
3C24,
3C24,
3C23,
3C24,
3C24,
3C24,
3C24,
3C24,
3C24,
3C24,
3C24,
3C24,
3C24,
3C24,
3C24,
3C24,
3C24,
3C24,
3C24,
3C24,
3C24,
3C24,
3C24,
3C24,
3C24,
3C24,
3424,
3424,
3424,
3444,
3444,
3424,
3444,
3444,
3443,
3444,
3C24,
3C24,
3C23,
3C23,
3C23,
3C23,
3C23,
3C23,
3C23,
3C23,
3C24,
3C24,
3C24,
3C24,
3C24,
3C24,
3C24,
3C24,
3C24,
3C24,
3C24,
3C24,
3C24,
3C24,
3C24,
3C24,
3C24,
3C24,
3C24,
3C24,
3C24,
3C24,
3C24,
3C24,
3C24,
3C24,
3C24,
3C24,
3C24,
3C24,
3C24,
3C24,
3C24,
3C24,
3C24,
3C24,
3C24,
3C24,
3C24,
3C24,
3C24,
3C24,
3C23,
3C23,
3C23,
3423,
3C24,
3C24,
3C24,
3C24,
3C24,
3C24,
3C24,
3C24,
3C24,
3C24,
3C24,
3C24,
3C24,
3C24,
3C24,
3C24,
3C24,
3C24,
3C24,
3C24,
3C24,
3C24,
3C24,
3C24,
3C24,
3C24,
3C24,
3C24,
3C24,
3C24,
3C24,
3C24,
3C24,
3C24,
3C24,
3C24,
3C44,
3C24,
3C23,
3C43,
3C24,
3C23,
3C04,
3C04,
43E4,
4C05,
4BE5,
4384,
4324,
3202,
2120,
1060,
0840,
18A0,
3981,
5A63,
6AC3,
7B46,
9409,
A48B,
ACAB,
ACAB,
ACAA,
ACA9,
AC88,
AC88,
AC89,
AC88,
AC88,
AC88,
AC88,
ACA8,
ACA8,
ACA8,
ACA8,
ACA8,
AC88,
AC88,
ACA8,
ACA8,
ACA8,
ACA8,
ACA8,
AC88,
AC88,
ACA8,
ACA8,
ACA8,
AC88,
AC88,
ACA8,
ACA8,
ACA8,
ACA8,
ACA8,
ACA8,
ACA8,
ACA8,
ACA8,
ACA8,
ACA8,
ACA8,
ACA8,
ACA8,
ACA8,
ACA8,
ACA8,
ACA8,
ACA8,
ACA8,
ACA8,
ACA8,
ACA7,
AC87,
ACC8,
ACC8,
9C48,
6282,
3900,
6260,
A465,
BCE5,
C504,
D544,
D583,
DD83,
DD84,
DD85,
DDA6,
CD86,
ACE4,
6B21,
31A0,
2160,
1960,
0100,
00E0,
00E0,
0180,
0220,
0A80,
1B21,
2BA3,
33C3,
33E3,
33E3,
3403,
3404,
3404,
33E4,
33E4,
33C4,
1B21,
0A60,
0200,
01C0,
01C0,
01C0,
0200,
1280,
2322,
3384,
33A4,
3363,
1AA0,
1AA0,
3363,
3BA4,
3BC5,
3384,
1AE2,
0220,
01C0,
01A0,
01A0,
01A0,
01C0,
01C0,
0A00,
1260,
22E1,
3383,
33A3,
33A2,
33A2,
33A3,
33E3,
3403,
3C03,
3C03,
3403,
3403,
3403,
3403,
3C23,
3C23,
3C23,
3C23,
3C23,
3423,
3423,
3423,
3423,
3423,
3C24,
3C24,
3C24,
3C24,
3C24,
3C24,
3C24,
3C24,
3C24,
3C24,
3C24,
3C24,
3C24,
3C24,
3C24,
3C24,
3C24,
3C24,
3C24,
3C24,
3C24,
3C24,
3C24,
3C24,
3C24,
3C24,
3C24,
3C24,
3C24,
3C24,
3424,
3424,
3424,
3444,
3444,
3424,
3444,
3444,
3443,
3444,
3C24,
3C24,
3C23,
3C23,
3C23,
3C23,
3C23,
3C23,
3C23,
3C23,
3C24,
3C24,
3C24,
3C24,
3C24,
3C24,
3C24,
3C24,
3C24,
3C24,
3C24,
3C24,
3C24,
3C24,
3C24,
3C24,
3C24,
3C24,
3C24,
3C24,
3C24,
3C24,
3C24,
3C24,
3C24,
3C24,
3C24,
3C24,
3C24,
3C24,
3C24,
3C24,
3C24,
3C24,
3C24,
3C24,
3C24,
3C24,
3C24,
3C24,
3C24,
3C24,
3C23,
3C23,
3C23,
3423,
3C24,
3C24,
3C24,
3C24,
3C24,
3C24,
3C24,
3C24,
3C24,
3C24,
3C24,
3C24,
3C24,
3C24,
3C24,
3C24,
3C24,
3C24,
3C24,
3C24,
3C24,
3C24,
3C24,
3C24,
3C24,
3C24,
3C24,
3C24,
3C24,
3C24,
3C24,
3C24,
3C24,
3C24,
3C24,
3C24,
3444,
3C24,
3C23,
3C43,
3C24,
3C24,
3C24,
3C04,
4404,
43E4,
43E4,
43E5,
4BE6,
4B45,
42A4,
3A22,
1900,
0040,
0860,
18A0,
20C0,
2900,
49C2,
6AC5,
8388,
93E9,
9C4A,
A46A,
A469,
AC89,
AC89,
AC89,
AC89,
AC88,
AC88,
ACA8,
ACA8,
ACA8,
ACA8,
ACA8,
AC88,
AC88,
ACA8,
ACA8,
ACA8,
ACA8,
ACA8,
AC88,
AC88,
ACA8,
ACA8,
ACA8,
AC88,
AC88,
ACA8,
ACA8,
ACA8,
ACA8,
ACA8,
ACA8,
ACA8,
ACA8,
ACA8,
ACA8,
ACA8,
ACA8,
ACA8,
ACA8,
ACA8,
ACA8,
ACA8,
ACA8,
ACA8,
ACA8,
ACA8,
ACA8,
ACA7,
A487,
ACC8,
ACC8,
A468,
6AE3,
4140,
6241,
A446,
BCE5,
C524,
D564,
DD84,
DDA4,
DDA4,
DDA5,
DDA6,
B4E4,
62E0,
2960,
1920,
19A0,
2221,
2221,
11E0,
0180,
01A0,
0200,
12A0,
2321,
2B83,
2BA3,
33C3,
3403,
3403,
3404,
3404,
3404,
2BA3,
12C1,
0200,
01A0,
01A0,
0A40,
12A1,
12A0,
1280,
0A60,
1AE1,
3383,
33A4,
33A4,
2B63,
2B43,
3BC4,
43E5,
43E5,
3BC5,
2B23,
1281,
0200,
01C0,
0A00,
1AA2,
2B23,
3344,
3344,
2B23,
1AC1,
1AC0,
1AE0,
1B00,
2341,
2B82,
33C2,
33C3,
33E3,
3C03,
3C03,
3403,
3403,
3403,
3C23,
3C23,
3C23,
3C23,
3C23,
3423,
3423,
3423,
3423,
3423,
3C24,
3C24,
3C24,
3C24,
3C24,
3C24,
3C24,
3C24,
3C24,
3C24,
3C24,
3C24,
3C24,
3C24,
3C24,
3C24,
3C24,
3C24,
3424,
3424,
3C24,
3C24,
3C24,
3C24,
3C24,
3C24,
3C24,
3C24,
3C24,
3C24,
3424,
3424,
3424,
3424,
3424,
3424,
3444,
3444,
3443,
3444,
3C24,
3C24,
3C24,
3C23,
3C23,
3C23,
3C23,
3C23,
3C43,
3C24,
3C24,
3C24,
3C24,
3C24,
3C24,
3C24,
3C24,
3C24,
3C24,
3C24,
3C24,
3C24,
3C24,
3C24,
3C24,
3C24,
3C24,
3C24,
3C24,
3C24,
3C24,
3C24,
3C24,
3C24,
3C24,
3C24,
3C24,
3C24,
3C24,
3C24,
3C24,
3C24,
3C24,
3C24,
3C24,
3C24,
3C24,
3C24,
3C24,
3C24,
3C24,
3C24,
3C24,
3C24,
3C24,
3C24,
3C24,
3C24,
3C24,
3C24,
3C24,
3C24,
3C24,
3C24,
3C24,
3C24,
3C24,
3C23,
3C23,
3C23,
3C23,
3C23,
3C24,
3C24,
3C24,
3C24,
3C24,
3C24,
3C24,
3C24,
3C24,
3C24,
3C24,
3C24,
3C24,
3C24,
3C24,
3C24,
3C24,
3C24,
3C24,
3C24,
3C24,
3C24,
3C24,
3C24,
3C23,
3C23,
3C24,
3C04,
4404,
4404,
43E4,
43E4,
43C5,
4BA6,
5386,
5366,
3AA3,
21A1,
1900,
0860,
0800,
0800,
1860,
28A0,
3920,
51C2,
6A84,
8367,
9C29,
A46A,
ACAA,
ACAA,
ACA9,
ACA9,
ACA9,
ACA9,
ACA8,
ACA8,
ACA8,
ACA8,
AC88,
AC88,
ACA8,
ACA8,
ACA8,
ACA8,
ACA8,
ACA8,
ACA8,
AC88,
ACA8,
ACA8,
AC88,
AC88,
ACA8,
ACA8,
ACA8,
ACA8,
ACA8,
ACA8,
ACA8,
ACA8,
ACA8,
ACA8,
ACA8,
ACA8,
ACA8,
ACA8,
ACA8,
ACA8,
ACA8,
ACA8,
ACA8,
ACA8,
AC88,
ACA8,
AC88,
A487,
ACA8,
ACC9,
A489,
7B45,
4160,
5A00,
9C05,
C506,
CD24,
D565,
DDA4,
DDA4,
DDA4,
DDA5,
DDC6,
9C42,
39A0,
1900,
21A0,
2A80,
32E2,
3AE3,
3B04,
2AE3,
22E2,
2302,
2B63,
2B83,
2BA3,
2BC3,
33E3,
3403,
3403,
3404,
3404,
2BC3,
1B01,
0220,
01E0,
0A60,
1AE2,
3385,
3BC5,
33A4,
2342,
12A0,
1AE1,
2B83,
33A4,
33A5,
3BC5,
3BE5,
3BE5,
3BE5,
3BC4,
3BC5,
3BC5,
33A4,
2B84,
2B63,
3364,
43C6,
4BE7,
43E6,
43E6,
3384,
22C1,
0A60,
0A80,
1AE0,
2341,
33A2,
33E3,
33E3,
3403,
3C03,
3423,
3423,
3423,
3423,
3423,
3423,
3423,
3423,
3423,
3423,
3423,
3423,
3423,
3423,
3C24,
3C24,
3C24,
3C24,
3C24,
3C24,
3C24,
3C24,
3C24,
3C24,
3C24,
3C24,
3C24,
3C24,
3C24,
3C24,
3C24,
3444,
3444,
3444,
3424,
3424,
3424,
3424,
3424,
3424,
3424,
3424,
3424,
3444,
3444,
3444,
3444,
3424,
3444,
3444,
3444,
3444,
3444,
3444,
3C24,
3C24,
3C24,
3C23,
3C23,
3C23,
3C23,
3C23,
3C43,
3C24,
3C24,
3C24,
3C24,
3C24,
3C24,
3C24,
3C24,
3C24,
3C24,
3C24,
3C24,
3C24,
3C24,
3C24,
3C24,
3C24,
3C24,
3C24,
3C24,
3C24,
3C24,
3C24,
3C24,
3C24,
3C24,
3C24,
3C24,
3C24,
3C24,
3C24,
3C24,
3C24,
3C24,
3C24,
3C24,
3C24,
3C24,
3C24,
3C24,
3C24,
3C24,
3C24,
3C24,
3C24,
3C24,
3C24,
3C24,
3C24,
3C24,
3C24,
3C24,
3C24,
3C24,
3C24,
3C24,
3C23,
3C23,
3C24,
3C24,
3C24,
3C24,
3C24,
3C44,
3C44,
3C44,
3C44,
3C44,
3C43,
3C44,
3C44,
3C44,
3C44,
3C44,
3C44,
3C44,
3C24,
3C23,
3C24,
3C24,
3C24,
3C24,
3C24,
3C24,
3C24,
3C24,
3C24,
3C24,
3C23,
3C23,
3C23,
3C23,
3C04,
3BE4,
3BE4,
3BC4,
43A5,
4B86,
4BA6,
4345,
2A22,
2160,
2941,
39A2,
41C3,
3941,
2080,
2040,
2860,
30C0,
4161,
5A02,
6A84,
7B05,
8345,
8BA6,
9C07,
A449,
AC69,
AC89,
ACA9,
ACA9,
ACA9,
AC89,
AC89,
ACA8,
ACA8,
ACA8,
ACA8,
ACA8,
ACA8,
AC88,
AC88,
AC88,
AC88,
AC88,
AC88,
ACA8,
ACA8,
ACA8,
ACA8,
ACA8,
ACA8,
ACA8,
ACA8,
ACA8,
ACA8,
ACA8,
ACA8,
ACA8,
ACA8,
ACA8,
ACA8,
AC88,
ACA8,
ACA8,
ACA8,
AC88,
ACA8,
AC88,
A488,
ACA8,
ACC9,
ACCA,
93E8,
49C0,
4980,
93A4,
C506,
CD45,
D565,
DDA4,
DDA3,
DDA4,
DDC5,
D585,
8BC0,
29A0,
2180,
2A20,
3B02,
3B64,
3B64,
43A5,
43A5,
3BA5,
3BC5,
33A4,
33C4,
33C3,
3404,
3403,
3403,
3403,
3404,
3404,
2BA3,
0AC0,
0260,
12C0,
2363,
3C06,
3C26,
3C05,
3BE5,
33A4,
2342,
2321,
2B83,
3BC5,
3BC5,
3BE5,
3C05,
3C05,
3C04,
3BE4,
3BE4,
3BE5,
4405,
4426,
4426,
4426,
4406,
4406,
43E5,
4405,
3BC4,
2B42,
1B01,
1B01,
2B62,
33C3,
33E3,
3C03,
3C04,
3404,
3403,
3C23,
3423,
3423,
3423,
3423,
3423,
3423,
3423,
3423,
3423,
3423,
3423,
3423,
3423,
3C24,
3C24,
3C24,
3C24,
3C24,
3C24,
3C24,
3C24,
3C24,
3C24,
3C24,
3C24,
3C24,
3C24,
3C24,
3C24,
3C24,
3444,
3444,
3444,
3424,
3424,
3424,
3424,
3424,
3424,
3424,
3424,
3424,
3444,
3444,
3444,
3444,
3444,
3444,
3444,
3444,
3444,
3444,
3444,
3C24,
3C24,
3C24,
3C24,
3C24,
3C24,
3C24,
3C24,
3C24,
3C24,
3C24,
3C24,
3C24,
3C24,
3C24,
3C24,
3C24,
3C24,
3C24,
3C24,
3C24,
3C24,
3C24,
3C24,
3C24,
3C24,
3C24,
3C24,
3C24,
3C24,
3C24,
3C24,
3C24,
3C24,
3C24,
3C24,
3C24,
3C24,
3C24,
3C24,
3C24,
3C24,
3C24,
3C24,
3C24,
3C24,
3C24,
3C24,
3C24,
3C24,
3C24,
3C24,
3C24,
3C24,
3C24,
3C24,
3C24,
3C24,
3C24,
3C24,
3C24,
3C24,
3C44,
3C44,
3C44,
3C43,
3C43,
3C43,
3C44,
3C44,
3C44,
3C44,
3C44,
3C44,
3C44,
3C44,
3C44,
3C43,
3C44,
3C44,
3C44,
3C44,
3C43,
3C44,
3C44,
3C24,
3C23,
3C43,
3C23,
3C23,
3C23,
3C23,
3C23,
3C23,
3C23,
3C23,
3C23,
3C23,
3C23,
3C23,
3C23,
3C23,
3C03,
3C03,
3C04,
43C5,
4BA6,
43A6,
2AE3,
19C0,
2180,
4A84,
7BCA,
8C0B,
7B69,
6265,
49C2,
4160,
3900,
28C0,
2880,
2860,
30C0,
4120,
49A1,
6242,
7B04,
8B86,
9BE8,
A46A,
AC8A,
ACAA,
ACAA,
ACAA,
ACA9,
ACA9,
ACA8,
AC88,
AC88,
AC88,
AC88,
AC88,
AC88,
AC88,
AC88,
AC88,
ACA8,
ACA8,
ACA8,
ACA8,
ACA8,
ACA8,
ACA8,
ACA8,
ACA8,
ACA8,
ACA8,
ACA8,
ACA8,
ACA8,
ACA8,
ACA8,
AC88,
ACA8,
ACA8,
ACA8,
AC88,
ACA8,
AC88,
AC88,
ACA8,
ACA9,
B4EA,
9C28,
51C1,
3900,
8323,
BCE6,
CD45,
D565,
DDA4,
DDA3,
DDA4,
DDC5,
CD85,
83A0,
29A0,
2220,
3AE2,
4343,
43A4,
3BC4,
3BE4,
3BE4,
3C04,
3C04,
3BE4,
3C04,
3404,
3403,
3403,
3403,
3403,
3404,
3404,
2BC3,
1B21,
12C0,
1B21,
2B82,
33E4,
3405,
33E5,
33C4,
33E4,
33C4,
33C4,
33E4,
33E4,
3C04,
3C04,
3C04,
3C04,
3424,
3424,
3404,
3C04,
3C25,
3C45,
3C24,
3C24,
3C24,
3C04,
3C04,
3C04,
3C04,
3BE4,
33E3,
33E3,
3C03,
3C24,
3C04,
3C04,
3C04,
3C04,
3424,
3423,
3423,
3423,
3423,
3423,
3423,
3423,
3423,
3423,
3C24,
3C24,
3C24,
3C24,
3C24,
3C24,
3C24,
3C24,
3C24,
3C24,
3C24,
3C24,
3C24,
3C24,
3C24,
3C24,
3C24,
3C24,
3C24,
3C24,
3C24,
3C24,
3444,
3444,
3444,
3444,
3424,
3424,
3424,
3424,
3424,
3444,
3444,
3444,
3444,
3444,
3444,
3444,
3444,
3444,
3444,
3444,
3444,
3444,
3444,
3C24,
3C24,
3C24,
3C24,
3C24,
3C24,
3C24,
3C24,
3C24,
3C24,
3C24,
3C24,
3C24,
3C24,
3C24,
3C24,
3C24,
3C24,
3C24,
3C24,
3C24,
3C24,
3C24,
3C24,
3C24,
3C24,
3C24,
3C24,
3C24,
3C24,
3C24,
3C24,
3C24,
3C24,
3C24,
3C24,
3C24,
3C24,
3C24,
3C24,
3C24,
3C24,
3C24,
3C24,
3C24,
3C24,
3C24,
3C24,
3C24,
3C24,
3C24,
3C24,
3C24,
3C24,
3C24,
3C24,
3C24,
3C24,
3C24,
3C24,
3C24,
3C24,
3C44,
3C44,
3C43,
3C43,
3C43,
3C43,
3C43,
3C43,
3C43,
3C43,
3C43,
3C43,
3C43,
3C44,
3C44,
3C43,
3C43,
3C43,
3C43,
3C44,
3C43,
3C43,
3C43,
3C43,
3C43,
3C23,
3C23,
3C23,
3C23,
3C23,
3C23,
3C23,
3C23,
3C23,
3C23,
3C23,
3C23,
3C23,
3C23,
3C23,
3C23,
3C23,
3C03,
3BE4,
4BE6,
43A5,
2AC2,
11C0,
21C0,
5306,
8C8C,
A4ED,
A48C,
9C4A,
9429,
8BA7,
7B26,
6AA4,
5A02,
4960,
30C0,
2860,
2860,
2880,
30C0,
4961,
6A63,
8346,
93E8,
A44A,
AC8B,
ACAA,
AC89,
AC89,
ACA9,
AC88,
AC88,
AC68,
AC88,
AC88,
AC88,
AC88,
AC88,
AC88,
ACA8,
ACA8,
ACA8,
ACA8,
ACA8,
ACA8,
ACA8,
ACA8,
ACA8,
ACA8,
ACA8,
ACA8,
ACA8,
ACA8,
AC88,
AC88,
AC88,
AC88,
ACA8,
ACA8,
AC88,
ACA8,
ACA8,
ACA8,
AC88,
ACA8,
ACC9,
9C27,
51C1,
38A0,
7AE3,
BCE6,
CD44,
D564,
DDA3,
DDA3,
DDA4,
DDC5,
C5A5,
83C0,
2980,
2220,
3B42,
3B83,
43A4,
3BC4,
33E3,
3403,
3403,
3403,
3403,
3424,
3423,
3403,
3403,
3403,
3403,
3403,
3404,
3404,
2B82,
1300,
12E0,
1B20,
2BA2,
33E4,
33E4,
33E4,
33E4,
33E4,
3404,
3404,
3404,
3404,
3424,
3424,
3424,
3424,
3423,
3423,
3424,
3C24,
3C24,
3424,
3C24,
3C24,
3403,
3C04,
3404,
3424,
3C24,
3C24,
3C44,
3C44,
3C24,
3C24,
3C24,
3424,
3424,
3424,
3424,
3424,
3424,
3424,
3424,
3424,
3424,
3424,
3424,
3C24,
3C24,
3C24,
3C24,
3C24,
3C24,
3C24,
3C24,
3C24,
3C24,
3C24,
3C24,
3C24,
3C24,
3C24,
3C24,
3C24,
3C24,
3C24,
3C24,
3C24,
3C24,
3444,
3444,
3444,
3444,
3444,
3444,
3444,
3444,
3444,
3444,
3444,
3444,
3444,
3444,
3444,
3444,
3444,
3444,
3444,
3444,
3444,
3444,
3444,
3C24,
3C24,
3C24,
3C24,
3C24,
3C24,
3C24,
3C24,
3C24,
3C24,
3C24,
3C24,
3C24,
3C24,
3C24,
3C24,
3C24,
3C24,
3C24,
3C24,
3C24,
3C24,
3C24,
3C24,
3C24,
3C24,
3C24,
3C24,
3C24,
3C24,
3C24,
3C24,
3C24,
3C24,
3C24,
3C24,
3C24,
3C24,
3C24,
3C24,
3C24,
3C24,
3C24,
3C24,
3C24,
3C24,
3C24,
3C24,
3C24,
3C24,
3C24,
3C24,
3C24,
3C24,
3C24,
3C24,
3C24,
3C24,
3C24,
3C24,
3C24,
3C24,
3C44,
3C44,
3C43,
3C43,
3C43,
3C43,
3C43,
3C43,
3C43,
3C43,
3C43,
3C43,
3C43,
3C44,
3C44,
3C43,
3C43,
3C43,
3C43,
3C43,
3C43,
3C43,
3C43,
3C43,
3C23,
3C23,
3C23,
3C23,
3C23,
3C23,
3C23,
3C23,
3C23,
3C23,
3C23,
3C23,
3C23,
3C23,
3C23,
3C23,
3C23,
3C23,
3C23,
3C04,
4405,
43A5,
2AC2,
11C0,
21C0,
52E4,
8C6A,
9C8B,
A48A,
A4AA,
ACCA,
A4AA,
A489,
A469,
9C29,
8BC7,
7B25,
6243,
51A1,
30A0,
2020,
2020,
2880,
4140,
5A02,
6A84,
8346,
93C7,
A428,
AC89,
ACA9,
AC89,
A468,
A469,
AC69,
AC68,
AC88,
AC88,
AC88,
AC88,
ACA8,
ACA8,
ACA8,
ACA8,
ACA8,
ACA8,
ACA8,
ACA8,
ACA8,
ACA8,
ACA8,
ACA8,
ACA8,
ACA8,
AC88,
AC88,
AC88,
AC88,
ACA8,
ACA8,
AC88,
ACA8,
ACA8,
ACA8,
AC88,
ACA8,
ACC9,
9C28,
59E2,
38A0,
7AC3,
B4C6,
C544,
D583,
DDA3,
DD84,
DDA4,
DDC5,
CDA5,
8BE1,
31A0,
2220,
3342,
3B83,
3B83,
3BA4,
33E3,
3403,
3403,
3403,
3403,
3403,
3423,
3423,
3423,
3403,
3404,
3404,
3404,
3C24,
33C3,
1B21,
12E0,
1B20,
2BA2,
3404,
33E4,
33E4,
3404,
33E4,
3404,
3404,
3404,
3404,
3424,
3424,
3424,
3424,
3423,
3424,
3424,
3C24,
3404,
3404,
3C24,
3C24,
3424,
3424,
3424,
3424,
3424,
3423,
3C23,
3C23,
3C24,
3C24,
3C24,
3C24,
3424,
3444,
3444,
3444,
3444,
3444,
3444,
3444,
3444,
3444,
3444,
3C24,
3C24,
3C24,
3C24,
3C24,
3C24,
3C24,
3C24,
3C24,
3C24,
3C24,
3C24,
3C24,
3C24,
3C24,
3C24,
3C24,
3C24,
3C24,
3C24,
3C24,
3C44,
3444,
3444,
3444,
3444,
3444,
3444,
3444,
3444,
3444,
3444,
3444,
3444,
3444,
3444,
3444,
3444,
3444,
3444,
3444,
3444,
3444,
3444,
3444,
3C24,
3C24,
3C24,
3C24,
3C24,
3C24,
3C24,
3C24,
3C24,
3C24,
3C24,
3C24,
3C24,
3C24,
3C24,
3C24,
3C24,
3C24,
3C24,
3C24,
3C24,
3C24,
3C24,
3C24,
3C24,
3C24,
3C24,
3C24,
3C24,
3C24,
3C24,
3C24,
3C24,
3C24,
3C24,
3C24,
3C24,
3C24,
3C24,
3C24,
3C24,
3C24,
3C24,
3C24,
3C24,
3C24,
3C24,
3C24,
3C24,
3C24,
3C24,
3C24,
3C24,
3C24,
3C24,
3C24,
3C24,
3C24,
3C24,
3C24,
3C24,
3C24,
3C24,
3C24,
3C44,
3C44,
3C43,
3C43,
3C43,
3C43,
3C44,
3C43,
3C43,
3C43,
3C43,
3C44,
3C44,
3C43,
3C43,
3C43,
3C43,
3C43,
3C43,
3C43,
3C43,
3C43,
3C23,
3C23,
3C23,
3C23,
3C23,
3C23,
3C23,
3C23,
3C23,
3C23,
3C23,
3C23,
3C23,
3C23,
3C23,
3C24,
3423,
3C23,
3423,
3C04,
43E5,
43E5,
3323,
1200,
1180,
3A21,
7386,
9408,
9C69,
A4AA,
A489,
A489,
A489,
A4AA,
ACCA,
ACCA,
ACAA,
A48A,
9C08,
7B46,
6243,
4961,
38E0,
2880,
2880,
30A0,
4100,
51A0,
6AA3,
8B65,
93C6,
9C28,
A448,
A469,
A469,
AC69,
AC89,
AC88,
AC88,
AC88,
AC88,
AC88,
ACA8,
ACA8,
ACA8,
ACA8,
ACA8,
ACA8,
ACA8,
ACA8,
ACA8,
ACA8,
ACA8,
ACA8,
ACA8,
AC88,
AC88,
ACA8,
ACA8,
ACA8,
AC88,
AC88,
AC88,
AC88,
AC88,
ACA8,
ACC9,
A448,
5A02,
38A0,
7AA3,
B4C5,
C523,
D563,
DDA3,
DD84,
DD85,
DDC5,
D5C6,
9421,
3200,
2221,
2B22,
3B82,
3B83,
3BA4,
33E3,
3403,
3403,
3403,
3403,
3423,
3423,
3423,
3423,
3423,
3423,
3423,
3404,
3C24,
3404,
2BA3,
2382,
2BA2,
33E3,
3404,
3404,
3404,
3404,
3404,
3404,
3404,
3404,
3424,
3424,
3424,
3423,
3423,
3423,
3424,
3424,
3424,
3424,
3423,
3424,
3424,
3424,
3424,
3424,
3424,
3C24,
3C23,
3C23,
3C24,
3C24,
3C24,
3C24,
3C24,
3C24,
3C44,
3444,
3444,
3444,
3444,
3444,
3444,
3444,
3444,
3444,
3444,
3444,
3444,
3444,
3444,
3444,
3444,
3444,
3444,
3444,
3C24,
3C24,
3C24,
3C24,
3C24,
3C24,
3C24,
3C24,
3C24,
3444,
3444,
3444,
3444,
3444,
3444,
3444,
3444,
3444,
3444,
3444,
3444,
3444,
3444,
3444,
3444,
3444,
3444,
3444,
3444,
3444,
3444,
3444,
3444,
3444,
3444,
3C24,
3C24,
3C24,
3C24,
3C24,
3C24,
3C24,
3C24,
3C24,
3C24,
3C24,
3C24,
3C24,
3C24,
3C24,
3C24,
3C24,
3C24,
3C24,
3C24,
3C24,
3C24,
3C24,
3C24,
3C24,
3C24,
3C24,
3C24,
3C24,
3C24,
3C24,
3C24,
3C24,
3C24,
3C24,
3C24,
3C24,
3C24,
3C24,
3C24,
3C24,
3C24,
3C24,
3C24,
3C24,
3C24,
3C24,
3C24,
3C24,
3C24,
3C24,
3C24,
3C24,
3C24,
3C24,
3C24,
3C24,
3C24,
3C24,
3C24,
3C24,
3C24,
3C24,
3C24,
3C44,
3C44,
3C43,
3C43,
3C43,
3C43,
3C44,
3C43,
3C43,
3C43,
3C43,
3C44,
3C44,
3C43,
3C43,
3C43,
3C43,
3C43,
3C43,
3C23,
3C43,
3C43,
3C23,
3C23,
3C23,
3C23,
3C23,
3C23,
3C23,
3C23,
3C23,
3C23,
3C23,
3C23,
3C23,
3C23,
3C23,
3424,
3423,
3423,
3403,
3C04,
3BE4,
43E5,
3BA5,
22A2,
19A0,
1960,
3A01,
62E5,
8BE8,
A46A,
A48A,
A48A,
A469,
A48A,
A489,
A48A,
AC8A,
ACCB,
ACCB,
ACAA,
A449,
8BA7,
7B05,
6263,
49A1,
3900,
30A0,
3080,
38C0,
4140,
51C0,
6A83,
8366,
93E7,
A428,
A449,
A469,
A468,
AC88,
AC88,
AC88,
AC88,
ACA8,
ACA8,
ACA8,
ACA8,
ACA8,
ACA8,
ACA8,
ACA8,
ACA8,
ACA8,
ACA8,
ACA8,
ACA8,
AC88,
AC88,
ACA8,
ACA8,
ACA8,
AC88,
AC88,
AC88,
AC88,
AC88,
ACA8,
B4C9,
A448,
59E1,
38C0,
8B25,
BCE6,
BD23,
CD63,
DDA3,
DD83,
DDA4,
DDC5,
DE06,
A4A3,
4260,
2220,
2B01,
3B62,
3B83,
3BC4,
3BE3,
3403,
3403,
3403,
3403,
3423,
3423,
3423,
3423,
3423,
3423,
3423,
3404,
3404,
3404,
3404,
3424,
3403,
3403,
3424,
3424,
3424,
3424,
3423,
3404,
3404,
3424,
3C24,
3424,
3423,
3423,
3423,
3424,
3424,
3424,
3424,
3424,
3424,
3424,
3424,
3444,
3444,
3444,
3C24,
3C24,
3C24,
3C24,
3C24,
3C24,
3C24,
3C24,
3C24,
3C24,
3C44,
3444,
3444,
3444,
3444,
3444,
3444,
3444,
3444,
3444,
3444,
3444,
3444,
3444,
3444,
3444,
3444,
3444,
3444,
3444,
3C24,
3C24,
3C24,
3C24,
3C24,
3C24,
3C24,
3C24,
3C24,
3444,
3444,
3444,
3444,
3444,
3444,
3444,
3444,
3444,
3444,
3444,
3444,
3444,
3444,
3444,
3444,
3444,
3444,
3444,
3444,
3444,
3444,
3444,
3444,
3444,
3444,
3C24,
3C24,
3C24,
3C24,
3C24,
3C24,
3C24,
3C24,
3C24,
3C24,
3C24,
3C24,
3C24,
3C24,
3C24,
3C24,
3C24,
3C24,
3C24,
3C24,
3C24,
3C24,
3C24,
3C24,
3C24,
3C24,
3C24,
3C24,
3C24,
3C24,
3C24,
3C24,
3C24,
3C24,
3C24,
3C24,
3C24,
3C24,
3C24,
3C24,
3C24,
3C24,
3C24,
3C24,
3C24,
3C24,
3C24,
3C24,
3C24,
3C24,
3C24,
3C24,
3C24,
3C24,
3C24,
3C24,
3C24,
3C24,
3C24,
3C24,
3C24,
3C24,
3C24,
3C24,
3C44,
3C44,
3C43,
3C43,
3C43,
3C43,
3C44,
3C43,
3C43,
3C43,
3C43,
3C44,
3C44,
3C43,
3C43,
3C43,
3C43,
3C43,
3C43,
3C23,
3C43,
3C43,
3C23,
3C23,
3C23,
3C23,
3C23,
3C23,
3C23,
3C23,
3C23,
3C23,
3C23,
3C23,
3C23,
3C23,
3C23,
3423,
3423,
3423,
3403,
3C04,
3BE4,
43E4,
4405,
3B44,
2200,
0900,
08E0,
2940,
5263,
83A7,
9429,
A46A,
A48A,
A48A,
A469,
A469,
A46A,
A489,
A489,
ACA9,
ACCA,
ACCA,
ACAA,
AC8A,
9C28,
8B86,
72E3,
6222,
4140,
30C0,
2880,
30A0,
4140,
6221,
7B24,
93C7,
9C28,
A448,
AC88,
AC88,
AC88,
AC88,
ACA8,
ACA8,
ACA8,
ACA8,
ACA8,
ACA8,
ACA8,
ACA8,
ACA8,
ACA8,
ACA8,
ACA8,
AC88,
AC88,
AC88,
ACA8,
ACA8,
ACA8,
AC88,
AC88,
AC88,
AC88,
AC88,
ACA8,
B4C9,
A428,
51C0,
4100,
9366,
BCE6,
C543,
D583,
E5A2,
E5A2,
E5C3,
E5E4,
DE06,
ACC3,
52A0,
2220,
2AE0,
3B62,
43C3,
3BC4,
3BE3,
3403,
3403,
3403,
3403,
3423,
3423,
3423,
3423,
3423,
3423,
3423,
3403,
3403,
3424,
3424,
3424,
3423,
3423,
3424,
3424,
3424,
3424,
3423,
3423,
3424,
3424,
3424,
3424,
3424,
3424,
3424,
3424,
3424,
3424,
3424,
3424,
3424,
3424,
3424,
3424,
3444,
3444,
3444,
3C44,
3C44,
3C44,
3C24,
3C24,
3C44,
3444,
3444,
3444,
3444,
3444,
3444,
3444,
3444,
3444,
3444,
3444,
3444,
3444,
3444,
3444,
3444,
3444,
3444,
3444,
3444,
3444,
3444,
3444,
3C24,
3C24,
3C24,
3C24,
3C24,
3C24,
3C24,
3C24,
3C24,
3C44,
3C44,
3444,
3444,
3444,
3444,
3444,
3444,
3444,
3444,
3444,
3444,
3444,
3444,
3444,
3444,
3444,
3444,
3444,
3444,
3444,
3444,
3444,
3444,
3444,
3444,
3C24,
3C24,
3C24,
3C24,
3C24,
3C24,
3C24,
3C24,
3C24,
3C24,
3C24,
3C24,
3C24,
3C24,
3C24,
3C24,
3C24,
3C24,
3C24,
3C24,
3C24,
3C24,
3C24,
3C24,
3C24,
3C24,
3C24,
3C24,
3C24,
3C24,
3C24,
3C24,
3C24,
3C24,
3C24,
3C24,
3C24,
3C24,
3C24,
3C24,
3C24,
3C24,
3C24,
3C24,
3C24,
3C24,
3C24,
3C24,
3C24,
3C24,
3C24,
3C24,
3C24,
3C24,
3C24,
3C24,
3C24,
3C24,
3C24,
3C24,
3C43,
3C43,
3C24,
3C24,
3C44,
3C44,
3C43,
3C43,
3C43,
3C43,
3C44,
3C43,
3C43,
3C43,
3C43,
3C44,
3C44,
3C43,
3C43,
3C43,
3C43,
3C43,
3C43,
3C23,
3C43,
3C43,
3C23,
3C23,
3C23,
3C23,
3C23,
3C23,
3C23,
3C23,
3C23,
3C23,
3C23,
3C23,
3C23,
3C23,
3C23,
3C23,
3423,
3C23,
3C23,
3C04,
3C04,
3C04,
4405,
43A5,
32C3,
19C0,
0900,
08A0,
1100,
4221,
7346,
9409,
9C6A,
A48A,
A48A,
ACAA,
AC8A,
A48A,
A489,
A489,
A489,
ACA9,
B4CA,
B4EA,
B4EB,
B4EB,
AC8A,
A429,
93A7,
7AE4,
59E1,
4140,
4120,
4980,
6A82,
8B86,
A428,
AC89,
AC89,
ACA9,
AC88,
AC88,
AC88,
ACA8,
ACA8,
ACA8,
ACA8,
ACA8,
ACA8,
ACA8,
ACA8,
AC88,
AC88,
AC88,
AC88,
AC88,
AC88,
AC88,
ACA8,
ACA8,
AC88,
AC88,
AC88,
AC88,
AC88,
AC88,
B4C9,
9C28,
51A0,
4100,
9366,
BCE6,
C563,
D583,
E5A2,
E5A2,
E5C2,
E5E3,
DDE4,
B503,
7381,
3220,
2260,
3300,
43A3,
3BC3,
3BE3,
3403,
33E3,
3403,
3403,
3423,
3423,
3423,
3423,
3423,
3423,
3423,
3423,
3423,
3423,
3423,
3423,
3423,
3423,
3424,
3424,
3423,
3423,
3423,
3424,
3424,
3424,
3424,
3424,
3424,
3424,
3424,
3424,
3424,
3424,
3424,
3424,
3424,
3424,
3424,
3424,
3424,
3444,
3444,
3444,
3444,
3444,
3444,
3444,
3444,
3444,
3444,
3444,
3444,
3444,
3444,
3444,
3444,
3444,
3444,
3444,
3444,
3444,
3444,
3444,
3444,
3444,
3444,
3444,
3444,
3444,
3444,
3444,
3C24,
3C24,
3C24,
3C24,
3C24,
3C24,
3C24,
3C24,
3C24,
3C24,
3C24,
3C44,
3444,
3444,
3444,
3444,
3444,
3444,
3444,
3444,
3444,
3444,
3444,
3444,
3444,
3444,
3444,
3444,
3444,
3444,
3444,
3444,
3444,
3444,
3444,
3C24,
3C24,
3C24,
3C24,
3C24,
3C24,
3C24,
3C24,
3C24,
3C24,
3C24,
3C24,
3C24,
3C24,
3C24,
3C24,
3C24,
3C24,
3C24,
3C24,
3C24,
3C24,
3C24,
3C24,
3C24,
3C24,
3C24,
3C24,
3C24,
3C24,
3C24,
3C24,
3C24,
3C24,
3C24,
3C24,
3C24,
3C24,
3C24,
3C24,
3C24,
3C24,
3C24,
3C24,
3C24,
3C24,
3C24,
3C24,
3C24,
3C24,
3C24,
3C24,
3C24,
3C24,
3C24,
3C24,
3C24,
3C24,
3C24,
3C24,
3C24,
3C24,
3C24,
3C24,
3C44,
3C44,
3C43,
3C43,
3C43,
3C43,
3C44,
3C43,
3C43,
3C43,
3C43,
3C44,
3C44,
3C43,
3C23,
3C43,
3C43,
3C43,
3C43,
3C23,
3C43,
3C43,
3C23,
3C23,
3C23,
3C23,
3C23,
3C23,
3C23,
3C23,
3C23,
3C23,
3C23,
3C23,
3C23,
3C23,
3C23,
3C23,
3C23,
3C24,
3C23,
3C23,
3C04,
3C03,
3C04,
3BE5,
43A6,
3B24,
2241,
1140,
00C0,
08E0,
3180,
5284,
7366,
9449,
A48A,
ACAA,
ACAB,
ACAB,
ACAA,
A489,
A489,
AC89,
ACA9,
AC89,
AC89,
AC8A,
AC8A,
AC8A,
B4AB,
ACAB,
A449,
93C7,
8B66,
8345,
8365,
93E7,
A469,
AC89,
AC89,
AC89,
AC89,
AC88,
AC88,
ACA8,
ACA8,
ACA8,
ACA8,
ACA8,
ACA8,
ACA8,
ACA8,
AC88,
AC88,
AC88,
AC88,
AC88,
AC88,
AC88,
AC88,
AC88,
AC88,
AC88,
AC88,
AC88,
AC88,
ACA8,
B4CA,
93E7,
51A0,
5180,
9386,
BD06,
CD84,
D5A3,
DDA2,
E5A2,
E5A2,
E5C2,
DDC4,
C585,
94A4,
5321,
2A60,
2AA0,
3341,
43C4,
3BE3,
33E3,
33E3,
3403,
3403,
3423,
3423,
3423,
3423,
3423,
3403,
3423,
3423,
3423,
3423,
3423,
3423,
3423,
3424,
3424,
3424,
3423,
3423,
3423,
3424,
3424,
3424,
3424,
3424,
3424,
3424,
3424,
3423,
3424,
3424,
3424,
3424,
3424,
3424,
3424,
3424,
3424,
3444,
3444,
3444,
3444,
3444,
3444,
3444,
3444,
3444,
3444,
3444,
3444,
3444,
3444,
3444,
3444,
3444,
3444,
3444,
3444,
3444,
3444,
3444,
3444,
3444,
3444,
3444,
3444,
3444,
3444,
3444,
3C24,
3C24,
3C24,
3C24,
3C24,
3C24,
3C24,
3C24,
3C24,
3C24,
3C24,
3C24,
3444,
3444,
3444,
3444,
3444,
3444,
3444,
3444,
3444,
3444,
3444,
3444,
3444,
3444,
3444,
3444,
3444,
3444,
3444,
3444,
3444,
3444,
3444,
3C24,
3C24,
3C24,
3C24,
3C24,
3C24,
3C24,
3C24,
3C24,
3C24,
3C24,
3C24,
3C24,
3C24,
3C24,
3C24,
3C24,
3C24,
3C24,
3C24,
3C24,
3C24,
3C24,
3C24,
3C24,
3C24,
3C24,
3C24,
3C24,
3C24,
3C24,
3C24,
3C24,
3C24,
3C24,
3C24,
3C24,
3C24,
3C24,
3C24,
3C24,
3C24,
3C24,
3C24,
3C24,
3C24,
3C24,
3C24,
3C24,
3C24,
3C24,
3C24,
3C24,
3C24,
3C24,
3C24,
3C24,
3C24,
3C24,
3C24,
3C24,
3C24,
3C24,
3C24,
3C44,
3C44,
3C44,
3C43,
3C43,
3C43,
3C43,
3C43,
3C43,
3C43,
3C43,
3C43,
3C23,
3C43,
3C43,
3C43,
3C43,
3C43,
3C43,
3C43,
3C43,
3C23,
3C23,
3C23,
3C23,
3C23,
3C23,
3C23,
3C23,
3C23,
3C23,
3C23,
3C23,
3C23,
3C23,
3C23,
3C23,
3C23,
3C23,
3C23,
3C23,
3C23,
3C03,
3C04,
3C04,
3C04,
43E5,
43C6,
3B24,
2A62,
19C1,
08E0,
08A0,
18E0,
31A0,
62E5,
8BE8,
9C29,
AC8A,
ACCB,
ACCB,
ACAA,
A489,
AC89,
AC89,
AC89,
AC89,
AC8A,
AC8A,
AC8A,
AC8A,
AC8A,
AC8B,
ACAB,
AC8A,
AC6A,
A449,
A469,
AC8A,
AC89,
AC89,
AC89,
AC89,
AC88,
AC88,
ACA8,
ACA8,
ACA8,
ACA8,
ACA8,
ACA8,
ACA8,
AC88,
AC88,
AC88,
AC88,
AC88,
AC88,
AC88,
AC88,
AC88,
AC88,
AC88,
AC88,
AC88,
AC88,
AC88,
ACA8,
B4CA,
8B66,
4140,
59C1,
A3E7,
C526,
CD84,
D583,
DD82,
E5A2,
E5A2,
DDC2,
DDE4,
DE28,
B587,
7C44,
4300,
2AA0,
2B01,
3B83,
3BE3,
33E3,
33E3,
3403,
3403,
3423,
3423,
3403,
3403,
3C23,
3423,
3C23,
3423,
3423,
3423,
3423,
3424,
3424,
3424,
3424,
3424,
3424,
3424,
3424,
3424,
3424,
3423,
3424,
3424,
3424,
3424,
3424,
3424,
3424,
3424,
3424,
3424,
3424,
3424,
3424,
3424,
3444,
3443,
3444,
3444,
3444,
3444,
3444,
3444,
3444,
3444,
3444,
3444,
3444,
3444,
3444,
3444,
3444,
3444,
3444,
3444,
3444,
3444,
3444,
3444,
3444,
3444,
3444,
3444,
3444,
3444,
3444,
3444,
3C24,
3C24,
3C24,
3C24,
3C24,
3C24,
3C24,
3C24,
3C24,
3C24,
3C24,
3C24,
3C44,
3444,
3444,
3444,
3444,
3444,
3444,
3444,
3444,
3444,
3444,
3444,
3444,
3444,
3444,
3444,
3444,
3444,
3444,
3444,
3444,
3444,
3444,
3C24,
3C24,
3C24,
3C24,
3C24,
3C24,
3C24,
3C24,
3C24,
3C24,
3C24,
3C24,
3C24,
3C24,
3C24,
3C24,
3C24,
3C24,
3C24,
3C24,
3C24,
3C24,
3C24,
3C24,
3C24,
3C24,
3C24,
3C24,
3C24,
3C24,
3C24,
3C24,
3C24,
3C24,
3C24,
3C24,
3C24,
3C24,
3C24,
3C24,
3C24,
3C24,
3C24,
3C24,
3C24,
3C24,
3C24,
3C24,
3C24,
3C24,
3C24,
3C24,
3C24,
3C24,
3C24,
3C24,
3C24,
3C24,
3C24,
3C24,
3C24,
3C24,
3C24,
3C24,
3C44,
3C44,
3C44,
3C43,
3C43,
3C43,
3C43,
3C43,
3C43,
3C43,
3C43,
3C43,
3C23,
3C43,
3C43,
3C43,
3C43,
3C43,
3C43,
3C43,
3C43,
3C23,
3C23,
3C23,
3C23,
3C23,
3C23,
3C23,
3C23,
3C23,
3C23,
3C23,
3C23,
3C23,
3C23,
3C23,
3C23,
3C23,
3C24,
3C23,
3C23,
3C23,
3C23,
3C03,
3403,
3404,
3BE5,
43E6,
43C6,
4365,
3B04,
2A42,
1140,
08C0,
0860,
2100,
4A03,
6AC4,
8387,
9C29,
ACAA,
ACAA,
AC89,
AC89,
AC89,
AC89,
AC8A,
AC89,
AC89,
AC8A,
A489,
AC69,
AC8A,
B4AA,
B4AA,
ACAA,
ACAA,
ACAA,
AC8A,
AC89,
AC89,
AC89,
AC89,
AC89,
AC88,
ACA8,
ACA8,
ACA8,
ACA8,
ACA8,
ACA8,
ACA8,
AC88,
AC88,
AC88,
AC88,
AC88,
AC88,
AC88,
AC88,
AC88,
AC89,
AC88,
AC88,
AC88,
AC88,
AC88,
ACA9,
AC89,
72C4,
38E0,
6202,
B469,
CD66,
D584,
D583,
DDA2,
E5A1,
E5A1,
DDA2,
D5C5,
CDC8,
AD47,
8464,
4B21,
2A60,
2260,
22E1,
2B83,
33C3,
33E3,
33E3,
3404,
3423,
3423,
3423,
3C03,
3C23,
3C23,
3C24,
3444,
3424,
3424,
3424,
3424,
3424,
3424,
3424,
3424,
3424,
3424,
3424,
3424,
3424,
3424,
3424,
3424,
3424,
3424,
3424,
3424,
3424,
3424,
3424,
3424,
3424,
3424,
3424,
3424,
3444,
3443,
3444,
3444,
3444,
3444,
3444,
3444,
3444,
3444,
3444,
3444,
3444,
3444,
3444,
3444,
3444,
3444,
3444,
3444,
3444,
3444,
3444,
3444,
3444,
3444,
3444,
3444,
3444,
3444,
3444,
3444,
3C24,
3C24,
3C24,
3C24,
3C24,
3C24,
3C24,
3C24,
3C24,
3C24,
3C24,
3C24,
3C44,
3444,
3444,
3444,
3444,
3444,
3444,
3444,
3444,
3444,
3444,
3444,
3444,
3444,
3444,
3444,
3444,
3444,
3444,
3444,
3444,
3444,
3444,
3C24,
3C24,
3C24,
3C24,
3C24,
3C24,
3C24,
3C24,
3C24,
3C24,
3C24,
3C24,
3C24,
3C24,
3C24,
3C24,
3C24,
3C24,
3C24,
3C24,
3C24,
3C24,
3C24,
3C24,
3C24,
3C24,
3C24,
3C24,
3C24,
3C24,
3C24,
3C24,
3C24,
3C24,
3C24,
3C24,
3C24,
3C24,
3C24,
3C24,
3C24,
3C24,
3C24,
3C24,
3C24,
3C24,
3C24,
3C24,
3C24,
3C24,
3C24,
3C24,
3C24,
3C24,
3C24,
3C24,
3C24,
3C24,
3C24,
3C24,
3C24,
3C24,
3C24,
3C24,
3C43,
3C43,
3C43,
3C43,
3C43,
3C43,
3C43,
3C43,
3C43,
3C43,
3C43,
3C43,
3C43,
3C43,
3C43,
3C43,
3C43,
3C43,
3C43,
3C43,
3C43,
3C43,
3C23,
3C23,
3C23,
3C23,
3C23,
3C23,
3C23,
3C23,
3C23,
3C23,
3C23,
3C23,
3C23,
3C23,
3C23,
3C23,
3C23,
3C23,
3C23,
3C23,
3C23,
3403,
3403,
3404,
3BE5,
3BE5,
43E6,
4BC7,
4BA6,
4365,
3AC3,
21C0,
10E0,
0040,
1060,
3940,
5A22,
7305,
8BA7,
9C28,
A469,
AC89,
AC89,
AC89,
AC89,
AC89,
AC89,
AC89,
AC89,
AC89,
AC8A,
ACAA,
ACAA,
ACA9,
ACA9,
AC8A,
AC89,
AC89,
AC89,
AC89,
AC89,
AC89,
AC88,
ACA8,
ACA8,
ACA8,
ACA8,
ACA8,
ACA8,
ACA8,
AC88,
AC88,
AC88,
AC88,
AC88,
AC88,
AC88,
AC88,
AC88,
AC89,
AC88,
AC88,
AC88,
AC88,
ACA8,
B4C9,
9C28,
59E1,
38C0,
7284,
B4A9,
CD85,
D5A2,
D5A3,
DDC2,
E5C2,
E5C2,
D583,
BCE4,
9423,
73C2,
5300,
3240,
19C0,
09C0,
1240,
1B01,
2B83,
2BA2,
33C2,
33E3,
3423,
3423,
3423,
3C23,
3423,
3C03,
3424,
3424,
3424,
3424,
3424,
3424,
3424,
3424,
3424,
3424,
3424,
3424,
3424,
3424,
3424,
3424,
3424,
3424,
3424,
3424,
3424,
3423,
3424,
3424,
3424,
3424,
3444,
3424,
3424,
3424,
3C44,
3C44,
3C44,
3C44,
3C44,
3C44,
3C44,
3444,
3444,
3444,
3444,
3444,
3444,
3444,
3444,
3444,
3444,
3444,
3444,
3444,
3444,
3444,
3444,
3444,
3444,
3444,
3444,
3444,
3444,
3444,
3444,
3444,
3C24,
3C24,
3C24,
3C24,
3C24,
3C24,
3C24,
3C24,
3C24,
3C24,
3C24,
3C24,
3C44,
3444,
3444,
3444,
3444,
3444,
3444,
3444,
3444,
3444,
3444,
3444,
3444,
3444,
3444,
3444,
3444,
3444,
3444,
3444,
3444,
3444,
3444,
3C24,
3C24,
3C24,
3C24,
3C24,
3C24,
3C24,
3C24,
3C24,
3C24,
3C24,
3C24,
3C24,
3C24,
3C24,
3C24,
3C24,
3C24,
3C24,
3C24,
3C24,
3C24,
3C24,
3C24,
3C24,
3C24,
3C24,
3C24,
3C24,
3C24,
3C24,
3C24,
3C24,
3C24,
3C24,
3C24,
3C24,
3C24,
3C24,
3C24,
3C24,
3C24,
3C24,
3C24,
3C24,
3C24,
3C24,
3C24,
3C24,
3C24,
3C24,
3C24,
3C24,
3C24,
3C24,
3C24,
3C24,
3C24,
3C24,
3C24,
3C24,
3C24,
3C24,
3C23,
3C43,
3C43,
3C43,
3C43,
3C43,
3C43,
3C43,
3C43,
3C43,
3C43,
3C43,
3C43,
3C43,
3C43,
3C43,
3C43,
3C43,
3C43,
3C43,
3C43,
3C43,
3443,
3423,
3C23,
3C23,
3C23,
3C23,
3C23,
3C23,
3C23,
3C23,
3C23,
3C23,
3C23,
3C23,
3C23,
3C23,
3C23,
3C23,
3C23,
3C23,
3C23,
3C23,
3403,
3C04,
3C04,
3C04,
3BE5,
3BE5,
43E5,
43C6,
4BC6,
43A6,
3B04,
2A01,
08A0,
0800,
20C0,
49C1,
6284,
7B06,
8BA7,
A448,
AC89,
A489,
A489,
AC89,
AC89,
AC88,
AC89,
AC89,
AC89,
AC89,
AC89,
ACA9,
ACA9,
ACA9,
ACA9,
AC89,
AC89,
AC89,
AC89,
AC89,
AC89,
AC88,
ACA8,
ACA8,
ACA8,
ACA8,
ACA8,
ACA8,
ACA8,
AC88,
AC88,
AC88,
AC88,
AC88,
AC88,
AC88,
AC88,
AC88,
AC89,
AC88,
AC88,
AC88,
AC88,
B4C9,
B4EA,
8B86,
4940,
4120,
8B25,
C509,
D5A6,
CDA2,
D5C3,
DDC3,
DD83,
CD64,
A4A2,
7B80,
5280,
3240,
2A40,
2200,
11E0,
01C0,
0200,
0A80,
1300,
2361,
23A1,
33E3,
3423,
3C24,
3423,
3423,
3423,
3423,
3423,
3423,
3423,
3424,
3424,
3424,
3424,
3424,
3424,
3424,
3424,
3424,
3424,
3424,
3424,
3424,
3424,
3424,
3424,
3424,
3424,
3423,
3424,
3424,
3444,
3444,
3444,
3444,
3444,
3444,
3C44,
3C44,
3C44,
3C44,
3C44,
3C44,
3C44,
3C44,
3444,
3444,
3444,
3444,
3444,
3444,
3444,
3444,
3444,
3444,
3444,
3444,
3444,
3444,
3444,
3444,
3444,
3444,
3444,
3444,
3444,
3444,
3444,
3444,
3C24,
3C24,
3C24,
3C24,
3C24,
3C24,
3C24,
3C24,
3C24,
3C24,
3C24,
3C24,
3444,
3444,
3444,
3444,
3444,
3444,
3444,
3444,
3444,
3444,
3444,
3444,
3444,
3444,
3444,
3444,
3444,
3444,
3444,
3444,
3444,
3444,
3444,
3C24,
3C24,
3C24,
3C24,
3C24,
3C24,
3C24,
3C24,
3C24,
3C24,
3C24,
3C24,
3C24,
3C24,
3C24,
3C24,
3C24,
3C24,
3C24,
3C24,
3C24,
3C24,
3C24,
3C24,
3C24,
3C24,
3C24,
3C24,
3C24,
3C24,
3C24,
3C24,
3C24,
3C24,
3C24,
3C24,
3C24,
3C24,
3C24,
3C24,
3C24,
3C24,
3C24,
3C24,
3C24,
3C24,
3C24,
3C24,
3C24,
3C24,
3C24,
3C24,
3C24,
3C24,
3C24,
3C24,
3C24,
3C24,
3C24,
3C24,
3C24,
3C24,
3C24,
3C24,
3C44,
3C44,
3C43,
3C44,
3C44,
3C44,
3C44,
3C44,
3C44,
3C44,
3C44,
3C44,
3C44,
3C43,
3C43,
3C43,
3C44,
3C44,
3C43,
3C43,
3C43,
3443,
3423,
3C23,
3C23,
3C23,
3C23,
3C23,
3C23,
3C23,
3C23,
3C23,
3C23,
3C23,
3C23,
3C23,
3C23,
3C23,
3C23,
3C23,
3C23,
3C23,
3403,
3403,
3C03,
3C03,
3C03,
3C04,
3C04,
43E4,
3BE4,
3BE5,
43E5,
3B85,
3B03,
19A0,
10C0,
3160,
5A64,
7327,
8368,
8BC7,
9C28,
AC69,
A489,
A469,
A489,
AC89,
AC88,
AC89,
AC89,
AC89,
AC89,
AC89,
AC89,
AC88,
AC88,
ACA9,
ACA9,
AC89,
AC89,
AC89,
AC89,
AC88,
AC88,
ACA8,
ACA8,
ACA8,
ACA8,
ACA8,
ACA8,
ACA8,
AC88,
AC88,
AC88,
AC88,
AC88,
AC88,
AC88,
AC88,
AC88,
AC88,
AC89,
AC89,
AC89,
AC88,
B4C9,
ACA9,
72A3,
40E0,
59C0,
A3E6,
D588,
D5A6,
D5A4,
D5E5,
D5A5,
BD04,
9421,
6B00,
4A40,
3A20,
3260,
3300,
3321,
2B02,
1AE1,
12A0,
0AC0,
1320,
2361,
2BC2,
3403,
3423,
3423,
3423,
3423,
3423,
3423,
3423,
3423,
3423,
3424,
3424,
3424,
3C24,
3C24,
3424,
3424,
3424,
3424,
3424,
3424,
3424,
3424,
3424,
3424,
3424,
3424,
3424,
3423,
3424,
3424,
3444,
3444,
3444,
3444,
3444,
3444,
3C44,
3C44,
3C44,
3C44,
3C44,
3C44,
3C44,
3C44,
3444,
3444,
3444,
3444,
3444,
3444,
3444,
3444,
3444,
3444,
3444,
3444,
3444,
3444,
3444,
3444,
3444,
3444,
3444,
3444,
3444,
3444,
3444,
3444,
3C24,
3C24,
3C24,
3C24,
3C24,
3C24,
3C24,
3C24,
3C24,
3C24,
3C24,
3C24,
3444,
3444,
3444,
3444,
3444,
3444,
3444,
3444,
3444,
3444,
3444,
3444,
3444,
3444,
3444,
3444,
3444,
3444,
3444,
3444,
3444,
3444,
3444,
3C24,
3C24,
3C24,
3C24,
3C24,
3C24,
3C24,
3C24,
3C24,
3C24,
3C24,
3C24,
3C24,
3C24,
3C24,
3C24,
3C24,
3C44,
3C44,
3C44,
3C44,
3C44,
3C44,
3C44,
3C44,
3C44,
3C44,
3C44,
3C44,
3C44,
3C44,
3C44,
3C24,
3C24,
3C24,
3C24,
3C24,
3C24,
3C24,
3C24,
3C24,
3C24,
3C23,
3C23,
3C23,
3C23,
3C23,
3C23,
3C24,
3C24,
3C24,
3C24,
3C24,
3C24,
3C24,
3C24,
3C24,
3C24,
3C24,
3C24,
3C24,
3C24,
3C24,
3C24,
3C24,
3C24,
3C24,
3C24,
3C24,
3C24,
3C24,
3C24,
3C24,
3C24,
3C24,
3C24,
3C24,
3C43,
3C23,
3C24,
3C24,
3C24,
3C24,
3C24,
3C24,
3C24,
3C23,
3C24,
3C24,
3C24,
3C23,
3C23,
3C24,
3C24,
3C23,
3C23,
3C23,
3C23,
3C23,
3C23,
3C23,
3C23,
3423,
3423,
3423,
3423,
3423,
3403,
3403,
3403,
3C03,
3C03,
3C04,
3C04,
3404,
3BE4,
3BC4,
3BA4,
3B64,
2221,
1940,
39C1,
6306,
8BCA,
940B,
9409,
9C49,
A469,
A469,
A469,
A489,
AC89,
AC89,
AC89,
AC88,
AC88,
AC88,
AC89,
AC89,
AC88,
AC88,
AC88,
AC89,
AC89,
AC88,
AC88,
AC88,
AC88,
AC88,
AC88,
AC88,
AC88,
AC88,
AC88,
AC88,
AC88,
ACA8,
ACA8,
ACA8,
ACA8,
ACA8,
AC88,
AC88,
AC88,
AC88,
AC89,
AC89,
AC89,
AC89,
AC88,
ACC9,
9C07,
59C0,
4100,
7AA2,
BCA7,
D587,
D5A5,
D5A4,
D5E6,
C5A6,
9442,
62E0,
3A00,
3200,
3AA0,
3B42,
3BC2,
4403,
4404,
3BE4,
3BE3,
33C2,
2BE2,
2BE3,
33E3,
3403,
3423,
3423,
3423,
3423,
3423,
3423,
3423,
3424,
3424,
3424,
3424,
3424,
3424,
3424,
3424,
3424,
3424,
3424,
3424,
3424,
3424,
3424,
3424,
3424,
3424,
3424,
3424,
3424,
3444,
3444,
3444,
3444,
3444,
3444,
3444,
3444,
3C44,
3C44,
3C44,
3C44,
3C44,
3C44,
3C44,
3C44,
3C44,
3C44,
3C44,
3C44,
3C44,
3444,
3444,
3444,
3444,
3444,
3444,
3444,
3444,
3444,
3444,
3444,
3444,
3444,
3444,
3444,
3444,
3444,
3444,
3444,
3444,
3444,
3444,
3444,
3444,
3444,
3444,
3444,
3444,
3444,
3444,
3444,
3444,
3444,
3444,
3443,
3443,
3443,
3423,
3444,
3444,
3444,
3444,
3444,
3444,
3444,
3444,
3444,
3444,
3444,
3444,
3444,
3444,
3444,
3444,
3C24,
3C24,
3C24,
3C24,
3C24,
3C24,
3C24,
3C24,
3C24,
3C24,
3C24,
3C24,
3C24,
3C24,
3C24,
3C24,
3C24,
3C44,
3C44,
3C44,
3C44,
3C44,
3C44,
3C44,
3C44,
3C44,
3C44,
3C44,
3C44,
3C44,
3C44,
3C44,
3C24,
3C24,
3C24,
3C24,
3C24,
3C24,
3C24,
3C24,
3C24,
3C24,
3C23,
3C23,
3C23,
3C23,
3C23,
3C23,
3C23,
3C23,
3C23,
3C24,
3C24,
3C24,
3C24,
3C24,
3C24,
3C24,
3C24,
3C24,
3C24,
3C24,
3C24,
3C24,
3C24,
3C24,
3C24,
3C24,
3C24,
3C24,
3C24,
3C24,
3C24,
3C24,
3C24,
3C24,
3C24,
3C23,
3C23,
3C24,
3C24,
3C24,
3C24,
3C24,
3C24,
3C24,
3C24,
3C24,
3C24,
3C24,
3C24,
3C24,
3C24,
3C24,
3C23,
3C23,
3C23,
3C23,
3C23,
3C23,
3C23,
3C23,
3423,
3423,
3423,
3423,
3423,
3403,
3403,
3403,
3403,
3C03,
3C03,
3404,
3404,
3BE4,
3BC4,
43C4,
43A5,
2261,
1140,
21A0,
5306,
83EA,
9C4C,
A46B,
9C49,
A449,
A469,
A469,
A488,
AC89,
AC89,
AC89,
AC88,
AC88,
AC88,
AC88,
AC88,
AC88,
AC88,
AC88,
AC88,
AC88,
AC88,
AC88,
AC88,
AC88,
AC88,
AC88,
AC88,
AC88,
AC88,
AC88,
AC88,
AC88,
ACA8,
ACA8,
ACA8,
ACA8,
ACA8,
AC88,
AC88,
AC88,
AC88,
AC88,
AC89,
AC89,
AC89,
A468,
AC88,
8343,
4940,
5160,
9384,
C507,
D566,
DDA5,
DDC5,
D5E6,
B565,
7BC1,
4240,
29E0,
32C0,
4382,
43C3,
3C03,
3403,
3C04,
3C04,
3C24,
3C24,
3424,
3424,
3404,
3423,
3423,
3423,
3423,
3423,
3423,
3423,
3423,
3424,
3424,
3424,
3424,
3424,
3424,
3424,
3424,
3424,
3424,
3424,
3424,
3424,
3424,
3424,
3424,
3424,
3424,
3424,
3424,
3424,
3444,
3444,
3444,
3444,
3444,
3444,
3444,
3444,
3C44,
3C44,
3C44,
3C44,
3C44,
3C44,
3C44,
3C44,
3C44,
3C44,
3C44,
3C44,
3C44,
3444,
3444,
3444,
3444,
3444,
3444,
3444,
3444,
3444,
3444,
3444,
3444,
3444,
3444,
3444,
3444,
3444,
3444,
3444,
3444,
3444,
3444,
3444,
3444,
3444,
3444,
3444,
3444,
3444,
3444,
3444,
3444,
3444,
3444,
3443,
3443,
3443,
3423,
3444,
3444,
3444,
3C44,
3444,
3444,
3444,
3444,
3444,
3444,
3444,
3444,
3444,
3444,
3444,
3444,
3C24,
3C24,
3C24,
3C24,
3C24,
3C24,
3C24,
3C24,
3C24,
3C24,
3C24,
3C24,
3C24,
3C24,
3C24,
3C24,
3C24,
3C44,
3C43,
3C44,
3C44,
3C44,
3C44,
3C44,
3C44,
3C44,
3C44,
3C44,
3C43,
3C44,
3C44,
3C44,
3C24,
3C24,
3C24,
3C24,
3C24,
3C24,
3C24,
3C24,
3C24,
3C24,
3C23,
3C23,
3C23,
3C23,
3C23,
3423,
3423,
3C24,
3C24,
3C24,
3C24,
3C24,
3C24,
3C24,
3C24,
3C24,
3C24,
3C24,
3C24,
3C24,
3C24,
3C24,
3C24,
3C24,
3C24,
3C24,
3C24,
3C24,
3C24,
3C24,
3C24,
3C24,
3C24,
3C24,
3C24,
3C24,
3C24,
3C24,
3C24,
3C24,
3C24,
3C24,
3C24,
3C24,
3C24,
3C24,
3C24,
3C24,
3C24,
3C24,
3C24,
3C24,
3C23,
3C23,
3C23,
3C23,
3C23,
3C23,
3C23,
3C23,
3423,
3423,
3423,
3423,
3423,
3423,
3423,
3423,
3423,
3423,
3403,
3403,
3403,
33E4,
3BC4,
3BC4,
3BC5,
22C2,
0980,
1160,
3A62,
6B68,
940A,
A44B,
A44A,
A46A,
A469,
A469,
A488,
A489,
AC89,
AC89,
AC88,
AC88,
AC88,
A488,
A488,
A488,
A487,
AC88,
AC88,
AC88,
AC88,
A488,
AC88,
AC88,
ACA8,
ACA8,
ACA8,
AC88,
AC88,
AC88,
AC88,
AC87,
ACA8,
ACA8,
ACA8,
ACA8,
ACA8,
AC88,
AC88,
AC88,
AC88,
AC88,
AC89,
AC89,
B489,
A448,
93C6,
6241,
4120,
7261,
B466,
D546,
D586,
DDA5,
DDC5,
D5E6,
B545,
73A1,
3240,
2220,
3301,
43E3,
3C03,
3403,
3403,
3403,
3403,
3403,
3403,
3403,
3423,
3423,
3423,
3423,
3423,
3423,
3423,
3423,
3423,
3423,
3424,
3424,
3424,
3424,
3424,
3424,
3424,
3424,
3424,
3424,
3424,
3424,
3424,
3424,
3424,
3424,
3424,
3424,
3424,
3424,
3424,
3444,
3444,
3444,
3444,
3444,
3444,
3444,
3444,
3C44,
3C44,
3C44,
3444,
3444,
3444,
3444,
3C44,
3C44,
3C44,
3C44,
3C44,
3C44,
3444,
3444,
3444,
3444,
3444,
3444,
3444,
3444,
3444,
3444,
3444,
3444,
3444,
3444,
3444,
3444,
3444,
3444,
3444,
3444,
3444,
3444,
3444,
3444,
3444,
3444,
3444,
3444,
3444,
3444,
3444,
3444,
3444,
3444,
3443,
3443,
3443,
3443,
3444,
3444,
3444,
3444,
3444,
3444,
3444,
3444,
3444,
3444,
3444,
3444,
3444,
3444,
3444,
3444,
3C24,
3C24,
3C24,
3C24,
3C24,
3C24,
3C24,
3C24,
3C24,
3C24,
3C24,
3C24,
3C24,
3C24,
3C24,
3C23,
3C43,
3C43,
3C43,
3C43,
3C43,
3C43,
3C43,
3C43,
3C43,
3C43,
3C43,
3C43,
3C44,
3C44,
3C44,
3C44,
3C24,
3C24,
3C24,
3C24,
3C24,
3C24,
3C24,
3C24,
3C24,
3C24,
3C23,
3C23,
3C23,
3C23,
3C23,
3C23,
3C23,
3C24,
3C24,
3C24,
3C24,
3C24,
3C24,
3C24,
3C24,
3C24,
3C24,
3C24,
3C24,
3C24,
3C24,
3C24,
3C24,
3C24,
3C24,
3C24,
3C24,
3C24,
3C24,
3C24,
3C24,
3C24,
3C24,
3C24,
3C24,
3C24,
3C24,
3C24,
3C24,
3C24,
3C24,
3C24,
3C24,
3C24,
3C24,
3C24,
3C24,
3C24,
3C24,
3C24,
3C24,
3C24,
3C23,
3C23,
3C23,
3C23,
3C23,
3C23,
3C23,
3C23,
3423,
3423,
3423,
3423,
3423,
3423,
3423,
3423,
3423,
3403,
3403,
3403,
33E3,
33E3,
33C3,
33C3,
3BC4,
3364,
2260,
11A0,
2180,
4A62,
7388,
944B,
A48B,
A48A,
A48A,
ACAA,
ACA9,
A4A9,
ACA9,
ACA9,
ACC9,
ACC8,
ACA8,
ACA8,
A4A7,
A4A7,
A487,
ACA7,
AC88,
A488,
A4A8,
A488,
A488,
ACA8,
AC88,
AC88,
AC88,
AC88,
AC88,
AC88,
AC87,
AC88,
ACA8,
ACA8,
ACA8,
ACA8,
ACA8,
AC88,
AC88,
AC88,
AC88,
AC88,
AC89,
ACAA,
AC89,
93E7,
6A62,
4140,
5A00,
9BC5,
CD06,
D565,
D584,
DDC5,
DDC5,
D606,
B545,
6BA1,
3260,
1A40,
3321,
3BE3,
3403,
3403,
3403,
3403,
3403,
3403,
3403,
3423,
3423,
3423,
3423,
3423,
3423,
3423,
3423,
3423,
3423,
3423,
3424,
3424,
3424,
3424,
3424,
3423,
3424,
3424,
3424,
3424,
3424,
3424,
3424,
3424,
3424,
3424,
3424,
3424,
3424,
3424,
3424,
3444,
3444,
3444,
3444,
3444,
3444,
3444,
3444,
3444,
3444,
3444,
3444,
3444,
3444,
3444,
3444,
3C44,
3C44,
3C44,
3C44,
3C44,
3444,
3444,
3444,
3444,
3444,
3444,
3444,
3444,
3444,
3444,
3444,
3444,
3444,
3444,
3444,
3444,
3444,
3444,
3444,
3444,
3444,
3444,
3444,
3444,
3444,
3444,
3444,
3444,
3444,
3444,
3444,
3444,
3443,
3444,
3443,
3443,
3444,
3444,
3444,
3444,
3444,
3444,
3444,
3444,
3444,
3444,
3444,
3444,
3444,
3444,
3444,
3444,
3444,
3444,
3C24,
3C24,
3C24,
3C24,
3C24,
3C24,
3C24,
3C24,
3C24,
3C24,
3C24,
3C24,
3C24,
3C24,
3C24,
3C23,
3C43,
3C43,
3C43,
3C43,
3C43,
3C43,
3C43,
3C43,
3C43,
3C43,
3C43,
3C43,
3C44,
3C44,
3C44,
3C44,
3C24,
3C24,
3C24,
3C24,
3C24,
3C24,
3C24,
3C24,
3C24,
3C24,
3C23,
3C23,
3C23,
3C23,
3C23,
3C23,
3C23,
3C24,
3C24,
3C24,
3C24,
3C24,
3C24,
3C24,
3C24,
3C24,
3C24,
3C24,
3C24,
3C24,
3C24,
3C24,
3C24,
3C24,
3C24,
3C24,
3C24,
3C24,
3C24,
3C24,
3C24,
3C24,
3C24,
3C24,
3C24,
3C24,
3C24,
3C24,
3C24,
3C24,
3C24,
3C24,
3C24,
3C24,
3C24,
3C24,
3C24,
3C24,
3C24,
3C24,
3C24,
3C24,
3C23,
3C23,
3C23,
3C23,
3C23,
3C23,
3C23,
3C23,
3C23,
3423,
3423,
3423,
3423,
3423,
3423,
3423,
3423,
3423,
3423,
3403,
3403,
33E3,
33E3,
33E3,
3BE4,
43C5,
3323,
1A20,
1140,
29E0,
6346,
948B,
A4CC,
9CAB,
A4AA,
A489,
A468,
9C47,
9426,
9405,
9C46,
ACC7,
ACC8,
ACC8,
ACA7,
A4C7,
A4A7,
A487,
A488,
AC88,
A4A8,
AC88,
ACA8,
ACA8,
AC88,
AC88,
AC88,
AC88,
AC88,
AC88,
AC87,
AC88,
ACA8,
ACA8,
ACA8,
ACA8,
ACA8,
AC88,
AC88,
AC88,
A488,
AC88,
ACA9,
ACA9,
9C28,
72E3,
49A0,
4980,
8323,
BCA7,
CD46,
D584,
DDC3,
DDC4,
DDE4,
D606,
BDA6,
7C02,
3280,
1A40,
3321,
3BE3,
3404,
3403,
3403,
3403,
3403,
3403,
3403,
3423,
3423,
3423,
3423,
3423,
3423,
3423,
3423,
3423,
3423,
3423,
3C24,
3C24,
3424,
3424,
3424,
3423,
3423,
3424,
3424,
3424,
3424,
3424,
3424,
3424,
3424,
3424,
3424,
3424,
3424,
3424,
3424,
3444,
3444,
3444,
3444,
3444,
3444,
3444,
3444,
3444,
3444,
3444,
3444,
3444,
3444,
3444,
3444,
3C44,
3C44,
3C44,
3C44,
3C44,
3444,
3444,
3444,
3444,
3444,
3444,
3444,
3444,
3444,
3444,
3444,
3444,
3444,
3444,
3444,
3444,
3444,
3444,
3444,
3444,
3444,
3444,
3444,
3444,
3444,
3444,
3444,
3444,
3444,
3444,
3444,
3444,
3444,
3444,
3443,
3444,
3444,
3444,
3444,
3444,
3444,
3444,
3444,
3444,
3444,
3444,
3444,
3444,
3444,
3444,
3444,
3444,
3444,
3444,
3C24,
3C24,
3C24,
3C24,
3C24,
3C24,
3C24,
3C24,
3C24,
3C24,
3C24,
3C24,
3C24,
3C24,
3C24,
3C43,
3C43,
3C43,
3C43,
3C43,
3C43,
3C43,
3C43,
3C43,
3C43,
3C43,
3C43,
3C44,
3C44,
3C44,
3C44,
3C44,
3C44,
3C24,
3C24,
3C24,
3C24,
3C24,
3C24,
3C24,
3C24,
3C24,
3C23,
3C23,
3C23,
3C23,
3C23,
3C23,
3C23,
3C23,
3C24,
3C24,
3C24,
3C24,
3C24,
3C24,
3C24,
3C24,
3C24,
3C24,
3C24,
3C24,
3C24,
3C24,
3C24,
3C24,
3C24,
3C24,
3C24,
3C24,
3C24,
3C24,
3C24,
3C24,
3C24,
3C24,
3C24,
3C24,
3C24,
3C24,
3C24,
3C24,
3C24,
3C24,
3C24,
3C24,
3C24,
3C24,
3C24,
3C24,
3C24,
3C24,
3C24,
3C24,
3C23,
3C23,
3C23,
3C23,
3C23,
3C23,
3C23,
3C23,
3423,
3423,
3C23,
3C43,
3C23,
3423,
3423,
3423,
3423,
3423,
3423,
3423,
3403,
3403,
33E3,
33E4,
3BE4,
4405,
43A5,
3303,
2A61,
3A42,
52E4,
7BC8,
7BE8,
6B66,
7345,
6AE3,
6282,
5A82,
5A41,
5220,
5A40,
6AE2,
7B44,
83A5,
9C66,
ACC8,
A4A8,
A487,
A487,
AC88,
A488,
AC88,
A488,
AC87,
AC87,
AC87,
AC87,
AC87,
AC88,
AC88,
AC88,
ACA8,
ACA8,
ACA8,
ACA8,
ACA8,
ACA8,
ACA8,
ACA8,
AC88,
A488,
A4A8,
ACC9,
A469,
7B66,
51E0,
3960,
6AA1,
AC66,
CD08,
D566,
DDA4,
DDE3,
DDE3,
DDC4,
D5E5,
CE27,
94C4,
42E0,
2240,
2AE0,
3BE3,
3C04,
33E3,
33E3,
33E3,
33E2,
3403,
3403,
3403,
3423,
3423,
3423,
3423,
3423,
3423,
3423,
3423,
3423,
3423,
3C24,
3C24,
3424,
3423,
3423,
3423,
3423,
3423,
3423,
3423,
3423,
3423,
3423,
3423,
3423,
3423,
3423,
3424,
3424,
3424,
3424,
3444,
3444,
3444,
3444,
3444,
3444,
3444,
3444,
3444,
3444,
3444,
3444,
3444,
3444,
3444,
3444,
3444,
3444,
3444,
3444,
3444,
3444,
3444,
3444,
3444,
3444,
3444,
3444,
3444,
3444,
3444,
3444,
3444,
3444,
3444,
3444,
3444,
3444,
3444,
3444,
3444,
3444,
3444,
3444,
3444,
3444,
3444,
3444,
3444,
3444,
3444,
3444,
3444,
3444,
3444,
3444,
3444,
3444,
3444,
3444,
3444,
3444,
3444,
3444,
3444,
3444,
3444,
3444,
3444,
3444,
3444,
3444,
3444,
3444,
3444,
3C24,
3C24,
3C24,
3C24,
3C24,
3C24,
3C24,
3C24,
3C24,
3C24,
3C24,
3C24,
3C24,
3C24,
3C24,
3C43,
3C43,
3C43,
3C43,
3C43,
3C43,
3C43,
3C43,
3C43,
3C43,
3C43,
3C43,
3C44,
3C44,
3C44,
3C44,
3C44,
3C44,
3C24,
3C24,
3C24,
3C24,
3C24,
3C24,
3C24,
3C24,
3C24,
3C23,
3C23,
3C23,
3C23,
3C23,
3C23,
3C23,
3C23,
3C24,
3C24,
3C24,
3C24,
3C24,
3C24,
3C24,
3C24,
3C24,
3C24,
3C24,
3C24,
3C24,
3C24,
3C24,
3C24,
3C24,
3C24,
3C24,
3C24,
3C24,
3C24,
3C24,
3C24,
3C24,
3C24,
3C24,
3C24,
3C24,
3C24,
3C24,
3C24,
3C24,
3C24,
3C24,
3C24,
3C24,
3C24,
3C24,
3C24,
3C24,
3C24,
3C24,
3C24,
3C23,
3C23,
3C23,
3C23,
3C23,
3C23,
3C23,
3C23,
3423,
3423,
3C23,
3C43,
3C23,
3423,
3423,
3423,
3423,
3423,
3423,
3423,
3423,
3403,
3403,
3C04,
3C04,
4405,
43E5,
3BA5,
3323,
2A41,
29C1,
31E1,
31C1,
29A0,
3180,
2960,
2940,
2920,
2920,
2100,
2100,
20E0,
2900,
3980,
5AA2,
7B64,
93E6,
A468,
ACA8,
A488,
A487,
A488,
A487,
A487,
AC87,
AC87,
AC87,
AC87,
AC87,
AC87,
AC87,
AC88,
ACA8,
ACA8,
ACA8,
ACA8,
ACA8,
ACA8,
ACA8,
ACA8,
A4A7,
A4C8,
A4CA,
8BC8,
5A63,
3940,
49C0,
8BC5,
BD07,
CD47,
D586,
DDC3,
DDE2,
DDE3,
DDC3,
CDC4,
CE26,
A546,
5B82,
2260,
2280,
3BA3,
3C04,
33E3,
33E3,
33E3,
33E2,
33E3,
3403,
3403,
3423,
3423,
3423,
3423,
3423,
3423,
3423,
3423,
3423,
3423,
3C24,
3C24,
3423,
3423,
3423,
3423,
3423,
3423,
3423,
3423,
3423,
3423,
3423,
3423,
3423,
3423,
3423,
3424,
3424,
3424,
3424,
3444,
3444,
3444,
3444,
3444,
3444,
3444,
3444,
3444,
3444,
3444,
3444,
3444,
3444,
3444,
3444,
3444,
3444,
3444,
3444,
3444,
3444,
3444,
3444,
3444,
3444,
3444,
3444,
3444,
3444,
3444,
3444,
3444,
3444,
3444,
3444,
3444,
3444,
3444,
3444,
3444,
3444,
3444,
3444,
3444,
3444,
3444,
3444,
3444,
3444,
3444,
3444,
3444,
3444,
3444,
3444,
3444,
3444,
3444,
3444,
3444,
3444,
3444,
3444,
3443,
3443,
3443,
3443,
3444,
3444,
3444,
3444,
3444,
3444,
3444,
3C24,
3C24,
3C24,
3C24,
3C24,
3C24,
3C24,
3C24,
3C24,
3C24,
3C24,
3C24,
3C24,
3C24,
3C24,
3C43,
3C43,
3C43,
3C43,
3C43,
3C43,
3C43,
3C43,
3C43,
3C43,
3C43,
3C43,
3C43,
3C44,
3C44,
3C44,
3C44,
3C44,
3C24,
3C24,
3C24,
3C24,
3C24,
3C24,
3C24,
3C24,
3C24,
3C23,
3C23,
3C23,
3C23,
3C23,
3C23,
3C23,
3C23,
3C24,
3C24,
3C24,
3C24,
3C24,
3C24,
3C24,
3C24,
3C24,
3C24,
3C24,
3C24,
3C24,
3C24,
3C24,
3C24,
3C24,
3C24,
3C24,
3C24,
3C24,
3C24,
3C24,
3C24,
3C24,
3C24,
3C24,
3C24,
3C24,
3C24,
3C24,
3C24,
3C24,
3C24,
3C24,
3C24,
3C24,
3C24,
3C24,
3C24,
3C24,
3C24,
3C24,
3C24,
3C23,
3C23,
3C23,
3C23,
3C23,
3C23,
3C23,
3C23,
3423,
3423,
3C23,
3C43,
3C23,
3423,
3423,
3423,
3423,
3423,
3423,
3403,
3423,
3423,
3423,
3C24,
3C24,
33A3,
2B22,
22E1,
1240,
0160,
00E0,
00C0,
0900,
1980,
29E0,
3201,
3221,
3221,
3A21,
3A21,
3201,
2180,
18E0,
18C0,
20C0,
4180,
6281,
83A5,
9C47,
9C66,
A467,
A467,
A487,
A487,
AC87,
AC87,
AC87,
AC87,
AC87,
AC87,
AC87,
AC88,
ACA8,
ACA8,
ACA8,
ACA8,
ACA7,
ACA7,
A4A7,
A4A7,
A4A8,
A4A8,
8BE7,
5243,
3140,
41A0,
6B02,
A4A7,
C547,
D565,
D5A4,
D5C2,
DDE2,
DDE2,
DDE2,
CDE3,
CE26,
B5A6,
7C63,
3AE0,
2280,
2B42,
33C3,
33E3,
33E3,
33E3,
33E3,
3403,
3403,
3403,
3423,
3423,
3423,
3423,
3423,
3423,
3423,
3423,
3423,
3423,
3423,
3443,
3444,
3443,
3443,
3443,
3443,
3443,
3443,
3443,
3443,
3443,
3443,
3423,
3423,
3423,
3423,
3424,
3424,
3424,
3424,
3444,
3444,
3444,
3444,
3444,
3444,
3444,
3444,
3444,
3444,
3444,
3444,
3444,
3444,
3444,
3444,
3444,
3444,
3444,
3444,
3444,
3444,
3444,
3444,
3444,
3444,
3444,
3444,
3444,
3444,
3444,
3444,
3444,
3444,
3444,
3444,
3444,
3444,
3444,
3444,
3444,
3444,
3444,
3444,
3444,
3444,
3444,
3444,
3444,
3444,
3444,
3444,
3444,
3444,
3444,
3444,
3444,
3444,
3444,
3444,
3444,
3444,
3444,
3444,
3444,
3444,
3444,
3444,
3444,
3444,
3444,
3444,
3444,
3444,
3444,
3C24,
3C24,
3C24,
3C24,
3C24,
3C24,
3C24,
3C24,
3C24,
3C24,
3C24,
3C24,
3C24,
3C24,
3C24,
3C43,
3C43,
3C43,
3C43,
3C43,
3C43,
3C43,
3C43,
3C43,
3C43,
3C43,
3C43,
3C43,
3C43,
3C43,
3C43,
3C44,
3C44,
3C24,
3C24,
3C24,
3C24,
3C24,
3C24,
3C24,
3C43,
3C43,
3C23,
3C23,
3C23,
3C23,
3C23,
3C23,
3C23,
3C23,
3C24,
3C24,
3C24,
3C24,
3C24,
3C24,
3C24,
3C24,
3C24,
3C24,
3C24,
3C24,
3C24,
3C24,
3C24,
3C24,
3C24,
3C24,
3C24,
3C24,
3C24,
3C24,
3C24,
3C24,
3C24,
3C24,
3C24,
3C24,
3C24,
3C24,
3C24,
3C24,
3C24,
3C24,
3C24,
3C24,
3C24,
3C24,
3C24,
3C24,
3C24,
3C24,
3C24,
3C24,
3C23,
3C23,
3C23,
3C23,
3C23,
3C23,
3C23,
3C23,
3423,
3423,
3C23,
3C23,
3C23,
3423,
3423,
3423,
3423,
3423,
3423,
3403,
3423,
3423,
3403,
33E3,
2BA2,
1B00,
1260,
0200,
01A0,
0180,
0960,
1180,
2222,
32A3,
4324,
4B64,
4B44,
4B44,
5365,
5365,
5365,
4324,
3A82,
39E1,
3120,
20C0,
3120,
4A00,
7323,
9405,
9C46,
A467,
A487,
A487,
AC87,
AC87,
AC87,
AC87,
AC87,
AC87,
AC87,
AC88,
AC88,
ACA8,
ACA8,
ACA8,
A4A7,
A487,
A4A8,
A4C8,
A4AA,
83C8,
5222,
3100,
3920,
6AC3,
9C87,
BD48,
CD87,
D584,
D583,
D5C2,
DDC2,
DDE3,
DE03,
DE46,
D668,
C649,
9D67,
5BE3,
32E1,
22C0,
2341,
33A3,
33E3,
33E3,
3403,
3403,
3403,
3403,
3423,
3423,
3423,
3423,
3423,
3423,
3423,
3423,
3423,
3423,
3423,
3443,
3443,
3443,
3443,
3443,
3443,
3443,
3443,
3443,
3443,
3443,
3443,
3443,
3443,
3423,
3423,
3424,
3424,
3424,
3424,
3444,
3444,
3444,
3444,
3444,
3444,
3444,
3444,
3444,
3444,
3444,
3444,
3444,
3444,
3444,
3444,
3444,
3444,
3444,
3444,
3444,
3444,
3444,
3444,
3444,
3444,
3444,
3444,
3444,
3444,
3444,
3444,
3444,
3444,
3444,
3444,
3444,
3444,
3444,
3444,
3444,
3444,
3444,
3444,
3444,
3444,
3444,
3444,
3444,
3444,
3444,
3444,
3444,
3444,
3444,
3444,
3444,
3444,
3444,
3444,
3444,
3444,
3444,
3444,
3444,
3444,
3444,
3444,
3444,
3444,
3444,
3444,
3444,
3444,
3444,
3C24,
3C24,
3C24,
3C24,
3C24,
3C24,
3C24,
3C24,
3C24,
3C24,
3C24,
3C24,
3C24,
3C24,
3C24,
3C43,
3C43,
3C43,
3C43,
3C43,
3C43,
3C43,
3C43,
3C43,
3C43,
3C43,
3C43,
3C43,
3C43,
3C43,
3C43,
3C44,
3C44,
3C24,
3C24,
3C24,
3C24,
3C24,
3C24,
3C24,
3C24,
3C24,
3C23,
3C23,
3C23,
3C23,
3C23,
3C23,
3C23,
3C23,
3C24,
3C24,
3C24,
3C24,
3C24,
3C24,
3C24,
3C24,
3C24,
3C24,
3C24,
3C24,
3C24,
3C24,
3C24,
3C24,
3C24,
3C24,
3C24,
3C24,
3C24,
3C24,
3C24,
3C24,
3C24,
3C24,
3C24,
3C24,
3C24,
3C24,
3C24,
3C24,
3C24,
3C24,
3C24,
3C24,
3C24,
3C24,
3C24,
3C24,
3C24,
3C24,
3C24,
3C24,
3C23,
3C23,
3C23,
3C23,
3C23,
3C23,
3C23,
3C23,
3423,
3423,
3C23,
3C23,
3C23,
3423,
3423,
3423,
3423,
3423,
3403,
3423,
3423,
3403,
2BC2,
2361,
12E0,
0AA0,
1280,
1260,
1280,
22C2,
2AE3,
3304,
3B45,
4365,
4BA6,
4BA5,
4BA5,
4BA5,
4B85,
4BA5,
4BA6,
4BA6,
4B66,
5345,
4A84,
2960,
18C0,
2920,
5A61,
83A5,
9C47,
A468,
A488,
AC87,
AC87,
AC87,
AC87,
AC87,
AC87,
AC88,
AC87,
AC87,
AC87,
AC87,
AC87,
A487,
A488,
A488,
A489,
9C89,
83C8,
5224,
20A0,
28E0,
6282,
9C27,
B508,
C567,
CD85,
D584,
DDA3,
D5A3,
D5A3,
CD83,
CD63,
C585,
BDA7,
B588,
94E7,
63E4,
3301,
1260,
12A0,
2341,
33C3,
3403,
3403,
3403,
3403,
3403,
3423,
3423,
3423,
3423,
3423,
3423,
3423,
3423,
3423,
3423,
3423,
3443,
3443,
3443,
3443,
3443,
3443,
3443,
3443,
3443,
3444,
3443,
3443,
3443,
3443,
3423,
3423,
3424,
3424,
3424,
3424,
3444,
3444,
3444,
3444,
3444,
3444,
3444,
3444,
3444,
3444,
3444,
3444,
3444,
3444,
3444,
3444,
3444,
3444,
3444,
3444,
3444,
3444,
3444,
3444,
3444,
3444,
3444,
3444,
3444,
3444,
3444,
3444,
3444,
3444,
3444,
3444,
3444,
3444,
3444,
3444,
3444,
3444,
3444,
3444,
3444,
3444,
3444,
3444,
3444,
3444,
3444,
3444,
3444,
3444,
3444,
3444,
3444,
3444,
3444,
3444,
3444,
3444,
3444,
3444,
3444,
3444,
3444,
3444,
3444,
3444,
3444,
3444,
3444,
3444,
3444,
3C24,
3C24,
3C24,
3C24,
3C24,
3C24,
3C24,
3C24,
3C24,
3C24,
3C24,
3C24,
3C24,
3C24,
3C24,
3C43,
3C43,
3C43,
3C43,
3C43,
3C43,
3C43,
3C43,
3C43,
3C43,
3C43,
3C43,
3C43,
3C43,
3C43,
3C44,
3C44,
3C44,
3C24,
3C24,
3C24,
3C24,
3C24,
3C24,
3C24,
3C24,
3C24,
3C23,
3C23,
3C23,
3C23,
3C23,
3C23,
3C23,
3C23,
3C24,
3C24,
3C24,
3C24,
3C24,
3C24,
3C24,
3C24,
3C24,
3C24,
3C24,
3C24,
3C24,
3C24,
3C24,
3C24,
3C24,
3C24,
3C24,
3C24,
3C24,
3C24,
3C24,
3C24,
3C24,
3C24,
3C24,
3C24,
3C24,
3C24,
3C24,
3C24,
3C24,
3C24,
3C24,
3C24,
3C24,
3C24,
3C24,
3C24,
3C24,
3C24,
3C24,
3C24,
3C23,
3C23,
3C23,
3C23,
3C23,
3C23,
3C23,
3C23,
3423,
3423,
3C23,
3C43,
3C23,
3423,
3423,
3423,
3423,
3423,
3423,
3423,
3423,
3403,
23A1,
1B00,
12E0,
1AE0,
2301,
2B21,
3362,
3B84,
3BA5,
43C6,
43C5,
43A5,
43A5,
43A4,
43A4,
43A4,
43A4,
3BC4,
3BC4,
43A5,
4385,
4B86,
5366,
3A63,
2140,
20E0,
49E1,
8385,
9C47,
A488,
A488,
A488,
A487,
A487,
A487,
A487,
A488,
A488,
A488,
A487,
A487,
A4A7,
A4A7,
A487,
AC89,
ACAA,
9409,
6AE5,
49C1,
30E0,
28C0,
5201,
93E6,
B4C7,
BCE6,
C584,
D5C5,
DDC5,
D584,
C524,
AC81,
9C00,
93A1,
8B81,
7B81,
7382,
6343,
4B43,
32E1,
1260,
0A60,
12C0,
2361,
33E3,
3403,
3403,
3403,
3403,
3423,
3423,
3423,
3423,
3423,
3423,
3423,
3423,
3423,
3423,
3443,
3443,
3423,
3423,
3423,
3443,
3423,
3443,
3443,
3443,
3443,
3443,
3443,
3423,
3423,
3423,
3424,
3424,
3424,
3424,
3424,
3444,
3444,
3444,
3444,
3444,
3444,
3444,
3444,
3444,
3444,
3444,
3444,
3444,
3444,
3444,
3444,
3444,
3444,
3444,
3444,
3444,
3444,
3444,
3444,
3444,
3444,
3444,
3444,
3444,
3444,
3444,
3444,
3444,
3444,
3444,
3444,
3444,
3444,
3444,
3444,
3444,
3444,
3444,
3444,
3444,
3C44,
3C44,
3C44,
3C44,
3C44,
3C44,
3C44,
3444,
3444,
3444,
3444,
3444,
3444,
3444,
3444,
3444,
3444,
3444,
3444,
3444,
3444,
3444,
3444,
3444,
3444,
3444,
3444,
3444,
3444,
3444,
3C24,
3C24,
3C24,
3C24,
3C24,
3C24,
3C24,
3C24,
3C24,
3C24,
3C24,
3C24,
3C24,
3C24,
3C24,
3C43,
3C43,
3C43,
3C43,
3C43,
3C43,
3C43,
3C43,
3C43,
3C43,
3C43,
3C43,
3C43,
3C43,
3C43,
3C44,
3C44,
3C44,
3C24,
3C24,
3C24,
3C24,
3C24,
3C24,
3C24,
3C24,
3C24,
3C23,
3C23,
3C23,
3C23,
3C23,
3C23,
3C23,
3C23,
3C24,
3C24,
3C24,
3C24,
3C24,
3C24,
3C24,
3C24,
3C24,
3C24,
3C24,
3C24,
3C24,
3C24,
3C24,
3C24,
3C24,
3C24,
3C24,
3C24,
3C24,
3C24,
3C24,
3C24,
3C24,
3C24,
3C24,
3C24,
3C24,
3C24,
3C24,
3C24,
3C24,
3C24,
3C24,
3C24,
3C24,
3C24,
3C24,
3C24,
3C24,
3C24,
3C24,
3C24,
3C23,
3C23,
3C23,
3C23,
3C23,
3C23,
3C23,
3C23,
3423,
3423,
3C23,
3C43,
3C23,
3423,
3423,
3423,
3403,
3403,
3423,
3423,
3423,
3403,
2BA1,
2361,
2B81,
2B82,
3383,
3383,
3BC4,
3BC4,
3BE4,
3BE4,
3BE4,
3BE4,
3BE3,
3BE3,
3BE3,
3BE3,
3BE3,
3BE3,
3BE3,
3BA4,
3B85,
4B86,
5366,
3AA3,
2180,
20E0,
49C1,
8386,
9C48,
A468,
A488,
A488,
A487,
A487,
A487,
A487,
A487,
A487,
A487,
A467,
A467,
A467,
ACA8,
ACAA,
AC8B,
93E9,
6244,
3100,
2080,
3920,
6282,
8BC6,
ACC7,
BD25,
C525,
CD85,
CD84,
C503,
AC62,
93A1,
72E0,
6260,
5A40,
5220,
4A40,
4A80,
42A1,
4303,
3B02,
1AA0,
0AA0,
0AC0,
1B20,
2BA2,
33E3,
3403,
3403,
3423,
3423,
3423,
3423,
3423,
3423,
3423,
3423,
3423,
3423,
3423,
3423,
3423,
3423,
3423,
3423,
3423,
3423,
3443,
3424,
3424,
3423,
3423,
3423,
3423,
3423,
3423,
3424,
3424,
3424,
3424,
3424,
3444,
3444,
3444,
3444,
3444,
3444,
3444,
3444,
3444,
3444,
3444,
3444,
3444,
3444,
3444,
3444,
3444,
3444,
3444,
3444,
3444,
3444,
3444,
3444,
3444,
3444,
3444,
3444,
3444,
3444,
3444,
3444,
3444,
3444,
3444,
3444,
3444,
3444,
3444,
3444,
3444,
3444,
3444,
3444,
3444,
3C44,
3C44,
3C44,
3C44,
3C44,
3C44,
3C44,
3444,
3444,
3444,
3444,
3444,
3444,
3444,
3444,
3444,
3444,
3444,
3444,
3444,
3444,
3444,
3444,
3444,
3444,
3444,
3444,
3444,
3444,
3444,
3C24,
3C24,
3C24,
3C24,
3C24,
3C24,
3C24,
3C24,
3C24,
3C24,
3C24,
3C24,
3C24,
3C24,
3C24,
3C43,
3C43,
3C43,
3C43,
3C43,
3C43,
3C43,
3C43,
3C43,
3C43,
3C43,
3C43,
3C43,
3C43,
3C43,
3C44,
3C44,
3C44,
3C24,
3C24,
3C24,
3C24,
3C24,
3C24,
3C24,
3C24,
3C24,
3C23,
3C23,
3C23,
3C23,
3C23,
3C23,
3C24,
3C24,
3C24,
3C23,
3C24,
3C24,
3C24,
3C24,
3C24,
3C24,
3C24,
3C24,
3C24,
3C24,
3C24,
3C24,
3C24,
3C24,
3C24,
3C24,
3C24,
3C24,
3C24,
3C24,
3C24,
3C24,
3C24,
3C24,
3C24,
3C24,
3C24,
3C24,
3C24,
3C24,
3C24,
3C24,
3C24,
3C24,
3C24,
3C24,
3C24,
3C24,
3C24,
3C24,
3C24,
3C24,
3C23,
3C23,
3C23,
3C23,
3C23,
3C23,
3C23,
3C23,
3423,
3423,
3C23,
3C23,
3C23,
3423,
3423,
3423,
3423,
3423,
3423,
3423,
3423,
3403,
2BE2,
33E3,
3403,
33E3,
3BE4,
3BE4,
3BE4,
33E4,
33E4,
3403,
3403,
3403,
3403,
3403,
3403,
3403,
3403,
3403,
3BE4,
3BA4,
4385,
4B86,
4B25,
3242,
2140,
2920,
5A43,
8BC7,
9C48,
A468,
A488,
A487,
A487,
A467,
A467,
A487,
A487,
A488,
A488,
A469,
A469,
A449,
B4AB,
A46A,
7B26,
51E2,
28A0,
2040,
4140,
6AC4,
9407,
BD08,
CD68,
CD65,
C564,
C504,
9C01,
7300,
6AE0,
5A60,
4A00,
4A00,
4A20,
4220,
4260,
42C1,
4302,
3B23,
3B23,
2B22,
1B21,
1B41,
2361,
2BC2,
33E3,
3403,
3403,
3403,
3423,
3423,
3423,
3423,
3423,
3423,
3423,
3423,
3423,
3423,
3423,
3423,
3423,
3423,
3423,
3423,
3423,
3443,
3423,
3423,
3423,
3423,
3423,
3423,
3423,
3424,
3424,
3424,
3424,
3424,
3424,
3444,
3444,
3444,
3444,
3444,
3444,
3444,
3444,
3444,
3444,
3444,
3444,
3444,
3444,
3444,
3444,
3444,
3444,
3444,
3444,
3444,
3444,
3444,
3444,
3444,
3444,
3444,
3444,
3444,
3444,
3444,
3444,
3444,
3444,
3444,
3444,
3444,
3444,
3444,
3444,
3444,
3444,
3444,
3444,
3444,
3C44,
3C44,
3C44,
3C44,
3C44,
3C44,
3C44,
3444,
3444,
3444,
3444,
3444,
3444,
3444,
3444,
3444,
3444,
3444,
3444,
3444,
3444,
3444,
3444,
3444,
3444,
3444,
3444,
3444,
3444,
3444,
3C24,
3C24,
3C24,
3C24,
3C24,
3C24,
3C24,
3C24,
3C24,
3C24,
3C24,
3C24,
3C24,
3C24,
3C24,
3C43,
3C43,
3C43,
3C43,
3C43,
3C43,
3443,
3443,
3443,
3C43,
3C43,
3C43,
3C43,
3C43,
3C43,
3C44,
3C44,
3C44,
3C24,
3C24,
3C24,
3C24,
3C24,
3C24,
3C24,
3C24,
3C24,
3C23,
3C23,
3C23,
3C23,
3C23,
3C24,
3C24,
3C24,
3C24,
3C23,
3C24,
3C24,
3C24,
3C24,
3C24,
3C24,
3C24,
3C24,
3C24,
3C24,
3C24,
3C24,
3C24,
3C24,
3C24,
3C24,
3C24,
3C24,
3C24,
3C24,
3C24,
3C24,
3C24,
3C24,
3C24,
3C24,
3C24,
3C24,
3C24,
3C24,
3C24,
3C24,
3C24,
3C24,
3C24,
3C24,
3C24,
3C24,
3C24,
3C24,
3C24,
3C24,
3C23,
3C23,
3C23,
3C23,
3C23,
3C23,
3C23,
3C23,
3423,
3423,
3C23,
3C23,
3C23,
3423,
3423,
3423,
3423,
3423,
3423,
3423,
3423,
3403,
3403,
3403,
3403,
3403,
3404,
3404,
3403,
3403,
3403,
3403,
3403,
3403,
3403,
3403,
3403,
3403,
3403,
3403,
3BE4,
3BC4,
3B85,
4365,
3AE4,
21C0,
1920,
39A1,
7346,
9429,
9C49,
A468,
A468,
A468,
A468,
A468,
A468,
A468,
A469,
AC89,
AC8A,
AC8B,
A42A,
93A8,
9388,
6243,
30C0,
2040,
30C0,
51E1,
7B24,
A468,
BD08,
C547,
CD86,
C565,
ACE2,
8BC0,
5AA0,
4220,
4260,
4AC1,
52E1,
4AE1,
4AE2,
4B02,
4B23,
4B43,
4383,
43A4,
43A4,
33A3,
2BA3,
2BC3,
2BC3,
2BE3,
3403,
3403,
3403,
3403,
3423,
3423,
3423,
3423,
3423,
3423,
3423,
3423,
3423,
3423,
3423,
3423,
3423,
3423,
3423,
3423,
3423,
3443,
3423,
3423,
3423,
3423,
3424,
3424,
3424,
3424,
3424,
3424,
3424,
3424,
3424,
3444,
3444,
3444,
3444,
3444,
3444,
3444,
3444,
3444,
3444,
3444,
3444,
3444,
3444,
3444,
3444,
3444,
3444,
3444,
3444,
3444,
3444,
3444,
3444,
3444,
3444,
3444,
3444,
3444,
3444,
3444,
3444,
3444,
3444,
3444,
3444,
3444,
3444,
3444,
3444,
3444,
3444,
3444,
3444,
3444,
3C44,
3C44,
3C44,
3C44,
3C44,
3C44,
3C44,
3444,
3444,
3444,
3444,
3444,
3444,
3444,
3444,
3444,
3444,
3444,
3444,
3444,
3444,
3444,
3444,
3444,
3444,
3444,
3444,
3444,
3444,
3444,
3C24,
3C24,
3C24,
3C24,
3C24,
3C24,
3C24,
3C24,
3C24,
3C24,
3C24,
3C24,
3C24,
3C24,
3C24,
3C24,
3C24,
3C44,
3C43,
3C43,
3C43,
3443,
3443,
3443,
3C43,
3C43,
3C43,
3C43,
3C43,
3C43,
3C44,
3C44,
3C44,
3C24,
3C24,
3C24,
3C24,
3C24,
3C24,
3C24,
3C24,
3C24,
3C23,
3C23,
3C23,
3C23,
3C23,
3C23,
3C24,
3C24,
3C24,
3C24,
3C24,
3C24,
3C24,
3C24,
3C24,
3C24,
3C24,
3C24,
3C24,
3C24,
3C24,
3C24,
3C24,
3C24,
3C24,
3C24,
3C24,
3C24,
3C24,
3C24,
3C24,
3C24,
3C24,
3C24,
3C24,
3C24,
3C24,
3C24,
3C24,
3C24,
3C24,
3C24,
3C24,
3C24,
3C24,
3C24,
3C24,
3C24,
3C24,
3C24,
3C24,
3C24,
3C23,
3C23,
3C23,
3C23,
3C23,
3C23,
3C23,
3C23,
3423,
3423,
3C23,
3C23,
3C23,
3423,
3423,
3423,
3423,
3423,
3423,
3423,
3423,
3403,
3403,
3424,
3403,
3403,
3403,
3403,
3403,
3403,
3403,
3403,
3403,
3403,
3403,
3403,
3403,
33E3,
33C3,
3403,
3C04,
3BE4,
3B65,
32E4,
2A01,
1140,
10E0,
4A03,
8388,
8BE9,
8BE8,
9C48,
A489,
A489,
A489,
ACA9,
ACAA,
A48A,
A469,
A469,
9C08,
8346,
6A64,
59C3,
4120,
2860,
2840,
38E0,
6AA1,
9C25,
ACA7,
BD28,
CD88,
CD87,
CD85,
BD63,
8400,
4A60,
3200,
3240,
32A1,
4B43,
4B84,
4363,
4383,
4383,
4383,
4383,
3BC3,
3BC4,
3BE4,
3404,
3404,
33E3,
2BE3,
2BE3,
3403,
3403,
3403,
3403,
3423,
3423,
3423,
3423,
3423,
3423,
3423,
3423,
3423,
3423,
3423,
3423,
3423,
3423,
3423,
3423,
3424,
3424,
3423,
3423,
3C23,
3C23,
3424,
3424,
3424,
3424,
3424,
3424,
3424,
3424,
3424,
3444,
3444,
3444,
3444,
3444,
3444,
3444,
3444,
3444,
3444,
3444,
3444,
3444,
3444,
3444,
3444,
3444,
3444,
3444,
3444,
3444,
3444,
3444,
3444,
3444,
3444,
3444,
3444,
3444,
3444,
3444,
3444,
3444,
3444,
3444,
3444,
3444,
3444,
3444,
3444,
3444,
3444,
3444,
3444,
3444,
3C44,
3C44,
3C44,
3C44,
3C44,
3C44,
3C44,
3444,
3444,
3444,
3444,
3444,
3444,
3444,
3444,
3444,
3444,
3444,
3444,
3444,
3444,
3444,
3444,
3444,
3444,
3444,
3444,
3444,
3444,
3444,
3C24,
3C24,
3C24,
3C24,
3C24,
3C24,
3C24,
3C24,
3C24,
3C24,
3C24,
3C24,
3C24,
3C24,
3C24,
3C24,
3C24,
3C24,
3444,
3444,
3444,
3444,
3444,
3444,
3444,
3444,
3444,
3C43,
3C43,
3C43,
3C24,
3C24,
3C44,
3C44,
3C44,
3C44,
3C44,
3C44,
3C24,
3C24,
3C24,
3C43,
3C43,
3C43,
3C43,
3C43,
3C43,
3C44,
3C44,
3C44,
3C44,
3C44,
3C44,
3C44,
3C44,
3C44,
3C44,
3C44,
3C44,
3C44,
3C44,
3C44,
3C44,
3C44,
3C44,
3C44,
3C44,
3C44,
3C44,
3C44,
3C44,
3C44,
3C44,
3C44,
3C44,
3C44,
3C44,
3C44,
3C44,
3C44,
3C24,
3C24,
3C23,
3C23,
3C23,
3C23,
3C23,
3C23,
3C23,
3C23,
3C23,
3C23,
3C23,
3C23,
3C23,
3C23,
3C23,
3C23,
3C23,
3C23,
3C23,
3C23,
3C23,
3C23,
3C23,
3C23,
3C23,
3423,
3423,
3423,
3423,
3423,
3423,
3423,
3423,
3423,
3423,
3423,
3403,
3403,
3403,
3403,
3403,
3403,
3403,
3403,
3403,
33E3,
33E3,
33E3,
3403,
3C03,
3C04,
3C24,
3BE3,
3363,
2AA2,
19C0,
1100,
10A0,
18A0,
3941,
49E3,
5A24,
6AC5,
8366,
93E7,
9407,
9C28,
A449,
9C29,
93C7,
8386,
7304,
5A21,
4960,
3900,
38C0,
3080,
4140,
6A81,
8B83,
AC87,
B4C7,
B506,
C566,
D5A7,
D5A6,
CDA5,
BD63,
73C0,
3220,
2220,
2281,
3322,
3BA4,
3BA4,
3BA4,
3BA3,
3BA3,
3BA3,
3BA3,
3BC3,
3BE3,
33E4,
33E4,
3404,
3404,
3403,
3403,
3403,
3403,
3403,
3403,
3423,
3423,
3423,
3423,
3423,
3423,
3423,
3423,
3423,
3423,
3423,
3423,
3423,
3423,
3423,
3423,
3423,
3424,
3424,
3424,
3424,
3424,
3424,
3424,
3444,
3444,
3444,
3444,
3444,
3444,
3444,
3444,
3444,
3444,
3444,
3444,
3444,
3444,
3444,
3444,
3444,
3444,
3444,
3444,
3444,
3444,
3444,
3444,
3444,
3444,
3444,
3444,
3444,
3444,
3444,
3444,
3444,
3444,
3444,
3444,
3444,
3444,
3444,
3444,
3444,
3444,
3444,
3444,
3444,
3444,
3444,
3444,
3444,
3444,
3444,
3444,
3444,
3444,
3C44,
3C44,
3C44,
3C44,
3C44,
3444,
3444,
3444,
3444,
3444,
3444,
3444,
3444,
3444,
3444,
3444,
3444,
3444,
3444,
3444,
3444,
3444,
3444,
3444,
3444,
3444,
3444,
3444,
3C24,
3C24,
3C24,
3C24,
3C24,
3C24,
3C24,
3C24,
3C24,
3C24,
3C24,
3C24,
3C24,
3C24,
3C24,
3C24,
3C24,
3C24,
3444,
3444,
3444,
3444,
3444,
3444,
3444,
3444,
3444,
3C24,
3C23,
3C24,
3C24,
3C23,
3C44,
3C44,
3C44,
3C44,
3C44,
3C44,
3C23,
3C43,
3C43,
3C43,
3C43,
3C43,
3C43,
3C43,
3C43,
3C43,
3C44,
3C44,
3C43,
3C44,
3C44,
3C44,
3C44,
3C44,
3C44,
3C44,
3C44,
3C44,
3C44,
3C44,
3C44,
3C44,
3C44,
3C44,
3C44,
3C44,
3C44,
3C44,
3C44,
3C44,
3C44,
3C44,
3C44,
3C44,
3C44,
3C44,
3C44,
3C43,
3C43,
3C43,
3C23,
3C23,
3C23,
3C23,
3C23,
3C23,
3C23,
3C23,
3C23,
3C23,
3C23,
3C23,
3C23,
3C23,
3C23,
3C23,
3C23,
3C23,
3C23,
3C23,
3C23,
3C23,
3C23,
3C23,
3C23,
3423,
3423,
3423,
3423,
3423,
3423,
3423,
3423,
3423,
3423,
3423,
3403,
3403,
3403,
3403,
3403,
3403,
3403,
3403,
3403,
33E3,
2BC3,
33E3,
33E3,
3C04,
4444,
3BE3,
2AE1,
1A00,
19C0,
29A0,
3180,
3120,
2880,
1820,
1000,
1820,
3100,
49A1,
5A42,
6AA3,
6A83,
6243,
5202,
49C1,
4180,
4140,
3920,
4140,
4140,
4980,
72A2,
93A4,
AC86,
C547,
CD68,
BD27,
BD46,
CD85,
D5A5,
D5A5,
D5A5,
BD84,
7BC0,
3240,
2220,
2AA1,
3384,
33C4,
2BC4,
2BC4,
33C3,
33C3,
33C3,
33C3,
33E3,
33E3,
33E3,
3403,
3403,
3403,
3403,
3403,
3403,
3403,
3403,
3403,
3423,
3423,
3423,
3423,
3423,
3423,
3423,
3423,
3423,
3423,
3423,
3423,
3423,
3423,
3423,
3423,
3423,
3424,
3424,
3424,
3424,
3424,
3424,
3424,
3444,
3444,
3444,
3444,
3444,
3444,
3444,
3444,
3444,
3444,
3444,
3444,
3444,
3444,
3444,
3444,
3444,
3444,
3444,
3444,
3444,
3444,
3444,
3444,
3444,
3444,
3444,
3444,
3444,
3444,
3444,
3444,
3444,
3444,
3444,
3444,
3444,
3444,
3444,
3444,
3444,
3444,
3444,
3444,
3444,
3444,
3444,
3444,
3444,
3444,
3444,
3444,
3444,
3444,
3C44,
3C44,
3C44,
3C44,
3C44,
3444,
3444,
3444,
3444,
3444,
3444,
3444,
3444,
3444,
3444,
3444,
3444,
3444,
3444,
3444,
3444,
3444,
3444,
3444,
3444,
3444,
3444,
3444,
3C24,
3C24,
3C24,
3C24,
3C24,
3C24,
3C24,
3C24,
3C24,
3C24,
3C24,
3C24,
3C24,
3C24,
3C24,
3444,
3444,
3444,
3444,
3444,
3444,
3444,
3444,
3444,
3444,
3444,
3444,
3C24,
3C24,
3C24,
3C24,
3C24,
3C44,
3C44,
3C44,
3C44,
3C44,
3C43,
3C43,
3C43,
3C43,
3C43,
3C43,
3C43,
3C43,
3C43,
3C43,
3C43,
3C43,
3C43,
3C43,
3C44,
3C44,
3C44,
3C44,
3C44,
3C44,
3C44,
3C44,
3C44,
3C44,
3C44,
3C44,
3C44,
3C44,
3C44,
3C44,
3C44,
3C44,
3C44,
3C44,
3C44,
3C44,
3C44,
3C44,
3C44,
3C44,
3C43,
3C43,
3C43,
3C43,
3C43,
3C23,
3C23,
3C23,
3C23,
3C23,
3C23,
3C23,
3C23,
3C23,
3C23,
3C23,
3C23,
3C23,
3C23,
3C23,
3C23,
3C23,
3C23,
3C23,
3C23,
3C23,
3C23,
3C23,
3C23,
3C23,
3423,
3423,
3423,
3423,
3423,
3423,
3423,
3423,
3423,
3423,
3423,
3403,
3403,
3403,
3403,
3403,
3403,
3423,
3423,
3403,
3403,
33E3,
33E3,
33E4,
33C4,
33A3,
2B02,
09A0,
0940,
3200,
6325,
83C7,
8387,
6AA4,
4981,
38C0,
2860,
1860,
1860,
28C0,
30E0,
28C0,
28E0,
3100,
3960,
4980,
49A0,
6261,
8323,
8B83,
9C05,
B4C8,
C508,
C526,
CD86,
D5A6,
D5A6,
D5C6,
DDC5,
DDC4,
DDC4,
D5C5,
BDA5,
7BE0,
3220,
2220,
3323,
33A4,
2BC4,
2BC3,
2BE3,
2BE3,
33E2,
33E2,
33E2,
33E3,
2C03,
2C03,
3403,
3403,
3403,
3403,
3403,
3403,
3403,
3403,
3403,
3423,
3423,
3423,
3423,
3423,
3423,
3423,
3423,
3423,
3423,
3423,
3423,
3423,
3423,
3423,
3423,
3423,
3424,
3424,
3424,
3424,
3424,
3424,
3424,
3444,
3444,
3444,
3444,
3444,
3444,
3444,
3444,
3444,
3444,
3444,
3444,
3444,
3444,
3444,
3444,
3444,
3444,
3444,
3444,
3444,
3444,
3444,
3444,
3444,
3444,
3444,
3444,
3444,
3444,
3444,
3444,
3444,
3444,
3444,
3444,
3444,
3444,
3444,
3444,
3444,
3444,
3444,
3444,
3444,
3444,
3444,
3444,
3444,
3444,
3444,
3444,
3444,
3444,
3C44,
3C44,
3C44,
3C44,
3C44,
3C44,
3444,
3444,
3444,
3444,
3444,
3444,
3444,
3444,
3444,
3444,
3444,
3444,
3444,
3444,
3444,
3444,
3444,
3444,
3444,
3444,
3444,
3444,
3C24,
3C24,
3C24,
3C24,
3C24,
3C24,
3C24,
3C24,
3C24,
3C24,
3C24,
3C24,
3C24,
3C24,
3C44,
3444,
3444,
3444,
3444,
3444,
3444,
3444,
3444,
3444,
3444,
3444,
3444,
3C24,
3C24,
3C24,
3C24,
3C24,
3C43,
3C43,
3C43,
3C43,
3C43,
3C43,
3C43,
3C43,
3C43,
3C43,
3C43,
3C43,
3C43,
3C43,
3C43,
3C43,
3C43,
3C43,
3C43,
3C43,
3C43,
3C43,
3C43,
3C43,
3C43,
3C43,
3C43,
3C43,
3C43,
3C43,
3C43,
3C43,
3C43,
3C43,
3C43,
3C43,
3C43,
3C43,
3C43,
3C43,
3C43,
3C43,
3C43,
3C43,
3C43,
3C43,
3C43,
3C43,
3C43,
3C43,
3C23,
3C23,
3C23,
3C23,
3C23,
3C23,
3C23,
3C23,
3C23,
3C23,
3C23,
3C23,
3C23,
3C23,
3C23,
3C23,
3C23,
3C23,
3C23,
3C23,
3C23,
3C23,
3C23,
3C23,
3C23,
3423,
3423,
3423,
3423,
3423,
3423,
3423,
3423,
3423,
3423,
3423,
3403,
3403,
3403,
3403,
3403,
3403,
2BE2,
2BA2,
2BA2,
2BA3,
2B83,
2323,
2302,
1AC2,
1220,
11A0,
1180,
3A62,
73C7,
A48A,
B4EA,
BD2A,
B4E9,
A446,
9BA6,
8326,
6284,
51E2,
4160,
3940,
4180,
5A21,
72C2,
8344,
9C07,
A406,
A446,
BCE7,
CD68,
D5C9,
D588,
D587,
DD85,
DDA4,
DDC4,
DDC5,
DDC5,
DDC5,
DDE4,
DDE5,
D5E6,
BDA5,
73E0,
2A20,
2220,
3323,
3384,
2BC4,
2BE3,
2BC3,
33C2,
33E2,
33C2,
33C2,
33E3,
3403,
3403,
3403,
3403,
3403,
3403,
3403,
3403,
3403,
3403,
3403,
3423,
3423,
3423,
3423,
3423,
3423,
3423,
3423,
3423,
3423,
3423,
3423,
3423,
3423,
3423,
3423,
3423,
3424,
3424,
3424,
3424,
3424,
3424,
3424,
3444,
3444,
3444,
3444,
3444,
3444,
3444,
3444,
3444,
3444,
3444,
3444,
3444,
3444,
3444,
3444,
3444,
3444,
3444,
3444,
3444,
3444,
3444,
3444,
3444,
3444,
3444,
3444,
3444,
3444,
3444,
3444,
3444,
3444,
3444,
3444,
3444,
3444,
3444,
3444,
3444,
3444,
3444,
3444,
3444,
3444,
3444,
3444,
3444,
3444,
3444,
3444,
3444,
3444,
3C44,
3C44,
3C44,
3C44,
3C44,
3C44,
3C44,
3C44,
3444,
3444,
3444,
3444,
3C44,
3C24,
3444,
3444,
3444,
3444,
3444,
3444,
3444,
3444,
3444,
3444,
3444,
3444,
3444,
3444,
3C24,
3C24,
3C24,
3C24,
3C24,
3C24,
3C24,
3C24,
3C24,
3C24,
3C24,
3C24,
3C24,
3C24,
3C44,
3444,
3424,
3444,
3444,
3444,
3444,
3444,
3444,
3444,
3444,
3444,
3444,
3C24,
3C24,
3C24,
3C24,
3C24,
3C43,
3C43,
3C43,
3C43,
3C43,
3C43,
3C43,
3C43,
3C43,
3C43,
3C43,
3C43,
3C43,
3C43,
3C43,
3C43,
3C43,
3C43,
3C43,
3C43,
3C43,
3C43,
3C43,
3C43,
3C43,
3C43,
3C43,
3C43,
3C43,
3C43,
3C43,
3C43,
3C43,
3C43,
3C43,
3C43,
3C43,
3C43,
3C43,
3C43,
3C43,
3C43,
3C43,
3C43,
3C43,
3C43,
3C43,
3C43,
3C43,
3C43,
3C23,
3C23,
3C23,
3C23,
3C23,
3C23,
3C23,
3C23,
3C23,
3C23,
3C23,
3C23,
3C23,
3C23,
3C23,
3C23,
3C23,
3C23,
3C23,
3C23,
3C23,
3C23,
3C23,
3C23,
3C23,
3C23,
3423,
3423,
3423,
3423,
3423,
3423,
3423,
3423,
3423,
3423,
3403,
3403,
3403,
3403,
3403,
2BA2,
1B20,
0AC0,
0A80,
0240,
01E0,
01C0,
0180,
0160,
0140,
0940,
3201,
5B05,
7B86,
93E5,
AC85,
C527,
D568,
CD69,
C529,
C54B,
C54B,
BD0A,
B4A8,
A447,
B4A8,
C529,
CD4A,
D56A,
DDAB,
DDCA,
D5C9,
D5C7,
D5C6,
DDC6,
DDC6,
DDC5,
DDC3,
DDC3,
DDC3,
DDC3,
DDC3,
DDC3,
DDC3,
DDE4,
D5E6,
C5C7,
9D05,
4B21,
19E0,
1240,
1AE1,
2362,
33E3,
33E3,
33C2,
33E2,
33E2,
33C2,
33E3,
3403,
3403,
3403,
3403,
3403,
3403,
3403,
3403,
3403,
3403,
3403,
3423,
3423,
3423,
3423,
3423,
3423,
3423,
3423,
3423,
3423,
3423,
3423,
3423,
3423,
3423,
3423,
3423,
3424,
3424,
3424,
3424,
3424,
3424,
3424,
3444,
3444,
3444,
3444,
3444,
3444,
3444,
3444,
3444,
3444,
3444,
3444,
3444,
3444,
3444,
3444,
3444,
3444,
3444,
3444,
3444,
3444,
3444,
3444,
3444,
3444,
3444,
3444,
3444,
3444,
3444,
3444,
3444,
3444,
3444,
3444,
3444,
3444,
3444,
3444,
3444,
3444,
3444,
3444,
3444,
3444,
3444,
3444,
3444,
3444,
3444,
3444,
3444,
3444,
3C44,
3C44,
3C44,
3C44,
3C44,
3C44,
3C44,
3C44,
3444,
3444,
3444,
3444,
3C44,
3C24,
3444,
3444,
3444,
3444,
3444,
3444,
3444,
3444,
3444,
3444,
3444,
3444,
3444,
3444,
3C24,
3C24,
3C24,
3C24,
3C24,
3C24,
3C24,
3C24,
3C24,
3C24,
3C24,
3C24,
3C24,
3C24,
3C24,
3C24,
3424,
3423,
3424,
3424,
3424,
3424,
3424,
3444,
3444,
3444,
3444,
3C24,
3C24,
3C24,
3C24,
3C24,
3C43,
3C43,
3C43,
3C43,
3C43,
3C43,
3C43,
3C43,
3C43,
3C43,
3C43,
3C43,
3C43,
3C43,
3C43,
3C43,
3C43,
3C43,
3C43,
3C43,
3C43,
3C43,
3C43,
3C43,
3C43,
3C43,
3C43,
3C43,
3C43,
3C43,
3C43,
3C43,
3C43,
3C43,
3C43,
3C43,
3C43,
3C43,
3C43,
3C43,
3C43,
3C43,
3C43,
3C43,
3C43,
3C43,
3C43,
3C43,
3C43,
3C43,
3C23,
3C23,
3C23,
3C23,
3C23,
3C23,
3C23,
3C23,
3C23,
3C23,
3C23,
3C23,
3C23,
3C23,
3C23,
3C23,
3C23,
3C23,
3C23,
3C23,
3C23,
3C23,
3C23,
3C23,
3C23,
3423,
3423,
3423,
3423,
3423,
3423,
3423,
3423,
3423,
3403,
3403,
3403,
3403,
3403,
3403,
3403,
2381,
0AC0,
0240,
01C0,
0180,
01A0,
01A0,
01A0,
01A0,
09C0,
2201,
3A42,
3A21,
3140,
5200,
8340,
AC42,
C4E5,
CD46,
CD67,
D5A8,
DDCA,
DDEA,
DDEA,
DDCA,
E5EA,
E5EA,
E5E9,
E5C9,
E5A8,
E5C7,
DDE7,
DDC5,
DDC5,
DDC5,
DDC4,
DDC3,
DDE3,
DDC3,
DDC3,
DDC3,
DDC3,
DDC2,
E5C3,
DDC4,
D5E5,
CE07,
BDE9,
84C7,
3AE1,
1200,
0220,
12E0,
2382,
33E3,
33E3,
33E3,
33E3,
33E2,
33E3,
33E3,
2C03,
2C03,
33E3,
33E3,
33E3,
33E3,
3403,
3403,
3423,
3423,
3423,
3423,
3423,
3423,
3423,
3423,
3423,
3423,
3423,
3423,
3423,
3423,
3423,
3423,
3423,
3423,
3423,
3423,
3423,
3424,
3424,
3424,
3444,
3444,
3444,
3444,
3444,
3444,
3444,
3444,
3444,
3444,
3444,
3444,
3444,
3444,
3444,
3444,
3444,
3444,
3444,
3444,
3444,
3444,
3444,
3444,
3444,
3444,
3444,
3444,
3444,
3444,
3444,
3444,
3444,
3444,
3444,
3444,
3444,
3444,
3444,
3444,
3444,
3444,
3444,
3444,
3444,
3444,
3444,
3444,
3444,
3444,
3444,
3444,
3444,
3444,
3444,
3444,
3444,
3444,
3444,
3444,
3444,
3444,
3444,
3444,
3444,
3444,
3444,
3444,
3C24,
3C24,
3444,
3444,
3444,
3444,
3444,
3444,
3444,
3444,
3444,
3444,
3444,
3444,
3444,
3444,
3C24,
3C24,
3C24,
3C24,
3C24,
3C24,
3C24,
3C24,
3C24,
3C24,
3C24,
3C24,
3C24,
3C24,
3C24,
3C24,
3C24,
3424,
3424,
3424,
3424,
3424,
3424,
3444,
3444,
3444,
3444,
3C24,
3C24,
3C24,
3C24,
3C24,
3C43,
3C43,
3C43,
3C43,
3C43,
3C43,
3C43,
3C43,
3C43,
3C43,
3C43,
3C43,
3C43,
3C43,
3C43,
3C43,
3C43,
3C43,
3C43,
3C43,
3C43,
3C43,
3C43,
3C43,
3C43,
3C43,
3C43,
3C43,
3C43,
3C43,
3C43,
3C43,
3C43,
3C43,
3C43,
3C43,
3C43,
3C43,
3C43,
3C43,
3C43,
3C43,
3C43,
3C43,
3C43,
3C43,
3C43,
3C43,
3C43,
3C43,
3C23,
3C23,
3C23,
3C23,
3C23,
3C23,
3C23,
3C23,
3C23,
3C23,
3C23,
3C23,
3C23,
3C23,
3C23,
3C23,
3C23,
3C23,
3C23,
3C23,
3C23,
3C23,
3C23,
3C23,
3C23,
3423,
3423,
3423,
3423,
3423,
3423,
3423,
3423,
3423,
3403,
3403,
3403,
3403,
3403,
3403,
3403,
2BA2,
1B20,
12E0,
12C1,
1AC1,
22E2,
22E3,
2303,
2B04,
3304,
3AA3,
3A62,
3200,
2920,
30E0,
59C0,
9360,
BC82,
CD23,
D564,
DD85,
DDA6,
DD85,
DD85,
DD86,
DD86,
DDA5,
DDA5,
DDA5,
DDA5,
E5A4,
E5C4,
E5C4,
E5C4,
E5C4,
E5C3,
E5C3,
E5C3,
E5C3,
E5C3,
E5C3,
E5C3,
E5C3,
E5C3,
DDC3,
D5E4,
CE06,
C628,
B60B,
7CA7,
3B02,
1A40,
0A40,
0AA0,
2342,
2382,
2BC2,
2BC2,
33E2,
33E3,
33E3,
2C03,
2BE3,
33E3,
33E3,
33E3,
33E3,
33E3,
3403,
3403,
3403,
3423,
3423,
3423,
3423,
3423,
3423,
3423,
3423,
3423,
3423,
3423,
3423,
3423,
3423,
3423,
3423,
3423,
3423,
3423,
3424,
3424,
3424,
3444,
3444,
3444,
3444,
3444,
3444,
3444,
3444,
3444,
3444,
3444,
3444,
3444,
3444,
3444,
3444,
3444,
3444,
3444,
3444,
3444,
3444,
3444,
3444,
3444,
3444,
3444,
3444,
3444,
3444,
3444,
3444,
3444,
3444,
3444,
3444,
3444,
3444,
3444,
3444,
3444,
3444,
3444,
3444,
3444,
3444,
3444,
3444,
3444,
3444,
3444,
3444,
3444,
3444,
3444,
3444,
3444,
3444,
3444,
3444,
3444,
3444,
3444,
3444,
3444,
3444,
3444,
3444,
3C24,
3C24,
3444,
3444,
3444,
3444,
3444,
3444,
3444,
3444,
3444,
3444,
3444,
3444,
3444,
3444,
3C24,
3C24,
3C24,
3C24,
3C24,
3C24,
3C24,
3C24,
3C24,
3C24,
3C24,
3C24,
3C24,
3C24,
3C44,
3C44,
3424,
3423,
3424,
3424,
3424,
3424,
3424,
3424,
3424,
3424,
3424,
3444,
3443,
3423,
3423,
3C23,
3C23,
3C43,
3C43,
3C43,
3C43,
3C23,
3C23,
3C23,
3C23,
3C23,
3C23,
3C23,
3C23,
3C23,
3C23,
3C43,
3C43,
3C43,
3C43,
3C43,
3C43,
3C43,
3C43,
3C43,
3C43,
3C43,
3C43,
3C43,
3C43,
3C43,
3C43,
3C43,
3C43,
3C43,
3C43,
3C43,
3C43,
3C43,
3C43,
3C43,
3C43,
3C43,
3C43,
3C43,
3C43,
3C43,
3C43,
3C43,
3C43,
3C43,
3C43,
3C43,
3C43,
3C43,
3C43,
3C23,
3C23,
3C23,
3C23,
3C23,
3C23,
3C23,
3C23,
3C23,
3C23,
3C23,
3C23,
3C23,
3C23,
3C23,
3C23,
3C23,
3C23,
3C23,
3C23,
3423,
3423,
3423,
3423,
3423,
3423,
3423,
3423,
3423,
3403,
3403,
3403,
3403,
3403,
3403,
3403,
3403,
2BC1,
33C2,
33E4,
3C05,
43E5,
43E5,
43C5,
43C6,
43A6,
4345,
4B04,
4AC3,
4221,
3120,
4140,
82C0,
B440,
D521,
DD82,
DD83,
DD83,
DD84,
DD84,
DD84,
DDA4,
DDA3,
DDA3,
DDC3,
E5C3,
E5E3,
E5E4,
E5E4,
E5E4,
E5E3,
E5E4,
E5E4,
E5E4,
E5C3,
E5E2,
E5E2,
E5C2,
DDE2,
E5C2,
DDC2,
D5E3,
CE05,
C626,
C64A,
B60B,
84E8,
4BC5,
2B02,
1280,
0A60,
12A0,
1AE0,
2321,
2B82,
2BC3,
2BE3,
2BE3,
33E3,
33E3,
33C2,
33C2,
33E2,
33E3,
33E3,
3403,
3403,
3403,
3423,
3423,
3423,
3423,
3423,
3423,
3423,
3423,
3423,
3423,
3423,
3423,
3423,
3423,
3423,
3423,
3423,
3423,
3424,
3424,
3424,
3444,
3444,
3444,
3444,
3444,
3444,
3444,
3444,
3444,
3444,
3444,
3444,
3444,
3444,
3444,
3444,
3444,
3444,
3444,
3444,
3444,
3444,
3444,
3444,
3444,
3444,
3444,
3444,
3444,
3444,
3444,
3444,
3444,
3444,
3444,
3444,
3444,
3444,
3444,
3444,
3444,
3444,
3444,
3444,
3444,
3444,
3444,
3444,
3444,
3444,
3444,
3444,
3444,
3444,
3444,
3444,
3444,
3444,
3444,
3444,
3444,
3444,
3444,
3444,
3444,
3444,
3444,
3444,
3C24,
3C24,
3444,
3444,
3444,
3444,
3444,
3444,
3444,
3444,
3444,
3444,
3444,
3444,
3444,
3444,
3C24,
3C24,
3C24,
3C24,
3C24,
3C24,
3C24,
3C24,
3C24,
3C24,
3C24,
3C24,
3C24,
3C24,
3C24,
3444,
3424,
3423,
3424,
3424,
3424,
3423,
3423,
3424,
3424,
3424,
3424,
3443,
3443,
3423,
3423,
3423,
3C23,
3C43,
3C43,
3C43,
3C43,
3C23,
3C23,
3C23,
3C23,
3C23,
3C23,
3C23,
3C23,
3C23,
3C23,
3C43,
3C43,
3C43,
3C43,
3C43,
3C43,
3C43,
3C43,
3C43,
3C43,
3C43,
3C43,
3C43,
3C43,
3C43,
3C43,
3C43,
3C43,
3C43,
3C43,
3C43,
3C43,
3C43,
3C43,
3C43,
3C23,
3C23,
3C23,
3C23,
3C23,
3C23,
3C23,
3423,
3423,
3423,
3C43,
3C43,
3C43,
3C43,
3C43,
3C23,
3C23,
3C23,
3C23,
3C23,
3C23,
3C23,
3C23,
3C23,
3C23,
3C23,
3C23,
3C23,
3C23,
3C23,
3C23,
3C23,
3C23,
3C23,
3C23,
3423,
3423,
3423,
3423,
3423,
3423,
3423,
3423,
3423,
3403,
3403,
3403,
3403,
3403,
3403,
3403,
3423,
3403,
3C04,
3C04,
3C04,
3BE5,
43E5,
3BE5,
3BA4,
3B84,
4384,
4B65,
4B44,
4281,
3120,
3900,
7AC0,
B440,
D541,
DD62,
E582,
DDA3,
DDA3,
DDC4,
DDC4,
DDA4,
DD83,
E583,
E5A3,
E5C3,
E5E3,
E603,
E603,
E603,
E604,
E604,
E604,
E5E4,
DDC3,
DDC2,
DDC1,
DDC0,
DDC0,
DDC0,
DDC1,
D5C3,
D5E4,
CE04,
C606,
C649,
BE4B,
956A,
6CA8,
4BC5,
2280,
11E0,
09E0,
0A00,
1260,
2301,
2B62,
2B61,
2B82,
33A2,
2B82,
2BA2,
33C2,
33E2,
33E3,
3403,
3403,
3403,
3423,
3423,
3423,
3423,
3423,
3423,
3423,
3423,
3423,
3423,
3423,
3423,
3423,
3423,
3423,
3423,
3423,
3423,
3424,
3424,
3424,
3444,
3444,
3444,
3444,
3444,
3444,
3444,
3444,
3444,
3444,
3444,
3444,
3444,
3444,
3444,
3444,
3444,
3444,
3444,
3444,
3444,
3444,
3444,
3444,
3444,
3444,
3444,
3444,
3444,
3444,
3444,
3444,
3444,
3444,
3444,
3444,
3444,
3444,
3444,
3444,
3444,
3444,
3444,
3444,
3444,
3444,
3444,
3444,
3444,
3444,
3444,
3444,
3444,
3444,
3444,
3444,
3444,
3444,
3444,
3444,
3444,
3444,
3444,
3444,
3444,
3444,
3444,
3444,
3C24,
3C24,
3444,
3444,
3444,
3444,
3444,
3444,
3444,
3444,
3444,
3444,
3444,
3444,
3444,
3444,
3C24,
3C24,
3C24,
3C24,
3C24,
3C24,
3C24,
3C24,
3C24,
3C24,
3C24,
3C24,
3C24,
3C24,
3C24,
3444,
3444,
3424,
3424,
3424,
3423,
3423,
3423,
3424,
3423,
3424,
3424,
3443,
3443,
3423,
3423,
3423,
3C23,
3C43,
3C43,
3C43,
3C43,
3C23,
3C23,
3C23,
3C23,
3C23,
3C23,
3C23,
3C23,
3C23,
3C23,
3C43,
3C43,
3C43,
3C43,
3C43,
3C43,
3C43,
3C43,
3C43,
3C43,
3C43,
3C43,
3C43,
3C43,
3C43,
3C43,
3C43,
3C43,
3C43,
3C43,
3C43,
3C43,
3C43,
3C23,
3C43,
3C23,
3C23,
3C23,
3C23,
3C23,
3C23,
3C23,
3423,
3423,
3423,
3C43,
3C43,
3C43,
3C43,
3C43,
3C23,
3C23,
3C23,
3C23,
3C23,
3C23,
3C23,
3C23,
3C23,
3C23,
3C23,
3C23,
3C23,
3C23,
3C23,
3C23,
3C23,
3C23,
3C23,
3C23,
3423,
3423,
3423,
3423,
3423,
3423,
3423,
3423,
3423,
3403,
3403,
3403,
3403,
3403,
3403,
3403,
3403,
3403,
3403,
3C04,
3BE4,
3BE4,
4405,
3BE4,
3383,
3B84,
3B84,
4385,
3B02,
21A0,
20C0,
4160,
8320,
BCA2,
D541,
DD61,
DDA2,
E5C2,
E5C2,
E5C3,
E5C3,
E5C3,
E5C4,
EDC4,
EDC4,
E5A3,
DDA2,
D561,
CD41,
CD21,
CD21,
CD21,
D541,
D561,
DD83,
DDA3,
E5C2,
E5C1,
E5C1,
E5E1,
E5E2,
DDC3,
DDE3,
D5E3,
CDE4,
CDE5,
C628,
BE09,
B5CA,
952A,
6C06,
42E2,
2240,
1A00,
1A20,
1A60,
1A80,
1AA0,
1AE0,
2320,
2B61,
2B81,
2BA2,
33E3,
33E3,
3403,
3403,
3423,
3423,
3423,
3423,
3423,
3423,
3423,
3423,
3423,
3423,
3423,
3423,
3423,
3423,
3423,
3423,
3423,
3423,
3423,
3424,
3424,
3424,
3444,
3444,
3444,
3444,
3444,
3444,
3444,
3444,
3444,
3444,
3444,
3444,
3444,
3444,
3444,
3444,
3444,
3444,
3444,
3444,
3444,
3444,
3444,
3444,
3444,
3444,
3444,
3444,
3444,
3444,
3444,
3444,
3444,
3444,
3444,
3444,
3444,
3444,
3444,
3444,
3444,
3444,
3444,
3444,
3444,
3444,
3444,
3444,
3444,
3444,
3444,
3444,
3444,
3444,
3444,
3444,
3444,
3444,
3444,
3444,
3444,
3444,
3444,
3444,
3444,
3444,
3444,
3444,
3C24,
3C24,
3444,
3444,
3444,
3444,
3444,
3444,
3444,
3444,
3444,
3444,
3444,
3444,
3444,
3444,
3C24,
3C24,
3C24,
3C24,
3C24,
3C24,
3C24,
3C24,
3C24,
3C24,
3C24,
3C24,
3C24,
3C24,
3C24,
3444,
3444,
3424,
3424,
3443,
3443,
3444,
3444,
3443,
3423,
3443,
3424,
3424,
3424,
3424,
3423,
3423,
3C43,
3C43,
3C43,
3C43,
3C43,
3C23,
3C23,
3C23,
3C23,
3C23,
3C23,
3C23,
3C23,
3C23,
3C23,
3C43,
3C43,
3C43,
3C43,
3C43,
3C43,
3C43,
3C43,
3C43,
3C43,
3C43,
3C43,
3C43,
3C43,
3C43,
3C43,
3C43,
3C43,
3C43,
3C43,
3C43,
3C43,
3C43,
3C23,
3C23,
3C23,
3C23,
3C23,
3C23,
3C23,
3C23,
3C23,
3C23,
3C23,
3C23,
3C43,
3C43,
3C43,
3C43,
3C43,
3C43,
3C43,
3C23,
3C23,
3C23,
3C23,
3C23,
3C23,
3C23,
3C23,
3C23,
3C23,
3C23,
3C23,
3C23,
3C23,
3C23,
3C23,
3C23,
3C23,
3423,
3423,
3423,
3423,
3423,
3423,
3423,
3423,
3423,
3403,
3403,
3403,
3403,
3403,
3403,
3403,
3403,
3403,
3403,
3403,
3C04,
3C04,
3BE4,
3BE4,
33A3,
3383,
2B42,
2AE1,
2220,
1940,
2920,
6281,
AC64,
CD44,
D521,
DD62,
E5A2,
E5A2,
E5C2,
E5C3,
E5C3,
E5C4,
EDE4,
EE05,
EDE5,
DD63,
BC80,
A3C0,
8B20,
82C0,
82C0,
82C0,
8B40,
A3E0,
B461,
C4E2,
CD21,
CD21,
CD21,
CD21,
D561,
DDC2,
D5E2,
D603,
D603,
DE03,
D624,
CE27,
D629,
CE2C,
B5EC,
9D8B,
8CE9,
7C68,
63E6,
4B84,
3B22,
22A0,
1AC0,
1B00,
2B41,
2B82,
33C3,
33E3,
33E3,
3403,
3403,
3423,
3423,
3423,
3423,
3423,
3423,
3423,
3423,
3423,
3423,
3423,
3423,
3423,
3423,
3423,
3423,
3423,
3423,
3423,
3424,
3C24,
3C24,
3444,
3444,
3444,
3444,
3444,
3444,
3444,
3444,
3444,
3444,
3444,
3444,
3C44,
3C44,
3C44,
3444,
3444,
3444,
3444,
3444,
3444,
3444,
3444,
3444,
3444,
3444,
3444,
3444,
3444,
3444,
3444,
3444,
3444,
3444,
3444,
3444,
3444,
3444,
3444,
3444,
3444,
3444,
3444,
3444,
3444,
3444,
3444,
3444,
3444,
3444,
3444,
3444,
3444,
3444,
3444,
3444,
3444,
3444,
3444,
3444,
3444,
3444,
3444,
3444,
3444,
3444,
3444,
3444,
3C24,
3C24,
3444,
3444,
3444,
3444,
3444,
3444,
3444,
3444,
3444,
3444,
3444,
3444,
3444,
3444,
3C24,
3C24,
3C24,
3C24,
3C24,
3C24,
3C24,
3C24,
3C24,
3C24,
3C24,
3C24,
3C24,
3C24,
3C24,
3444,
3444,
3424,
3424,
3443,
3443,
3443,
3443,
3444,
3443,
3443,
3423,
3424,
3424,
3424,
3423,
3423,
3C43,
3C43,
3C43,
3C43,
3C43,
3C23,
3C23,
3C23,
3C23,
3C23,
3C23,
3C23,
3C23,
3C23,
3C23,
3C43,
3C43,
3C43,
3C43,
3C43,
3C43,
3C43,
3C43,
3C43,
3C43,
3C43,
3C43,
3C43,
3C43,
3C43,
3C43,
3C43,
3C43,
3C43,
3C43,
3C43,
3C43,
3C43,
3C23,
3C23,
3C23,
3C23,
3C23,
3C23,
3C23,
3C23,
3C23,
3C23,
3C23,
3C23,
3C43,
3C43,
3C43,
3C43,
3C43,
3C43,
3C43,
3C23,
3C23,
3C23,
3C23,
3C23,
3C23,
3C23,
3C23,
3C23,
3C23,
3C23,
3C23,
3C23,
3C23,
3C23,
3C23,
3C23,
3C23,
3423,
3423,
3423,
3403,
3403,
3423,
3423,
3423,
3423,
3403,
3403,
3403,
3403,
3403,
3403,
3403,
3403,
3403,
3403,
3403,
3424,
3C24,
3C03,
3C03,
33A3,
2B21,
1280,
0A00,
0980,
1980,
5261,
9405,
BD27,
CD24,
CD41,
DD82,
DDA2,
E5A2,
E5C3,
E5C3,
E5C3,
E5A4,
E5A5,
EDE6,
E5E5,
BCA2,
7AA0,
5960,
4900,
40E0,
40E0,
40E0,
4940,
59C0,
6A20,
7AA0,
82E0,
8300,
8300,
8320,
9BE0,
B4A0,
BD21,
C542,
C542,
C562,
CDE3,
CDE4,
D5E6,
D629,
CE6B,
C66D,
C62E,
BDED,
ADAC,
954A,
6C87,
43A3,
3382,
33A2,
3382,
33A3,
33E3,
33E3,
33E3,
3403,
3403,
3423,
3423,
3423,
3423,
3423,
3423,
3423,
3423,
3423,
3423,
3423,
3423,
3423,
3423,
3423,
3423,
3423,
3423,
3423,
3424,
3C44,
3C24,
3444,
3444,
3444,
3444,
3444,
3444,
3444,
3444,
3444,
3444,
3444,
3444,
3C44,
3C44,
3444,
3444,
3444,
3444,
3444,
3444,
3444,
3444,
3444,
3444,
3444,
3444,
3444,
3444,
3444,
3444,
3444,
3444,
3444,
3444,
3444,
3444,
3444,
3444,
3444,
3444,
3444,
3444,
3444,
3444,
3444,
3444,
3444,
3444,
3444,
3444,
3444,
3444,
3444,
3444,
3444,
3444,
3444,
3444,
3444,
3444,
3444,
3444,
3444,
3444,
3444,
3444,
3444,
3444,
3C24,
3C24,
3444,
3444,
3444,
3444,
3444,
3444,
3444,
3444,
3444,
3444,
3444,
3444,
3444,
3444,
3C24,
3C24,
3C24,
3C24,
3C24,
3C24,
3C24,
3C24,
3C24,
3C24,
3C24,
3C24,
3C24,
3C24,
3C24,
3444,
3444,
3424,
3424,
3443,
3443,
3443,
3443,
3443,
3423,
3443,
3423,
3423,
3423,
3423,
3423,
3423,
3C43,
3C43,
3C43,
3C43,
3C43,
3C23,
3C23,
3C23,
3C23,
3C23,
3C23,
3C23,
3C23,
3C23,
3C23,
3C43,
3C43,
3C43,
3C43,
3C43,
3C43,
3C43,
3C43,
3C43,
3C43,
3C43,
3C43,
3C43,
3C43,
3C43,
3C43,
3C43,
3C43,
3C43,
3C43,
3C43,
3C43,
3C43,
3C23,
3C23,
3C23,
3C23,
3C23,
3C23,
3C23,
3C23,
3C23,
3C23,
3C23,
3C23,
3C43,
3C43,
3C43,
3C43,
3C43,
3C43,
3C43,
3C23,
3C23,
3C23,
3C23,
3C23,
3C23,
3C23,
3C23,
3C23,
3C23,
3C23,
3C23,
3C23,
3C23,
3C23,
3C23,
3423,
3423,
3423,
3423,
3423,
3423,
3423,
3423,
3423,
3423,
3423,
3403,
3403,
3403,
3403,
3403,
3403,
3403,
3403,
3423,
3423,
3423,
3424,
3444,
3403,
33A2,
22E1,
1240,
11E0,
11A0,
3240,
6364,
8C26,
BD09,
CD68,
D565,
D582,
DDA2,
DD82,
E5A2,
E5C2,
E5E2,
E5C3,
DD63,
DD44,
DD85,
BCE4,
7AE0,
4940,
4940,
59E0,
6221,
6221,
6220,
6240,
6200,
59C0,
51A0,
4980,
4940,
4920,
4940,
59C0,
6A40,
72A0,
7B00,
7B00,
8B41,
93C0,
A440,
ACA1,
B501,
B544,
B568,
B549,
B56A,
B5CB,
A5AB,
7487,
4BA4,
3BC3,
3BE4,
3BE4,
3BE3,
3403,
33E3,
3403,
3403,
3403,
3423,
3423,
3423,
3423,
3423,
3423,
3423,
3423,
3423,
3423,
3423,
3423,
3423,
3423,
3423,
3423,
3423,
3423,
3424,
3423,
3424,
3444,
3444,
3444,
3444,
3444,
3444,
3444,
3444,
3444,
3444,
3444,
3444,
3444,
3444,
3444,
3444,
3444,
3444,
3444,
3444,
3444,
3444,
3444,
3444,
3444,
3444,
3444,
3444,
3444,
3C44,
3C44,
3C44,
3C44,
3C44,
3C44,
3C44,
3C44,
3C44,
3C44,
3C44,
3C44,
3C44,
3C44,
3C44,
3C44,
3C44,
3C44,
3C44,
3C44,
3C44,
3444,
3444,
3444,
3444,
3444,
3C44,
3C44,
3C44,
3C44,
3C44,
3C44,
3C44,
3444,
3444,
3444,
3C44,
3C44,
3C44,
3C44,
3444,
3444,
3444,
3444,
3444,
3444,
3444,
3444,
3444,
3444,
3444,
3444,
3444,
3444,
3444,
3444,
3C24,
3C24,
3C24,
3C24,
3C24,
3C24,
3C24,
3C24,
3C24,
3C24,
3C24,
3C24,
3C24,
3C24,
3C44,
3444,
3444,
3423,
3423,
3423,
3443,
3443,
3444,
3444,
3423,
3443,
3423,
3423,
3423,
3423,
3423,
3423,
3C43,
3C43,
3C43,
3C43,
3C43,
3C23,
3C23,
3C23,
3C23,
3C23,
3C23,
3C23,
3C23,
3C23,
3C23,
3C43,
3C44,
3C44,
3C43,
3C43,
3C43,
3C44,
3C44,
3C43,
3C43,
3C44,
3C44,
3C44,
3C43,
3C43,
3C44,
3C44,
3C44,
3C43,
3C43,
3C43,
3C43,
3C23,
3C23,
3C23,
3C23,
3C23,
3C23,
3C23,
3C23,
3C23,
3C23,
3C23,
3C23,
3C23,
3C43,
3C43,
3C43,
3C43,
3C43,
3C43,
3C43,
3C23,
3C23,
3C23,
3C23,
3C23,
3C23,
3C23,
3C23,
3C23,
3C23,
3C23,
3C23,
3C23,
3C23,
3C23,
3423,
3423,
3423,
3423,
3423,
3423,
3423,
3423,
3423,
3423,
3423,
3423,
3403,
3403,
3403,
3403,
3403,
3403,
3423,
3C24,
3C03,
33E2,
33C3,
33C3,
2362,
1AE0,
1220,
09C0,
11E0,
3AA1,
6B85,
9CA8,
BD6A,
C589,
CD68,
DD87,
DDA4,
D5A2,
DDA2,
DDA2,
E5A3,
E5C3,
E5E3,
DDA3,
DD64,
DD45,
B443,
6A60,
38E0,
51A0,
93A7,
B4EB,
BD4D,
C56E,
C56E,
C54D,
B50C,
ACAB,
9C48,
7B44,
72E2,
6281,
5A20,
51E0,
4980,
4120,
4140,
4960,
4140,
38E0,
4140,
49C0,
5A20,
6AC0,
83A3,
9405,
9C87,
94A8,
7446,
5362,
4342,
3BA3,
3BE4,
3BE3,
3BE3,
3403,
3403,
3403,
3423,
3423,
3423,
3423,
3423,
3423,
3423,
3423,
3423,
3423,
3423,
3423,
3423,
3423,
3423,
3423,
3423,
3423,
3423,
3C23,
3424,
3423,
3423,
3444,
3444,
3444,
3444,
3444,
3444,
3444,
3444,
3444,
3444,
3444,
3444,
3444,
3444,
3444,
3444,
3444,
3444,
3444,
3444,
3444,
3444,
3444,
3444,
3444,
3444,
3444,
3444,
3444,
3C44,
3C44,
3C44,
3C44,
3C44,
3C44,
3C44,
3C44,
3C44,
3C44,
3C44,
3C44,
3C44,
3C44,
3C44,
3C44,
3C44,
3C44,
3C44,
3C44,
3C44,
3444,
3444,
3444,
3444,
3444,
3C44,
3C44,
3C44,
3C44,
3C44,
3C44,
3C44,
3444,
3444,
3444,
3C44,
3C44,
3C44,
3C44,
3444,
3444,
3444,
3444,
3444,
3444,
3444,
3444,
3444,
3444,
3444,
3444,
3444,
3444,
3444,
3444,
3C24,
3C24,
3C24,
3C24,
3C24,
3C24,
3C24,
3C24,
3C24,
3C24,
3C24,
3C23,
3C23,
3C23,
3C43,
3443,
3423,
3423,
3423,
3423,
3443,
3443,
3444,
3444,
3443,
3443,
3423,
3423,
3423,
3423,
3423,
3423,
3C43,
3C43,
3C43,
3C43,
3C43,
3C23,
3C23,
3C23,
3C23,
3C23,
3C23,
3C23,
3C23,
3C23,
3C23,
3C24,
3C44,
3C44,
3C44,
3C43,
3C44,
3C44,
3C44,
3C44,
3C44,
3C44,
3C44,
3C44,
3C44,
3C44,
3C44,
3C44,
3C44,
3C43,
3C44,
3C24,
3C24,
3C23,
3C23,
3C23,
3C23,
3C23,
3C23,
3C23,
3C23,
3C23,
3C23,
3C23,
3C23,
3C23,
3C43,
3C43,
3C23,
3C23,
3C23,
3C23,
3C23,
3423,
3423,
3423,
3C23,
3C23,
3C23,
3C23,
3C23,
3C23,
3C23,
3C23,
3C23,
3C23,
3C23,
3C23,
3423,
3423,
3423,
3423,
3423,
3423,
3423,
3423,
3423,
3423,
3423,
3423,
3403,
3403,
3403,
3403,
3403,
3403,
2BE2,
2BA2,
2361,
2321,
2300,
2321,
22C1,
1200,
0960,
1180,
42C1,
7C47,
B54B,
CD8B,
CD88,
CD87,
D586,
DDA5,
DDA3,
DDA2,
DDA2,
DDA2,
E5C3,
EDC4,
E5A4,
CD02,
D503,
CCE3,
7AA0,
38C0,
4140,
8BA9,
C591,
D634,
D635,
E676,
E697,
E6B7,
EED7,
EED6,
E6B4,
D631,
CE10,
C5AF,
B52D,
A4AB,
93E8,
7B66,
7325,
6AA3,
5200,
3940,
30E0,
28E0,
28C0,
3120,
41C0,
5240,
5AA1,
5AE1,
4AE0,
3AC0,
3B01,
43A3,
3BE3,
3BE3,
3BE3,
3403,
3403,
3403,
3423,
3423,
3423,
3423,
3423,
3423,
3423,
3423,
3423,
3423,
3423,
3423,
3423,
3423,
3423,
3423,
3423,
3423,
3423,
3C23,
3424,
3423,
3423,
3444,
3444,
3444,
3444,
3444,
3444,
3444,
3444,
3444,
3444,
3444,
3444,
3444,
3444,
3444,
3444,
3444,
3444,
3444,
3444,
3444,
3444,
3444,
3444,
3444,
3444,
3444,
3444,
3444,
3C44,
3C44,
3C44,
3C44,
3C44,
3C44,
3C44,
3C44,
3C44,
3C44,
3C44,
3C44,
3C44,
3C44,
3C44,
3C44,
3C44,
3C44,
3C44,
3C44,
3C44,
3444,
3444,
3444,
3444,
3444,
3C44,
3C44,
3C44,
3444,
3444,
3444,
3444,
3444,
3444,
3444,
3444,
3444,
3444,
3444,
3444,
3444,
3444,
3444,
3444,
3444,
3444,
3444,
3444,
3444,
3444,
3444,
3444,
3444,
3444,
3444,
3C24,
3C24,
3C24,
3C24,
3C24,
3C24,
3C24,
3C24,
3C24,
3C24,
3C23,
3C23,
3C23,
3C23,
3C23,
3423,
3423,
3423,
3444,
3444,
3444,
3443,
3443,
3443,
3443,
3443,
3443,
3444,
3444,
3444,
3444,
3444,
3C24,
3C24,
3C24,
3C24,
3C24,
3C24,
3C24,
3C24,
3C24,
3C24,
3C24,
3C24,
3C24,
3C24,
3C24,
3C24,
3C24,
3C24,
3C24,
3C24,
3C24,
3C24,
3C24,
3C24,
3C24,
3C24,
3C24,
3C24,
3C24,
3C24,
3C24,
3C24,
3C24,
3C24,
3C24,
3C24,
3C24,
3C24,
3C24,
3C24,
3C24,
3C24,
3C24,
3C24,
3C24,
3C24,
3C24,
3C24,
3C24,
3C24,
3C23,
3C23,
3423,
3423,
3423,
3423,
3423,
3423,
3423,
3423,
3423,
3423,
3423,
3423,
3423,
3C23,
3C23,
3C23,
3C23,
3C23,
3423,
3423,
3423,
3423,
3423,
3423,
3423,
3423,
3423,
3423,
3423,
3423,
3423,
3423,
3403,
3403,
3403,
3403,
2BE2,
23A1,
1B20,
0A80,
0220,
0A20,
0A60,
2302,
4BA5,
5C08,
5366,
4282,
6B85,
AD0A,
C58B,
C568,
D546,
DD66,
DDA5,
DDC4,
DDC3,
E5C2,
E5C2,
E5C3,
E5C3,
E5C4,
EDC6,
DD86,
BCC4,
9380,
59E0,
4960,
8369,
BD72,
CDF5,
CDF6,
D637,
DE98,
E6B9,
E6D9,
E6DA,
E6F9,
EF18,
EF17,
EF17,
EF17,
EEF6,
E6D5,
E694,
DE94,
D653,
C5F0,
BD6E,
ACEB,
9C68,
8BE6,
7364,
5220,
3160,
2960,
31A0,
3A40,
42C0,
3B01,
4362,
3BA3,
3BC3,
3BE3,
33E3,
3403,
3403,
3403,
3423,
3423,
3423,
3423,
3423,
3423,
3423,
3423,
3423,
3423,
3423,
3423,
3423,
3423,
3423,
3423,
3423,
3423,
3423,
3C23,
3C23,
3423,
3423,
3423,
3C23,
3C23,
3C23,
3C23,
3424,
3424,
3424,
3424,
3424,
3444,
3444,
3C44,
3C44,
3444,
3444,
3444,
3444,
3444,
3444,
3444,
3444,
3444,
3444,
3444,
3444,
3C44,
3C44,
3C44,
3C44,
3C44,
3C44,
3C44,
3C44,
3C44,
3C44,
3C44,
3C44,
3C44,
3C44,
3C44,
3C44,
3C44,
3C44,
3C44,
3C44,
3C44,
3C44,
3C44,
3C44,
3C44,
3C44,
3C44,
3C44,
3C44,
3C44,
3C44,
3444,
3444,
3444,
3444,
3444,
3444,
3444,
3444,
3444,
3444,
3C44,
3444,
3444,
3444,
3444,
3444,
3444,
3444,
3444,
3444,
3444,
3444,
3444,
3444,
3444,
3444,
3444,
3444,
3C24,
3C24,
3C24,
3C24,
3C24,
3C24,
3C24,
3C24,
3C24,
3C43,
3C23,
3C23,
3C23,
3C23,
3C23,
3C23,
3C23,
3C43,
3C43,
3C24,
3C24,
3C44,
3443,
3443,
3443,
3443,
3443,
3444,
3444,
3444,
3444,
3444,
3C24,
3C24,
3C24,
3C24,
3C24,
3C24,
3C24,
3C24,
3C24,
3C24,
3C24,
3C24,
3C24,
3C24,
3C24,
3C24,
3C24,
3C24,
3C24,
3C24,
3C24,
3C24,
3C24,
3C24,
3C24,
3C24,
3C24,
3C24,
3C24,
3C24,
3C24,
3C24,
3C24,
3C24,
3C24,
3C24,
3C24,
3C24,
3C24,
3C24,
3C24,
3C24,
3C24,
3C24,
3C24,
3C24,
3C24,
3C24,
3C24,
3C24,
3C23,
3C23,
3423,
3423,
3423,
3423,
3423,
3423,
3423,
3423,
3423,
3423,
3423,
3423,
3423,
3C23,
3C23,
3C23,
3C23,
3C23,
3423,
3423,
3423,
3423,
3423,
3423,
3423,
3423,
3423,
3423,
3423,
3423,
3423,
3423,
3403,
3403,
3403,
3403,
2BC2,
1B40,
0A80,
0240,
0200,
01A0,
0A00,
3303,
6408,
8D0C,
846B,
6325,
83E6,
B52A,
C549,
CD26,
DD45,
E564,
E584,
DDA4,
E5C3,
E5C2,
E5C2,
E5C2,
E5C3,
EDC4,
EDC7,
E5A8,
9BC2,
51C0,
49C0,
7B68,
ACF0,
AD53,
A513,
AD55,
C618,
DEBA,
DEDB,
DEDB,
DEDB,
DEDB,
DEF9,
DEF8,
DF18,
E718,
E718,
EF38,
EF38,
EF38,
EF58,
EF38,
E717,
DEB6,
DEB5,
DEB3,
BDCF,
8428,
52C3,
29E0,
3240,
42E2,
4B62,
43A3,
3BC3,
3BC3,
3BC3,
3BE3,
3403,
3403,
3403,
3403,
3423,
3C23,
3423,
3403,
3403,
3423,
3423,
3423,
3423,
3423,
3423,
3423,
3423,
3423,
3423,
3423,
3423,
3423,
3423,
3C23,
3C23,
3C23,
3C23,
3C23,
3C23,
3C23,
3C23,
3C23,
3424,
3424,
3424,
3424,
3424,
3444,
3444,
3444,
3C44,
3C44,
3C44,
3C44,
3C44,
3C44,
3C44,
3C44,
3C44,
3C44,
3C44,
3C44,
3C44,
3C44,
3C44,
3C44,
3C44,
3C44,
3C44,
3C44,
3C44,
3C44,
3C44,
3C44,
3C44,
3C44,
3C44,
3C44,
3C44,
3C44,
3C44,
3C44,
3C44,
3C44,
3C44,
3C44,
3C44,
3C44,
3C44,
3C44,
3C44,
3C44,
3C44,
3C44,
3444,
3444,
3444,
3444,
3444,
3444,
3444,
3444,
3444,
3444,
3444,
3444,
3444,
3444,
3444,
3444,
3444,
3444,
3444,
3444,
3444,
3444,
3444,
3444,
3444,
3444,
3444,
3444,
3C24,
3C24,
3C24,
3C24,
3C24,
3C24,
3C24,
3C24,
3C24,
3C23,
3C23,
3C23,
3C23,
3C23,
3C23,
3C23,
3C23,
3C23,
3C43,
3C43,
3C43,
3C23,
3443,
3444,
3443,
3443,
3443,
3443,
3444,
3444,
3444,
3444,
3C24,
3C24,
3C24,
3C24,
3C24,
3C24,
3C24,
3C24,
3C24,
3C24,
3C24,
3C24,
3C24,
3C24,
3C24,
3C24,
3C24,
3C24,
3C24,
3C24,
3C24,
3C24,
3C24,
3C24,
3C24,
3C24,
3C24,
3C24,
3C24,
3C24,
3C24,
3C24,
3C24,
3C24,
3C24,
3C24,
3C24,
3C24,
3C24,
3C24,
3C24,
3C24,
3C24,
3C24,
3C24,
3C24,
3C24,
3C24,
3C24,
3C24,
3C23,
3C24,
3423,
3423,
3423,
3423,
3423,
3423,
3423,
3423,
3423,
3423,
3423,
3423,
3423,
3C23,
3C23,
3C23,
3C23,
3C23,
3423,
3423,
3423,
3423,
3423,
3423,
3423,
3423,
3423,
3423,
3423,
3423,
3423,
3423,
3403,
3403,
3403,
3403,
2BC3,
2382,
1B41,
1B21,
1AE1,
1260,
11E0,
19E0,
3282,
4B25,
52E5,
5283,
8C07,
BD2A,
CD28,
D525,
DD42,
E582,
E583,
E5A3,
E5A3,
E5C3,
E5C2,
E5C2,
E5C3,
EDC5,
E587,
AC24,
6200,
3900,
7327,
B552,
BDD4,
94B1,
6B8E,
8C93,
C639,
CE9B,
D6BB,
D6BB,
D6DB,
D6DB,
D6FB,
D6FA,
DEF9,
DF19,
DF19,
DF19,
DF19,
DEF9,
DEF9,
DF19,
DF19,
DF19,
E739,
E758,
C654,
8CAE,
6367,
42E4,
4323,
4B84,
43C3,
3BC3,
33E3,
33E2,
3BE3,
33E3,
3403,
3403,
3403,
3403,
3403,
3403,
3403,
33E3,
3403,
3403,
3403,
3423,
3423,
3423,
3423,
3423,
3423,
3423,
3423,
3423,
3423,
3423,
3423,
3C23,
3C23,
3C23,
3C23,
3C23,
3C23,
3C23,
3C23,
3C23,
3423,
3424,
3424,
3424,
3424,
3424,
3424,
3424,
3C44,
3C44,
3C44,
3C44,
3C44,
3C44,
3C44,
3C44,
3C44,
3C44,
3C44,
3C44,
3C44,
3C44,
3C44,
3C44,
3C44,
3C44,
3C44,
3C44,
3C44,
3C44,
3C44,
3C44,
3C44,
3C44,
3C44,
3C44,
3C44,
3C44,
3C44,
3C44,
3C44,
3C44,
3C44,
3C44,
3C44,
3C44,
3C44,
3C44,
3C44,
3C44,
3C44,
3444,
3444,
3444,
3444,
3444,
3444,
3444,
3444,
3444,
3444,
3444,
3444,
3444,
3444,
3444,
3444,
3444,
3444,
3444,
3444,
3444,
3444,
3444,
3444,
3444,
3444,
3444,
3444,
3444,
3C24,
3C24,
3C24,
3C24,
3C24,
3C24,
3C24,
3C24,
3C24,
3C24,
3C23,
3C23,
3C23,
3C23,
3C23,
3C23,
3C23,
3C23,
3C43,
3C43,
3C43,
3C43,
3C43,
3444,
3443,
3443,
3463,
3443,
3444,
3444,
3444,
3444,
3C24,
3C24,
3C24,
3C24,
3C24,
3C24,
3C24,
3C24,
3C24,
3C24,
3C24,
3C24,
3C24,
3C24,
3C24,
3C24,
3C24,
3C24,
3C24,
3C24,
3C24,
3C24,
3C24,
3C24,
3C24,
3C24,
3C24,
3C24,
3C24,
3C24,
3C24,
3C24,
3C24,
3C24,
3C24,
3C24,
3C24,
3C24,
3C24,
3C24,
3C24,
3C24,
3C23,
3C24,
3C24,
3C24,
3C24,
3C24,
3C24,
3C24,
3C24,
3C24,
3423,
3423,
3423,
3423,
3403,
3423,
3423,
3423,
3423,
3423,
3423,
3423,
3423,
3C23,
3C23,
3C23,
3C23,
3C23,
3423,
3423,
3423,
3423,
3423,
3423,
3423,
3423,
3423,
3423,
3423,
3423,
3423,
3423,
3403,
3403,
3403,
3403,
33E3,
33E3,
33E4,
33E5,
3BE5,
3384,
2281,
11A0,
0960,
19A0,
2160,
2940,
6B24,
B4E8,
CD27,
D545,
DD62,
DD82,
E5A3,
E583,
E583,
E5A3,
E5A3,
E5A4,
E5A6,
E566,
BC44,
6A40,
38E0,
6223,
BD51,
DE77,
D699,
94D3,
5AEC,
8C72,
CE7A,
CE9A,
CE9B,
D6BB,
D6BB,
D6DB,
D6DB,
D6DB,
D6FA,
DEFA,
DF1A,
DF1A,
DF1A,
DEFA,
DEFA,
DEFA,
D6FA,
DF1A,
DF3A,
D6F7,
ADD2,
6C0B,
42C6,
4B45,
43A5,
43C4,
3BE4,
3BE3,
33E3,
33E2,
33E3,
33E3,
3403,
3403,
3403,
3423,
33E3,
2BC2,
2361,
1B61,
23A1,
2BE3,
3403,
3403,
3403,
3424,
3423,
3423,
3423,
3423,
3423,
3423,
3423,
3423,
3423,
3C23,
3C23,
3C23,
3C23,
3C23,
3C23,
3C23,
3C23,
3C23,
3423,
3423,
3424,
3424,
3424,
3424,
3424,
3424,
3444,
3444,
3444,
3444,
3444,
3444,
3444,
3444,
3444,
3444,
3444,
3444,
3444,
3444,
3444,
3444,
3444,
3444,
3444,
3444,
3444,
3444,
3444,
3444,
3444,
3444,
3444,
3444,
3444,
3444,
3444,
3444,
3444,
3444,
3444,
3444,
3444,
3C44,
3C44,
3C44,
3C44,
3444,
3444,
3444,
3444,
3444,
3444,
3444,
3444,
3444,
3444,
3444,
3444,
3444,
3444,
3444,
3444,
3444,
3444,
3444,
3444,
3444,
3444,
3444,
3444,
3444,
3444,
3444,
3444,
3444,
3444,
3444,
3C44,
3C24,
3C24,
3C24,
3C24,
3C24,
3C24,
3C24,
3C24,
3C24,
3C23,
3C23,
3C23,
3C23,
3C23,
3C23,
3C23,
3C23,
3C43,
3C43,
3C43,
3C43,
3C43,
3444,
3443,
3443,
3443,
3443,
3444,
3444,
3444,
3444,
3C24,
3C24,
3C24,
3C24,
3C24,
3C24,
3C24,
3C24,
3C24,
3C24,
3C24,
3C24,
3C24,
3C24,
3C24,
3C24,
3C24,
3C24,
3C24,
3C24,
3C24,
3C24,
3C24,
3C24,
3C24,
3C24,
3C24,
3C24,
3C24,
3C24,
3C24,
3C24,
3C24,
3C24,
3C24,
3C24,
3C24,
3C24,
3C24,
3C24,
3C24,
3C24,
3C24,
3C24,
3C24,
3C24,
3C24,
3C24,
3C24,
3C24,
3C24,
3C24,
3423,
3423,
3423,
3423,
3403,
3423,
3423,
3423,
3423,
3423,
3423,
3423,
3423,
3C23,
3C23,
3C23,
3C23,
3C23,
3423,
3423,
3423,
3423,
3423,
3423,
3423,
3423,
3423,
3423,
3423,
3423,
3423,
3423,
3403,
3403,
3403,
3403,
3403,
33E4,
3BE4,
3C05,
3C05,
43E5,
3B64,
32E3,
2A82,
2220,
1960,
10C0,
41E0,
8BE3,
B4A5,
D524,
DD82,
E5A2,
E582,
E582,
E563,
E564,
E585,
E5A6,
DD47,
BC45,
7280,
4120,
5A03,
AC8E,
DE37,
DE9A,
DEBB,
A515,
634E,
8C93,
CE7A,
CE7A,
CE9B,
D6BB,
D6BB,
D6DB,
D6DB,
D6DB,
D6DB,
DEFC,
DEFB,
DEFB,
DEFC,
DEFC,
DEFB,
DEFB,
DEFB,
DEFB,
D6FA,
BE56,
84EE,
4B06,
3263,
3B45,
3BA5,
3BE4,
3C04,
3C03,
3BE3,
3BE3,
3BE3,
3BE3,
3403,
3C23,
3C24,
3403,
2BA2,
1B41,
0AC0,
0AA0,
1300,
2381,
33E3,
3403,
3403,
3404,
3403,
3403,
3423,
3423,
3423,
3423,
3423,
3423,
3423,
3C23,
3C23,
3C23,
3C23,
3C23,
3C23,
3C23,
3C23,
3C23,
3423,
3423,
3424,
3424,
3424,
3424,
3424,
3424,
3444,
3444,
3444,
3444,
3444,
3444,
3444,
3444,
3444,
3444,
3444,
3444,
3444,
3444,
3444,
3444,
3444,
3444,
3444,
3444,
3444,
3444,
3444,
3444,
3444,
3444,
3444,
3444,
3444,
3444,
3444,
3444,
3444,
3444,
3444,
3444,
3444,
3C44,
3C44,
3C44,
3C44,
3C44,
3444,
3444,
3444,
3444,
3444,
3444,
3444,
3444,
3444,
3444,
3444,
3444,
3444,
3444,
3444,
3444,
3444,
3444,
3444,
3444,
3444,
3444,
3444,
3444,
3444,
3444,
3444,
3444,
3444,
3444,
3C44,
3C44,
3C44,
3C44,
3C44,
3C44,
3C44,
3C44,
3C24,
3C24,
3C23,
3C23,
3C23,
3C23,
3C23,
3C23,
3C23,
3C23,
3C43,
3C43,
3C43,
3C43,
3C43,
3443,
3443,
3443,
3443,
3444,
3444,
3424,
3444,
3443,
3C24,
3C24,
3C24,
3C24,
3C24,
3C24,
3C24,
3C24,
3C24,
3C24,
3C24,
3C24,
3C24,
3C24,
3C24,
3C24,
3C24,
3C24,
3C24,
3C24,
3C24,
3C24,
3C24,
3C24,
3C24,
3C24,
3C24,
3C24,
3C24,
3C24,
3C24,
3C24,
3C24,
3C24,
3C24,
3C24,
3C24,
3C24,
3C24,
3C24,
3C24,
3C24,
3C24,
3C24,
3C24,
3C24,
3C24,
3C24,
3C24,
3C24,
3C24,
3C24,
3423,
3423,
3423,
3423,
3423,
3423,
3423,
3423,
3423,
3423,
3423,
3423,
3423,
3C23,
3C23,
3C23,
3C23,
3C23,
3423,
3423,
3423,
3423,
3423,
3423,
3423,
3423,
3423,
3423,
3423,
3423,
3423,
3423,
3423,
3423,
3423,
3423,
3404,
3404,
33E4,
3BE4,
3BE4,
3BC4,
43A4,
4384,
4385,
4364,
3AA2,
2180,
2960,
62C0,
8BA2,
B4C2,
DD82,
E5A2,
E5A2,
DD62,
DD64,
DD65,
E567,
DD48,
B445,
72A2,
4940,
5A23,
9CAE,
D636,
D679,
DE9B,
DEBC,
A535,
6B6E,
8C72,
CE7A,
CE9B,
D69B,
D6BB,
D6DC,
D6DC,
D6DC,
D6FC,
D6FC,
DEFC,
DEFC,
DEFC,
DEFC,
DEFC,
DEFB,
DEFB,
DEFB,
DF1C,
CED9,
A593,
63CB,
42A5,
42C5,
4345,
43A4,
43C4,
43E4,
3BE3,
3BE3,
3BE3,
3BE4,
3BE4,
3C04,
3C05,
33C4,
2B62,
1AE1,
0260,
0200,
0220,
0AA0,
2341,
33C3,
3403,
3403,
3403,
3403,
3403,
3423,
3423,
3423,
3423,
3423,
3423,
3423,
3C23,
3C23,
3C23,
3C23,
3C23,
3C23,
3C23,
3C23,
3C23,
3423,
3423,
3424,
3424,
3424,
3424,
3424,
3424,
3444,
3444,
3444,
3444,
3444,
3444,
3444,
3444,
3444,
3444,
3444,
3444,
3444,
3444,
3444,
3444,
3444,
3444,
3444,
3444,
3444,
3444,
3444,
3444,
3444,
3444,
3444,
3444,
3444,
3444,
3444,
3444,
3444,
3444,
3444,
3444,
3444,
3444,
3444,
3C44,
3C44,
3C44,
3444,
3444,
3444,
3C44,
3C44,
3444,
3444,
3444,
3444,
3444,
3444,
3444,
3444,
3444,
3444,
3444,
3444,
3444,
3444,
3444,
3444,
3444,
3444,
3444,
3444,
3444,
3444,
3444,
3444,
3444,
3C23,
3C23,
3C24,
3C24,
3C24,
3C24,
3C24,
3C24,
3C24,
3C24,
3C23,
3C23,
3C23,
3C23,
3C23,
3C23,
3C23,
3C23,
3C43,
3C43,
3C43,
3C43,
3C43,
3443,
3443,
3443,
3443,
3444,
3424,
3444,
3444,
3443,
3C24,
3C24,
3C24,
3C24,
3C24,
3C24,
3C24,
3C24,
3C24,
3C24,
3C24,
3C24,
3C24,
3C24,
3C24,
3C24,
3C24,
3C24,
3C24,
3C24,
3C24,
3C24,
3C24,
3C24,
3C24,
3C24,
3C24,
3C24,
3C24,
3C24,
3C24,
3C24,
3C24,
3C24,
3C24,
3C24,
3C24,
3C24,
3C24,
3C24,
3C24,
3C24,
3C24,
3C24,
3C24,
3C24,
3C24,
3C24,
3C24,
3C24,
3C24,
3423,
3423,
3423,
3423,
3423,
3423,
3423,
3423,
3423,
3423,
3423,
3423,
3423,
3423,
3C23,
3C23,
3C23,
3C23,
3C23,
3423,
3423,
3423,
3423,
3423,
3423,
3423,
3423,
3423,
3423,
3423,
3423,
3423,
3423,
3423,
3423,
3423,
3423,
3403,
3403,
33E3,
33E3,
33E3,
3BE3,
3BC3,
3BC3,
3BC4,
43C4,
4383,
3280,
1920,
2920,
5A80,
93E0,
C502,
D583,
D563,
CD44,
D566,
D547,
CD28,
AC25,
7AA2,
4980,
5A25,
9C70,
C617,
D6BA,
D69B,
D6BC,
DEDC,
AD76,
6B6E,
8431,
C639,
CE9B,
D6BB,
D6BB,
D6DC,
D6FC,
D6FC,
D6FC,
DEFC,
DEFC,
DEFC,
DEFC,
DEFC,
DEFB,
DEFB,
DEFB,
DF1B,
DF1B,
C678,
8CD0,
4B08,
3A65,
4AE5,
4325,
4384,
43A3,
43C4,
43E4,
3C04,
3C04,
3C05,
3BE5,
3BC5,
3364,
22E2,
1260,
01E0,
01C0,
01C0,
0220,
12E0,
2B83,
33C3,
33E3,
3404,
3404,
3404,
3403,
3423,
3423,
3423,
3423,
3423,
3423,
3423,
3C23,
3C23,
3C23,
3C23,
3C23,
3C23,
3C23,
3C23,
3C23,
3423,
3423,
3424,
3424,
3424,
3424,
3424,
3424,
3444,
3444,
3444,
3444,
3444,
3444,
3444,
3444,
3444,
3444,
3444,
3444,
3444,
3444,
3444,
3444,
3444,
3444,
3444,
3444,
3444,
3444,
3444,
3444,
3444,
3444,
3444,
3444,
3444,
3444,
3444,
3444,
3444,
3444,
3444,
3444,
3444,
3444,
3444,
3C44,
3C44,
3C44,
3444,
3444,
3444,
3444,
3444,
3444,
3444,
3444,
3444,
3444,
3444,
3444,
3444,
3444,
3444,
3444,
3444,
3444,
3444,
3444,
3444,
3444,
3444,
3444,
3444,
3444,
3444,
3444,
3444,
3444,
3C23,
3C23,
3C23,
3C23,
3C23,
3C23,
3C23,
3C23,
3C23,
3C23,
3423,
3423,
3423,
3423,
3423,
3423,
3423,
3C23,
3C43,
3C43,
3C43,
3C43,
3C43,
3C43,
3C43,
3423,
3423,
3423,
3423,
3423,
3423,
3423,
3423,
3C24,
3C24,
3C23,
3C23,
3C24,
3C24,
3C24,
3C24,
3C24,
3C24,
3C24,
3C24,
3C24,
3C24,
3C24,
3C24,
3C24,
3C24,
3C24,
3C24,
3C24,
3C24,
3C24,
3C24,
3C24,
3C24,
3C24,
3C24,
3C24,
3C24,
3C24,
3C24,
3C24,
3C24,
3C24,
3C24,
3C24,
3C24,
3C24,
3C24,
3C24,
3C24,
3C24,
3C24,
3C24,
3C24,
3C24,
3C24,
3C24,
3C24,
3423,
3C23,
3C23,
3C23,
3C23,
3C23,
3C23,
3C23,
3C23,
3C23,
3C23,
3C23,
3C23,
3C23,
3C23,
3C23,
3C23,
3C23,
3C23,
3423,
3423,
3423,
3423,
3423,
3423,
3423,
3423,
3423,
3423,
3423,
3423,
3423,
3423,
3423,
3423,
3423,
3423,
3423,
3403,
3403,
33E3,
33E3,
33E3,
33E3,
33C3,
3BC3,
3BC3,
3BC3,
3B42,
2A40,
2160,
2940,
5A60,
9C00,
BD03,
C543,
CD64,
D5A7,
CD27,
A3E5,
7262,
5181,
5A25,
9C4F,
CE18,
DE9B,
DEBC,
D69C,
D6BC,
DEDC,
AD97,
634D,
6BAF,
C639,
D6BB,
D69B,
D6BB,
D6DC,
DEFC,
DEFC,
DEFC,
DEFC,
DEFC,
DEFC,
DEFC,
DEFC,
DEFB,
DEFB,
DEFB,
DF1B,
DEFB,
BE36,
7C4D,
3A45,
3204,
4AC6,
4B47,
4386,
4384,
4384,
3B84,
43A5,
3BA5,
3B65,
2B04,
1A62,
0A01,
01C0,
01A0,
01A0,
01C0,
0220,
0AA0,
2362,
33C4,
33E3,
33E3,
33E3,
3403,
3403,
3403,
3423,
3423,
3423,
3423,
3423,
3423,
3423,
3C23,
3C23,
3C23,
3C23,
3C23,
3C23,
3C23,
3C23,
3C23,
3423,
3423,
3424,
3424,
3424,
3424,
3424,
3424,
3444,
3444,
3444,
3444,
3444,
3444,
3444,
3444,
3444,
3444,
3444,
3444,
3444,
3444,
3444,
3444,
3444,
3444,
3444,
3444,
3444,
3444,
3444,
3444,
3444,
3444,
3444,
3444,
3444,
3444,
3444,
3444,
3444,
3444,
3444,
3444,
3444,
3444,
3444,
3C44,
3C44,
3C44,
3444,
3444,
3444,
3444,
3444,
3444,
3444,
3444,
3444,
3444,
3444,
3444,
3444,
3444,
3444,
3444,
3444,
3444,
3444,
3444,
3444,
3444,
3444,
3444,
3444,
3444,
3444,
3444,
3444,
3444,
3C23,
3C23,
3C23,
3C23,
3C23,
3C23,
3C23,
3C23,
3C23,
3C23,
3423,
3423,
3423,
3423,
3423,
3423,
3423,
3C23,
3C43,
3C43,
3C43,
3C43,
3C43,
3C43,
3C43,
3423,
3C23,
3C23,
3423,
3423,
3423,
3423,
3424,
3C24,
3C23,
3C23,
3C23,
3C23,
3C24,
3C24,
3C24,
3C24,
3C24,
3C24,
3C24,
3C24,
3C24,
3C24,
3C24,
3C24,
3C24,
3C24,
3C24,
3C24,
3C24,
3C24,
3C24,
3C24,
3C24,
3C24,
3C24,
3C24,
3C24,
3C24,
3C24,
3C24,
3C24,
3C24,
3C24,
3C24,
3C24,
3C24,
3C24,
3C24,
3C24,
3C24,
3C24,
3C24,
3C24,
3C24,
3C24,
3C24,
3C24,
3C24,
3C24,
3C24,
3C24,
3C24,
3C24,
3C23,
3C23,
3C23,
3C23,
3C23,
3C43,
3C43,
3C43,
3C23,
3C23,
3C23,
3C23,
3C23,
3423,
3423,
3423,
3423,
3423,
3423,
3423,
3423,
3423,
3423,
3423,
3423,
3423,
3423,
3423,
3423,
3423,
3423,
3423,
3403,
3403,
3403,
3403,
3403,
33E3,
33E3,
3BE3,
3BC3,
3BC3,
3BA3,
4361,
3280,
1920,
3180,
6AE0,
9C23,
BD25,
CD87,
C568,
A445,
6A81,
4961,
5A05,
940E,
C5F7,
D67A,
DE9C,
DEBC,
D69C,
D6BC,
D6BC,
AD97,
5B2D,
634E,
BDF8,
D6DC,
D69B,
D6BB,
DEDC,
DEFC,
DEFC,
DEFC,
DEFC,
DEFC,
DEFC,
DEFC,
DEFC,
DEFB,
DEFB,
DEFB,
DEFB,
DF1B,
CE98,
94F1,
4A88,
2143,
31E5,
42C7,
4326,
3B25,
32E4,
32A4,
2A43,
21E2,
19C1,
19C1,
11C1,
11E1,
1A21,
0A00,
01E0,
0220,
12C1,
2362,
33A3,
33C4,
33E3,
33E3,
33E3,
3403,
3403,
3403,
3423,
3423,
3423,
3423,
3423,
3423,
3423,
3C23,
3C23,
3C23,
3C23,
3C23,
3C23,
3C23,
3C23,
3C23,
3423,
3423,
3424,
3424,
3424,
3424,
3424,
3424,
3444,
3444,
3444,
3444,
3444,
3444,
3444,
3444,
3444,
3444,
3444,
3444,
3444,
3444,
3444,
3444,
3444,
3444,
3444,
3444,
3444,
3444,
3444,
3444,
3444,
3444,
3444,
3444,
3444,
3444,
3444,
3444,
3444,
3444,
3444,
3444,
3444,
3444,
3444,
3C44,
3C44,
3C44,
3444,
3444,
3444,
3444,
3444,
3444,
3444,
3444,
3444,
3444,
3444,
3444,
3444,
3444,
3444,
3444,
3444,
3444,
3444,
3444,
3444,
3444,
3444,
3444,
3444,
3444,
3444,
3444,
3444,
3444,
3C23,
3C23,
3C23,
3C23,
3C23,
3C23,
3C23,
3C23,
3C23,
3C23,
3423,
3423,
3423,
3423,
3423,
3423,
3423,
3C23,
3C43,
3C43,
3C43,
3C43,
3C43,
3443,
3C43,
3C23,
3C23,
3C23,
3423,
3423,
3423,
3423,
3423,
3C23,
3C23,
3C23,
3C23,
3C23,
3C24,
3C24,
3C24,
3C24,
3C24,
3C24,
3C24,
3C24,
3C24,
3C24,
3C24,
3C24,
3C24,
3C24,
3C24,
3C24,
3C24,
3C24,
3C24,
3C24,
3C24,
3C24,
3C24,
3C24,
3C24,
3C24,
3C24,
3C24,
3C24,
3C24,
3C24,
3C24,
3C24,
3C24,
3C24,
3C24,
3C24,
3C24,
3C24,
3C24,
3C24,
3C24,
3C24,
3C24,
3C24,
3C24,
3C24,
3C24,
3C24,
3C24,
3C24,
3C24,
3C24,
3C24,
3C24,
3C24,
3C43,
3C43,
3C43,
3C23,
3C23,
3C23,
3C23,
3C23,
3423,
3423,
3423,
3423,
3423,
3423,
3423,
3423,
3423,
3423,
3423,
3423,
3423,
3423,
3423,
3423,
3423,
3423,
3423,
3423,
3403,
3403,
3403,
3403,
3403,
33E3,
33E3,
3BE3,
3BE3,
3BE2,
43C1,
3B00,
21E0,
1960,
4200,
83A4,
B529,
BD4A,
9406,
6AA2,
49A0,
5204,
8BED,
B595,
C638,
C63A,
D67C,
D6BD,
D69C,
D69C,
DEBC,
AD77,
632D,
634E,
B5D8,
D6BB,
D69B,
D6BB,
DEDC,
DEFC,
DEFC,
DEFC,
DEFC,
DEFC,
DEFC,
DEFC,
DEFC,
DEFB,
DEFB,
DEFB,
DEFB,
DF1B,
DF3B,
C678,
7C0F,
2124,
0040,
00A1,
0941,
1181,
1161,
0920,
00C0,
08C0,
2182,
42C7,
5369,
5BC9,
4BA7,
2B03,
22C1,
2322,
3384,
33C4,
33C3,
33E4,
33E3,
33E3,
33E3,
3403,
3403,
3403,
3423,
3423,
3423,
3423,
3423,
3423,
3423,
3C23,
3C23,
3C23,
3C23,
3C23,
3C23,
3C23,
3C23,
3C23,
3423,
3423,
3424,
3424,
3424,
3424,
3424,
3424,
3444,
3444,
3444,
3444,
3444,
3444,
3444,
3444,
3444,
3444,
3444,
3444,
3444,
3444,
3444,
3444,
3444,
3444,
3444,
3444,
3444,
3444,
3444,
3444,
3444,
3444,
3444,
3444,
3444,
3444,
3444,
3444,
3444,
3444,
3444,
3444,
3444,
3C44,
3C44,
3C44,
3C44,
3C44,
3444,
3444,
3444,
3444,
3444,
3444,
3444,
3444,
3444,
3444,
3444,
3444,
3444,
3444,
3444,
3444,
3444,
3444,
3444,
3444,
3444,
3444,
3444,
3444,
3444,
3444,
3444,
3444,
3444,
3444,
3C23,
3C23,
3C23,
3C23,
3C23,
3C23,
3C23,
3C23,
3C23,
3C23,
3423,
3423,
3423,
3423,
3423,
3423,
3423,
3C23,
3C24,
3C24,
3C24,
3C24,
3C43,
3443,
3C43,
3C23,
3C23,
3C23,
3423,
3423,
3423,
3423,
3C23,
3C23,
3C23,
3C23,
3C23,
3C23,
3C23,
3C23,
3C24,
3C24,
3C24,
3C24,
3C24,
3C24,
3C24,
3C24,
3C24,
3C24,
3C24,
3C24,
3C24,
3C24,
3C24,
3C24,
3C24,
3C24,
3C24,
3C24,
3C24,
3C24,
3C24,
3C24,
3C24,
3C24,
3C24,
3C24,
3C24,
3C24,
3C24,
3C24,
3C24,
3C24,
3C24,
3C24,
3C24,
3C24,
3C24,
3C24,
3C24,
3C24,
3C24,
3C24,
3C24,
3C24,
3C24,
3C24,
3C24,
3C24,
3C24,
3C24,
3C24,
3C24,
3C24,
3C43,
3C23,
3C23,
3C23,
3C23,
3C23,
3C23,
3423,
3423,
3423,
3423,
3423,
3423,
3423,
3423,
3423,
3423,
3423,
3423,
3423,
3423,
3423,
3423,
3423,
3423,
3423,
3423,
3403,
3403,
3403,
3403,
3403,
3403,
3403,
3403,
3BE3,
3BE2,
43C2,
4362,
2A60,
1980,
2180,
6323,
A4AA,
9428,
5A63,
4181,
51E5,
8BED,
BD94,
C617,
C619,
CE5A,
DE9C,
DEBC,
D69C,
DEBC,
DEBC,
AD77,
632E,
632E,
B5B7,
D69B,
CE9B,
D6DC,
DEFC,
DEFC,
DEFC,
DEFC,
DEFC,
DEFB,
DEFB,
DEFB,
DEFB,
DEFB,
DEFC,
DEFC,
DEFC,
DEFB,
E71B,
DEFB,
BDF7,
6B8D,
2124,
08A0,
00A0,
0080,
0080,
0080,
1122,
4AC8,
744E,
A5B3,
AE14,
8D6F,
5C29,
3324,
3343,
3BC4,
3BC5,
3BC4,
33E4,
33E4,
33E4,
33E4,
3403,
3403,
3403,
3403,
3403,
3423,
3423,
3423,
3423,
3423,
3423,
3C23,
3C23,
3C23,
3C23,
3C23,
3C23,
3C23,
3C23,
3C23,
3423,
3423,
3424,
3424,
3424,
3424,
3424,
3424,
3444,
3444,
3444,
3444,
3444,
3444,
3444,
3444,
3444,
3444,
3444,
3444,
3444,
3444,
3444,
3444,
3444,
3444,
3444,
3444,
3444,
3444,
3444,
3444,
3444,
3444,
3444,
3444,
3444,
3444,
3444,
3444,
3444,
3444,
3444,
3444,
3444,
3C44,
3C44,
3C44,
3C44,
3C44,
3444,
3444,
3444,
3444,
3444,
3444,
3444,
3444,
3444,
3444,
3444,
3444,
3444,
3444,
3444,
3444,
3444,
3444,
3444,
3444,
3444,
3444,
3444,
3444,
3444,
3444,
3444,
3444,
3444,
3444,
3C23,
3C23,
3C23,
3C23,
3C23,
3C23,
3C23,
3C23,
3C23,
3C23,
3423,
3423,
3423,
3424,
3424,
3423,
3423,
3C23,
3C23,
3C24,
3C24,
3C24,
3C43,
3443,
3C43,
3C23,
3C23,
3C23,
3423,
3423,
3423,
3423,
3C23,
3C23,
3C23,
3C23,
3C23,
3C23,
3C23,
3C23,
3C24,
3C24,
3C24,
3C24,
3C24,
3C24,
3C24,
3C24,
3C24,
3C24,
3C24,
3C24,
3C24,
3C24,
3C24,
3C24,
3C24,
3C24,
3C24,
3C24,
3C24,
3C24,
3C24,
3C24,
3C24,
3C24,
3C24,
3C24,
3C24,
3C24,
3C24,
3C24,
3C24,
3C24,
3C24,
3C24,
3C24,
3C24,
3C24,
3C24,
3C24,
3C24,
3C24,
3C24,
3C24,
3C24,
3C24,
3C24,
3C24,
3C24,
3C24,
3C24,
3C24,
3C24,
3C24,
3C24,
3C23,
3C23,
3C23,
3C23,
3C23,
3C23,
3423,
3423,
3423,
3423,
3423,
3423,
3423,
3423,
3423,
3423,
3423,
3423,
3423,
3423,
3423,
3423,
3423,
3423,
3423,
3423,
3403,
3403,
3403,
3403,
3403,
3403,
3403,
3403,
3C03,
3BE3,
43C3,
4BA3,
3B02,
21E0,
1960,
3A41,
6B46,
62C6,
39A3,
41E4,
736B,
BD95,
CE59,
CE39,
CE3A,
D69B,
DEDD,
DEBD,
DEBC,
DEBD,
DEBC,
AD77,
632E,
632E,
B5B7,
CE9B,
CE9B,
D6BB,
DEFC,
DEFC,
DEFC,
DEFC,
DEFC,
DEFB,
DEFB,
DEFB,
DEFB,
DEFB,
DEFC,
DEFC,
DEFC,
DEFB,
DEFB,
DEFB,
DF1B,
C659,
9D13,
8450,
6BCD,
5B4B,
4AE9,
532A,
7C4E,
ADF4,
BE97,
CEF8,
C6D7,
8D4F,
4366,
2AC3,
3B84,
43E5,
3BE5,
3BE4,
3BC4,
3BE4,
3BE3,
3BE3,
3403,
3403,
3403,
3403,
3403,
3423,
3423,
3423,
3423,
3423,
3423,
3C23,
3C23,
3C23,
3C23,
3C23,
3C23,
3C23,
3C23,
3C23,
3423,
3423,
3424,
3424,
3424,
3424,
3424,
3424,
3444,
3444,
3444,
3444,
3444,
3444,
3444,
3444,
3444,
3444,
3444,
3444,
3444,
3444,
3444,
3444,
3444,
3444,
3444,
3444,
3444,
3444,
3444,
3444,
3444,
3444,
3444,
3444,
3444,
3444,
3444,
3444,
3444,
3444,
3444,
3444,
3444,
3C44,
3C44,
3C44,
3C44,
3C44,
3444,
3444,
3444,
3444,
3444,
3444,
3444,
3444,
3444,
3444,
3444,
3444,
3444,
3444,
3444,
3444,
3444,
3444,
3444,
3444,
3444,
3444,
3444,
3444,
3444,
3444,
3444,
3444,
3444,
3444,
3C23,
3C23,
3C23,
3C23,
3C23,
3C23,
3C23,
3C23,
3C23,
3C23,
3423,
3423,
3423,
3423,
3423,
3423,
3423,
3423,
3C23,
3C24,
3C24,
3C24,
3C43,
3443,
3C43,
3C23,
3C23,
3C23,
3423,
3423,
3423,
3423,
3C23,
3C23,
3C23,
3C23,
3C23,
3C23,
3C23,
3C23,
3C24,
3C24,
3C24,
3C24,
3C24,
3C24,
3C24,
3C24,
3C24,
3C24,
3C24,
3C24,
3C24,
3C24,
3C24,
3C24,
3C24,
3C24,
3C24,
3C24,
3C24,
3C24,
3C24,
3C24,
3C24,
3C24,
3C24,
3C24,
3C24,
3C24,
3C24,
3C24,
3C24,
3C24,
3C24,
3C24,
3C24,
3C24,
3C24,
3C24,
3C24,
3C24,
3C24,
3C24,
3C24,
3C24,
3C24,
3C24,
3C24,
3C24,
3C24,
3C24,
3C24,
3C24,
3C24,
3C24,
3C23,
3C23,
3C23,
3C23,
3C23,
3C23,
3423,
3423,
3423,
3423,
3423,
3423,
3423,
3423,
3423,
3423,
3423,
3423,
3423,
3423,
3423,
3423,
3423,
3423,
3423,
3423,
3403,
3403,
3403,
3403,
3403,
3403,
3403,
3403,
3403,
3C03,
43C3,
43C3,
3B43,
2A41,
1960,
2160,
3A03,
4A45,
5247,
734B,
A4F2,
C618,
CE3A,
D65B,
D67B,
DEBC,
DEDD,
DEBD,
DEBD,
DEDD,
DEFD,
B5B8,
6B4E,
6B4E,
B5B7,
CE9B,
CE9B,
D6BB,
DEFC,
DEFC,
DEFC,
DEFC,
DEFC,
DEFC,
DEFC,
DEFC,
DEFC,
DEFC,
DEFC,
DEFC,
DEFC,
DEFB,
DEFB,
DEDB,
DEFB,
DEFB,
DF1B,
D6FB,
CEB9,
CE79,
C658,
C678,
CED9,
D71A,
D719,
CF19,
BEB7,
850E,
3AE5,
32E3,
3BA5,
43E5,
3BC5,
3BC4,
3BE4,
3BE3,
3C03,
3C04,
3C03,
3403,
3423,
3423,
3423,
3423,
3423,
3423,
3423,
3423,
3423,
3C23,
3C23,
3C23,
3C23,
3C23,
3C23,
3C23,
3C23,
3C23,
3423,
3423,
3424,
3424,
3424,
3424,
3424,
3424,
3444,
3444,
3C44,
3C44,
3C44,
3C44,
3C44,
3C44,
3C44,
3C44,
3C44,
3C44,
3C44,
3C44,
3C44,
3C44,
3C44,
3C44,
3444,
3444,
3444,
3444,
3444,
3444,
3444,
3444,
3444,
3444,
3444,
3444,
3444,
3444,
3444,
3444,
3444,
3444,
3444,
3C44,
3C44,
3C44,
3C44,
3C44,
3444,
3444,
3444,
3444,
3444,
3444,
3444,
3444,
3444,
3444,
3444,
3444,
3444,
3444,
3444,
3444,
3444,
3444,
3444,
3444,
3444,
3444,
3444,
3444,
3444,
3444,
3444,
3444,
3444,
3444,
3C23,
3C23,
3C23,
3C23,
3C23,
3C23,
3C23,
3C23,
3C23,
3C23,
3423,
3423,
3423,
3423,
3423,
3423,
3423,
3C24,
3C24,
3C24,
3C24,
3C24,
3C43,
3443,
3C43,
3C23,
3C23,
3C23,
3423,
3423,
3423,
3423,
3C23,
3C23,
3C23,
3C23,
3C23,
3C23,
3C23,
3C23,
3C23,
3C23,
3C24,
3C24,
3C24,
3C24,
3C24,
3C24,
3C24,
3C24,
3C24,
3C24,
3C24,
3C24,
3C24,
3C24,
3C24,
3C24,
3C24,
3C24,
3C24,
3C24,
3C24,
3C24,
3C24,
3C24,
3C24,
3C24,
3C24,
3C24,
3C24,
3C24,
3C24,
3C24,
3C24,
3C24,
3C24,
3C24,
3C24,
3C24,
3C24,
3C24,
3C24,
3C24,
3C24,
3C24,
3C24,
3C24,
3C24,
3C24,
3C24,
3C24,
3C24,
3C24,
3C24,
3C24,
3C23,
3C23,
3C23,
3C23,
3C23,
3C23,
3C23,
3423,
3423,
3423,
3423,
3423,
3423,
3423,
3423,
3423,
3423,
3423,
3423,
3423,
3423,
3423,
3423,
3423,
3423,
3423,
3402,
3403,
3403,
3403,
3403,
3403,
3403,
3403,
3403,
3403,
3BE3,
43C4,
3B64,
2A62,
2180,
10E0,
29A1,
52C8,
7BEE,
A533,
BE18,
C63A,
CE5B,
D69C,
D69B,
DEBC,
DEBD,
DEBD,
DEBD,
DEBD,
E6FD,
C63A,
7BD0,
634D,
AD76,
CE9B,
CE9B,
D6BB,
DEFC,
DEFC,
DEFC,
DEFC,
DEFC,
DEFC,
DEFC,
DEFC,
DEFC,
DEFC,
DEFC,
DEFC,
DEFC,
DEFC,
DEFC,
DEFC,
DEDB,
DEDB,
DEDB,
DEFC,
E71C,
E73C,
E73C,
DF3B,
D71B,
D6FA,
D71A,
D71A,
BE96,
84CE,
42C5,
32C4,
43A5,
43C5,
3BC5,
3BC4,
3BC4,
3BE4,
3BE4,
3C03,
33E3,
3403,
3403,
3403,
3423,
3423,
3423,
3423,
3423,
3423,
3423,
3C23,
3C23,
3C23,
3C23,
3C23,
3C23,
3C23,
3C23,
3C23,
3423,
3423,
3424,
3424,
3424,
3424,
3424,
3424,
3444,
3444,
3C44,
3C44,
3C44,
3C44,
3C44,
3C44,
3C44,
3C44,
3C44,
3C44,
3C44,
3C44,
3C44,
3C44,
3C44,
3C44,
3444,
3444,
3444,
3444,
3444,
3444,
3444,
3444,
3444,
3444,
3444,
3444,
3444,
3444,
3444,
3444,
3444,
3444,
3444,
3C44,
3C44,
3C44,
3C44,
3C44,
3444,
3444,
3444,
3444,
3444,
3444,
3464,
3464,
3464,
3444,
3464,
3464,
3464,
3464,
3464,
3444,
3444,
3444,
3444,
3444,
3444,
3444,
3444,
3444,
3444,
3444,
3444,
3444,
3444,
3444,
3C23,
3C23,
3C23,
3C43,
3C43,
3C43,
3C43,
3C43,
3C24,
3C24,
3C23,
3C23,
3C23,
3C24,
3C24,
3C24,
3C24,
3C24,
3C24,
3C24,
3C24,
3C24,
3C44,
3443,
3C43,
3C23,
3C23,
3C23,
3C23,
3C23,
3C23,
3C24,
3C24,
3C23,
3C23,
3C23,
3C23,
3C23,
3C23,
3C23,
3C24,
3C24,
3C24,
3C24,
3C24,
3C24,
3C24,
3C24,
3C24,
3C24,
3C24,
3C24,
3C24,
3C24,
3C24,
3C24,
3C24,
3C24,
3C24,
3C24,
3C24,
3C24,
3C24,
3C24,
3C24,
3C24,
3C24,
3C24,
3C24,
3C24,
3C24,
3C24,
3C24,
3C24,
3C24,
3C24,
3C24,
3C24,
3C24,
3C24,
3C24,
3C24,
3C24,
3C24,
3C24,
3C24,
3C24,
3C24,
3C24,
3C24,
3C24,
3C24,
3C24,
3C24,
3C24,
3C24,
3C24,
3C23,
3C23,
3C23,
3C23,
3C23,
3C23,
3423,
3423,
3423,
3423,
3423,
3423,
3423,
3423,
3423,
3423,
3423,
3423,
3423,
3423,
3423,
3423,
3423,
3423,
3403,
3403,
3403,
3403,
3403,
3403,
3403,
3403,
3403,
3403,
3403,
3BE3,
43C4,
4BA5,
3AC4,
2181,
08C0,
2182,
6BAC,
A575,
C67A,
CEDC,
CE9C,
D6BC,
DEBC,
DEBC,
DEBC,
DEDD,
DEDD,
DEBD,
DEDC,
DEFD,
CE7B,
8451,
630C,
9D14,
CE9B,
CE9B,
D6BB,
DEFC,
DEFC,
DEFC,
DEFC,
DEFC,
DEFC,
DEFC,
DEFC,
DEFC,
DEFC,
DEFC,
DEFC,
DEFC,
DEFC,
DEFC,
DEFC,
DEFC,
DEFC,
DEDC,
DEDC,
DEFC,
DEFC,
DEFB,
DEFB,
D6FA,
D6FA,
D6FA,
D71A,
BEB7,
7CCE,
3AC5,
32A4,
4386,
43C6,
43C5,
43C5,
3BC5,
4405,
3C04,
33C3,
2BC2,
33E2,
33E3,
3403,
3403,
3423,
3423,
3423,
3423,
3423,
3423,
3C23,
3C23,
3C23,
3C23,
3C23,
3C23,
3C23,
3C23,
3C24,
3C24,
3423,
3424,
3424,
3424,
3424,
3424,
3424,
3C44,
3C44,
3C44,
3C44,
3C44,
3C44,
3C44,
3C44,
3C44,
3C44,
3C44,
3C44,
3C44,
3C44,
3C44,
3C44,
3C44,
3C44,
3C44,
3C44,
3444,
3444,
3444,
3444,
3444,
3444,
3444,
3444,
3444,
3444,
3444,
3444,
3C44,
3C44,
3C44,
3C44,
3C44,
3C44,
3C44,
3C44,
3C44,
3C44,
3444,
3444,
3444,
3444,
3444,
3444,
3444,
3444,
3444,
3444,
3444,
3444,
3444,
3444,
3444,
3444,
3444,
3444,
3444,
3444,
3444,
3444,
3444,
3444,
3444,
3444,
3444,
3444,
3444,
3444,
3C23,
3C23,
3C43,
3C43,
3C43,
3C43,
3C43,
3C44,
3C44,
3C44,
3C44,
3C44,
3C44,
3C44,
3C44,
3C44,
3C44,
3C44,
3C24,
3C24,
3C24,
3C24,
3C24,
3C24,
3C24,
3C24,
3C24,
3C24,
3C24,
3C24,
3C24,
3C24,
3C24,
3C24,
3C24,
3C24,
3C24,
3C24,
3C24,
3C24,
3C44,
3C44,
3C44,
3C44,
3C44,
3C44,
3C44,
3C44,
3C44,
3C44,
3C44,
3C44,
3C44,
3C44,
3C44,
3C44,
3C44,
3C44,
3C44,
3C44,
3C44,
3C44,
3C44,
3C44,
3C44,
3C44,
3C44,
3C44,
3C44,
3C44,
3C44,
3C44,
3C44,
3C44,
3C44,
3C24,
3C24,
3C24,
3C24,
3C24,
3C24,
3C24,
3C24,
3C24,
3C24,
3C24,
3C24,
3C24,
3C24,
3C24,
3C24,
3C24,
3C23,
3C24,
3C23,
3C24,
3C24,
3C23,
3C23,
3423,
3423,
3423,
3423,
3423,
3423,
3423,
3423,
3423,
3423,
3423,
3423,
3423,
3423,
3423,
3423,
3423,
3423,
3423,
3423,
3423,
3403,
3403,
3403,
3403,
3403,
3403,
3403,
3403,
3403,
3403,
3403,
3402,
33E3,
43C4,
4BA6,
4B06,
29C2,
10E0,
3206,
8CB1,
BE18,
CEBC,
D6DD,
D6DC,
D6BC,
DEBC,
DEDC,
DEDD,
DEDD,
DEDD,
DEDC,
DEDD,
E6FD,
D69B,
8C51,
5ACB,
9CD3,
D69B,
D69B,
D6BB,
D6DC,
DEFC,
DEFC,
DEFC,
DEFC,
DEFC,
DEFC,
DEFC,
DEFC,
DEFC,
DEFC,
DEFC,
DEFC,
DEFC,
DEFC,
DEFD,
DEFC,
DEFC,
DEFC,
DEFC,
DEFC,
DEFC,
DEFC,
DEFB,
D6FB,
D6FA,
D6FA,
D73A,
BE97,
746D,
3284,
2A63,
3B05,
3B65,
43A6,
43E6,
43E6,
3BC5,
33C4,
2362,
1B41,
2361,
2BC2,
3403,
3403,
3423,
3423,
3423,
3423,
3424,
3424,
3C23,
3C23,
3C23,
3C23,
3C23,
3C24,
3C24,
3C24,
3C24,
3C24,
3C24,
3C24,
3C24,
3C24,
3C24,
3C24,
3C24,
3C24,
3C24,
3C44,
3C44,
3C44,
3C44,
3C44,
3C44,
3C44,
3C44,
3C44,
3C44,
3C44,
3C44,
3C44,
3C44,
3C44,
3C44,
3C44,
3C44,
3C44,
3444,
3444,
3444,
3444,
3444,
3444,
3444,
3444,
3444,
3444,
3444,
3C44,
3C44,
3C44,
3C44,
3C44,
3C44,
3C44,
3C44,
3C44,
3C44,
3444,
3444,
3444,
3444,
3444,
3444,
3444,
3444,
3444,
3444,
3444,
3444,
3444,
3444,
3444,
3444,
3444,
3444,
3444,
3444,
3444,
3444,
3444,
3444,
3444,
3464,
3464,
3464,
3464,
3464,
3C23,
3C23,
3C43,
3C43,
3C43,
3C43,
3C43,
3C44,
3C44,
3C44,
3C44,
3C44,
3C44,
3C44,
3C44,
3C44,
3C44,
3C44,
3C24,
3C24,
3C24,
3C24,
3C24,
3C24,
3C24,
3C24,
3C24,
3C24,
3C24,
3C24,
3C24,
3C24,
3C24,
3C24,
3C24,
3C24,
3C24,
3C24,
3C24,
3C24,
3C44,
3C44,
3C44,
3C44,
3C44,
3C44,
3C44,
3C44,
3C44,
3C44,
3C44,
3C44,
3C44,
3C44,
3C44,
3C44,
3C44,
3C44,
3C44,
3C44,
3C44,
3C44,
3C44,
3C44,
3C44,
3C44,
3C44,
3C44,
3C44,
3C44,
3C44,
3C44,
3C44,
3C44,
3C44,
3C24,
3C24,
3C24,
3C24,
3C24,
3C24,
3C24,
3C24,
3C24,
3C24,
3C24,
3C24,
3C24,
3C24,
3C24,
3C23,
3C23,
3423,
3C23,
3423,
3423,
3C23,
3C23,
3C23,
3423,
3423,
3423,
3423,
3423,
3423,
3423,
3423,
3423,
3423,
3423,
3423,
3423,
3423,
3423,
3423,
3423,
3423,
3403,
3403,
3403,
3403,
3403,
3403,
3403,
3C02,
3402,
3402,
3402,
3402,
3402,
3403,
3402,
3BE3,
3BC4,
4BA6,
4B46,
3223,
21A2,
5309,
9D34,
C659,
CE9B,
D6DC,
D6DC,
DEBC,
DEDC,
DEDC,
DEDD,
DEDD,
DEDD,
DEDC,
DEDC,
E6FD,
D69B,
8C72,
52AB,
8C73,
D69B,
D6BB,
D6BB,
D6DC,
DEFC,
DEFC,
DEFC,
DEFC,
DEFC,
DEFC,
DEFC,
DEFC,
DEFC,
DEFC,
DEFC,
DEFC,
DEFD,
DEFD,
DEFD,
DEFC,
DEFC,
DEFC,
DEFC,
E6FC,
DEFC,
DEFC,
DEFC,
DEFB,
D6FB,
D6FA,
DF3B,
BE76,
6C0C,
2A44,
19C2,
2A43,
32E5,
4367,
43A7,
3B66,
2B04,
1A82,
0A60,
0A80,
12E0,
2381,
33E2,
3403,
3403,
3423,
3423,
3423,
3423,
3423,
3C23,
3C23,
3C23,
3C23,
3C23,
3C24,
3C24,
3C24,
3C24,
3C24,
3C24,
3C24,
3C24,
3C24,
3C24,
3C24,
3C24,
3C24,
3C24,
3C44,
3C44,
3C43,
3C43,
3C43,
3C44,
3C44,
3C44,
3C44,
3C44,
3C44,
3C43,
3C43,
3C43,
3C43,
3C43,
3C43,
3C43,
3C43,
3444,
3444,
3444,
3444,
3444,
3444,
3444,
3444,
3444,
3444,
3444,
3C44,
3C44,
3C44,
3C44,
3C44,
3C44,
3C44,
3C44,
3C44,
3C44,
3444,
3444,
3444,
3444,
3444,
3444,
3444,
3444,
3444,
3444,
3444,
3444,
3444,
3444,
3444,
3444,
3444,
3444,
3444,
3444,
3444,
3444,
3444,
3444,
3444,
3464,
3464,
3464,
3464,
3464,
3C23,
3C23,
3C43,
3C43,
3C43,
3C43,
3C43,
3C43,
3C43,
3C43,
3C44,
3C44,
3C44,
3C44,
3C44,
3C44,
3C44,
3C44,
3C24,
3C24,
3C24,
3C24,
3C24,
3C24,
3C24,
3C24,
3C24,
3C24,
3C24,
3C24,
3C24,
3C24,
3C24,
3C24,
3C24,
3C24,
3C24,
3C24,
3C24,
3C24,
3C44,
3C44,
3C44,
3C44,
3C44,
3C44,
3C44,
3C44,
3C44,
3C44,
3C44,
3C44,
3C44,
3C44,
3C44,
3C44,
3C44,
3C44,
3C44,
3C44,
3C44,
3C44,
3C44,
3C44,
3C44,
3C44,
3C44,
3C44,
3C44,
3C44,
3C44,
3C44,
3C44,
3C44,
3C44,
3C24,
3C24,
3C24,
3C24,
3C24,
3C24,
3C24,
3C24,
3C24,
3C24,
3C24,
3C24,
3C24,
3C24,
3C23,
3C23,
3C23,
3C23,
3C23,
3C23,
3C23,
3C23,
3C23,
3C23,
3423,
3423,
3423,
3423,
3423,
3423,
3423,
3423,
3423,
3423,
3423,
3423,
3423,
3423,
3423,
3423,
3423,
3403,
3402,
33E2,
3403,
3403,
3C03,
3C03,
3C02,
3C02,
3C02,
3C02,
3403,
3403,
33E3,
3BE3,
3BE3,
3BE4,
3BC5,
4386,
5367,
42A5,
3A45,
6BCC,
ADD6,
CE9B,
CE9C,
D6DC,
DEDD,
DEDC,
DEDC,
DEDD,
DEDD,
DEDD,
DEDC,
DEDC,
DEDC,
DEFC,
D69B,
9473,
5AAB,
8C52,
CE9B,
D6DC,
D69B,
D6BB,
DEDC,
DEFC,
DEFC,
DEFC,
DEFC,
DEFC,
DEFC,
DEFC,
DEFC,
DEFC,
DEFC,
DEFC,
DEFC,
DEFC,
DEFC,
DEFC,
E6FC,
E6FC,
E6FC,
E6FC,
DEFC,
DEFC,
DEFC,
DEFB,
DEFB,
DF1B,
DF3B,
C698,
84D0,
42C7,
21E3,
21E3,
2223,
2A83,
2283,
1A22,
09A0,
0160,
0180,
0220,
0AC0,
2361,
2BC2,
3403,
3423,
3423,
3423,
3423,
3423,
3423,
3C23,
3C23,
3C23,
3C23,
3C24,
3C24,
3C24,
3C24,
3C24,
3C24,
3C24,
3C24,
3C24,
3C24,
3C24,
3C24,
3C24,
3C24,
3C24,
3C44,
3C44,
3C43,
3C43,
3C43,
3C43,
3C43,
3C43,
3C43,
3C44,
3C44,
3C43,
3C43,
3C43,
3C43,
3C43,
3C43,
3C43,
3C43,
3444,
3444,
3444,
3444,
3444,
3444,
3444,
3444,
3444,
3444,
3444,
3C44,
3C44,
3C44,
3C44,
3C44,
3C44,
3C44,
3C44,
3C44,
3C44,
3444,
3444,
3444,
3444,
3444,
3444,
3444,
3444,
3444,
3444,
3444,
3444,
3444,
3444,
3444,
3444,
3444,
3444,
3444,
3444,
3444,
3444,
3444,
3444,
3444,
3464,
3464,
3464,
3464,
3464,
3C23,
3C23,
3C43,
3C43,
3C43,
3C43,
3C43,
3C43,
3C43,
3C43,
3C44,
3C44,
3C44,
3C44,
3C44,
3C44,
3C44,
3C44,
3C24,
3C24,
3C24,
3C24,
3C24,
3C24,
3C24,
3C24,
3C24,
3C24,
3C24,
3C24,
3C24,
3C23,
3C24,
3C24,
3C24,
3C24,
3C24,
3C24,
3C24,
3C24,
3C44,
3C44,
3C44,
3C44,
3C44,
3C44,
3C44,
3C44,
3C44,
3C44,
3C44,
3C44,
3C44,
3C44,
3C44,
3C44,
3C44,
3C44,
3C44,
3C44,
3C44,
3C44,
3C44,
3C44,
3C44,
3C44,
3C44,
3C44,
3C44,
3C44,
3C44,
3C44,
3C44,
3C44,
3C44,
3C24,
3C24,
3C24,
3C24,
3C24,
3C24,
3C24,
3C24,
3C24,
3C24,
3C24,
3C24,
3C24,
3C24,
3C23,
3C23,
3C23,
3C23,
3C23,
3C23,
3C23,
3C23,
3C23,
3C23,
3423,
3423,
3423,
3423,
3423,
3423,
3423,
3423,
3423,
3423,
3423,
3423,
3423,
3423,
3423,
3423,
3403,
3403,
33E2,
2BE2,
33E2,
3403,
33E3,
3BE3,
3BE3,
3BE3,
3BE3,
3BE3,
3BE3,
3BE4,
3BE4,
3BE4,
3BE4,
43E6,
43A6,
4346,
4307,
3A66,
4AE8,
8490,
BE18,
CEBC,
D6BC,
D6DC,
DEDD,
DEFD,
DEDC,
DEDD,
E6DD,
DEDD,
DEDC,
DEDC,
DEFC,
DEFC,
D6BB,
9CD4,
5ACC,
8431,
CE7A,
DEDC,
D6BB,
D6BB,
DEDC,
DEFC,
DEDC,
DEFC,
DEFC,
DEFC,
DEFC,
DEFC,
DEFC,
DEFC,
DEFC,
DEFC,
DEFC,
DEFC,
DEFC,
DEFC,
DEFC,
E6FC,
E6FC,
E6FC,
DEFC,
DEFC,
DEFC,
DEFC,
DEFC,
DEFB,
DF1B,
D71A,
BE56,
8CD0,
5B8A,
3245,
1161,
0120,
0120,
0120,
0100,
0120,
01A0,
0A60,
1301,
2382,
2BE3,
3403,
3423,
3423,
3423,
3423,
3423,
3423,
3C23,
3C23,
3C23,
3C23,
3C24,
3C24,
3C24,
3C24,
3C23,
3C24,
3C24,
3C24,
3C24,
3C24,
3C24,
3C24,
3C24,
3C24,
3C24,
3C44,
3C44,
3C43,
3C43,
3C43,
3C43,
3C43,
3C43,
3C43,
3C44,
3C44,
3C43,
3C43,
3C43,
3C43,
3C43,
3C43,
3C43,
3C43,
3444,
3444,
3444,
3444,
3444,
3444,
3444,
3444,
3444,
3444,
3444,
3C44,
3C44,
3C44,
3C44,
3C44,
3C44,
3C44,
3C44,
3C44,
3C44,
3444,
3444,
3444,
3444,
3444,
3444,
3444,
3444,
3444,
3444,
3444,
3444,
3444,
3444,
3444,
3444,
3444,
3444,
3444,
3444,
3444,
3444,
3444,
3444,
3444,
3464,
3464,
3464,
3464,
3464,
3C23,
3C23,
3C43,
3C43,
3C43,
3C43,
3C43,
3C43,
3C43,
3C44,
3C44,
3C44,
3C44,
3C44,
3C44,
3C44,
3C44,
3C44,
3C24,
3C24,
3C24,
3C24,
3C24,
3C24,
3C24,
3C24,
3C24,
3C24,
3C24,
3C24,
3C24,
3C24,
3C24,
3C24,
3C24,
3C24,
3C24,
3C24,
3C24,
3C24,
3C44,
3C44,
3C44,
3C44,
3C44,
3C44,
3C44,
3C44,
3C44,
3C44,
3C44,
3C44,
3C44,
3C44,
3C44,
3C44,
3C44,
3C44,
3C44,
3C44,
3C44,
3C44,
3C44,
3C44,
3C44,
3C44,
3C44,
3C44,
3C44,
3C44,
3C44,
3C44,
3C44,
3C44,
3C44,
3C24,
3C24,
3C24,
3C24,
3C24,
3C24,
3C24,
3C24,
3C24,
3C24,
3C24,
3C24,
3C24,
3C24,
3C23,
3C23,
3C23,
3C23,
3C23,
3C23,
3C23,
3C23,
3C23,
3C23,
3423,
3423,
3423,
3423,
3423,
3423,
3423,
3423,
3423,
3423,
3423,
3423,
3423,
3423,
3423,
3403,
3403,
3403,
33E3,
2BE2,
2BC2,
2B81,
2B81,
3382,
3BC3,
3BE3,
3BE4,
4404,
3BE4,
3BE4,
3BE5,
43E5,
43E5,
3BA5,
3325,
32A5,
21E4,
29C5,
636C,
9D55,
C65A,
CEBC,
D6DD,
D6DC,
DEDC,
DEFC,
DEDC,
DEDD,
E6DD,
E6FD,
E6FC,
DEDC,
DEDC,
DEFC,
E6FC,
AD56,
5AED,
73D0,
BDF8,
D6BB,
D6BB,
D6BB,
DEDC,
DEDC,
DEDC,
DEDC,
DEFC,
DEFC,
DEFC,
DEFC,
DEFC,
DEFC,
DEFC,
DEFC,
DEFC,
DEFC,
DEFC,
DEFC,
DEFC,
DEFC,
E6FC,
E6FD,
E6FC,
DEFC,
DEFC,
DF1C,
DEFC,
DEFB,
DEFB,
DF1B,
DF5B,
C6B7,
9551,
5B8A,
19A2,
00E0,
00E0,
0140,
09A0,
1221,
22A1,
2301,
2B83,
3404,
3423,
3403,
3423,
3423,
3423,
3423,
3423,
3423,
3C23,
3C23,
3C23,
3C23,
3C24,
3C24,
3C24,
3C24,
3C24,
3C24,
3C24,
3C24,
3C24,
3C24,
3C24,
3C24,
3C24,
3C24,
3C44,
3C44,
3C44,
3C43,
3C43,
3C43,
3C43,
3C43,
3C43,
3C43,
3C44,
3C44,
3C43,
3C43,
3C43,
3C43,
3C43,
3C43,
3C43,
3C43,
3444,
3444,
3444,
3444,
3444,
3444,
3444,
3444,
3444,
3444,
3444,
3C44,
3C44,
3C44,
3C44,
3C44,
3C44,
3C44,
3C44,
3C44,
3C44,
3444,
3444,
3444,
3444,
3444,
3444,
3444,
3444,
3444,
3444,
3444,
3444,
3444,
3444,
3444,
3444,
3444,
3444,
3444,
3444,
3444,
3444,
3444,
3444,
3444,
3464,
3464,
3464,
3464,
3464,
3C23,
3C23,
3C43,
3C43,
3C43,
3C43,
3C43,
3C43,
3C43,
3C44,
3C44,
3C44,
3C44,
3C44,
3C44,
3C44,
3C44,
3C44,
3C24,
3C24,
3C24,
3C24,
3C24,
3C24,
3C24,
3C24,
3C24,
3C24,
3C24,
3C24,
3C24,
3C24,
3C24,
3C24,
3C24,
3C24,
3C24,
3C44,
3C44,
3C44,
3C44,
3C44,
3C44,
3C44,
3C44,
3C44,
3C44,
3C44,
3C44,
3C44,
3C44,
3C44,
3C44,
3C44,
3C44,
3C44,
3C44,
3C44,
3C44,
3C44,
3C44,
3C44,
3C44,
3C44,
3C44,
3C44,
3C44,
3C44,
3C44,
3C44,
3C44,
3C44,
3C44,
3C44,
3C44,
3C44,
3C44,
3C24,
3C24,
3C24,
3C24,
3C24,
3C24,
3C24,
3C24,
3C24,
3C24,
3C24,
3C24,
3C23,
3C23,
3C23,
3C23,
3C23,
3C23,
3C23,
3C23,
3C23,
3C23,
3423,
3423,
3424,
3423,
3423,
3423,
3423,
3423,
3423,
3423,
3423,
3423,
3423,
3423,
3423,
3423,
3403,
3403,
33E3,
2BC3,
2362,
12C0,
1280,
1280,
22E1,
2B42,
2B43,
3363,
3343,
2B43,
2B24,
2B44,
3344,
22C3,
1A22,
11A2,
08E1,
29C5,
7410,
ADB8,
BE5A,
CE9B,
D6DD,
DEDC,
DEDC,
DEFC,
DEDC,
DEFD,
E6FD,
E6FD,
E6FC,
E6FC,
DEDC,
DEFC,
E71D,
B577,
62ED,
738F,
BDD8,
D6BB,
D69B,
D6BB,
D6DC,
DEDC,
DEDC,
DEDC,
DEFC,
DEFC,
DEFC,
DEFC,
DEFC,
DEFC,
DEDC,
DEDC,
DEDC,
DEFC,
DEFC,
DEFC,
DEDC,
DEFC,
DEFC,
E6FD,
E6FD,
E6FD,
DEFD,
DF1C,
DF1C,
DF1C,
DEFB,
DF1B,
DF3A,
CED8,
9DB3,
5BA9,
19C1,
0140,
0180,
1A61,
2AE3,
3344,
3BA4,
3BC4,
3BE5,
3C05,
3403,
3403,
3423,
3C24,
3C24,
3C23,
3C23,
3C23,
3C23,
3C23,
3C23,
3C23,
3C24,
3C24,
3C24,
3C24,
3C24,
3C24,
3C24,
3C24,
3C24,
3C24,
3C24,
3C24,
3C24,
3C44,
3C44,
3C44,
3C44,
3C43,
3C43,
3C43,
3C43,
3C43,
3C43,
3C43,
3C43,
3C43,
3C43,
3C43,
3C43,
3C43,
3C43,
3C43,
3C43,
3443,
3444,
3444,
3444,
3444,
3444,
3444,
3444,
3444,
3443,
3443,
3444,
3444,
3444,
3444,
3444,
3444,
3444,
3444,
3444,
3444,
3444,
3444,
3444,
3444,
3444,
3444,
3444,
3444,
3444,
3444,
3444,
3444,
3444,
3444,
3444,
3444,
3444,
3444,
3444,
3444,
3444,
3444,
3444,
3444,
3444,
3444,
3464,
3464,
3464,
3464,
3464,
3C23,
3C23,
3C43,
3C43,
3C43,
3C43,
3C43,
3C43,
3C43,
3C44,
3C44,
3C44,
3C44,
3C44,
3C44,
3C44,
3C44,
3C44,
3C24,
3C24,
3C24,
3C24,
3C24,
3C24,
3C24,
3C24,
3C24,
3C24,
3C24,
3C24,
3C24,
3C24,
3C24,
3C24,
3C24,
3C24,
3C24,
3C44,
3C44,
3C44,
3C44,
3C44,
3C44,
3C44,
3C44,
3C44,
3C44,
3C44,
3C44,
3C44,
3C44,
3C44,
3C44,
3C44,
3C44,
3C44,
3C44,
3C44,
3C44,
3C44,
3C44,
3C44,
3C44,
3C44,
3C44,
3C44,
3C44,
3C44,
3C44,
3C44,
3C44,
3C44,
3C44,
3C44,
3C44,
3C44,
3C44,
3C24,
3C24,
3C24,
3C24,
3C24,
3C24,
3C24,
3C24,
3C24,
3C24,
3C24,
3C24,
3C23,
3C23,
3C23,
3C23,
3C23,
3C23,
3C23,
3C23,
3C23,
3C23,
3423,
3423,
3423,
3423,
3423,
3423,
3423,
3423,
3423,
3423,
3423,
3423,
3423,
3423,
3423,
3423,
3423,
3403,
3403,
2BC3,
2342,
1280,
01E0,
01A0,
01A0,
09E0,
1240,
1220,
1220,
1221,
1221,
1201,
1201,
09A0,
0161,
0921,
2184,
530A,
94F3,
B619,
C63A,
CE7B,
D6DD,
DEFD,
DEFD,
DEFD,
DEFD,
DEFD,
E6FD,
E6FD,
E6FD,
E6FC,
DEFC,
DEFC,
DEFC,
B597,
630D,
6B6E,
BDD8,
D6BB,
CE7A,
D6BB,
D6DC,
DEDC,
DEDC,
DEDC,
DEFC,
DEFC,
DEFC,
DEFC,
DEFC,
DEFC,
DEDC,
DEDC,
DEDC,
DEFC,
DEDC,
DEFC,
DEDC,
DEDC,
DEFC,
DEFC,
E6FD,
E6FD,
DEFD,
DEFC,
DEFC,
DEFC,
DEFC,
D6FB,
C698,
A5D4,
7C8F,
2A23,
0160,
1A20,
2AE2,
3B85,
43C5,
43C5,
4405,
4405,
3C05,
3C04,
3C03,
3423,
3423,
3C24,
3C24,
3C23,
3C23,
3C23,
3C23,
3C23,
3C23,
3C23,
3C24,
3C24,
3C24,
3C24,
3C24,
3C24,
3C24,
3C24,
3C24,
3C24,
3C24,
3C24,
3C24,
3C44,
3C44,
3C44,
3C44,
3C44,
3C43,
3C43,
3C43,
3C43,
3C43,
3C43,
3C43,
3C43,
3C43,
3C43,
3C43,
3C43,
3C43,
3C43,
3C43,
3443,
3444,
3444,
3444,
3444,
3444,
3444,
3444,
3444,
3444,
3444,
3444,
3444,
3444,
3444,
3444,
3444,
3444,
3444,
3444,
3444,
3444,
3444,
3444,
3444,
3444,
3444,
3444,
3444,
3444,
3444,
3444,
3444,
3444,
3444,
3444,
3444,
3444,
3444,
3444,
3444,
3444,
3444,
3444,
3444,
3444,
3444,
3464,
3464,
3464,
3464,
3464,
3C23,
3C23,
3C23,
3C43,
3C43,
3C43,
3C43,
3C43,
3C43,
3C44,
3C44,
3C44,
3C44,
3C44,
3C44,
3C44,
3C44,
3C44,
3C24,
3C24,
3C24,
3C24,
3C24,
3C24,
3C24,
3C24,
3C24,
3C24,
3C24,
3C24,
3C24,
3C24,
3C24,
3C24,
3C24,
3C24,
3C24,
3C44,
3C44,
3C44,
3C44,
3C44,
3C44,
3C44,
3C44,
3C44,
3C44,
3C44,
3C44,
3C44,
3C44,
3C44,
3C44,
3C44,
3C44,
3C44,
3C44,
3C44,
3C44,
3C44,
3C44,
3C44,
3C44,
3C44,
3C44,
3C44,
3C44,
3C44,
3C44,
3C44,
3C44,
3C44,
3C24,
3C24,
3C24,
3C24,
3C24,
3C24,
3C24,
3C24,
3C24,
3C24,
3C24,
3C24,
3C24,
3C24,
3C24,
3C24,
3C24,
3C24,
3C23,
3C23,
3C23,
3C23,
3C23,
3C23,
3C23,
3C23,
3C23,
3423,
3423,
3423,
3423,
3423,
3423,
3423,
3423,
3423,
3423,
3423,
3423,
3423,
3423,
3423,
3423,
3423,
3403,
3403,
33E4,
2BA4,
1B02,
0A40,
01A0,
01A0,
1221,
2283,
2283,
2263,
1A43,
1A22,
1A02,
19C2,
2204,
3266,
532A,
7C70,
A594,
BE38,
CEBB,
CEBB,
D6DC,
DEFD,
DEFD,
DEFD,
DF1D,
DEFD,
DEFD,
E6FD,
DEFD,
DEFD,
DF1D,
DEFC,
DEFC,
DEFC,
B5B7,
6B4E,
632D,
B5B7,
DEDB,
D69A,
D6BB,
D6DC,
DEDC,
DEDC,
DEDC,
DEDC,
DEFC,
DEFC,
DEFC,
DEFC,
DEDC,
DEDC,
DEDC,
DEDC,
DEFC,
DEFC,
DEDC,
DEDC,
DEDC,
DEFC,
DEFC,
DEFC,
DEFC,
DEFC,
DEFC,
D6FB,
D6FB,
D6DB,
C679,
9D74,
744D,
4B07,
19E1,
1A20,
3303,
43A5,
43C6,
43E5,
4405,
3C05,
3C25,
3C25,
3C24,
3C24,
3423,
3C23,
3C23,
3C24,
3C24,
3C24,
3C24,
3C24,
3C24,
3C24,
3C24,
3C24,
3C24,
3C24,
3C24,
3C24,
3C24,
3C24,
3C24,
3C24,
3C24,
3C24,
3C24,
3C24,
3C44,
3C44,
3C44,
3C44,
3C44,
3C44,
3C43,
3C43,
3C43,
3C43,
3C43,
3C43,
3C43,
3C43,
3C43,
3C43,
3C43,
3C43,
3C43,
3C43,
3443,
3444,
3444,
3444,
3444,
3444,
3444,
3444,
3444,
3444,
3444,
3444,
3444,
3444,
3444,
3444,
3444,
3444,
3444,
3444,
3444,
3444,
3444,
3444,
3444,
3444,
3444,
3444,
3444,
3444,
3444,
3444,
3444,
3444,
3444,
3444,
3444,
3444,
3444,
3444,
3444,
3444,
3444,
3444,
3444,
3444,
3444,
3444,
3444,
3444,
3444,
3444,
3C23,
3C23,
3C23,
3C43,
3C43,
3C43,
3C43,
3C43,
3C43,
3C44,
3C44,
3C44,
3C44,
3C44,
3C44,
3C44,
3C44,
3C44,
3C24,
3C24,
3C24,
3C24,
3C24,
3C24,
3C24,
3C24,
3C24,
3C24,
3C24,
3C24,
3C24,
3C24,
3C24,
3C24,
3C24,
3C24,
3C24,
3C44,
3C44,
3C44,
3C44,
3C44,
3C44,
3C44,
3C44,
3C44,
3C44,
3C44,
3C44,
3C44,
3C44,
3C44,
3C44,
3C44,
3C44,
3C44,
3C44,
3C44,
3C44,
3C44,
3C44,
3C44,
3C44,
3C44,
3C44,
3C44,
3C44,
3C44,
3C44,
3C44,
3C44,
3C44,
3C24,
3C24,
3C24,
3C24,
3C24,
3C24,
3C24,
3C24,
3C24,
3C24,
3C24,
3C24,
3C24,
3C24,
3C24,
3C24,
3C24,
3C24,
3C23,
3C23,
3C23,
3C23,
3C23,
3C23,
3C23,
3C23,
3C23,
3423,
3423,
3423,
3423,
3423,
3423,
3423,
3423,
3423,
3423,
3423,
3423,
3423,
3423,
3423,
3423,
3423,
3403,
3403,
33E4,
3405,
33A4,
2302,
1261,
1A42,
3B27,
5C0B,
6C8D,
7D10,
7CCF,
746E,
6C6D,
744F,
7C90,
9533,
ADD6,
C699,
D6FB,
D6FB,
DF1C,
DF1C,
DEFD,
DEFC,
DEFD,
DEFD,
DF1D,
DEFD,
DEFD,
DEFD,
DEFD,
DEFD,
DEFD,
DEFD,
DEFD,
E6FC,
BDB8,
6B2E,
5B0C,
B5B7,
DEFC,
D6BB,
DEDC,
DEDC,
DEFC,
DEFC,
DEFC,
DEFC,
DF1C,
DEFC,
DEFC,
DEFC,
DEDC,
DEDC,
DEDC,
DEDC,
DEFC,
E6FC,
DEDC,
DEBC,
DEDC,
DEDC,
DEFC,
DEFC,
DEFC,
DEFC,
DEFB,
DF1A,
D6FA,
BE58,
9533,
63AB,
3285,
2222,
2AA2,
3B43,
3BA4,
43C5,
43C4,
43E4,
3C04,
3C24,
3C44,
3C24,
3C44,
3C24,
3C23,
3C23,
3C23,
3C24,
3C24,
3C24,
3C24,
3C24,
3C24,
3C24,
3C24,
3C24,
3C24,
3C24,
3C24,
3C24,
3C24,
3C24,
3C24,
3C24,
3C24,
3C24,
3C24,
3C24,
3C44,
3C44,
3C44,
3C44,
3C44,
3C44,
3C44,
3C44,
3C43,
3C43,
3C43,
3C43,
3C43,
3C43,
3C43,
3C43,
3C43,
3C43,
3C43,
3C43,
3443,
3444,
3444,
3444,
3444,
3444,
3444,
3444,
3444,
3444,
3444,
3444,
3444,
3444,
3444,
3444,
3444,
3444,
3444,
3444,
3444,
3444,
3444,
3444,
3444,
3444,
3444,
3444,
3444,
3444,
3444,
3444,
3444,
3444,
3444,
3444,
3444,
3444,
3444,
3C44,
3444,
3444,
3444,
3444,
3444,
3444,
3444,
3444,
3444,
3444,
3444,
3444,
3C23,
3C23,
3C23,
3C43,
3C43,
3C43,
3C43,
3C43,
3C43,
3C44,
3C44,
3C44,
3C44,
3C44,
3C44,
3C44,
3C44,
3C44,
3C24,
3C24,
3C24,
3C24,
3C24,
3C24,
3C24,
3C24,
3C24,
3C24,
3C24,
3C24,
3C24,
3C24,
3C24,
3C24,
3C24,
3C24,
3C24,
3C44,
3C44,
3C44,
3C44,
3C44,
3C44,
3C44,
3C44,
3C44,
3C44,
3C44,
3C44,
3C44,
3C44,
3C44,
3C44,
3C44,
3C44,
3C44,
3C44,
3C44,
3C44,
3C44,
3C44,
3C44,
3C44,
3C44,
3C44,
3C44,
3C44,
3C44,
3C44,
3C44,
3C44,
3C44,
3C24,
3C24,
3C24,
3C24,
3C24,
3C24,
3C24,
3C24,
3C24,
3C24,
3C24,
3C24,
3C24,
3C24,
3C24,
3C24,
3C24,
3C24,
3C23,
3C23,
3C23,
3C23,
3C23,
3C23,
3C23,
3C23,
3C23,
3423,
3423,
3423,
3423,
3423,
3423,
3423,
3423,
3423,
3423,
3423,
3423,
3423,
3423,
3423,
3423,
3404,
3404,
3403,
3404,
33E5,
3BE5,
3384,
22C2,
2AA4,
5BEA,
8D71,
A635,
B6B8,
BEB8,
C6D8,
C6F9,
CEFA,
C6BA,
CEBA,
D6FB,
DF3C,
DF1B,
DF1B,
DF1C,
DF1C,
DEFD,
DEFD,
DEFD,
DEFD,
DEFD,
DEFD,
DEFD,
DEFD,
DEFD,
DEFD,
DEFD,
DEFD,
E6FD,
DEFC,
BDD8,
6B6E,
5AEC,
A515,
CE5A,
D6BB,
E6FC,
E73D,
E73E,
E73D,
E73D,
E73E,
EF5E,
EF5E,
EF5D,
E73D,
E71D,
E71D,
E71D,
E71D,
E6FD,
E6FD,
E6FC,
E6FC,
E6FD,
E71C,
E71C,
DEFC,
DEFC,
DEFC,
DF1B,
D71A,
BE77,
9D52,
5B8B,
2A24,
1A01,
2AA2,
4363,
43C3,
43E3,
43E3,
3BE3,
3C03,
3C03,
3C24,
3C24,
3C24,
3C24,
3C24,
3C24,
3C24,
3C24,
3C24,
3C24,
3C24,
3C24,
3C24,
3C24,
3C24,
3C24,
3C24,
3C24,
3C24,
3C24,
3C24,
3C24,
3C24,
3C24,
3C24,
3C24,
3C24,
3C24,
3C24,
3C44,
3C44,
3C44,
3C44,
3C44,
3C44,
3C44,
3C44,
3C43,
3C43,
3C43,
3C44,
3C43,
3C43,
3C43,
3C43,
3C43,
3C43,
3C43,
3C43,
3443,
3444,
3444,
3444,
3444,
3444,
3444,
3444,
3444,
3444,
3444,
3444,
3C44,
3C44,
3C44,
3C44,
3C44,
3C44,
3C44,
3C44,
3C44,
3C44,
3444,
3444,
3444,
3444,
3444,
3444,
3444,
3444,
3444,
3444,
3444,
3444,
3444,
3444,
3444,
3444,
3444,
3444,
3444,
3444,
3444,
3444,
3444,
3444,
3444,
3444,
3444,
3444,
3444,
3444,
3C23,
3C23,
3C23,
3C43,
3C43,
3C43,
3C43,
3C43,
3C43,
3C24,
3C44,
3C44,
3C44,
3C44,
3C44,
3C44,
3C44,
3C44,
3C24,
3C24,
3C24,
3C24,
3C24,
3C24,
3C24,
3C24,
3C24,
3C24,
3C24,
3C24,
3C24,
3C24,
3C24,
3C24,
3C24,
3C24,
3C24,
3C24,
3C24,
3C24,
3C44,
3C44,
3C44,
3C44,
3C44,
3C44,
3C44,
3C44,
3C44,
3C44,
3C44,
3C44,
3C44,
3C44,
3C44,
3C44,
3C44,
3C44,
3C44,
3C44,
3C44,
3C44,
3C44,
3C44,
3C44,
3C44,
3C44,
3C44,
3C44,
3C44,
3C24,
3C24,
3C24,
3C24,
3C24,
3C24,
3C24,
3C24,
3C24,
3C24,
3C24,
3C24,
3C24,
3C24,
3C24,
3C24,
3C24,
3C24,
3C24,
3C23,
3C23,
3C23,
3C23,
3C23,
3C23,
3C23,
3C23,
3C23,
3C23,
3423,
3423,
3423,
3423,
3423,
3423,
3423,
3423,
3423,
3423,
3423,
3423,
3423,
3403,
3403,
3403,
3404,
3404,
3404,
3404,
33E5,
3BC5,
3364,
22C3,
2284,
4B68,
84CF,
B656,
C6D9,
C6D9,
D73A,
D75C,
DF5C,
DF3C,
D71C,
D71B,
DF1B,
DF1B,
DF1C,
DF1C,
DF1C,
DF1D,
DF1D,
DEFD,
DEFD,
DEFD,
E6FD,
DEFD,
DEFD,
DEFD,
DEFD,
DEFD,
E6FD,
E6FC,
DEFC,
CE7A,
9493,
528B,
4A6A,
5AED,
632D,
738F,
7BF0,
8431,
8C73,
9493,
94B3,
94D3,
9CF4,
AD56,
B5D7,
C619,
C639,
C639,
CE5A,
CE5A,
CE5A,
CE7A,
D69B,
D69B,
D69B,
DEBB,
DEFC,
DEFC,
DEFC,
D6FB,
B616,
7C2E,
4B08,
3264,
2222,
2AA2,
4364,
4BC4,
43E3,
3BE3,
4403,
4403,
3C03,
3C23,
3C23,
3C24,
3C24,
3C24,
3C24,
3C24,
3C24,
3C24,
3C24,
3C24,
3C24,
3C24,
3C24,
3C24,
3C24,
3C24,
3C24,
3C24,
3C24,
3C24,
3C24,
3C24,
3C24,
3C24,
3C24,
3C24,
3C24,
3C24,
3C24,
3C44,
3C44,
3C44,
3C44,
3C44,
3C44,
3C44,
3C43,
3C43,
3C43,
3C43,
3C44,
3C44,
3C43,
3C43,
3C43,
3C43,
3C43,
3C43,
3C43,
3443,
3444,
3444,
3444,
3444,
3444,
3444,
3444,
3444,
3444,
3444,
3444,
3C44,
3C44,
3C44,
3C44,
3C44,
3C44,
3C44,
3C44,
3C44,
3C44,
3444,
3444,
3444,
3444,
3444,
3444,
3444,
3444,
3444,
3444,
3444,
3444,
3444,
3444,
3444,
3444,
3444,
3444,
3444,
3444,
3444,
3444,
3444,
3444,
3444,
3444,
3444,
3444,
3444,
3443,
3C23,
3C23,
3C23,
3C43,
3C43,
3C43,
3C43,
3C43,
3C43,
3C24,
3C44,
3C44,
3C44,
3C44,
3C44,
3C44,
3C44,
3C44,
3C24,
3C24,
3C24,
3C24,
3C24,
3C24,
3C24,
3C24,
3C24,
3C24,
3C24,
3C24,
3C24,
3C24,
3C24,
3C24,
3C24,
3C24,
3C24,
3C24,
3C24,
3C24,
3C44,
3C44,
3C44,
3C44,
3C44,
3C44,
3C44,
3C44,
3C44,
3C44,
3C44,
3C44,
3C44,
3C44,
3C44,
3C44,
3C44,
3C44,
3C44,
3C44,
3C44,
3C44,
3C44,
3C44,
3C44,
3C44,
3C44,
3C44,
3C44,
3C44,
3C24,
3C24,
3C24,
3C24,
3C24,
3C24,
3C24,
3C24,
3C24,
3C24,
3C24,
3C24,
3C24,
3C24,
3C24,
3C24,
3C24,
3C24,
3C24,
3C23,
3C23,
3C23,
3C23,
3C23,
3C23,
3C23,
3C23,
3C23,
3C23,
3423,
3423,
3423,
3423,
3423,
3423,
3423,
3423,
3423,
3423,
3423,
3403,
3403,
3403,
3403,
3403,
3403,
3404,
3404,
33E4,
3BE4,
3BC5,
3B84,
2B04,
2A63,
2223,
5349,
A5B4,
C6D9,
C698,
CED9,
CEFA,
D71B,
DF1C,
DF3C,
DF1B,
DF1B,
DF1C,
DF1C,
DF1C,
DF1C,
DF1D,
DF1D,
DEFD,
DEFD,
DEFD,
DEFD,
DEFD,
DEFD,
DEFD,
DEFD,
DEFD,
E6FD,
DEFC,
DEFC,
E71D,
C619,
6B6E,
3187,
18E4,
0842,
0822,
1083,
10A3,
10C4,
10A3,
18C4,
2145,
2966,
39C8,
4229,
52AB,
5ACC,
5ACC,
6B6E,
7BF0,
7BF0,
7BF0,
8410,
8431,
9493,
A535,
B596,
B596,
B5D7,
B5F6,
7C6F,
3A65,
21C1,
3283,
32E3,
3B64,
43A5,
43C4,
43E3,
4403,
3C03,
3C03,
3C03,
3C23,
3C23,
3C24,
3C23,
3C24,
3C24,
3C24,
3C24,
3C24,
3C24,
3C24,
3C24,
3C24,
3C24,
3C24,
3C24,
3C24,
3C24,
3C24,
3C24,
3C24,
3C24,
3C24,
3C24,
3C24,
3C24,
3C24,
3C24,
3C24,
3C24,
3C44,
3C44,
3C44,
3C44,
3C44,
3C44,
3C44,
3C44,
3C43,
3C43,
3C43,
3C44,
3C44,
3C43,
3C43,
3C43,
3C43,
3C43,
3C43,
3C43,
3443,
3444,
3444,
3444,
3444,
3444,
3444,
3444,
3444,
3444,
3444,
3444,
3C44,
3C44,
3C44,
3C44,
3C44,
3C44,
3C44,
3C44,
3C44,
3C44,
3444,
3444,
3444,
3444,
3444,
3444,
3444,
3444,
3444,
3444,
3444,
3444,
3444,
3444,
3444,
3444,
3444,
3444,
3444,
3444,
3444,
3444,
3444,
3444,
3444,
3444,
3444,
3444,
3444,
3444,
3C23,
3C23,
3C23,
3C43,
3C43,
3C43,
3C43,
3C43,
3C43,
3C24,
3C44,
3C44,
3C44,
3C44,
3C44,
3C44,
3C44,
3C44,
3C24,
3C24,
3C24,
3C24,
3C24,
3C24,
3C24,
3C24,
3C24,
3C24,
3C24,
3C24,
3C24,
3C24,
3C24,
3C24,
3C24,
3C24,
3C24,
3C24,
3C24,
3C24,
3C44,
3C44,
3C44,
3C44,
3C44,
3C44,
3C44,
3C44,
3C44,
3C44,
3C44,
3C44,
3C44,
3C44,
3C44,
3C44,
3C44,
3C44,
3C44,
3C44,
3C44,
3C44,
3C44,
3C44,
3C44,
3C44,
3C44,
3C44,
3C44,
3C44,
3C24,
3C24,
3C24,
3C24,
3C24,
3C24,
3C24,
3C24,
3C24,
3C24,
3C24,
3C24,
3C24,
3C24,
3C24,
3C24,
3C24,
3C24,
3C24,
3C23,
3C23,
3C23,
3C23,
3C23,
3C23,
3C23,
3C23,
3C23,
3C23,
3423,
3423,
3423,
3423,
3423,
3423,
3423,
3423,
3423,
3C23,
3C23,
3403,
3403,
3403,
3403,
3403,
33E3,
33E3,
33E4,
33E4,
3BC4,
43A5,
4384,
4345,
32A4,
19A1,
3A86,
9512,
BE57,
BE57,
C678,
CEFA,
D6FB,
D71B,
DF1C,
DF1B,
DF1B,
DF1C,
DF1C,
DF1C,
DF1D,
DEFD,
DEFD,
DEFD,
DEFD,
DEFD,
DEFD,
DEFD,
DEFD,
DEFD,
DEFD,
DEFD,
E6FD,
DEFC,
DEFC,
E6FD,
DEDC,
C619,
9CF4,
7BF0,
632D,
62ED,
632D,
632D,
4229,
2966,
3187,
4A4A,
4A6A,
39E8,
2986,
2125,
10A3,
10A3,
2945,
31A7,
31A6,
3186,
2966,
31A6,
4208,
4A49,
4A69,
4A89,
52CA,
532A,
4AE8,
3AA5,
42E5,
4345,
3B64,
43A4,
43C5,
3BE3,
3BE3,
3C03,
3C03,
3C03,
3C03,
3C23,
3C23,
3C23,
3C23,
3C23,
3C23,
3C24,
3C24,
3C24,
3C24,
3C24,
3C24,
3C24,
3C24,
3C24,
3C24,
3C24,
3C24,
3C24,
3C24,
3C24,
3C24,
3C24,
3C24,
3C24,
3C24,
3C24,
3C24,
3C24,
3C24,
3C44,
3C44,
3C44,
3C44,
3C44,
3C44,
3C43,
3C44,
3C44,
3C44,
3C43,
3C43,
3C43,
3C43,
3C43,
3C43,
3C43,
3C43,
3C43,
3C43,
3443,
3444,
3444,
3444,
3444,
3444,
3444,
3444,
3444,
3444,
3444,
3444,
3C44,
3C44,
3C44,
3C44,
3C44,
3C44,
3C44,
3C44,
3C44,
3C44,
3444,
3444,
3444,
3444,
3444,
3444,
3444,
3444,
3444,
3444,
3444,
3444,
3444,
3444,
3444,
3444,
3444,
3444,
3444,
3444,
3444,
3444,
3444,
3444,
3444,
3444,
3444,
3444,
3444,
3444,
3C23,
3C23,
3C23,
3C43,
3C23,
3C43,
3C43,
3C43,
3C43,
3C24,
3C44,
3C44,
3C44,
3C44,
3C44,
3C44,
3C44,
3C44,
3C24,
3C24,
3C24,
3C24,
3C24,
3C24,
3C24,
3C24,
3C24,
3C24,
3C24,
3C24,
3C24,
3C24,
3C24,
3C24,
3C24,
3C24,
3C24,
3C24,
3C24,
3C24,
3C44,
3C44,
3C44,
3C44,
3C44,
3C44,
3C44,
3C44,
3C44,
3C44,
3C44,
3C44,
3C44,
3C44,
3C44,
3C44,
3C44,
3C44,
3C44,
3C44,
3C44,
3C44,
3C44,
3C44,
3C44,
3C44,
3C44,
3C44,
3C44,
3C44,
3C24,
3C24,
3C24,
3C24,
3C24,
3C24,
3C24,
3C24,
3C24,
3C24,
3C24,
3C24,
3C24,
3C24,
3C24,
3C24,
3C24,
3C24,
3C24,
3C23,
3C23,
3C23,
3C23,
3C43,
3C43,
3C43,
3C43,
3C23,
3C23,
3423,
3423,
3423,
3423,
3423,
3423,
3423,
3423,
3423,
3C23,
3C23,
3403,
33C2,
2BA2,
2BC3,
33C4,
33C4,
33C4,
33C4,
33C4,
3BC5,
43A5,
4BA5,
4B86,
3AA4,
1981,
3245,
8CF2,
BE58,
BE58,
C699,
D6FB,
D6FB,
D71B,
DF1C,
DF1B,
DF1B,
DF1C,
DF1C,
DEFC,
DF1D,
DEFD,
DEFD,
DEFD,
DEFD,
DEFD,
DF1D,
DEFD,
DEFD,
DEFD,
DEFD,
DEFD,
DEFD,
E6FD,
DEFD,
DEFC,
E71C,
E73D,
EF3E,
DEDC,
CE5A,
C639,
C65A,
CE7A,
BE19,
AD76,
A555,
AD56,
AD56,
9CF4,
8C52,
73AF,
630D,
5ACC,
5ACB,
5ACB,
5AEB,
52AA,
4228,
39C7,
39C6,
2965,
2124,
1924,
2124,
1102,
1962,
42A5,
5366,
4365,
3B84,
3BA4,
3BC4,
3BE3,
3BE3,
3C03,
3C03,
3C03,
3C03,
3C23,
3C23,
3C23,
3C23,
3C23,
3C23,
3C24,
3C24,
3C24,
3C24,
3C24,
3C24,
3C24,
3C24,
3C24,
3C24,
3C24,
3C24,
3C24,
3C24,
3C24,
3C24,
3C24,
3C24,
3C24,
3C24,
3C24,
3C24,
3C24,
3C24,
3C44,
3C44,
3C44,
3C44,
3C44,
3C44,
3C43,
3C44,
3C44,
3C44,
3C43,
3C43,
3C43,
3C43,
3C43,
3C43,
3C44,
3C44,
3C44,
3C44,
3C44,
3C44,
3444,
3444,
3C44,
3C44,
3C44,
3C44,
3C44,
3C44,
3C44,
3C44,
3C44,
3C44,
3C44,
3C44,
3C44,
3C44,
3C44,
3C44,
3C44,
3C44,
3444,
3444,
3444,
3444,
3444,
3444,
3444,
3444,
3444,
3444,
3444,
3444,
3444,
3444,
3444,
3444,
3444,
3444,
3444,
3444,
3444,
3444,
3444,
3444,
3444,
3444,
3444,
3444,
3444,
3444,
3C23,
3C23,
3C23,
3C24,
3C24,
3C23,
3C43,
3C43,
3C43,
3C44,
3C44,
3C44,
3C24,
3C24,
3C24,
3C24,
3C24,
3C44,
3C44,
3C44,
3C44,
3C44,
3C43,
3C43,
3C43,
3C43,
3C44,
3C44,
3C44,
3C44,
3C44,
3C44,
3C44,
3C44,
3C44,
3C44,
3C44,
3C44,
3C44,
3C44,
3C44,
3C44,
3C44,
3C44,
3C44,
3C44,
3C44,
3C44,
3C44,
3C44,
3C44,
3C44,
3C44,
3C44,
3C44,
3C44,
3C44,
3C44,
3C44,
3C44,
3C44,
3C44,
3C44,
3C44,
3C44,
3C44,
3C44,
3C44,
3C44,
3C44,
3C24,
3C24,
3C24,
3C24,
3C24,
3C24,
3C24,
3C24,
3C24,
3C24,
3C24,
3C24,
3C24,
3C24,
3C24,
3C24,
3C24,
3C23,
3C23,
3C23,
3C23,
3C23,
3C23,
3C23,
3C23,
3C23,
3C23,
3423,
3423,
3423,
3423,
3423,
3423,
3423,
3423,
3423,
3423,
3C23,
3C23,
3C23,
3C04,
2B82,
1B20,
1B41,
2B63,
2B84,
33A4,
33C4,
3BC5,
3BC5,
4BA5,
53C6,
4B86,
3264,
1160,
3246,
9512,
C698,
C678,
CEB9,
D6FB,
D6FB,
DEFC,
DF1C,
DF1C,
DF1C,
DF1C,
DF1C,
DEFC,
DEFC,
DEFC,
DEFD,
DEFD,
DEFD,
DEFD,
DF1D,
DEFD,
DEFD,
DEFD,
DEFD,
DEFD,
DEFD,
DEFC,
DEFC,
DEFC,
DEFC,
DEFC,
E71D,
E73D,
E71D,
E71C,
E6FD,
E71D,
E73E,
E71D,
DEFC,
DEDC,
DEFC,
DEFC,
DEDB,
D69B,
CE5A,
C619,
BDF8,
BDD7,
BDF7,
B5B7,
A534,
9492,
9491,
94B2,
8C71,
6BAE,
39E7,
08C0,
1161,
3AC4,
4B66,
4365,
3B84,
3BA4,
3BC4,
3BE3,
3C03,
3C03,
3C03,
3C03,
3C03,
3C23,
3C23,
3C23,
3C23,
3C23,
3C23,
3C23,
3C24,
3C24,
3C24,
3C24,
3C24,
3C24,
3C24,
3C24,
3C24,
3C24,
3C24,
3C24,
3C24,
3C24,
3C24,
3C24,
3C24,
3C24,
3C24,
3C24,
3C24,
3C44,
3C44,
3C44,
3C44,
3C44,
3C44,
3C44,
3C43,
3C43,
3C43,
3C44,
3C43,
3C43,
3C43,
3C43,
3C44,
3C44,
3C44,
3C44,
3C44,
3C44,
3C44,
3C44,
3C44,
3C44,
3C44,
3C44,
3C44,
3C44,
3C44,
3C44,
3C44,
3C44,
3C44,
3C44,
3C44,
3C44,
3C44,
3C44,
3444,
3444,
3C44,
3C44,
3C44,
3C44,
3C44,
3C44,
3C44,
3C44,
3C44,
3C44,
3C44,
3C44,
3C44,
3444,
3444,
3444,
3444,
3444,
3444,
3444,
3444,
3444,
3444,
3444,
3444,
3444,
3444,
3444,
3444,
3444,
3444,
3444,
3444,
3C23,
3C23,
3C24,
3C24,
3C24,
3C23,
3C43,
3444,
3444,
3444,
3444,
3C24,
3C24,
3C24,
3C24,
3C24,
3C24,
3C43,
3C44,
3C44,
3C44,
3C44,
3C43,
3C43,
3C43,
3C43,
3C44,
3C44,
3C44,
3C44,
3C44,
3C44,
3C44,
3C44,
3C44,
3C44,
3C44,
3C44,
3C44,
3C44,
3C44,
3C44,
3C44,
3C44,
3C44,
3C44,
3C44,
3C44,
3C44,
3C44,
3C44,
3C44,
3C44,
3C44,
3C44,
3C44,
3C44,
3C44,
3C44,
3C44,
3C44,
3C44,
3C44,
3C44,
3C44,
3C44,
3C44,
3C44,
3C44,
3C44,
3C24,
3C24,
3C24,
3C24,
3C24,
3C24,
3C24,
3C24,
3C24,
3C24,
3C24,
3C23,
3C23,
3C23,
3C23,
3C23,
3C24,
3C23,
3C23,
3C23,
3C23,
3C23,
3C23,
3C03,
3C03,
3C03,
3C03,
3423,
3423,
3423,
3423,
3423,
3424,
3424,
3423,
3423,
3423,
3C23,
3C23,
3C24,
3C04,
2BA3,
1B21,
1B21,
1B02,
2303,
2B44,
3BC6,
43E7,
43E6,
53E6,
53A6,
4325,
2A02,
0920,
3A46,
9D33,
C699,
CE99,
D6DA,
D6FB,
DEFB,
DEFC,
DF1C,
DF1C,
DF1C,
DF1C,
DF1C,
DF1C,
DEFC,
DEFC,
DEFC,
DEFD,
DEFD,
DEFD,
DEFD,
E6FD,
E6FD,
E6FD,
E6FD,
E6FD,
DEFC,
DEFC,
DEFC,
DEFC,
DEFC,
DEFC,
DEFC,
DEDC,
DEFC,
DEFC,
DEDC,
DEDC,
DEFC,
DEDC,
DEFC,
DEFC,
E6FC,
E71D,
E71C,
E6FC,
E71C,
E71D,
E71D,
E71D,
E71C,
DEFC,
DEDB,
D6BA,
D6B9,
D6DA,
C657,
8C90,
3A46,
1160,
2242,
3B44,
4385,
3B85,
3BA4,
3BC3,
3BE4,
3BE3,
3C03,
3C04,
3C04,
3C03,
3C03,
3C23,
3C23,
3C23,
3C23,
3C23,
3C23,
3C23,
3C23,
3C23,
3C23,
3C24,
3C24,
3C24,
3C24,
3C24,
3C24,
3C23,
3C23,
3C23,
3C23,
3C23,
3C23,
3C23,
3C23,
3C23,
3C23,
3C23,
3C44,
3C44,
3C44,
3C44,
3C44,
3C44,
3C44,
3C44,
3C43,
3C43,
3C43,
3C43,
3C43,
3C43,
3C44,
3C43,
3C44,
3C44,
3C44,
3C44,
3C44,
3C44,
3C44,
3C44,
3C44,
3C44,
3C44,
3C44,
3C44,
3C44,
3C44,
3C44,
3C44,
3C44,
3C44,
3C44,
3C44,
3C44,
3444,
3444,
3444,
3444,
3444,
3444,
3C44,
3C44,
3C44,
3C44,
3C44,
3C44,
3C44,
3C44,
3C44,
3C44,
3C44,
3444,
3444,
3444,
3444,
3444,
3444,
3444,
3444,
3444,
3444,
3444,
3444,
3444,
3444,
3444,
3444,
3444,
3444,
3444,
3444,
3C23,
3C23,
3C23,
3C24,
3C24,
3C24,
3C44,
3444,
3444,
3444,
3444,
3C24,
3C24,
3C24,
3C24,
3C24,
3C24,
3C44,
3C44,
3C43,
3C43,
3C43,
3C43,
3C43,
3C43,
3C43,
3C43,
3C44,
3C44,
3C44,
3C44,
3C44,
3C44,
3C44,
3C44,
3C44,
3C44,
3C44,
3C44,
3C44,
3C44,
3C44,
3C44,
3C44,
3C44,
3C44,
3C44,
3C44,
3C44,
3C44,
3C44,
3C44,
3C44,
3C44,
3C44,
3C44,
3C44,
3C44,
3C44,
3C44,
3C44,
3C44,
3C44,
3C44,
3C44,
3C44,
3C44,
3C44,
3C44,
3C44,
3C24,
3C24,
3C24,
3C24,
3C24,
3C24,
3C24,
3C24,
3C24,
3C24,
3C24,
3C24,
3C23,
3C23,
3C23,
3C23,
3C23,
3C23,
3C23,
3C23,
3C23,
3C23,
3C23,
3C23,
3C23,
3C23,
3C23,
3423,
3423,
3423,
3423,
3423,
3424,
3424,
3423,
3423,
3423,
3C23,
3C23,
3C24,
3404,
33E3,
33C4,
2B84,
1AC1,
0A20,
1221,
22C4,
3345,
3B66,
4346,
3AE3,
2A42,
1140,
1100,
4AC8,
A595,
CE9A,
CE9A,
D6BB,
D6BB,
DEFC,
DEFC,
DF1C,
DF1C,
DF1C,
DF1C,
DF1C,
DF1C,
DEFC,
DEFC,
DEFC,
DEFD,
DEFD,
DEFD,
E6FD,
E6FD,
E6FD,
E6FD,
E6FD,
E6FD,
E6FD,
E6FD,
DEFC,
DEFC,
DEFC,
DEFC,
DEFC,
DEFC,
DEFC,
DEFC,
DEDC,
DEFC,
DEFC,
DEFC,
DEFC,
DEDC,
DEDB,
DEDB,
D6BC,
D6BB,
DEBB,
DEDC,
DEBB,
D69B,
D67A,
D69A,
D69A,
DEBA,
D6B9,
C637,
9D11,
636A,
3203,
2242,
2AE3,
3B64,
3B84,
3BA4,
3BC3,
3BE3,
3BE3,
3C03,
3C03,
3C03,
3C23,
3C23,
3C23,
3423,
3423,
3C23,
3C23,
3C23,
3C23,
3C23,
3C23,
3C23,
3C23,
3C24,
3C24,
3C24,
3C24,
3C24,
3C23,
3C43,
3C43,
3C43,
3C43,
3C43,
3C43,
3C43,
3C43,
3C43,
3C43,
3C43,
3C43,
3C43,
3C43,
3C43,
3C43,
3C43,
3C43,
3C43,
3C43,
3C43,
3C43,
3C43,
3C43,
3C43,
3C43,
3C43,
3C44,
3C44,
3C44,
3C44,
3C44,
3C44,
3C44,
3C44,
3C44,
3C44,
3C44,
3C44,
3C44,
3C44,
3C44,
3C44,
3C44,
3C44,
3C44,
3C44,
3C44,
3C44,
3C44,
3444,
3444,
3444,
3444,
3444,
3C44,
3C44,
3C44,
3C44,
3C44,
3C44,
3C44,
3C44,
3C44,
3C44,
3C44,
3444,
3444,
3444,
3444,
3444,
3444,
3444,
3444,
3444,
3444,
3444,
3444,
3444,
3444,
3444,
3444,
3444,
3444,
3444,
3444,
3C23,
3C23,
3C23,
3C24,
3C24,
3444,
3444,
3444,
3444,
3C24,
3C24,
3C24,
3C24,
3C24,
3C24,
3C23,
3C43,
3C43,
3C43,
3C43,
3C43,
3C43,
3C43,
3C43,
3C43,
3C43,
3C43,
3C44,
3C44,
3C44,
3C44,
3C44,
3C44,
3C44,
3C44,
3C44,
3C44,
3C44,
3C44,
3C44,
3C44,
3C44,
3C44,
3C44,
3C44,
3C44,
3C44,
3C44,
3C44,
3C44,
3C44,
3C44,
3C44,
3C44,
3C44,
3C44,
3C44,
3C44,
3C44,
3C44,
3C44,
3C44,
3C44,
3C44,
3C44,
3C44,
3C44,
3C44,
3C44,
3C44,
3C24,
3C24,
3C24,
3C24,
3C24,
3C24,
3C24,
3C24,
3C24,
3C24,
3C24,
3C24,
3C24,
3C24,
3C23,
3C23,
3C23,
3C23,
3C23,
3C23,
3C23,
3C23,
3423,
3423,
3423,
3423,
3423,
3423,
3423,
3423,
3423,
3423,
3423,
3423,
3423,
3423,
3423,
3C23,
3C23,
3403,
33E3,
3C04,
3C05,
33A5,
1A81,
0160,
0120,
0180,
09C1,
11C1,
11C1,
1160,
00C0,
0080,
21A2,
740E,
BE18,
CEBB,
CEBB,
D6BB,
D6DC,
DEFC,
DEFD,
DF1C,
DF1C,
E71D,
E71D,
DF1C,
DF1C,
DEFC,
DEFC,
DEFC,
DEFD,
E6FD,
E6FD,
E6FD,
E6FD,
E6FD,
E6FD,
E6FD,
E6FC,
DEFC,
DEFC,
DEFC,
DEFC,
DEFC,
DEFC,
DEFC,
DEFC,
DEFC,
E71C,
DEFC,
DEFC,
DEDB,
DEDB,
DEDB,
DEDB,
DEDB,
D6BB,
D6BB,
CE7A,
C619,
BDD7,
AD75,
A513,
9CF2,
94B1,
8C70,
842F,
842F,
840D,
5308,
21C2,
1160,
2241,
2B23,
3383,
3BA3,
33C3,
33E3,
33E3,
3403,
3403,
3403,
3423,
3423,
3423,
3423,
3423,
3423,
3423,
3C23,
3C23,
3C23,
3C23,
3C23,
3C23,
3C23,
3C24,
3C24,
3C24,
3C24,
3C24,
3C23,
3C43,
3C43,
3C43,
3C43,
3C43,
3C43,
3C43,
3C43,
3C43,
3C43,
3C43,
3C43,
3C43,
3C43,
3C43,
3C43,
3C43,
3C43,
3C43,
3C43,
3C43,
3C43,
3C43,
3C43,
3C43,
3C43,
3C43,
3C43,
3C43,
3C43,
3C44,
3C44,
3C44,
3C44,
3C44,
3C44,
3C44,
3C44,
3C44,
3C44,
3C44,
3C44,
3C44,
3C44,
3C44,
3C44,
3C44,
3C44,
3C44,
3C44,
3444,
3444,
3444,
3444,
3444,
3C44,
3C44,
3C44,
3C44,
3C44,
3C44,
3C44,
3C44,
3C44,
3C44,
3C44,
3444,
3444,
3444,
3444,
3444,
3444,
3444,
3444,
3444,
3444,
3444,
3444,
3444,
3444,
3444,
3444,
3444,
3444,
3444,
3444,
3C23,
3C23,
3C23,
3C24,
3C24,
3444,
3444,
3444,
3444,
3C24,
3C24,
3C24,
3C24,
3C24,
3C24,
3C23,
3C23,
3C43,
3C43,
3C43,
3C43,
3C43,
3C43,
3C43,
3C43,
3C43,
3C43,
3C44,
3C44,
3C44,
3C44,
3C44,
3C44,
3C44,
3C44,
3C44,
3C44,
3C44,
3C44,
3C44,
3C44,
3C44,
3C44,
3C44,
3C44,
3C44,
3C44,
3C44,
3C44,
3C44,
3C44,
3C44,
3C44,
3C44,
3C44,
3C44,
3C44,
3C44,
3C44,
3C44,
3C44,
3C44,
3C44,
3C44,
3C44,
3C44,
3C44,
3C44,
3C44,
3C44,
3C24,
3C24,
3C24,
3C24,
3C24,
3C24,
3C24,
3C24,
3C24,
3C24,
3C24,
3C24,
3424,
3C24,
3C23,
3C23,
3C23,
3C23,
3C23,
3C23,
3C23,
3C23,
3423,
3423,
3423,
3423,
3423,
3423,
3423,
3423,
3423,
3423,
3423,
3423,
3423,
3423,
3423,
3C23,
3C23,
3423,
3403,
33E3,
3BE5,
3BA5,
22A3,
01A0,
09A0,
09C1,
0160,
00E0,
00C0,
00E0,
0900,
29C4,
6B8C,
ADB6,
CE9B,
CE9B,
D6BB,
D6BC,
DEFD,
DEFD,
DEFD,
DF1D,
DF1D,
E71D,
E71D,
DF1C,
DF1C,
DEFC,
DEFC,
DEFC,
DEFD,
E6FD,
E6FD,
E6FD,
E6FD,
E6FD,
E6FD,
DEFD,
DEFC,
DEFC,
DEFC,
DEFC,
DEDC,
DEDC,
DEFC,
DEFC,
DEFC,
DEFC,
DEFC,
DEFC,
DEFB,
D6BA,
CE7A,
CE59,
C638,
BDF7,
AD96,
9D13,
7C2F,
636C,
530A,
4AA8,
4287,
4266,
3A46,
3204,
2162,
2162,
29A2,
1140,
00E0,
0980,
2260,
2B41,
2BA3,
33C3,
33E3,
33E3,
3403,
3403,
3403,
3423,
3423,
3423,
3423,
3423,
3423,
3423,
3C23,
3C23,
3C23,
3C23,
3C23,
3C23,
3C23,
3C23,
3C24,
3C24,
3C24,
3C24,
3C24,
3C23,
3C43,
3C43,
3C43,
3C43,
3C43,
3C43,
3C43,
3C43,
3C43,
3C43,
3C43,
3C43,
3C43,
3C43,
3C43,
3C43,
3C43,
3C43,
3C43,
3C43,
3C43,
3C43,
3C43,
3C43,
3C43,
3C43,
3C43,
3C43,
3C43,
3C43,
3C44,
3C44,
3C44,
3C44,
3C44,
3C44,
3C44,
3C44,
3C44,
3C44,
3C44,
3C44,
3C44,
3C44,
3C44,
3C44,
3C44,
3C44,
3C44,
3C44,
3444,
3444,
3444,
3444,
3444,
3C44,
3C44,
3C44,
3C44,
3C44,
3C44,
3C44,
3C44,
3C44,
3C44,
3C44,
3444,
3444,
3444,
3444,
3444,
3444,
3444,
3444,
3444,
3444,
3444,
3444,
3444,
3444,
3444,
3444,
3444,
3444,
3444,
3444,
3C23,
3C23,
3C23,
3C23,
3C44,
3444,
3444,
3444,
3444,
3C24,
3C24,
3C24,
3C24,
3C24,
3C24,
3C24,
3C24,
3C44,
3C44,
3C44,
3C44,
3C44,
3C43,
3C43,
3C43,
3C43,
3C43,
3C44,
3C44,
3C44,
3C44,
3C44,
3C44,
3C44,
3C44,
3C44,
3C44,
3C44,
3C44,
3C44,
3C44,
3C44,
3C44,
3C44,
3C44,
3C44,
3C44,
3C44,
3C44,
3C44,
3C44,
3C44,
3C44,
3C44,
3C44,
3C44,
3C44,
3C44,
3C44,
3C44,
3C44,
3C44,
3C44,
3C44,
3C44,
3C44,
3C44,
3C44,
3C44,
3C44,
3C44,
3C44,
3C44,
3C44,
3C44,
3C44,
3C44,
3C44,
3C44,
3C44,
3C44,
3C44,
3C24,
3C24,
3C23,
3C23,
3C23,
3C23,
3C23,
3C23,
3C23,
3C23,
3423,
3423,
3423,
3423,
3423,
3423,
3423,
3423,
3423,
3423,
3423,
3423,
3423,
3423,
3423,
3403,
3403,
3423,
3C03,
3BE4,
3BE5,
3BA6,
2AE3,
1A22,
32E6,
4BC9,
4348,
3AA6,
3AA6,
4B28,
6C2D,
9D53,
BE58,
D6BB,
D6BB,
CE9B,
D6BC,
DEDC,
DEFD,
DEFD,
DF1D,
DF1D,
DF1D,
DF1D,
E71D,
E6FD,
E6FD,
DEFC,
DEFC,
DEFC,
E6FC,
E6FC,
E6FC,
E6FC,
DEFC,
DEFC,
DEFC,
DEFC,
DEDC,
DEDC,
DEFC,
DEFC,
DEDC,
DEDC,
DEDB,
DEBB,
DEDB,
D6BB,
CE7A,
CE5A,
BDF8,
A534,
94D3,
8430,
6B4D,
5AEB,
4A89,
3A26,
29C4,
1962,
1961,
1981,
19A2,
19A1,
21A1,
21C1,
21C1,
19C0,
1980,
0960,
01A0,
1260,
2322,
2BA3,
2BE3,
2BE3,
2BE3,
33E3,
33E3,
3403,
3403,
3423,
3423,
3423,
3423,
3423,
3423,
3423,
3C23,
3423,
3423,
3C23,
3C23,
3C23,
3C23,
3C23,
3C23,
3C23,
3C24,
3C24,
3C24,
3C43,
3C43,
3C43,
3C43,
3C43,
3C43,
3C43,
3C43,
3C43,
3C43,
3C43,
3C43,
3C43,
3C43,
3C43,
3C43,
3C43,
3C43,
3C43,
3C43,
3C43,
3C43,
3C43,
3C43,
3C43,
3C43,
3C43,
3C43,
3C44,
3C44,
3C44,
3C44,
3C44,
3C44,
3C44,
3C44,
3C44,
3C44,
3C44,
3C44,
3C44,
3C44,
3C44,
3C44,
3C44,
3C44,
3C44,
3C44,
3C44,
3C44,
3444,
3444,
3444,
3444,
3444,
3444,
3C44,
3C44,
3C44,
3C44,
3C44,
3C44,
3C44,
3C44,
3C44,
3C44,
3C44,
3444,
3444,
3444,
3444,
3444,
3444,
3444,
3444,
3444,
3444,
3444,
3444,
3444,
3444,
3444,
3444,
3444,
3444,
3444,
3444,
3C23,
3C23,
3C23,
3C23,
3C44,
3444,
3444,
3444,
3C44,
3C24,
3C24,
3C24,
3C24,
3C24,
3C24,
3C24,
3C24,
3C44,
3C44,
3C44,
3C44,
3C44,
3C44,
3C44,
3C44,
3C44,
3C44,
3C44,
3C44,
3C44,
3C44,
3C44,
3C44,
3C44,
3C44,
3C44,
3C44,
3C44,
3C44,
3C44,
3C44,
3C44,
3C44,
3C44,
3C44,
3C44,
3C44,
3C44,
3C44,
3C44,
3C44,
3C44,
3C44,
3C44,
3C44,
3C44,
3C44,
3C44,
3C44,
3C44,
3C44,
3C44,
3C44,
3C44,
3C44,
3C44,
3C44,
3C44,
3C44,
3C44,
3C44,
3C44,
3C44,
3C44,
3C44,
3C44,
3C44,
3C44,
3C44,
3C44,
3C44,
3C44,
3C24,
3C24,
3C24,
3C24,
3C24,
3C23,
3C23,
3C23,
3C23,
3C23,
3423,
3423,
3423,
3423,
3423,
3423,
3423,
3423,
3423,
3423,
3423,
3423,
3423,
3423,
3423,
3403,
3403,
3403,
3C03,
3BE4,
3BE5,
3BA6,
22C2,
1201,
4368,
8D91,
9E13,
9DB2,
A5F4,
BE77,
CEFA,
DF3C,
DF3C,
DEFC,
D6BB,
D6BC,
D6DC,
DEFD,
DEFD,
DEFD,
DF1D,
DF1D,
DF1D,
DEFD,
E6FD,
E6FD,
E6FD,
E6FD,
E6FC,
E6FC,
E6FC,
E6FC,
E6FC,
E6FC,
DEFC,
DEFC,
DEFC,
DEFC,
DEDC,
DEDC,
DEDC,
DEDC,
DEFC,
DEDC,
DEDB,
D69A,
CE59,
BDD7,
9CD3,
8C51,
636D,
31E6,
2964,
2164,
2143,
1943,
1982,
2A03,
2A63,
3284,
32A3,
32C4,
32E4,
3AE4,
3AE4,
42E4,
4324,
4364,
3B23,
32E2,
2301,
2341,
2BC2,
33E3,
33E3,
3403,
3403,
2C03,
33E3,
3403,
3403,
3423,
3423,
3423,
3423,
3423,
3423,
3423,
3423,
3423,
3423,
3C23,
3C23,
3C23,
3C23,
3C23,
3C23,
3C23,
3C23,
3C24,
3C24,
3C43,
3C43,
3C43,
3C43,
3C43,
3C43,
3C43,
3C43,
3C43,
3C43,
3C43,
3C43,
3C43,
3C43,
3C43,
3C43,
3C43,
3C43,
3C43,
3C43,
3C43,
3C43,
3C43,
3C43,
3C43,
3C43,
3C43,
3C43,
3C44,
3C44,
3C44,
3C44,
3C44,
3C44,
3C44,
3C44,
3C44,
3C44,
3C44,
3C44,
3C44,
3C44,
3C44,
3C44,
3C44,
3C44,
3C44,
3C44,
3C44,
3C44,
3444,
3444,
3C44,
3444,
3444,
3444,
3444,
3C44,
3C44,
3C44,
3C44,
3C44,
3C44,
3C44,
3C44,
3C44,
3C44,
3444,
3444,
3444,
3444,
3444,
3444,
3444,
3444,
3444,
3444,
3444,
3444,
3444,
3444,
3444,
3444,
3444,
3444,
3444,
3444,
3C23,
3C23,
3C23,
3C23,
3C44,
3444,
3444,
3444,
3C24,
3C24,
3C24,
3C24,
3C24,
3C24,
3C24,
3C24,
3C24,
3C44,
3C44,
3C44,
3C44,
3C44,
3C44,
3C44,
3C44,
3C44,
3C44,
3C44,
3C44,
3C44,
3C44,
3C44,
3C44,
3C44,
3C44,
3C44,
3C44,
3C44,
3C44,
3C44,
3C44,
3C44,
3C44,
3C44,
3C44,
3C44,
3C44,
3C44,
3C44,
3C44,
3C44,
3C44,
3C44,
3C44,
3C44,
3C44,
3C44,
3C44,
3C44,
3C44,
3C44,
3C44,
3C44,
3C44,
3C44,
3C44,
3C44,
3C44,
3C44,
3C44,
3C44,
3C44,
3C44,
3C44,
3C44,
3C44,
3C44,
3C44,
3C44,
3C44,
3C44,
3C44,
3C24,
3C24,
3C24,
3C24,
3C24,
3C23,
3C23,
3C23,
3C23,
3C23,
3423,
3423,
3423,
3423,
3423,
3423,
3423,
3423,
3423,
3423,
3423,
3423,
3423,
3423,
3423,
3403,
3403,
3403,
3C03,
3BE3,
3BE5,
43C6,
22A2,
0140,
32E6,
9DF3,
BED7,
BEB7,
CF1A,
DF5C,
DF5D,
DF1D,
DF1C,
DEFC,
DEFC,
DEFD,
DEFD,
DEFD,
DEFD,
DF1D,
DF1D,
DF1D,
DF1D,
E6FD,
E6FD,
E6FD,
E6FD,
E6FC,
E6FC,
E6FC,
E6FC,
E6FC,
E6FC,
E6FC,
DEFC,
DEFC,
DEFC,
DEFC,
DEDC,
DEDC,
DEFC,
DF1C,
E71D,
DEFC,
D69B,
BDD7,
8C71,
632B,
39E6,
2163,
1902,
0880,
08A0,
1141,
29E3,
3265,
32A5,
3B05,
3B25,
4365,
4365,
4385,
4385,
4385,
4385,
4384,
43A4,
43C4,
43C3,
43C3,
33C2,
33C2,
33E2,
33E2,
3402,
3403,
3403,
3403,
3403,
3403,
3403,
3423,
3423,
3423,
3423,
3423,
3423,
3423,
3423,
3423,
3423,
3C23,
3C23,
3C23,
3C23,
3C23,
3C23,
3C23,
3C23,
3C24,
3C24,
3C43,
3C43,
3C43,
3C43,
3C43,
3C43,
3C43,
3C43,
3C43,
3C43,
3C43,
3C43,
3C43,
3C43,
3C43,
3C43,
3C43,
3C43,
3C43,
3C43,
3C43,
3C43,
3C43,
3C43,
3C43,
3C43,
3C43,
3C43,
3C44,
3C44,
3C44,
3C44,
3C44,
3C44,
3C44,
3C44,
3C44,
3C44,
3C44,
3C44,
3C44,
3C44,
3C44,
3C44,
3C44,
3C44,
3C44,
3C44,
3C44,
3C44,
3444,
3444,
3444,
3444,
3444,
3444,
3444,
3C44,
3C44,
3C44,
3C44,
3C44,
3C44,
3C44,
3C44,
3C44,
3C44,
3444,
3444,
3444,
3444,
3444,
3444,
3444,
3444,
3444,
3444,
3444,
3444,
3444,
3444,
3444,
3444,
3444,
3444,
3444,
3444,
3C23,
3C23,
3C23,
3C23,
3C44,
3C44,
3444,
3444,
3444,
3444,
3444,
3C24,
3C24,
3C24,
3C24,
3C23,
3C43,
3C43,
3C44,
3C44,
3C44,
3C44,
3C44,
3C44,
3C44,
3C44,
3C44,
3C44,
3C44,
3C44,
3C44,
3C44,
3C44,
3C24,
3C24,
3C24,
3C24,
3C44,
3C44,
3C44,
3C24,
3C24,
3C44,
3C44,
3C44,
3C44,
3C44,
3C44,
3C44,
3C44,
3C44,
3C44,
3C44,
3C44,
3C44,
3C44,
3C44,
3C44,
3C44,
3C44,
3C44,
3C44,
3C44,
3C44,
3C44,
3C44,
3C44,
3C44,
3C44,
3C44,
3C44,
3C44,
3C44,
3C44,
3C44,
3C44,
3C44,
3C44,
3C44,
3C44,
3C44,
3C44,
3C24,
3C24,
3C24,
3C24,
3C24,
3C24,
3C24,
3C23,
3C23,
3C23,
3423,
3423,
3423,
3423,
3423,
3423,
3423,
3423,
3423,
3423,
3423,
3423,
3423,
3423,
3423,
3403,
3403,
3403,
3C03,
3C03,
3BE4,
43E6,
22C2,
0100,
2AA4,
95D2,
BEB7,
BE97,
CEFA,
D6DB,
D6FC,
DEFD,
DEFD,
DEFD,
DF1D,
DF1D,
DF1D,
DEFD,
DF1D,
DF1D,
E71D,
E6FD,
E6FD,
E6FD,
E6FD,
E6FD,
E6FC,
E6FC,
E6FC,
E6FC,
E6FC,
E6FC,
E6FC,
E6FC,
DEFC,
DEFC,
DEFC,
DEFB,
DEFB,
DEFB,
DF1C,
DF3C,
D6BA,
BE18,
94B2,
630B,
2984,
10C0,
10E0,
1921,
2182,
2A03,
3284,
3AC4,
4305,
4B46,
4366,
3B85,
43A5,
3BA5,
3BA4,
43A4,
43A4,
43A4,
43C4,
43C3,
3BC3,
3BC2,
3BC2,
3BC2,
3BE2,
33E2,
3402,
3402,
3402,
3403,
3423,
3403,
3403,
3403,
3403,
3423,
3423,
3423,
3423,
3423,
3423,
3423,
3423,
3423,
3423,
3C23,
3C23,
3C23,
3C23,
3C23,
3C23,
3C23,
3C23,
3C24,
3C24,
3C43,
3C43,
3C43,
3C43,
3C43,
3C43,
3C43,
3C43,
3C43,
3C43,
3C43,
3C43,
3C43,
3C43,
3C43,
3C43,
3C43,
3C43,
3C43,
3C43,
3C43,
3C43,
3C43,
3C43,
3C43,
3C43,
3C43,
3C43,
3C43,
3C43,
3C43,
3C44,
3C44,
3C44,
3C44,
3C44,
3C44,
3C44,
3C44,
3C44,
3C44,
3C44,
3C44,
3C44,
3C44,
3C44,
3C44,
3C44,
3C44,
3C44,
3444,
3444,
3444,
3444,
3444,
3444,
3444,
3C44,
3C44,
3C44,
3C44,
3C44,
3C44,
3C44,
3C44,
3C44,
3C44,
3444,
3444,
3444,
3444,
3444,
3444,
3444,
3444,
3444,
3444,
3444,
3444,
3444,
3444,
3444,
3444,
3444,
3444,
3444,
3444,
3C23,
3C23,
3C23,
3C23,
3C44,
3C24,
3C24,
3444,
3444,
3444,
3444,
3C24,
3C24,
3C24,
3C24,
3C23,
3C23,
3C43,
3C44,
3C44,
3C44,
3C44,
3C44,
3C44,
3C44,
3C44,
3C44,
3C44,
3C44,
3C44,
3C44,
3C44,
3C44,
3C24,
3C24,
3C24,
3C24,
3C44,
3C44,
3C44,
3C24,
3C23,
3C44,
3C44,
3C44,
3C44,
3C44,
3C44,
3C44,
3C44,
3C44,
3C44,
3C44,
3C44,
3C44,
3C44,
3C44,
3C44,
3C44,
3C44,
3C44,
3C44,
3C44,
3C44,
3C44,
3C44,
3C44,
3C44,
3C44,
3C44,
3C44,
3C44,
3C44,
3C44,
3C44,
3C44,
3C44,
3C44,
3C44,
3C44,
3C44,
3C44,
3C24,
3C24,
3C24,
3C24,
3C24,
3C24,
3C24,
3C23,
3C23,
3C23,
3423,
3423,
3423,
3423,
3423,
3423,
3423,
3423,
3423,
3423,
3423,
3423,
3423,
3423,
3423,
3403,
3403,
3403,
3C03,
3C03,
3BE4,
4406,
2AE3,
0140,
32C5,
95B2,
BEB7,
BE97,
CEBA,
CEDB,
D6DD,
D6FD,
DEFD,
DEFD,
DF1D,
DF1D,
DEFD,
DEFD,
DF1D,
DF1D,
E71D,
E6FD,
E6FD,
E6FD,
E6FD,
E6FD,
E6FD,
E6FC,
E6FC,
E6FC,
E6FC,
E6FC,
E6FC,
E6FC,
DEFC,
DEFC,
DEFC,
DEFB,
DEFB,
DEFB,
D6FB,
C678,
9D32,
5B6B,
29A3,
08A0,
00C0,
1981,
3264,
42E6,
4326,
4B86,
4B86,
4385,
4385,
3B85,
3BA4,
3BC4,
33C3,
33C3,
33C2,
3BC2,
3BC2,
3BC2,
3BE2,
33E2,
33E2,
33E2,
33E2,
33E2,
3403,
3403,
3403,
3403,
3403,
3423,
3423,
2C23,
3423,
3423,
3403,
3403,
3423,
3423,
3423,
3423,
3423,
3423,
3423,
3423,
3423,
3C23,
3C23,
3C23,
3C23,
3C23,
3C23,
3C23,
3C23,
3C24,
3C24,
3C43,
3C43,
3C43,
3C43,
3C43,
3C43,
3C43,
3C43,
3C43,
3C43,
3C43,
3C43,
3C43,
3C43,
3C43,
3C43,
3C43,
3C43,
3C43,
3C43,
3C43,
3C43,
3C43,
3C43,
3C43,
3C43,
3C43,
3C43,
3C43,
3C43,
3C43,
3C44,
3C44,
3C44,
3C44,
3C44,
3C44,
3C44,
3C44,
3C44,
3C44,
3C44,
3C44,
3C44,
3C44,
3C44,
3C44,
3C44,
3C44,
3C44,
3444,
3444,
3444,
3444,
3444,
3444,
3444,
3C44,
3C44,
3C44,
3C44,
3C44,
3C44,
3C44,
3C44,
3C44,
3C44,
3444,
3444,
3444,
3444,
3444,
3444,
3444,
3444,
3444,
3444,
3444,
3444,
3444,
3444,
3444,
3444,
3444,
3444,
3444,
3443,
3C23,
3C23,
3C23,
3C23,
3C24,
3C24,
3C24,
3C24,
3C24,
3C24,
3C24,
3C24,
3C24,
3C24,
3C24,
3C24,
3C23,
3C24,
3C44,
3C44,
3C44,
3C44,
3C44,
3C44,
3C44,
3C44,
3C44,
3C44,
3C44,
3C44,
3C44,
3C44,
3C24,
3C24,
3C24,
3C24,
3C24,
3C24,
3C24,
3C24,
3C44,
3C44,
3C44,
3C44,
3C44,
3C44,
3C44,
3C44,
3C44,
3C44,
3C44,
3C44,
3C44,
3C44,
3C44,
3C44,
3C44,
3C44,
3C44,
3C44,
3C44,
3C44,
3C44,
3C44,
3C44,
3C44,
3C44,
3C24,
3C24,
3C24,
3C24,
3C24,
3C24,
3C24,
3C24,
3C24,
3C24,
3C24,
3C24,
3C24,
3C24,
3C24,
3C24,
3C24,
3C24,
3C24,
3C24,
3C24,
3C24,
3C24,
3C23,
3C23,
3423,
3423,
3423,
3423,
3423,
3423,
3423,
3423,
3423,
3423,
3423,
3423,
3423,
3423,
3423,
3C23,
3C03,
3C03,
3C03,
3C03,
3BE4,
4406,
2B03,
0140,
32C5,
95B2,
BEB8,
BE98,
C6BA,
CEBC,
D6DD,
D6FD,
DEFD,
DEFD,
DEFD,
DEFD,
DEFD,
DF1D,
E71D,
E71D,
DF1D,
E6FD,
E6FD,
E6FD,
E6FD,
E6FD,
E6FD,
E6FC,
E6FC,
E6FC,
E6FC,
E6FC,
E6FC,
E6FC,
E6FC,
DEFC,
DEFC,
DEFB,
DF1B,
D6FA,
BE37,
8CB1,
4AC8,
10E1,
00A0,
0940,
2A42,
4325,
5366,
4B86,
4385,
43A5,
43A4,
3BA4,
3BA4,
3BC4,
33C3,
33C3,
33E3,
33E2,
33E2,
33E2,
3402,
3402,
3402,
3402,
3402,
3403,
3403,
3403,
3403,
3403,
3403,
3403,
3403,
3423,
3423,
3423,
3423,
3423,
3403,
3403,
3423,
3423,
3423,
3423,
3423,
3423,
3423,
3423,
3423,
3C23,
3C23,
3C23,
3C23,
3C23,
3C23,
3C23,
3C23,
3C24,
3C24,
3C24,
3C23,
3C23,
3C43,
3C43,
3C43,
3C43,
3C43,
3C43,
3C43,
3C43,
3C43,
3C43,
3C43,
3C43,
3C43,
3C43,
3C43,
3C43,
3C43,
3C43,
3C43,
3C43,
3C43,
3C43,
3C43,
3C43,
3C43,
3C44,
3C44,
3C44,
3C44,
3C44,
3C44,
3C44,
3C44,
3C44,
3C44,
3C44,
3C44,
3C44,
3C44,
3C44,
3C44,
3C44,
3C44,
3C44,
3C44,
3C44,
3C44,
3444,
3444,
3444,
3444,
3444,
3444,
3444,
3C44,
3C44,
3C44,
3C44,
3C44,
3C44,
3C44,
3C44,
3C44,
3C44,
3444,
3444,
3444,
3444,
3444,
3444,
3444,
3444,
3444,
3444,
3444,
3444,
3444,
3444,
3444,
3444,
3444,
3444,
3444,
3444,
3C23,
3C23,
3C23,
3C23,
3C24,
3C24,
3C24,
3C24,
3C24,
3C24,
3C24,
3C24,
3C24,
3C24,
3C24,
3C24,
3C24,
3C24,
3C44,
3C44,
3C44,
3C44,
3C44,
3C44,
3C44,
3C44,
3C44,
3C44,
3C44,
3C44,
3C44,
3C44,
3C24,
3C24,
3C24,
3C24,
3C24,
3C24,
3C24,
3C24,
3C44,
3C44,
3C44,
3C44,
3C44,
3C44,
3C44,
3C44,
3C44,
3C44,
3C44,
3C44,
3C44,
3C44,
3C44,
3C44,
3C44,
3C44,
3C44,
3C44,
3C44,
3C44,
3C44,
3C44,
3C44,
3C44,
3C44,
3C24,
3C24,
3C24,
3C24,
3C24,
3C24,
3C24,
3C24,
3C24,
3C24,
3C24,
3C24,
3C24,
3C24,
3C24,
3C24,
3C24,
3C24,
3C24,
3C24,
3C24,
3C24,
3C24,
3C23,
3423,
3423,
3423,
3423,
3423,
3423,
3423,
3423,
3423,
3423,
3423,
3423,
3423,
3424,
3424,
3424,
3C04,
3C04,
3C04,
3C04,
3C03,
3C04,
43E6,
2AE3,
0160,
3AE6,
9DD2,
C6D8,
C6B9,
C69A,
CEBC,
D6DD,
DF1D,
DF1D,
DEFD,
DEFD,
DEFD,
E6FD,
DF1D,
E71D,
E71D,
DF1D,
E6FD,
E6FD,
E6FD,
E6FD,
E6FD,
E6FD,
E6FC,
E6FC,
E6FC,
E6FC,
E6FC,
E6FC,
E6FC,
E6FC,
E6FC,
DEFC,
DF1C,
DF3A,
C697,
8CB0,
4AA7,
1141,
08E0,
21C2,
4304,
4B85,
4B84,
4B64,
4384,
3BA3,
3BA3,
3BC3,
33C3,
33C3,
33C3,
33C3,
33E3,
33E2,
33E2,
33E2,
3402,
3402,
3403,
3403,
3403,
3403,
3403,
3403,
3403,
3403,
3402,
3402,
3403,
3403,
3423,
3423,
3423,
3423,
3423,
3403,
3403,
3423,
3423,
3423,
3423,
3423,
3423,
3423,
3423,
3423,
3C23,
3C23,
3C23,
3C23,
3C23,
3C23,
3C23,
3C23,
3C23,
3C24,
3C24,
3C24,
3C23,
3C43,
3C43,
3C43,
3C43,
3C43,
3C43,
3C43,
3C43,
3C43,
3C43,
3C43,
3C43,
3C43,
3C43,
3C43,
3C43,
3C43,
3C43,
3C43,
3C43,
3C43,
3C43,
3C43,
3C43,
3C43,
3C44,
3C44,
3C44,
3C44,
3C44,
3C44,
3C44,
3C44,
3C44,
3C44,
3C44,
3C44,
3C44,
3C44,
3C44,
3C44,
3C44,
3C44,
3C44,
3C44,
3C44,
3C44,
3C44,
3C44,
3444,
3444,
3444,
3444,
3444,
3C44,
3C44,
3C44,
3C44,
3C44,
3C44,
3C44,
3C44,
3C44,
3C44,
3444,
3444,
3444,
3444,
3444,
3444,
3444,
3444,
3444,
3444,
3444,
3444,
3444,
3444,
3444,
3444,
3444,
3444,
3444,
3444,
3C23,
3C23,
3C23,
3C23,
3C24,
3C24,
3C24,
3C24,
3C24,
3C24,
3C24,
3C24,
3C24,
3C24,
3C24,
3C24,
3C24,
3C24,
3C44,
3C44,
3C44,
3C44,
3C44,
3C44,
3C44,
3C44,
3C44,
3C44,
3C44,
3C44,
3C44,
3C44,
3C24,
3C24,
3C24,
3C24,
3C24,
3C24,
3C24,
3C24,
3C44,
3C44,
3C44,
3C44,
3C44,
3C44,
3C44,
3C44,
3C44,
3C44,
3C44,
3C44,
3C44,
3C44,
3C44,
3C44,
3C44,
3C44,
3C44,
3C44,
3C44,
3C44,
3C44,
3C44,
3C44,
3C44,
3C44,
3C24,
3C24,
3C24,
3C24,
3C24,
3C24,
3C24,
3C24,
3C24,
3C24,
3C24,
3C24,
3C24,
3C24,
3C24,
3C24,
3C24,
3C24,
3C24,
3C24,
3C24,
3C24,
3C24,
3C23,
3C23,
3423,
3423,
3423,
3423,
3423,
3423,
3423,
3423,
3423,
3423,
3423,
3423,
3424,
3424,
3424,
3424,
3C04,
3C04,
3C04,
3C04,
3C04,
43C6,
2AC3,
0160,
3AE7,
A5D3,
C6D9,
C699,
C69A,
CEBC,
D6FD,
DF1E,
DF1E,
DF1E,
DEFD,
DEFD,
DEFD,
DF1D,
E71D,
E71D,
DF1D,
E6FD,
E6FD,
E6FD,
E6FD,
E6FD,
E6FD,
E6FC,
E6FC,
E6FC,
E6FC,
E6FC,
E6FC,
E6FC,
E6FC,
E6FC,
E71D,
DF3C,
CEB8,
9D51,
5B48,
21C1,
1160,
2201,
3AE4,
4B64,
4383,
3B83,
3BA3,
3BA3,
3BC3,
33C2,
2BE2,
2BE2,
2BE2,
2BE2,
33E2,
33E2,
33E2,
33E2,
3402,
3402,
3403,
3403,
3402,
3402,
3403,
3403,
3403,
3403,
3403,
3403,
3403,
3403,
3403,
3423,
3423,
3423,
3423,
3423,
3403,
3403,
3423,
3423,
3423,
3423,
3423,
3423,
3423,
3423,
3423,
3C23,
3C23,
3C23,
3C23,
3C23,
3C23,
3C23,
3C23,
3C24,
3C24,
3C24,
3C24,
3C23,
3C43,
3C43,
3C43,
3C43,
3C43,
3C43,
3C43,
3C43,
3C43,
3C43,
3C43,
3C43,
3C43,
3C43,
3C43,
3C43,
3C43,
3C43,
3C43,
3C43,
3C43,
3C43,
3C43,
3C43,
3C43,
3C44,
3C44,
3C44,
3C44,
3C44,
3C44,
3C44,
3C44,
3C44,
3C44,
3C44,
3C44,
3C44,
3C44,
3C44,
3C44,
3C44,
3C44,
3C44,
3C44,
3C44,
3C44,
3C44,
3C44,
3444,
3444,
3444,
3444,
3444,
3C44,
3C44,
3C44,
3C44,
3C44,
3C44,
3C44,
3C44,
3C44,
3C44,
3444,
3444,
3444,
3444,
3444,
3444,
3444,
3444,
3444,
3444,
3444,
3444,
3444,
3444,
3444,
3444,
3444,
3444,
3444,
3444,
3C23,
3C23,
3C23,
3C23,
3C24,
3C24,
3C24,
3C24,
3C24,
3C24,
3C24,
3C24,
3C24,
3C24,
3C24,
3C24,
3C24,
3C24,
3C44,
3C44,
3C44,
3C44,
3C44,
3C44,
3C44,
3C44,
3C44,
3C44,
3C44,
3C44,
3C44,
3C44,
3C24,
3C24,
3C24,
3C24,
3C24,
3C24,
3C24,
3C24,
3C44,
3C44,
3C44,
3C44,
3C44,
3C44,
3C44,
3C44,
3C44,
3C44,
3C44,
3C44,
3C44,
3C44,
3C44,
3C44,
3C44,
3C44,
3C44,
3C44,
3C44,
3C44,
3C44,
3C44,
3C44,
3C44,
3C44,
3C24,
3C24,
3C24,
3C24,
3C24,
3C24,
3C24,
3C24,
3C24,
3C24,
3C24,
3C24,
3C24,
3C43,
3C43,
3C23,
3C24,
3C24,
3C24,
3C24,
3C24,
3C24,
3C24,
3C23,
3423,
3423,
3423,
3423,
3423,
3423,
3423,
3423,
3423,
3423,
3423,
3423,
3424,
3424,
3C24,
3C24,
3C24,
3C04,
3C04,
3C04,
3C04,
4405,
43A6,
2AA3,
0940,
42E7,
A5D4,
C6D9,
C699,
C69A,
CEDC,
D6FD,
DEFE,
DEFE,
DEFD,
DEFD,
DEFD,
DF1D,
DF1D,
E6FD,
E6FD,
DF1D,
E6FD,
E6FD,
E6FD,
E6FD,
E6FD,
E6FD,
E6FC,
E6FC,
DEFC,
DEFC,
DEFC,
DEFC,
DEFC,
DEFC,
E6FD,
E71D,
D6DA,
ADB4,
63AA,
2A03,
19C0,
2A61,
3B03,
4364,
3B64,
3B63,
3BA2,
3BA3,
3BC3,
33C2,
33C2,
33C1,
2BC1,
2BE1,
2BE2,
33E2,
33E2,
33E2,
3402,
3402,
3402,
3403,
3403,
3402,
3402,
3403,
3403,
3403,
3403,
3403,
3403,
3403,
3403,
3403,
3423,
3423,
3423,
3423,
3423,
3403,
3403,
3423,
3423,
3423,
3423,
3423,
3423,
3423,
3423,
3423,
3C23,
3C23,
3C23,
3C23,
3C23,
3C23,
3C23,
3C23,
3C24,
3C24,
3C24,
3C24,
3C23,
3C43,
3C43,
3C43,
3C43,
3C43,
3C43,
3C43,
3C43,
3C43,
3C43,
3C43,
3C43,
3C43,
3C43,
3C43,
3C43,
3C43,
3C43,
3C43,
3C43,
3C43,
3C43,
3C43,
3C43,
3C43,
3C43,
3C43,
3C43,
3C44,
3C44,
3C44,
3C44,
3C44,
3C44,
3C44,
3C44,
3C44,
3C44,
3C44,
3C44,
3C44,
3C44,
3C44,
3C44,
3C44,
3C44,
3C44,
3C44,
3C44,
3444,
3444,
3444,
3444,
3444,
3C44,
3C44,
3C44,
3C44,
3C44,
3C44,
3C44,
3C44,
3C44,
3C44,
3444,
3444,
3444,
3444,
3444,
3444,
3444,
3444,
3444,
3444,
3444,
3444,
3444,
3444,
3444,
3444,
3444,
3444,
3444,
3444,
3C23,
3C23,
3C23,
3C23,
3C24,
3C24,
3C24,
3C24,
3C24,
3C24,
3C24,
3C24,
3C24,
3C24,
3C24,
3C24,
3C24,
3C24,
3C44,
3C44,
3C44,
3C44,
3C44,
3C44,
3C44,
3C44,
3C44,
3C44,
3C44,
3C44,
3C44,
3C44,
3C24,
3C24,
3C24,
3C24,
3C24,
3C24,
3C24,
3C24,
3C44,
3C44,
3C44,
3C44,
3C44,
3C44,
3C44,
3C44,
3C44,
3C44,
3C44,
3C44,
3C44,
3C44,
3C44,
3C44,
3C44,
3C44,
3C44,
3C44,
3C44,
3C44,
3C44,
3C44,
3C44,
3C44,
3C44,
3C24,
3C24,
3C24,
3C24,
3C24,
3C24,
3C24,
3C24,
3C24,
3C24,
3C24,
3C24,
3C24,
3C43,
3C43,
3C23,
3C24,
3C24,
3C24,
3C24,
3C24,
3C24,
3C24,
3C23,
3C23,
3423,
3423,
3423,
3423,
3423,
3423,
3423,
3423,
3423,
3423,
3423,
3C04,
3BE4,
3BE4,
3BE4,
3C04,
3C04,
3C04,
3C04,
3C04,
43E5,
4B85,
2A42,
0940,
5349,
ADF5,
CEBA,
CE99,
CEBB,
D6FD,
DEFE,
DEFD,
DEFE,
DEFD,
DEFD,
DEFD,
DF1D,
DF1D,
E6FD,
E6FD,
DF1D,
E6FD,
E6FD,
E6FD,
E6FD,
E6FD,
E6FD,
E6FC,
E6FC,
DEFC,
DEFC,
DEFC,
DEFC,
DEFC,
DEFC,
E6FD,
E73D,
CEB9,
8CD0,
3A66,
1140,
19E0,
3AE3,
4365,
4364,
3B63,
3B62,
3B82,
3BA2,
3BC2,
33C2,
33C2,
33E1,
33C1,
33E1,
2BE2,
33E2,
33E2,
33E2,
3402,
3402,
3402,
3402,
3402,
3402,
3403,
3403,
3403,
3403,
3403,
3403,
3403,
3403,
3403,
3403,
3423,
3423,
3423,
3423,
3403,
3403,
3403,
3423,
3423,
3423,
3423,
3423,
3423,
3423,
3423,
3423,
3C23,
3C23,
3C23,
3C23,
3C23,
3C23,
3C23,
3C23,
3C24,
3C24,
3C24,
3C24,
3C24,
3C24,
3C24,
3C23,
3C43,
3C43,
3C44,
3C44,
3C44,
3C43,
3C43,
3C43,
3C43,
3C43,
3C43,
3C43,
3C43,
3C43,
3C43,
3C43,
3C43,
3C43,
3C43,
3C43,
3C43,
3C43,
3C43,
3C43,
3C43,
3C44,
3C44,
3C44,
3C44,
3C44,
3C44,
3C44,
3C44,
3C44,
3C44,
3C44,
3C44,
3C44,
3C44,
3C44,
3C44,
3C44,
3C44,
3C44,
3C44,
3C44,
3C44,
3C44,
3C44,
3C44,
3C44,
3C44,
3C44,
3C44,
3C44,
3C44,
3C44,
3C44,
3C44,
3C44,
3C44,
3C44,
3C44,
3C44,
3C44,
3C44,
3444,
3444,
3444,
3444,
3444,
3444,
3444,
3444,
3444,
3444,
3444,
3444,
3444,
3C44,
3C44,
3C23,
3C24,
3C24,
3C24,
3C24,
3C24,
3C24,
3C24,
3C24,
3C24,
3C24,
3C24,
3C24,
3C24,
3C24,
3C24,
3C24,
3C24,
3C24,
3C24,
3C24,
3C24,
3C24,
3C24,
3C24,
3C24,
3C24,
3C24,
3C24,
3C24,
3C24,
3C24,
3C24,
3C24,
3C24,
3C24,
3C24,
3C24,
3C24,
3C24,
3C44,
3C44,
3C44,
3C44,
3C44,
3C44,
3C44,
3C44,
3C44,
3C44,
3C44,
3C44,
3C44,
3C44,
3C44,
3C44,
3C44,
3C44,
3C44,
3C44,
3C44,
3C44,
3C44,
3C44,
3C44,
3C44,
3C44,
3C24,
3C24,
3C24,
3C24,
3C24,
3C24,
3C24,
3C24,
3C24,
3C24,
3C24,
3C24,
3C43,
3C43,
3C43,
3C23,
3C23,
3C23,
3C23,
3C23,
3C23,
3C23,
3C23,
3C23,
3423,
3423,
3423,
3423,
3423,
3423,
3423,
3423,
3423,
3423,
3423,
3423,
3C04,
33C3,
3363,
2B43,
33A3,
4424,
3BE4,
3BE4,
3C04,
43C5,
3B24,
2201,
21C2,
6C0D,
B637,
CEBA,
CEBA,
D6DB,
DEFD,
DEFE,
DEFE,
DEFE,
DEFE,
DEFD,
DEFD,
E71D,
E71D,
E71D,
E71D,
E71D,
E71D,
E6FD,
E6FD,
E6FD,
E6FC,
E6FC,
E6FC,
DEFC,
DEFC,
DEFC,
DEFC,
DEFC,
DEFC,
DEFC,
E6FD,
E73D,
CEB9,
848F,
3224,
1140,
2201,
4324,
4385,
4364,
3B43,
3362,
3382,
33A1,
33C1,
33C1,
33E1,
33E1,
33C1,
33C1,
33E1,
33E2,
33E2,
33E2,
33E2,
33E2,
3402,
3403,
3403,
3402,
33E2,
3403,
3402,
3402,
3403,
3403,
3403,
3403,
3403,
3403,
3403,
3403,
3403,
3403,
3403,
3403,
3403,
3423,
3423,
3423,
3423,
3423,
3423,
3423,
3423,
3423,
3C23,
3C23,
3C23,
3C23,
3C23,
3C23,
3C23,
3C23,
3C24,
3C24,
3C24,
3C24,
3C24,
3C24,
3C24,
3C23,
3C24,
3C24,
3C44,
3C44,
3C44,
3C44,
3C44,
3C44,
3C44,
3C44,
3C44,
3C44,
3C44,
3C44,
3C44,
3C44,
3C44,
3C44,
3C44,
3C44,
3C44,
3C44,
3C44,
3C44,
3C44,
3C44,
3C44,
3C44,
3C44,
3C44,
3C44,
3C24,
3C24,
3C24,
3C24,
3C24,
3C44,
3C44,
3C44,
3C44,
3C44,
3C44,
3C44,
3C44,
3C44,
3C44,
3C44,
3C44,
3C44,
3C44,
3C64,
3C44,
3C44,
3C44,
3C44,
3C44,
3C44,
3C44,
3C44,
3C44,
3C44,
3C44,
3C44,
3C44,
3C44,
3C44,
3C44,
3C44,
3C44,
3C44,
3C44,
3444,
3444,
3444,
3444,
3444,
3444,
3C44,
3C44,
3C44,
3C44,
3C24,
3C24,
3C24,
3C24,
3C24,
3C24,
3C24,
3C24,
3C24,
3C24,
3C24,
3C24,
3C24,
3C24,
3C24,
3C24,
3C24,
3C24,
3C24,
3C24,
3C24,
3C24,
3C24,
3C24,
3C24,
3C24,
3C24,
3C24,
3C24,
3C24,
3C24,
3C24,
3C24,
3C24,
3C24,
3C24,
3C24,
3C24,
3C24,
3C24,
3C44,
3C44,
3C44,
3C44,
3C44,
3C44,
3C44,
3C44,
3C44,
3C44,
3C44,
3C44,
3C44,
3C44,
3C44,
3C44,
3C44,
3C44,
3C44,
3C44,
3C44,
3C44,
3C44,
3C44,
3C44,
3C44,
3C44,
3C24,
3C24,
3C24,
3C24,
3C23,
3C23,
3C23,
3C23,
3C23,
3C24,
3C24,
3C44,
3C43,
3C23,
3C23,
3423,
3423,
3423,
3423,
3423,
3423,
3423,
3423,
3C23,
3423,
3423,
3423,
3423,
3423,
3423,
3423,
3423,
3423,
3423,
3423,
3C24,
3C24,
3BC4,
2B02,
1A81,
22E2,
3BC4,
3BC4,
3BC4,
4404,
3BA4,
32C3,
19A0,
29E3,
848F,
C678,
CEBB,
CEBB,
D6BB,
DEFD,
DEFE,
DEFE,
DEFE,
DF1E,
DEFD,
DEFE,
E71D,
E71D,
E71D,
E71D,
E71D,
E71D,
E71D,
E71D,
E6FD,
E6FC,
E6FC,
E6FC,
DEFC,
DEFC,
DEFC,
DEFC,
DEDC,
DEDC,
DEDC,
DEFC,
E71D,
D6DA,
84AF,
3225,
1140,
2A42,
4345,
4364,
4364,
3B63,
3362,
3381,
33A1,
33C1,
33C1,
33E1,
33C1,
33C1,
33C1,
33C1,
33E2,
2BE2,
2BE2,
33E2,
33E2,
33E2,
33E2,
33E3,
33E2,
33E2,
3403,
3402,
3403,
3403,
3403,
3403,
3403,
3403,
3403,
3403,
3403,
3403,
3402,
3403,
3403,
3402,
3403,
3423,
3423,
3423,
3423,
3423,
3423,
3423,
3423,
3C23,
3C23,
3C23,
3C23,
3C23,
3C23,
3C23,
3C23,
3C24,
3C24,
3C24,
3C24,
3C24,
3C24,
3C24,
3C24,
3C24,
3C24,
3C24,
3C24,
3C24,
3C24,
3444,
3444,
3444,
3444,
3C44,
3C44,
3C44,
3C44,
3C44,
3C44,
3C44,
3C44,
3C44,
3C44,
3C44,
3C44,
3C44,
3C44,
3C44,
3C44,
3C24,
3C24,
3C44,
3C44,
3C44,
3C24,
3C24,
3C24,
3C24,
3C24,
3C44,
3C44,
3C44,
3C44,
3C44,
3C44,
3C44,
3C44,
3C44,
3C44,
3C44,
3C44,
3C44,
3C44,
3C64,
3C64,
3C64,
3C64,
3C64,
3C64,
3C44,
3C44,
3C44,
3C44,
3C44,
3C44,
3C44,
3C44,
3C44,
3C44,
3C44,
3C44,
3C44,
3C64,
3C64,
3C64,
3C64,
3C44,
3444,
3444,
3444,
3C44,
3C44,
3C44,
3C44,
3C24,
3C24,
3C24,
3C24,
3C24,
3C24,
3C24,
3C24,
3C24,
3C24,
3C24,
3C24,
3C24,
3C24,
3C24,
3C24,
3C24,
3C24,
3C24,
3C24,
3C24,
3C24,
3C24,
3C24,
3C24,
3C24,
3C24,
3C24,
3C24,
3C24,
3C24,
3C24,
3C24,
3C24,
3C24,
3C24,
3C24,
3C24,
3C24,
3C24,
3C44,
3C43,
3C43,
3C43,
3C43,
3C43,
3C43,
3C44,
3C44,
3C44,
3C44,
3C44,
3C44,
3C44,
3C44,
3C44,
3C44,
3C44,
3C44,
3C44,
3C44,
3C44,
3C44,
3C44,
3C44,
3C44,
3C44,
3C24,
3C24,
3C24,
3C24,
3C24,
3C24,
3C24,
3C24,
3C24,
3C24,
3C24,
3C43,
3C23,
3C23,
3C23,
3C23,
3C23,
3C23,
3C23,
3C23,
3C23,
3C23,
3C23,
3C23,
3423,
3423,
3423,
3423,
3423,
3423,
3423,
3C23,
3423,
3423,
3423,
3C23,
4424,
3BC4,
1AA1,
0160,
0180,
22C1,
3B83,
3BC4,
4405,
43A5,
2A41,
0900,
3A86,
A594,
CE9A,
CEBB,
CE9B,
D6BC,
DEFD,
DEFD,
DEFE,
DEFE,
DF1E,
DEFD,
DEFD,
E71D,
E71D,
E71D,
E71D,
E71D,
E71D,
E71D,
E71D,
E71C,
E6FC,
E6FC,
E6FC,
DEFC,
DEFC,
DEFC,
DEFC,
DEDC,
DEDC,
DEDC,
DEFC,
E71C,
D71B,
8D11,
3A86,
1181,
2242,
4344,
4364,
3B64,
3B63,
3382,
33A1,
33A1,
33C1,
33C1,
33C1,
33C1,
33C1,
2BC1,
33C1,
33E2,
33E2,
33E2,
33E2,
33E2,
33E2,
33E2,
33E2,
33E2,
33E3,
3403,
3403,
3403,
3403,
3403,
3403,
3403,
3403,
3403,
3403,
3403,
3403,
3403,
3403,
3403,
3403,
3403,
3423,
3423,
3423,
3423,
3423,
3423,
3423,
3423,
3C23,
3C23,
3C23,
3C23,
3C23,
3C23,
3C23,
3C23,
3C24,
3C24,
3C24,
3C24,
3C24,
3C24,
3C24,
3C24,
3C24,
3C24,
3C24,
3C24,
3C24,
3444,
3444,
3444,
3444,
3C44,
3C44,
3C44,
3C44,
3C44,
3C44,
3C44,
3C44,
3C44,
3C44,
3C44,
3C44,
3C44,
3C24,
3C24,
3C24,
3C24,
3C24,
3C24,
3C24,
3C24,
3C24,
3C24,
3C24,
3C24,
3C24,
3C24,
3C44,
3C44,
3C44,
3C44,
3C44,
3C44,
3C44,
3C44,
3C44,
3C44,
3C44,
3C44,
3C44,
3C44,
3C44,
3C44,
3C44,
3C44,
3C44,
3C44,
3C44,
3C44,
3C44,
3C44,
3C44,
3C44,
3C44,
3C44,
3C44,
3C44,
3C44,
3C44,
3C64,
3C64,
3C64,
3C64,
3C64,
3C44,
3444,
3C44,
3C44,
3C44,
3C44,
3C44,
3C44,
3C24,
3C24,
3C24,
3C24,
3C24,
3C24,
3C24,
3C24,
3C24,
3C24,
3C24,
3C24,
3C24,
3C24,
3C24,
3C24,
3C24,
3C24,
3C24,
3C24,
3C24,
3C24,
3C24,
3C24,
3C24,
3C24,
3C24,
3C24,
3C24,
3C24,
3C24,
3C24,
3C24,
3C24,
3C24,
3C24,
3C24,
3C24,
3C23,
3C43,
3C43,
3C43,
3C43,
3C43,
3C43,
3C43,
3C43,
3C44,
3C44,
3C43,
3C43,
3C43,
3C44,
3C44,
3C44,
3C44,
3C44,
3C44,
3C44,
3C44,
3C44,
3C44,
3C44,
3C44,
3C44,
3C44,
3C44,
3C24,
3C24,
3C24,
3C24,
3C24,
3C24,
3C24,
3C24,
3C24,
3C24,
3C23,
3C23,
3423,
3423,
3423,
3C23,
3C23,
3C23,
3C23,
3C23,
3C23,
3C23,
3C23,
3C23,
3423,
3423,
3423,
3423,
3423,
3C23,
3C23,
3C23,
3C23,
3423,
3C23,
3C23,
4424,
43E4,
22A1,
0160,
0100,
09E0,
22C1,
3323,
3B44,
3B04,
0960,
08E0,
73CD,
C658,
CE9A,
CEBB,
D69B,
D6DC,
DEFD,
DEFE,
DEFD,
DF1D,
DF1D,
DEFD,
DEFD,
E71D,
E71D,
E71D,
E71D,
E71D,
E71D,
E71C,
E71C,
E71C,
E6FC,
E6FC,
E6FC,
E6FC,
DEFC,
DEFC,
DEFC,
DEFC,
DEFC,
DEFC,
DEFC,
DF1C,
DF3B,
ADF5,
63AB,
21E3,
11C0,
2A82,
3B23,
3B84,
43A4,
3BA2,
33C1,
3BC2,
33C2,
33C1,
33C1,
33C1,
33C1,
2BC1,
33C1,
33E1,
33E2,
33E2,
33E2,
33E3,
33E3,
3403,
3402,
3402,
33E2,
33E3,
3403,
3403,
3403,
3403,
3402,
3402,
3403,
3403,
3403,
3403,
3402,
3403,
3403,
3403,
3403,
3403,
3423,
3423,
3423,
3423,
3423,
3423,
3423,
3423,
3C23,
3C23,
3C23,
3C23,
3C23,
3C23,
3C23,
3C23,
3C24,
3C24,
3C24,
3C24,
3C24,
3C24,
3C24,
3C24,
3C24,
3C24,
3C24,
3C44,
3444,
3444,
3444,
3444,
3444,
3C44,
3C44,
3C44,
3C44,
3C44,
3C44,
3C44,
3C44,
3C44,
3C44,
3C44,
3C44,
3C44,
3C24,
3C24,
3C24,
3C24,
3C24,
3C24,
3C24,
3C24,
3C24,
3C24,
3C24,
3C24,
3C24,
3C24,
3C44,
3C44,
3C44,
3C44,
3C44,
3C44,
3C44,
3C44,
3C44,
3C44,
3C44,
3C44,
3C44,
3C44,
3C44,
3C44,
3C44,
3C44,
3C44,
3C44,
3C44,
3C44,
3C44,
3C44,
3C44,
3C44,
3C44,
3C44,
3C44,
3C44,
3C44,
3C64,
3C64,
3C64,
3C64,
3C64,
3C64,
3444,
3C44,
3C44,
3C44,
3C44,
3C44,
3444,
3444,
3C24,
3C24,
3C24,
3C24,
3C24,
3C24,
3C24,
3C24,
3C24,
3C24,
3C24,
3C24,
3C24,
3C24,
3C24,
3C24,
3C24,
3C24,
3C24,
3C24,
3C24,
3C24,
3C24,
3C24,
3C24,
3C24,
3C24,
3C24,
3C24,
3C24,
3C24,
3C24,
3C24,
3C24,
3C24,
3C24,
3C24,
3C24,
3C23,
3C43,
3C43,
3C43,
3C43,
3C43,
3C43,
3C43,
3C23,
3C44,
3C44,
3C43,
3C43,
3C43,
3C44,
3C44,
3C44,
3C44,
3C44,
3C44,
3C44,
3C44,
3C44,
3C44,
3C44,
3C44,
3C44,
3C44,
3C44,
3C24,
3C24,
3C24,
3C24,
3C24,
3C24,
3C24,
3C24,
3C24,
3C24,
3C23,
3C23,
3423,
3423,
3423,
3C23,
3C23,
3C23,
3C23,
3C23,
3C23,
3C23,
3C23,
3C23,
3423,
3423,
3423,
3423,
3423,
3C23,
3C23,
3C03,
3C23,
3423,
3C23,
3C03,
4403,
43E4,
3324,
11E1,
0100,
0120,
0180,
09C0,
19E0,
11A0,
00A0,
31E5,
A535,
CE9B,
CE9B,
D6BB,
D6BB,
D6DC,
DEFD,
DEFE,
DEFD,
DF1D,
DF1D,
DEFD,
DEFD,
E71D,
E71D,
E71D,
E71D,
E71D,
E71D,
E71D,
E71C,
E71C,
E6FC,
E6FC,
E6FC,
E6FC,
DEFC,
DEFC,
DEFC,
DEFC,
DEFC,
DEFC,
DEFC,
DF1C,
DF3C,
CED9,
9532,
3AA7,
0960,
0980,
2280,
3343,
43C4,
43E3,
3BE2,
3BC2,
3BE2,
3BC2,
33C1,
33C1,
33C1,
33C1,
33C2,
33E2,
33E2,
33E3,
33E3,
2BE2,
2BE2,
2BE3,
2BE2,
33E2,
33E2,
33E3,
3403,
3403,
3403,
3403,
3402,
3402,
3403,
3403,
3403,
3403,
3402,
3403,
3403,
3403,
3403,
3403,
3423,
3423,
3423,
3423,
3423,
3423,
3423,
3423,
3C23,
3C23,
3C23,
3C23,
3C23,
3C23,
3C23,
3C23,
3C24,
3C24,
3C24,
3C24,
3C24,
3C24,
3C24,
3C24,
3C24,
3C24,
3C24,
3C24,
3444,
3444,
3444,
3444,
3444,
3C44,
3C24,
3C24,
3C44,
3C44,
3C44,
3C44,
3C44,
3C44,
3C44,
3C44,
3C44,
3C24,
3C23,
3C23,
3C23,
3C23,
3C23,
3C24,
3C24,
3C24,
3C24,
3C24,
3C24,
3C24,
3C24,
3C24,
3C44,
3C44,
3C44,
3C44,
3C44,
3C44,
3C44,
3C44,
3C44,
3C44,
3C44,
3C44,
3C44,
3C44,
3C44,
3C44,
3C44,
3C44,
3C44,
3C44,
3C44,
3C44,
3C44,
3C44,
3C44,
3C44,
3C44,
3C44,
3C44,
3C44,
3C44,
3C64,
3C64,
3C64,
3C64,
3C64,
3C64,
3444,
3C44,
3C44,
3C44,
3C44,
3C44,
3444,
3444,
3C24,
3C24,
3C24,
3C24,
3C24,
3C24,
3C24,
3C24,
3C24,
3C24,
3C24,
3C24,
3C24,
3C24,
3C24,
3C24,
3C24,
3C24,
3C24,
3C24,
3C24,
3C24,
3C24,
3C24,
3C24,
3C24,
3C24,
3C24,
3C24,
3C24,
3C24,
3C24,
3C24,
3C24,
3C24,
3C24,
3C24,
3C44,
3C44,
3C44,
3C44,
3C44,
3C44,
3C44,
3C44,
3C44,
3C44,
3C44,
3C44,
3C44,
3C43,
3C44,
3C44,
3C44,
3C44,
3C44,
3C44,
3C44,
3C44,
3C44,
3C44,
3C44,
3C44,
3C44,
3C44,
3C44,
3C44,
3C24,
3C24,
3C24,
3C24,
3C24,
3C24,
3C24,
3C24,
3C24,
3C24,
3C24,
3C23,
3423,
3423,
3C23,
3423,
3423,
3423,
3423,
3423,
3423,
3423,
3423,
3423,
3423,
3423,
3423,
3423,
3423,
3423,
3C23,
3C23,
3C23,
3C23,
3C23,
3C03,
3C03,
4405,
4386,
2262,
0160,
0140,
0180,
09A0,
0960,
00E0,
0902,
634D,
BDF9,
D69B,
D69B,
D69B,
D6BB,
D6DC,
DEFD,
DEFD,
DEFD,
DEFD,
DEFD,
E6FD,
E6FD,
E71D,
E71D,
E71D,
E71D,
E71D,
E71D,
E71D,
E71C,
E71C,
E6FC,
E6FC,
E6FC,
E6FC,
DEFC,
DEFC,
DEFC,
DEFC,
DEFC,
DEFC,
DEFC,
DEFC,
DF3C,
D73B,
B636,
6C4D,
2A64,
0140,
0160,
1A20,
2AE1,
3B62,
3BA2,
3BA3,
3BA3,
3BA2,
3BA3,
3BC2,
3BC3,
3BE3,
33E3,
33E3,
33E3,
2BC2,
2381,
1B61,
1B41,
1B41,
2381,
2BC2,
3402,
3403,
3403,
3403,
3403,
3403,
3402,
3402,
3402,
3403,
3403,
3403,
3403,
3403,
3403,
3403,
3403,
3403,
3423,
3423,
3423,
3423,
3423,
3423,
3C23,
3C23,
3C23,
3C23,
3C23,
3C23,
3C23,
3C23,
3C23,
3C23,
3C24,
3C24,
3C24,
3C24,
3C24,
3C24,
3C24,
3C24,
3C24,
3C24,
3C24,
3C24,
3444,
3444,
3444,
3444,
3444,
3C44,
3C44,
3C44,
3C44,
3C44,
3C44,
3C44,
3C44,
3C24,
3C24,
3C44,
3C44,
3C44,
3C23,
3C23,
3C23,
3C23,
3C23,
3423,
3423,
3423,
3C24,
3C24,
3C24,
3C24,
3C24,
3C24,
3C44,
3C44,
3C44,
3C44,
3C44,
3C44,
3C44,
3C44,
3C44,
3C44,
3C44,
3C44,
3C44,
3C44,
3C44,
3C44,
3C44,
3C44,
3C44,
3C44,
3C44,
3C44,
3C44,
3C44,
3C44,
3C44,
3C44,
3C44,
3C44,
3C44,
3C44,
3C44,
3C64,
3C64,
3C64,
3C64,
3C64,
3C44,
3444,
3C44,
3C44,
3C44,
3C44,
3C44,
3444,
3C24,
3C24,
3C24,
3C24,
3C24,
3C24,
3C24,
3C24,
3C24,
3C24,
3C24,
3C24,
3C24,
3C24,
3C24,
3C24,
3C24,
3C24,
3C24,
3C24,
3C24,
3C24,
3C24,
3C24,
3C24,
3C24,
3C24,
3C24,
3C24,
3C24,
3C24,
3C24,
3C24,
3C24,
3C24,
3C24,
3C24,
3C44,
3C44,
3C44,
3C44,
3C44,
3C44,
3C44,
3C44,
3C44,
3C44,
3C44,
3C44,
3C44,
3C44,
3C44,
3C44,
3C44,
3C44,
3C44,
3C44,
3C44,
3C44,
3C44,
3C44,
3C44,
3C44,
3C44,
3C44,
3C44,
3C44,
3C24,
3C24,
3C24,
3C24,
3C24,
3C24,
3C24,
3C24,
3C24,
3C24,
3C24,
3C24,
3423,
3423,
3C23,
3423,
3423,
3423,
3423,
3423,
3423,
3423,
3423,
3423,
3423,
3423,
3423,
3423,
3423,
3423,
3C23,
3C23,
3C23,
3C03,
3C03,
3C03,
3C03,
43E5,
4366,
2A63,
19C1,
3284,
5BAA,
5BAA,
4308,
42E9,
638E,
9D15,
CE7B,
D69B,
D6BB,
D69B,
D6BC,
DEDC,
DEFD,
DEFD,
DEFD,
DEFD,
DEFD,
E6FD,
E6FD,
E71D,
E71D,
E71D,
E71D,
E71D,
E71D,
E71D,
E71D,
E71C,
E6FC,
E6FC,
E6FC,
E6FC,
DEFC,
DEFC,
DEFC,
DEFC,
DEFC,
DEFC,
DEFC,
DEFC,
DF1C,
D71C,
CEFA,
AE15,
84CF,
4327,
11C1,
0960,
0980,
11E0,
22A0,
2AC1,
22E1,
2B01,
3362,
3BA3,
33A2,
3382,
2B61,
2361,
1B40,
12E0,
0AC0,
0AA0,
0AA0,
0AA0,
1300,
2BA1,
3402,
3402,
3403,
3403,
3403,
3403,
3402,
3402,
3402,
3403,
3403,
3403,
3403,
3403,
3403,
3403,
3403,
3403,
3423,
3423,
3423,
3423,
3423,
3423,
3C23,
3C23,
3C23,
3C23,
3C23,
3C23,
3C23,
3C23,
3C23,
3C23,
3C24,
3C24,
3C24,
3C24,
3C24,
3C24,
3C24,
3C24,
3C24,
3C24,
3C24,
3C44,
3444,
3444,
3424,
3444,
3444,
3C24,
3C24,
3C24,
3C24,
3C44,
3C44,
3C24,
3C24,
3C24,
3C24,
3C24,
3C24,
3C24,
3C24,
3C23,
3C24,
3C23,
3C24,
3C24,
3C24,
3C24,
3C24,
3C24,
3C24,
3C24,
3C24,
3C24,
3C44,
3C44,
3C44,
3C44,
3C44,
3C44,
3C44,
3C44,
3C44,
3C44,
3C44,
3C44,
3C44,
3C44,
3C44,
3C44,
3C44,
3C44,
3C44,
3C44,
3C44,
3C44,
3C44,
3C44,
3C44,
3C44,
3C44,
3C44,
3C44,
3C44,
3C44,
3C44,
3C64,
3464,
3C64,
3C64,
3C64,
3C44,
3444,
3444,
3C44,
3C44,
3C44,
3C44,
3444,
3C24,
3C24,
3C24,
3C24,
3C24,
3C24,
3C24,
3C24,
3C24,
3C24,
3C24,
3C24,
3C24,
3C24,
3C24,
3C24,
3C24,
3C24,
3C24,
3C24,
3C24,
3C24,
3C24,
3C24,
3C24,
3C24,
3C24,
3C24,
3C24,
3C24,
3C24,
3C24,
3C24,
3C24,
3C24,
3C24,
3C24,
3C44,
3C44,
3C44,
3C44,
3C44,
3C44,
3C44,
3C44,
3C44,
3C44,
3C44,
3C44,
3C44,
3C44,
3C44,
3C44,
3C44,
3C44,
3C44,
3C44,
3C44,
3C44,
3C44,
3C44,
3C44,
3C44,
3C44,
3C44,
3C44,
3C44,
3C24,
3C24,
3C24,
3C24,
3C24,
3C24,
3C24,
3C24,
3C24,
3C24,
3C24,
3C24,
3423,
3423,
3C23,
3423,
3423,
3423,
3423,
3423,
3423,
3423,
3423,
3423,
3423,
3423,
3423,
3423,
3423,
3423,
3403,
3403,
3403,
3C04,
3BE4,
3BE4,
3BE4,
3BC5,
4367,
3244,
29C3,
532A,
94F2,
ADD6,
B616,
ADD7,
BE19,
D6BC,
D69C,
D6BC,
D6BC,
D6BC,
DEDD,
DEFD,
DEFD,
DEFD,
DEFD,
DEFD,
DEFD,
E6FD,
E6FD,
E71D,
E71D,
E71D,
E71D,
E71D,
E71D,
E71D,
E71D,
E6FD,
E6FC,
E6FC,
E6FC,
E6FC,
DEFC,
DEFC,
DEFC,
DEFC,
DEFC,
DEFC,
DEFC,
DEFC,
DEFC,
D6FB,
D6FB,
CEF9,
C6D7,
A5F4,
748D,
4B28,
2222,
0960,
0120,
0160,
0180,
0180,
09C0,
09E0,
0A00,
09E0,
01C0,
01E0,
01C0,
01E0,
0220,
0260,
0280,
0280,
1300,
2BA1,
33E2,
33E2,
33E3,
3403,
3403,
3403,
3402,
3402,
3403,
3403,
3403,
3403,
3403,
3403,
3403,
3403,
3403,
3403,
3423,
3423,
3423,
3423,
3423,
3423,
3C23,
3C23,
3C23,
3C23,
3C23,
3C23,
3C23,
3C23,
3C23,
3C23,
3C24,
3C24,
3C24,
3C24,
3C24,
3C24,
3C24,
3C24,
3C24,
3C24,
3C24,
3C44,
3444,
3424,
3424,
3424,
3425,
3C24,
33E3,
2BA2,
2382,
2382,
33C3,
3404,
3C24,
3C24,
3C24,
3C04,
3403,
2BC2,
2381,
2381,
2381,
2381,
2BA2,
3403,
3403,
3403,
3423,
3C24,
3C24,
3C24,
3C24,
3C24,
3C44,
3C44,
3C44,
3C44,
3C44,
3C44,
3C44,
3C44,
3C44,
3C44,
3C44,
3C44,
3C44,
3C44,
3C44,
3C44,
3C44,
3C44,
3C44,
3C44,
3C44,
3C44,
3C44,
3C44,
3C44,
3C44,
3C44,
3C44,
3C44,
3C44,
3C44,
3C44,
3C64,
3464,
3C64,
3C64,
3C64,
3C44,
3444,
3444,
3C44,
3C44,
3C44,
3C44,
3444,
3C24,
3C24,
3C24,
3C24,
3C24,
3C24,
3C24,
3C24,
3C24,
3C24,
3C24,
3C24,
3C24,
3C24,
3C24,
3C24,
3C24,
3C24,
3C24,
3C24,
3C24,
3C24,
3C24,
3C24,
3C24,
3C24,
3C24,
3C24,
3C24,
3C24,
3C24,
3C24,
3C24,
3C24,
3C24,
3C24,
3C24,
3C44,
3C44,
3C44,
3C44,
3C44,
3C44,
3C44,
3C44,
3C43,
3C43,
3C43,
3C44,
3C44,
3C44,
3C44,
3C44,
3C44,
3C44,
3C44,
3C44,
3C44,
3C44,
3C44,
3C44,
3C44,
3C24,
3C24,
3C24,
3C24,
3C24,
3C24,
3C24,
3C24,
3C24,
3C24,
3C24,
3C24,
3C24,
3C24,
3C24,
3C24,
3C24,
3423,
3423,
3C23,
3423,
3423,
3423,
3423,
3423,
3423,
3423,
3423,
3423,
3423,
3423,
3423,
3423,
3423,
3423,
3423,
3403,
3403,
3BE4,
3BE4,
3BE5,
3BE5,
43E6,
4346,
21A3,
1943,
5B2B,
A555,
C65A,
D6DB,
D6BB,
D6DC,
DEFD,
DEDD,
DEDC,
D6DC,
DEDC,
DEFD,
DEFD,
DEFD,
DEFD,
DEFD,
DEFD,
DEFD,
E6FD,
E6FD,
E71D,
E71C,
E71D,
E71D,
E71D,
E71D,
E71C,
E71D,
E6FD,
E6FD,
E6FD,
E6FC,
E6FC,
DEFC,
DEFC,
DEFC,
DEFC,
DEFC,
DEFC,
DEFC,
DEFC,
DEFC,
D6DB,
D6DB,
D71A,
D73A,
CEF9,
C6B8,
B635,
8D0F,
5BA8,
3AC4,
2A43,
1A02,
0140,
00E0,
00E0,
00E0,
0120,
0140,
0160,
0180,
0200,
0A80,
12C0,
12E0,
1B00,
2361,
2BE2,
33E2,
33E2,
33E3,
3403,
3402,
3402,
3403,
3403,
3403,
3403,
3403,
3403,
3403,
3403,
3403,
3403,
3403,
3403,
3423,
3423,
3423,
3423,
3423,
3423,
3C23,
3C23,
3C23,
3C23,
3C23,
3C23,
3C23,
3C23,
3C23,
3C23,
3C43,
3C24,
3C24,
3C24,
3C24,
3C24,
3C24,
3C24,
3C24,
3C24,
3C24,
3C24,
3C24,
3424,
3424,
3424,
3C45,
3C25,
2342,
0AA0,
0A80,
0280,
1301,
2BA3,
3C04,
3C24,
3C04,
3C04,
2BC3,
1300,
0280,
0AA0,
0AC0,
0AC0,
0AE0,
1320,
1B20,
2381,
3403,
3C44,
3C24,
3C24,
3C24,
3C24,
3C44,
3C44,
3C44,
3C44,
3C44,
3C44,
3C44,
3C44,
3C44,
3C44,
3C44,
3C44,
3C44,
3C44,
3C44,
3C44,
3C44,
3C44,
3C44,
3C44,
3C44,
3C44,
3C44,
3C44,
3C44,
3C44,
3C44,
3C44,
3C44,
3C44,
3C44,
3C44,
3C64,
3464,
3C64,
3C64,
3C64,
3C44,
3444,
3444,
3C44,
3C44,
3C44,
3C44,
3444,
3C24,
3C24,
3C24,
3C24,
3C24,
3C24,
3C24,
3C24,
3C24,
3C24,
3C24,
3C24,
3C24,
3C24,
3C24,
3C24,
3C24,
3C24,
3C24,
3C24,
3C24,
3C24,
3C24,
3C24,
3C24,
3C24,
3C24,
3C24,
3C24,
3C24,
3C24,
3C24,
3C24,
3C24,
3C24,
3C24,
3C24,
3C44,
3C44,
3C44,
3C44,
3C44,
3C44,
3C44,
3C44,
3C44,
3C44,
3C44,
3C44,
3C44,
3C44,
3C44,
3C44,
3C44,
3C44,
3C44,
3C44,
3C44,
3C44,
3C44,
3C44,
3C44,
3C24,
3C24,
3C24,
3C24,
3C24,
3C24,
3C24,
3C24,
3C24,
3C24,
3C24,
3C24,
3C24,
3C24,
3C24,
3C24,
3C24,
3423,
3423,
3C23,
3423,
3423,
3423,
3423,
3423,
3423,
3423,
3423,
3423,
3423,
3403,
3403,
3403,
3403,
3403,
3403,
3403,
3403,
33E4,
3BE4,
3BE5,
43E6,
43C7,
3AC5,
1101,
10E1,
5B4B,
AD96,
BE19,
C65A,
D6BB,
DEDC,
DEDD,
DEDD,
DEDD,
DEDC,
DEFD,
DEFD,
DEFE,
DEFE,
DEFD,
DEFD,
DEFD,
DEFD,
E6FD,
E6FD,
E71D,
E71D,
E71D,
E71D,
E71D,
E71D,
E71C,
E6FC,
E6FC,
E6FD,
E6FD,
E6FC,
E6FC,
DEFC,
DEFC,
DEFC,
DEFC,
DEFC,
DEFC,
DEFC,
DEFC,
DEFC,
DEDC,
D6DB,
D71B,
D71A,
D719,
D73A,
D73B,
CEF9,
BE95,
AE33,
9590,
74AD,
4306,
0100,
00E0,
0120,
0180,
09E0,
0A00,
1280,
1AE1,
2342,
2362,
2362,
2BA2,
33E3,
33E3,
33E2,
33E2,
33E3,
3403,
3402,
3402,
3403,
3403,
3403,
3403,
3403,
3403,
3403,
3403,
3403,
3403,
3403,
3403,
3423,
3423,
3423,
3423,
3423,
3423,
3C23,
3C23,
3C23,
3C23,
3C23,
3C23,
3C23,
3C23,
3C23,
3C23,
3C43,
3C24,
3C24,
3C24,
3C24,
3C24,
3C24,
3C24,
3C24,
3C24,
3C24,
3C24,
3C24,
3C24,
3C25,
3C25,
3C05,
2363,
0A80,
0A60,
0A60,
0200,
0220,
1B02,
33C4,
3C05,
3C25,
3403,
2B82,
1300,
0AC0,
1300,
1B20,
1B00,
12E0,
0AC0,
0AC0,
1B40,
3403,
3C44,
3C24,
3C24,
3C24,
3C24,
3C44,
3C44,
3C44,
3C44,
3C44,
3C44,
3C44,
3C44,
3C44,
3C44,
3C44,
3C44,
3C44,
3C44,
3C64,
3C44,
3C44,
3C44,
3C44,
3C44,
3C44,
3C44,
3C44,
3C44,
3C44,
3C44,
3C44,
3C44,
3C44,
3C44,
3C44,
3C44,
3C64,
3464,
3C64,
3C64,
3C64,
3C44,
3444,
3444,
3C44,
3C44,
3C44,
3C44,
3444,
3C24,
3C24,
3C24,
3C24,
3C24,
3C24,
3C24,
3C24,
3C24,
3C24,
3C24,
3C24,
3C24,
3C24,
3C24,
3C24,
3C24,
3C24,
3C24,
3C24,
3C24,
3C24,
3C24,
3C24,
3C24,
3C24,
3C24,
3C24,
3C24,
3C24,
3C24,
3C24,
3C24,
3C24,
3C24,
3C24,
3C24,
3C44,
3C44,
3C44,
3C44,
3C43,
3C44,
3C44,
3C44,
3C44,
3C43,
3C44,
3C44,
3C44,
3C44,
3C44,
3C44,
3C44,
3C44,
3C44,
3C44,
3C44,
3C44,
3C44,
3C44,
3C44,
3C24,
3C24,
3C24,
3C24,
3C24,
3C24,
3C24,
3C24,
3C24,
3C24,
3C24,
3C24,
3C24,
3C24,
3C24,
3C23,
3423,
3423,
3423,
3423,
3423,
3423,
3423,
3423,
3423,
3423,
3423,
3423,
3423,
3403,
3403,
3403,
3403,
3403,
3403,
3403,
3403,
3403,
33E4,
3BE4,
33A4,
3385,
3325,
19E2,
00A0,
1922,
6BAD,
ADB6,
BDF8,
C639,
CE9B,
D6DC,
DEDC,
DEDD,
DEDD,
DEFD,
DEFD,
DEFD,
DEFD,
E6FD,
E6FD,
E6FD,
E6FD,
DEFD,
E6FD,
E6FD,
E71D,
E71D,
E6FD,
E6FD,
E6FD,
E71D,
E71D,
E71C,
E6FD,
E6FD,
E6FD,
E6FC,
E6FC,
DEFC,
DEFC,
DEFC,
DEFC,
DEFC,
DEFC,
DEFC,
DEFC,
DEFC,
DEFC,
DEFB,
D6FB,
D71A,
D71A,
D71A,
D71A,
D71A,
DF7B,
DF9A,
BED5,
9570,
5BE9,
2242,
1200,
1240,
22A1,
2B02,
2B22,
2B42,
3383,
33C4,
33C4,
33C3,
33E3,
33E3,
33E2,
33E2,
33E2,
33E3,
3403,
3403,
3403,
3402,
3402,
3403,
3403,
3403,
3403,
3403,
3403,
3403,
3403,
3423,
3423,
3423,
3423,
3423,
3423,
3423,
3C23,
3C23,
3C23,
3C23,
3C23,
3C23,
3C23,
3C23,
3C23,
3C23,
3C23,
3C24,
3C24,
3C24,
3C24,
3C24,
3C24,
3C24,
3C24,
3C24,
3C24,
3C24,
3C24,
3C24,
3C25,
3C25,
3C25,
2383,
0260,
0220,
1AE1,
2302,
0240,
01C0,
0A80,
2342,
33C4,
3C25,
3C04,
2BA2,
2BA2,
2BC3,
33E3,
33E3,
33E3,
2BA2,
1B41,
1B61,
2BC2,
3403,
3C24,
3C24,
3C24,
3C44,
3C44,
3C44,
3C44,
3C44,
3C44,
3C44,
3C44,
3C44,
3C44,
3C44,
3C44,
3C44,
3C44,
3C44,
3C44,
3C44,
3C44,
3C44,
3C44,
3C44,
3C44,
3C44,
3C44,
3C44,
3C44,
3C44,
3C44,
3C44,
3C44,
3C44,
3C44,
3C44,
3C64,
3C64,
3C64,
3C64,
3C64,
3C64,
3C44,
3444,
3444,
3C44,
3C44,
3C44,
3C44,
3444,
3C24,
3C24,
3C24,
3C24,
3C24,
3C24,
3C24,
3C24,
3C24,
3C24,
3C24,
3C24,
3C24,
3C24,
3C24,
3C24,
3C24,
3C24,
3C24,
3C24,
3C24,
3C24,
3C24,
3C24,
3C24,
3C24,
3C24,
3C24,
3C24,
3C24,
3C24,
3C24,
3C24,
3C24,
3C24,
3C24,
3C24,
3C44,
3C44,
3C44,
3C44,
3C43,
3C44,
3C44,
3C44,
3C44,
3C43,
3C44,
3C44,
3C44,
3C44,
3C44,
3C44,
3C44,
3C44,
3C44,
3C44,
3C44,
3C44,
3C44,
3C44,
3C44,
3C24,
3C24,
3C24,
3C24,
3C24,
3C24,
3C24,
3C24,
3C24,
3C24,
3C24,
3C24,
3C24,
3C24,
3C24,
3C23,
3423,
3423,
3423,
3423,
3423,
3423,
3423,
3423,
3423,
3423,
3423,
3423,
3403,
3403,
3403,
3403,
3403,
3403,
3403,
3403,
3403,
3403,
3C04,
33C3,
2322,
1AA2,
1221,
00E0,
00A0,
3206,
8470,
B5F7,
BE18,
C659,
D69B,
DEDC,
DEDC,
DEBD,
DEDD,
DEDD,
DEFD,
DEFD,
DEFD,
E6FD,
E6FD,
E6FD,
E6FD,
DF1D,
E6FD,
E6FD,
E6FD,
E6FD,
E6FD,
E6FD,
E6FD,
E6FD,
E6FD,
E71D,
E6FD,
E6FD,
E6FC,
E6FC,
E6FC,
DEFC,
DEFC,
E6FC,
DEFC,
DEFC,
DEFC,
DEFC,
DEFC,
DEFC,
DEFB,
DEFB,
DEFB,
D71B,
D71A,
D6FA,
CED9,
CED9,
CEF9,
B676,
850E,
5BC8,
4305,
3B04,
3323,
3343,
3B63,
3B84,
3BA3,
33A3,
33C3,
3BC3,
3BC3,
33C3,
33E3,
33E2,
33E2,
33E2,
33E2,
33E3,
3403,
3403,
3403,
3402,
3402,
3403,
3403,
3403,
3403,
3403,
3403,
3423,
3423,
3423,
3423,
3423,
3423,
3423,
3423,
3423,
3C23,
3C23,
3C23,
3C23,
3C23,
3C23,
3C23,
3C23,
3C23,
3C23,
3C23,
3C24,
3C24,
3C24,
3C24,
3C24,
3C24,
3C24,
3C24,
3C24,
3C24,
3C24,
3C24,
3C24,
3C25,
3C25,
33C4,
12A0,
01E0,
0A40,
3384,
3BA5,
1AC1,
01E0,
01E0,
1AE0,
33C4,
3C05,
3BE4,
3404,
3C24,
3C45,
3C24,
3C24,
3C04,
3404,
3404,
3404,
3423,
3423,
3C24,
3C24,
3C24,
3C44,
3C44,
3C44,
3C44,
3C44,
3C44,
3C44,
3C44,
3C44,
3C44,
3C44,
3C44,
3C44,
3C44,
3C44,
3C44,
3C44,
3C44,
3C44,
3C44,
3C44,
3C44,
3C44,
3C44,
3C44,
3C44,
3C44,
3C44,
3C44,
3C44,
3C44,
3C44,
3C44,
3C64,
3C64,
3C64,
3C64,
3C64,
3C64,
3C44,
3444,
3444,
3C44,
3C44,
3C44,
3C44,
3444,
3C24,
3C24,
3C24,
3C24,
3C24,
3C24,
3C24,
3C24,
3C24,
3C24,
3C24,
3C24,
3C24,
3C24,
3C24,
3C24,
3C24,
3C24,
3C24,
3C24,
3C24,
3C24,
3C24,
3C24,
3C24,
3C24,
3C24,
3C24,
3C24,
3C24,
3C24,
3C24,
3C24,
3C24,
3C24,
3C24,
3C24,
3C44,
3C44,
3C44,
3C44,
3C44,
3C44,
3C44,
3C44,
3C44,
3C44,
3C44,
3C44,
3C44,
3C44,
3C44,
3C44,
3C44,
3C44,
3C44,
3C44,
3C44,
3C44,
3C44,
3C44,
3C44,
3C24,
3C24,
3C24,
3C24,
3C24,
3C24,
3C24,
3C24,
3C24,
3C24,
3C24,
3C24,
3C24,
3C24,
3C24,
3C23,
3423,
3423,
3423,
3423,
3423,
3423,
3423,
3423,
3423,
3423,
3423,
3423,
3423,
3403,
3403,
3403,
3403,
3403,
3403,
3403,
3403,
3403,
3C04,
33C3,
1AE1,
0200,
0160,
00C0,
2183,
6BAD,
AD95,
CE79,
D6DB,
D6BB,
D6BB,
DEDC,
DEDC,
DEDD,
DEDD,
DEFD,
DEFD,
DEFD,
DEFD,
E6FD,
E71D,
E71D,
E71D,
E71E,
E6FD,
E6FD,
E6FD,
E6FD,
E6FD,
E6FD,
E6FD,
E6FD,
E6FD,
E71C,
E6FD,
E6FD,
E6FC,
E6FC,
E6FC,
DEFC,
DEFC,
E6FC,
DEFC,
DEFC,
DEFC,
DEFC,
DEFC,
DEFC,
DEFC,
DEFC,
DEFB,
DF1B,
D6FA,
CEB9,
CEB8,
BE36,
9D73,
742D,
4B06,
3283,
3AE4,
4365,
4384,
43A4,
43C4,
43A4,
3BA3,
3BC3,
33C3,
3BC3,
33C3,
33E3,
33E3,
33E2,
33E3,
33E3,
33E2,
33E2,
3403,
3403,
3403,
3403,
3403,
3403,
3403,
3403,
3403,
3403,
3403,
3423,
3423,
3423,
3423,
3423,
3423,
3423,
3423,
3423,
3C23,
3C23,
3C23,
3C23,
3C23,
3C23,
3C23,
3C23,
3C23,
3423,
3423,
3C24,
3C24,
3C24,
3C24,
3C24,
3C24,
3C24,
3C24,
3C24,
3C24,
3C24,
3C24,
3C25,
4445,
3C05,
1B01,
0220,
0240,
2323,
3BC6,
3BE5,
22E2,
01E0,
01E0,
12C0,
33A3,
3BE5,
3BE4,
3C04,
3C24,
3C44,
3C24,
3C04,
3403,
3C03,
3C24,
3C44,
3C24,
3C24,
3C24,
3C24,
3C24,
3C44,
3C44,
3C44,
3C44,
3C44,
3C44,
3C44,
3C44,
3C44,
3C44,
3C44,
3C44,
3C44,
3C44,
3C44,
3C44,
3C44,
3C44,
3C44,
3C44,
3C44,
3C44,
3C44,
3C44,
3C44,
3C44,
3C44,
3C44,
3C44,
3C44,
3C44,
3C44,
3C44,
3C64,
3C64,
3C64,
3C64,
3C64,
3C64,
3C44,
3444,
3444,
3C44,
3C44,
3C44,
3C44,
3444,
3C24,
3C24,
3C24,
3C24,
3C24,
3C24,
3C24,
3C24,
3C24,
3C24,
3C24,
3C24,
3C24,
3C24,
3C24,
3C24,
3C24,
3C24,
3C24,
3C24,
3C24,
3C24,
3C24,
3C24,
3C24,
3C24,
3C24,
3C24,
3C24,
3C24,
3C24,
3C24,
3C24,
3C24,
3C24,
3C24,
3C24,
3C44,
3C44,
3C44,
3C44,
3C44,
3C44,
3C44,
3C44,
3C44,
3C44,
3C44,
3C44,
3C44,
3C44,
3C44,
3C44,
3C44,
3C44,
3C44,
3C44,
3C44,
3C44,
3C44,
3C44,
3C44,
3C24,
3C24,
3C24,
3C24,
3C24,
3C24,
3C24,
3C24,
3C24,
3C24,
3C24,
3C24,
3C24,
3C43,
3C43,
3C23,
3423,
3423,
3423,
3423,
3423,
3423,
3423,
3423,
3423,
3423,
3423,
3423,
3423,
3403,
3403,
3403,
3403,
3403,
3403,
3403,
3403,
3403,
3C04,
33C3,
2321,
0A20,
01C0,
19E2,
5B4A,
9D54,
BE17,
CE9A,
DEFC,
DEFC,
DEDC,
DEDC,
DEDC,
DEDD,
DEFD,
DEFD,
DEFD,
DEFD,
DEFD,
DEFD,
E71D,
E71D,
E71D,
E71D,
E6FD,
E6FD,
E6FD,
E6FD,
E71C,
E6FD,
E6FD,
E71D,
E71C,
E71C,
E6FC,
E6FC,
E6FD,
E6FC,
E6FC,
DEFC,
DEFC,
E6FC,
DEFC,
DEFC,
DEFC,
DEFC,
DEFC,
DEFC,
DEFC,
DEFC,
DF1C,
DF1C,
D6DA,
BE36,
A594,
7C6E,
5329,
3A65,
3263,
3AE3,
4B44,
4384,
43A4,
43C3,
43C4,
43C3,
3BC3,
3BC3,
3BC2,
3BC2,
33C2,
33E2,
33E2,
33E2,
33E3,
33E3,
33E2,
3402,
3403,
3403,
3403,
3403,
3403,
3403,
3403,
3403,
3403,
3403,
3403,
3423,
3423,
3423,
3423,
3423,
3423,
3423,
3423,
3423,
3C23,
3C23,
3C23,
3C23,
3C23,
3C23,
3C23,
3423,
3443,
3423,
3423,
3C44,
3C24,
3C24,
3C24,
3C24,
3C24,
3C24,
3C24,
3C24,
3C24,
3C24,
3C24,
3C25,
3C05,
2B63,
0A80,
0220,
1AC1,
33A4,
3BE5,
3BE5,
2B43,
0A20,
01C0,
0A60,
2B42,
3BE4,
3C04,
3C04,
3C25,
3C24,
3C24,
3C24,
3C03,
3C03,
3C23,
3443,
3424,
3C24,
3C24,
3C24,
3C24,
3C44,
3C44,
3C44,
3C44,
3C44,
3C44,
3C44,
3C44,
3C44,
3C44,
3C44,
3C44,
3C44,
3C44,
3C44,
3C44,
3C44,
3C44,
3C44,
3C44,
3C44,
3C44,
3C44,
3C44,
3C44,
3C44,
3C44,
3C44,
3C44,
3C44,
3C44,
3C44,
3C44,
3C44,
3C64,
3C64,
3C64,
3C64,
3C64,
3C44,
3444,
3444,
3C44,
3C44,
3C44,
3C44,
3444,
3C24,
3C24,
3C24,
3C24,
3C24,
3C24,
3C24,
3C24,
3C24,
3C24,
3C24,
3C24,
3C24,
3C24,
3C24,
3C24,
3C24,
3C24,
3C24,
3C24,
3C24,
3C24,
3C24,
3C24,
3C24,
3C24,
3C24,
3C24,
3C24,
3C24,
3C24,
3C24,
3C24,
3C24,
3C24,
3C24,
3C24,
3C44,
3C44,
3C44,
3C44,
3C44,
3C44,
3C44,
3C44,
3C44,
3C44,
3C44,
3C44,
3C44,
3C44,
3C44,
3C44,
3C44,
3C44,
3C44,
3C44,
3C44,
3C44,
3C44,
3C44,
3C44,
3C24,
3C24,
3C24,
3C24,
3C24,
3C24,
3C24,
3C24,
3C24,
3C24,
3C24,
3C24,
3C24,
3C43,
3C43,
3C23,
3423,
3423,
3423,
3423,
3423,
3423,
3423,
3423,
3423,
3423,
3423,
3423,
3423,
3403,
3403,
3403,
3403,
3403,
3403,
3403,
3403,
3403,
3403,
33E3,
2B82,
2302,
1A82,
2A64,
6BEC,
A595,
B617,
BE58,
CEBA,
D6BB,
D6DC,
DEDC,
DEDC,
DEFD,
DEFD,
DEFD,
DEFD,
DEFD,
DEFE,
DEFD,
DEFD,
DEFD,
DEFD,
DEFD,
E6FD,
E6FD,
E6FD,
E6FD,
E71C,
E6FD,
E6FD,
E71D,
E71C,
E71C,
E6FC,
E6FC,
E6FD,
E6FD,
E6FD,
DEFC,
DEFC,
E6FC,
DEFC,
DEFC,
DEFC,
DEFC,
DEFC,
DEFC,
DEFC,
DEFC,
DEFC,
DF1C,
C678,
8CB0,
4AC8,
29C3,
2182,
2A03,
3AA4,
4B44,
4B64,
4383,
4383,
43A3,
43C3,
43C3,
3BC3,
3BE2,
3BC2,
3BC2,
33C2,
33E2,
33E2,
33E2,
33E3,
33E3,
33E2,
3402,
3402,
3403,
3403,
3403,
3403,
3403,
3403,
3403,
3403,
3403,
3403,
3423,
3423,
3423,
3423,
3423,
3423,
3424,
3423,
3423,
3C23,
3C23,
3C23,
3C23,
3C23,
3C23,
3C23,
3423,
3423,
3423,
3423,
3444,
3C24,
3C24,
3C24,
3C24,
3C24,
3C24,
3C24,
3C24,
3C24,
3C24,
3C24,
3C25,
33C4,
1AE1,
0200,
0A60,
2B63,
3BE5,
3BE5,
3BE5,
3BC4,
1AC0,
01E0,
0240,
2342,
3C05,
3C04,
3C24,
3C45,
3C44,
3C44,
3C24,
3C24,
3C24,
3C23,
3443,
3C44,
3C44,
3C24,
3C24,
3C24,
3C44,
3C44,
3C44,
3C44,
3C44,
3C44,
3C44,
3C44,
3C44,
3C44,
3C44,
3C44,
3C44,
3C44,
3C44,
3C44,
3C44,
3C44,
3C44,
3C44,
3C44,
3C44,
3C44,
3C44,
3C44,
3C44,
3C44,
3C44,
3C44,
3C44,
3C44,
3C44,
3C44,
3C44,
3C64,
3C64,
3C64,
3C64,
3C64,
3C44,
3444,
3444,
3C44,
3C44,
3C44,
3C44,
3444,
3C24,
3C24,
3C24,
3C24,
3C24,
3C24,
3C24,
3C24,
3C24,
3C24,
3C24,
3C24,
3C24,
3C24,
3C24,
3C24,
3C24,
3C24,
3C24,
3C24,
3C24,
3C24,
3C24,
3C24,
3C24,
3C44,
3C44,
3C44,
3C44,
3C44,
3C44,
3C44,
3C44,
3C44,
3C44,
3C44,
3C44,
3C44,
3C44,
3C44,
3C44,
3C44,
3C44,
3C44,
3C44,
3C44,
3C44,
3C24,
3C24,
3C24,
3C24,
3C24,
3C24,
3C24,
3C24,
3C24,
3C24,
3C24,
3C24,
3C24,
3C24,
3C24,
3C24,
3C24,
3C24,
3C24,
3C24,
3C24,
3C24,
3C24,
3C24,
3C23,
3C23,
3C23,
3C23,
3C23,
3C23,
3423,
3423,
3423,
3423,
3423,
3423,
3423,
3423,
3423,
3423,
3423,
3423,
3423,
3423,
3403,
3403,
3403,
3403,
3403,
3403,
3403,
3403,
3403,
3403,
33E3,
33E4,
3BC4,
2B04,
11C2,
42A7,
8CD1,
B617,
C659,
CEBB,
D6BB,
D6BB,
DEFC,
DEFC,
DEFC,
DEFD,
DEFD,
DEFD,
DEFD,
DEFD,
DEFD,
DF1D,
DF1D,
DF1D,
DF1D,
DF1D,
DF1D,
DF1D,
DF1D,
DF1D,
E71D,
E71D,
E71C,
E71C,
E71C,
E6FC,
E6FC,
E6FC,
E6FC,
DEFC,
DEFC,
DEFC,
DEFC,
DEFC,
DEFC,
DEFC,
DEFC,
DEFC,
DEFC,
DEFC,
DEFC,
DEFC,
D6FB,
BE17,
636B,
1922,
08E0,
21C2,
42A5,
4B45,
4B64,
4B64,
4383,
3B83,
3BA2,
3BC3,
3BC3,
3BE3,
3BE3,
3BC2,
3BC2,
3BE3,
33E2,
33E2,
33E3,
33E2,
33E2,
33E2,
33E2,
33E2,
3403,
3403,
3403,
3403,
3403,
3423,
3423,
3423,
3403,
3404,
3423,
3423,
3423,
3423,
3423,
3423,
3423,
3423,
3423,
3423,
3C23,
3C23,
3C23,
3423,
3443,
3444,
3444,
3444,
3444,
3444,
3444,
3C24,
3C44,
3C44,
3C44,
3C44,
3C44,
3C44,
3C44,
3C44,
3C24,
3C25,
4425,
33A4,
1AC1,
0200,
12A1,
33A4,
3BE5,
3BE5,
3BE5,
3BE4,
2B62,
12C0,
12C0,
2B83,
3C05,
3C24,
3C45,
3C44,
3C24,
3C24,
3C24,
3C24,
3C24,
3C24,
3444,
3C44,
3C24,
3C44,
3C44,
3C44,
3C44,
3C44,
3C44,
3C44,
3C44,
3C44,
3C44,
3C44,
3C44,
3C44,
3C44,
3C44,
3C44,
3C44,
3C44,
3C44,
3C44,
3C44,
3C44,
3C44,
3C44,
3C44,
3C44,
3C44,
3C44,
3C44,
3C44,
3C44,
3C44,
3C44,
3C44,
3C44,
3C44,
3C44,
3C44,
3C44,
3C44,
3C44,
3C44,
3C44,
3C44,
3C44,
3C44,
3C44,
3C44,
3C44,
3444,
3C24,
3C24,
3C24,
3C24,
3C24,
3C24,
3C24,
3C24,
3C24,
3C24,
3C24,
3C24,
3C24,
3C24,
3C24,
3C24,
3C24,
3C24,
3C24,
3C24,
3C24,
3C24,
3C24,
3C24,
3C24,
3C44,
3C44,
3C44,
3C44,
3C44,
3C44,
3C44,
3C44,
3C44,
3C44,
3C44,
3C44,
3C44,
3C44,
3C44,
3C44,
3C44,
3C44,
3C44,
3C44,
3C44,
3C44,
3C24,
3C24,
3C24,
3C24,
3C24,
3C24,
3C24,
3C24,
3C24,
3C24,
3C24,
3C24,
3C24,
3C24,
3C24,
3C24,
3C24,
3C24,
3C24,
3C24,
3C24,
3C24,
3C24,
3C24,
3C23,
3C23,
3C23,
3C23,
3C23,
3C23,
3423,
3423,
3423,
3423,
3423,
3423,
3423,
3423,
3423,
3423,
3423,
3423,
3423,
3423,
3403,
3403,
3403,
3403,
3403,
3403,
3403,
3403,
3403,
3403,
3403,
3C04,
4425,
3344,
11A1,
21A3,
638C,
ADB5,
C679,
CE9A,
CEBB,
D6DC,
DEFD,
DEFC,
DEFC,
DEFD,
DEFD,
DEFD,
DEFD,
DEFD,
DEFD,
DF1D,
DF1D,
DF1D,
DF1D,
DF1D,
DF1D,
DF1D,
DF1D,
DF1D,
E71D,
E71C,
E71C,
E71C,
E71C,
E6FC,
E6FC,
E6FC,
E6FC,
DEFC,
DEFC,
DEFC,
DEFC,
DEFC,
E6FC,
E6FC,
DEFC,
DEFC,
DEFC,
DEFC,
DEFC,
D6FC,
D6FB,
BE17,
638B,
1942,
1941,
3A65,
5B68,
5386,
4B43,
4363,
4383,
43A3,
3BC3,
43C3,
43C3,
3BE3,
3BE3,
3BC2,
3BE3,
3BE3,
3C03,
33E3,
33E2,
2BE2,
2BE2,
2BE2,
2BE2,
33E2,
33E3,
3403,
3403,
3403,
3403,
3423,
3423,
3423,
3404,
3404,
3423,
3423,
3423,
3423,
3423,
3423,
3423,
3423,
3423,
3423,
3C23,
3C23,
3C23,
3423,
3423,
3444,
3444,
3444,
3444,
3C44,
3C24,
3C24,
3C44,
3C44,
3C44,
3C44,
3C44,
3C44,
3C44,
3C44,
3C24,
4425,
3C05,
3384,
1260,
01E0,
1AA1,
33A5,
3BC5,
3BE5,
3BE4,
3BE4,
33E4,
33A3,
2BA3,
3404,
3C24,
3C24,
3C44,
3C44,
3C24,
3C24,
3C44,
3C44,
3C44,
3C44,
3C44,
3C44,
3C24,
3C44,
3C44,
3C44,
3C44,
3C44,
3C44,
3C44,
3C44,
3C44,
3C44,
3C44,
3C44,
3C44,
3C44,
3C44,
3C44,
3C44,
3C44,
3C44,
3C44,
3C44,
3C44,
3C44,
3C44,
3C44,
3C44,
3C44,
3C44,
3C44,
3C44,
3C44,
3C44,
3C44,
3C44,
3C44,
3C44,
3C44,
3C44,
3C44,
3C44,
3C44,
3C44,
3C44,
3C44,
3C44,
3C44,
3C44,
3C44,
3C44,
3444,
3C24,
3C24,
3C24,
3C24,
3C24,
3C24,
3C24,
3C24,
3C24,
3C24,
3C24,
3C24,
3C24,
3C24,
3C24,
3C24,
3C24,
3C24,
3C24,
3C24,
3C24,
3C24,
3C24,
3C24,
3C24,
3C44,
3C44,
3C44,
3C44,
3C44,
3C44,
3C44,
3C44,
3C44,
3C44,
3C44,
3C44,
3C44,
3C44,
3C44,
3C44,
3C44,
3C44,
3C44,
3C44,
3C44,
3C44,
3C24,
3C24,
3C24,
3C24,
3C24,
3C24,
3C24,
3C24,
3C24,
3C24,
3C24,
3C24,
3C24,
3C24,
3C24,
3C24,
3C24,
3C24,
3C24,
3C24,
3C24,
3C24,
3C23,
3C23,
3C23,
3C23,
3C23,
3C23,
3C23,
3C23,
3423,
3423,
3423,
3423,
3423,
3423,
3423,
3423,
3423,
3423,
3423,
3423,
3423,
3423,
3403,
3403,
3403,
3403,
3403,
3403,
3403,
3403,
3403,
3403,
3403,
3C03,
3C24,
3B85,
2222,
1141,
3205,
8CD1,
BE58,
C659,
C67A,
D6DC,
DEFD,
DEFC,
DEFC,
DEFD,
DEFD,
DEFD,
DEFD,
DEFD,
DEFD,
DF1D,
DF1D,
DF1D,
DF1D,
DF1D,
DF1D,
DF1D,
DF1D,
DF1D,
E71C,
E71C,
E71C,
E71C,
E71C,
DEFC,
DEFC,
DEFC,
DEFC,
DEFC,
DEFC,
DEFC,
DEFC,
DEFC,
E6FC,
E6FC,
DEFC,
DEFC,
DEFC,
DEFC,
DEFC,
DEFC,
D6DB,
BE38,
7C4E,
29A3,
1921,
3A43,
4B25,
4B24,
4302,
4363,
4BA4,
43C3,
43E3,
43E3,
43E2,
43E2,
43E3,
3BC2,
3381,
2B61,
2361,
2381,
2BA1,
2BC2,
2BE2,
2BE2,
2BE2,
33E2,
33E2,
3403,
3403,
3403,
3403,
3423,
3423,
3423,
3423,
3423,
3423,
3423,
3423,
3423,
3423,
3423,
3423,
3423,
3423,
3423,
3C23,
3C23,
3C23,
3423,
3423,
3444,
3444,
3444,
3444,
3444,
3C44,
3C24,
3C44,
3C44,
3C44,
3C44,
3C44,
3C24,
3C24,
3C24,
3C24,
3C05,
3BE5,
2B43,
0A20,
01C0,
1AC2,
33A5,
3BC5,
3BE5,
3C04,
3C04,
3C04,
3C04,
3C24,
3C24,
3C24,
3C24,
3C44,
3C44,
3C44,
3C44,
3C44,
3C44,
3C44,
3C44,
3C44,
3C44,
3C24,
3C44,
3C44,
3C44,
3C44,
3C44,
3C44,
3C44,
3C44,
3C44,
3C44,
3C44,
3C44,
3C44,
3C44,
3C44,
3C44,
3C44,
3C44,
3C44,
3C44,
3C44,
3C44,
3C44,
3C44,
3C44,
3C44,
3C44,
3C44,
3C44,
3C44,
3C44,
3C44,
3C44,
3C44,
3C44,
3C44,
3C44,
3C44,
3C44,
3C44,
3C44,
3C44,
3C44,
3C44,
3C44,
3C44,
3C44,
3C44,
3C44,
3444,
3C24,
3C24,
3C24,
3C24,
3C24,
3C24,
3C24,
3C24,
3C24,
3C24,
3C24,
3C24,
3C24,
3C24,
3C24,
3C24,
3C24,
3C24,
3C24,
3C24,
3C24,
3C24,
3C24,
3C24,
3C24,
3C44,
3C44,
3C44,
3C44,
3C44,
3C44,
3C44,
3C44,
3C44,
3C44,
3C44,
3C44,
3C44,
3C44,
3C44,
3C44,
3C44,
3C44,
3C44,
3C44,
3C44,
3C44,
3C24,
3C24,
3C24,
3C24,
3C24,
3C24,
3C24,
3C24,
3C24,
3C24,
3C24,
3C24,
3C24,
3C24,
3C24,
3C24,
3C24,
3C24,
3C24,
3C24,
3C24,
3C24,
3C23,
3C23,
3C23,
3C23,
3C23,
3C23,
3C23,
3C23,
3423,
3423,
3423,
3423,
3423,
3423,
3423,
3423,
3423,
3423,
3423,
3423,
3423,
3423,
3403,
3403,
3403,
3403,
3403,
3403,
3403,
3403,
3403,
3403,
3403,
3C03,
3C04,
3BC5,
32C4,
19A2,
1982,
63AD,
ADF6,
BE39,
C65A,
CEBB,
D6DC,
D6FC,
DEFC,
DEFD,
DEFD,
DEFD,
DEFD,
DEFD,
DEFD,
DF1D,
DF1D,
DF1D,
DF1D,
DF1D,
DF1D,
DF1D,
DF1C,
DF1C,
E71C,
E71C,
E71C,
E71C,
E71C,
DEFC,
DEFC,
DEFC,
DEFC,
DEFC,
DEFC,
DEFC,
DEFC,
DEFC,
E6FC,
E6FC,
DEFC,
DEFC,
DEFC,
DEFC,
DEFC,
DEFC,
D6FB,
CEB9,
B5F5,
73CC,
29C2,
1100,
1960,
21C0,
2A41,
3AE2,
3B42,
3B62,
3341,
2B20,
2B00,
22E0,
22C1,
1A80,
0A40,
0A40,
0A60,
12E0,
2360,
2BC2,
2BC2,
2BE2,
2BE2,
2BE2,
33E2,
33E3,
3403,
3403,
3403,
3403,
3423,
3423,
3423,
3423,
3423,
3423,
3423,
3423,
3423,
3423,
3423,
3423,
3423,
3423,
3C23,
3C23,
3C23,
3423,
3443,
3444,
3444,
3444,
3444,
3444,
3444,
3444,
3C44,
3C44,
3C44,
3C44,
3C44,
3C24,
3C24,
3C04,
3C04,
3BE5,
3BC5,
2B23,
0200,
01E0,
22E3,
3BA5,
3BC5,
3BE4,
3BE4,
3C04,
3C24,
3C23,
3424,
3423,
3424,
3C24,
3C44,
3C44,
3C44,
3C44,
3C44,
3C44,
3C44,
3C44,
3C44,
3C44,
3C24,
3C44,
3C44,
3C44,
3C44,
3C44,
3C44,
3C44,
3C44,
3C44,
3C44,
3C44,
3C44,
3C44,
3C44,
3C44,
3C44,
3C44,
3C44,
3C44,
3C44,
3C44,
3C44,
3C44,
3C44,
3C44,
3C44,
3C44,
3C44,
3C44,
3C44,
3C44,
3C44,
3C44,
3C44,
3C44,
3C44,
3C44,
3C44,
3C44,
3C44,
3C44,
3C44,
3C44,
3C44,
3C44,
3C44,
3C44,
3C44,
3C44,
3444,
3C24,
3C24,
3C24,
3C24,
3C24,
3C24,
3C24,
3C24,
3C24,
3C24,
3C24,
3C24,
3C24,
3C24,
3C24,
3C24,
3C24,
3C24,
3C24,
3C24,
3C24,
3C24,
3C24,
3C24,
3C24,
3C44,
3C44,
3C44,
3C44,
3C44,
3C44,
3C44,
3C44,
3C44,
3C44,
3C44,
3C44,
3C44,
3C44,
3C44,
3C44,
3C44,
3C44,
3C44,
3C44,
3C44,
3C44,
3C24,
3C24,
3C24,
3C24,
3C24,
3C24,
3C24,
3C24,
3C24,
3C24,
3C24,
3C24,
3C24,
3C24,
3C24,
3C24,
3C24,
3C24,
3C24,
3C24,
3C24,
3C24,
3C23,
3C23,
3C23,
3C23,
3C23,
3C23,
3C23,
3C23,
3423,
3423,
3423,
3423,
3423,
3423,
3423,
3423,
3423,
3423,
3423,
3423,
3423,
3423,
3403,
3403,
3403,
3403,
3403,
3403,
3403,
3403,
3403,
3403,
3403,
3C03,
3C04,
43C5,
3B05,
21C2,
1121,
4B0A,
9D74,
B638,
C67A,
C67A,
CEBB,
D6FC,
DEFC,
DEFD,
DEFD,
DEFD,
DEFD,
DEFD,
DEFD,
DF1D,
DF1D,
DF1D,
DF1D,
DF1D,
DF1D,
DF1D,
DF1C,
E71C,
E71C,
E71C,
E71C,
E71C,
E71C,
DEFC,
DEFC,
DEFC,
DEFC,
DEFC,
DEFC,
DEFC,
DEFC,
DEFC,
E6FC,
E6FC,
DEFC,
DEFC,
DEFC,
DEFC,
DEFC,
DEFC,
DEFB,
DEFB,
D6DA,
BDF5,
7C0C,
31E2,
00C0,
00C0,
0900,
1160,
11C0,
09C0,
01A0,
01A0,
01C0,
0180,
0160,
0160,
01A0,
0A00,
1281,
1B21,
2B81,
33E2,
2BC2,
2BE2,
33E2,
33E2,
33E2,
33E3,
3403,
3403,
3403,
3403,
3423,
3423,
3423,
3423,
3423,
3423,
3423,
3423,
3423,
3423,
3423,
3423,
3423,
3423,
3C23,
3C23,
3C23,
3423,
3443,
3444,
3444,
3444,
3444,
3444,
3444,
3444,
3C44,
3C44,
3C44,
3C44,
3C44,
3C24,
3404,
3C04,
3C04,
43E5,
3BC6,
2B24,
0A00,
01E0,
2324,
3BC5,
3BC5,
3BE4,
3C04,
3C24,
3C24,
3C24,
3424,
3444,
3424,
3C24,
3C44,
3C44,
3C44,
3C44,
3C44,
3C44,
3C44,
3C44,
3C44,
3C44,
3C24,
3C44,
3C44,
3C44,
3C44,
3C44,
3C44,
3C44,
3C44,
3C44,
3C44,
3C44,
3C44,
3C44,
3C44,
3C44,
3C44,
3C44,
3C44,
3C44,
3C44,
3C44,
3C44,
3C44,
3C44,
3C44,
3C44,
3C44,
3C44,
3C44,
3C44,
3C44,
3C44,
3C44,
3C44,
3C44,
3C44,
3C44,
3C44,
3C44,
3C44,
3C44,
3C44,
3C44,
3C44,
3C44,
3C44,
3C44,
3C44,
3C44,
3444,
3C24,
3C24,
3C24,
3C24,
3C24,
3C24,
3C24,
3C24,
3C24,
3C24,
3C24,
3C24,
3C24,
3C24,
3C24,
3C24,
3C24,
3C24,
3C24,
3C24,
3C24,
3C24,
3C24,
3C24,
3C24,
3C24,
3C24,
3C24,
3C24,
3C24,
3C24,
3C24,
3C24,
3C24,
3C24,
3C24,
3C24,
3C24,
3C24,
3C24,
3C24,
3C24,
3C24,
3C24,
3C24,
3C24,
3C24,
3C24,
3C24,
3C24,
3C24,
3C24,
3C24,
3C24,
3C24,
3C24,
3C24,
3C24,
3C24,
3C24,
3C24,
3C24,
3C24,
3C24,
3C24,
3C24,
3C24,
3C23,
3C23,
3C23,
3C23,
3C23,
3C23,
3C23,
3C23,
3C23,
3C23,
3423,
3423,
3423,
3423,
3423,
3423,
3423,
3423,
3423,
3423,
3423,
3403,
3403,
3403,
3403,
3403,
3403,
3403,
3403,
3403,
3403,
3403,
3403,
3403,
3403,
3C03,
3C03,
3BC5,
3B05,
21C2,
0900,
42A9,
9513,
B618,
C67A,
C67A,
CE9B,
D6FC,
DEFC,
DEFD,
DEFD,
DEFD,
DF1C,
DF1D,
DF1D,
DEFD,
DEFD,
DEFD,
DEFD,
DF1D,
E71D,
E71D,
E71C,
DF1C,
DF1C,
DF1C,
DF1C,
DF1C,
E71C,
E6FC,
E6FC,
DEFC,
DF1C,
DF1D,
DEFD,
DEFD,
DEFD,
DEFC,
DEFC,
DEFC,
DEFC,
DEFC,
DEFC,
DEFC,
DEFC,
DEFC,
DEFC,
D6DB,
DF1A,
DF1A,
CE97,
9D31,
5B49,
2A03,
1981,
1160,
0100,
00E0,
0120,
09A0,
1A42,
2282,
1A21,
1200,
1A81,
2302,
2B43,
2BA3,
33C2,
33C2,
2BC2,
2BE2,
33E2,
33E2,
33E3,
3403,
3403,
3403,
3403,
3403,
3423,
3423,
3423,
3423,
3423,
3423,
3423,
3423,
3423,
3423,
3423,
3423,
3423,
3423,
3C23,
3C23,
3C23,
3C23,
3C23,
3C24,
3424,
3424,
3443,
3443,
3444,
3444,
3444,
3444,
3C44,
3C44,
3C44,
3404,
3404,
3C04,
3BE5,
43E6,
43C6,
2B24,
0A00,
01E0,
2B24,
3BC6,
3BE4,
3C04,
4404,
3C24,
3C24,
3C24,
3C44,
3C44,
3C44,
3C44,
3C44,
3C44,
3C44,
3C44,
3C44,
3C44,
3C44,
3C44,
3C44,
3C44,
3C44,
3C44,
3C44,
3C44,
3C44,
3C44,
3C44,
3C44,
3C44,
3C44,
3C44,
3C44,
3C44,
3C44,
3C44,
3C44,
3C44,
3C44,
3C44,
3C44,
3C44,
3C44,
3C44,
3C44,
3C44,
3C44,
3C44,
3C44,
3C44,
3C44,
3C44,
3C44,
3C44,
3C44,
3C44,
3C44,
3C44,
3C44,
3C44,
3C44,
3C44,
3C44,
3C44,
3C44,
3C44,
3C44,
3C44,
3C44,
3C44,
3C44,
3444,
3C24,
3C24,
3C24,
3C24,
3C24,
3C24,
3C24,
3C24,
3C24,
3C24,
3C24,
3C24,
3C24,
3C24,
3C24,
3C24,
3C24,
3C24,
3C24,
3C24,
3C24,
3C24,
3C24,
3C24,
3C24,
3C24,
3C24,
3C24,
3C24,
3C24,
3C24,
3C24,
3C24,
3C24,
3C24,
3C24,
3C24,
3C24,
3C24,
3C24,
3C24,
3C24,
3C24,
3C24,
3C24,
3C24,
3C24,
3C24,
3C24,
3C24,
3C24,
3C24,
3C24,
3C24,
3C24,
3C24,
3C24,
3C24,
3C24,
3C24,
3C24,
3C24,
3C24,
3C24,
3C24,
3C24,
3C24,
3C23,
3C23,
3C23,
3C23,
3C23,
3C23,
3C23,
3C23,
3C23,
3C23,
3423,
3423,
3423,
3423,
3423,
3423,
3423,
3423,
3423,
3423,
3423,
3403,
3403,
3403,
3403,
3403,
3403,
3403,
3423,
3403,
3403,
3403,
3403,
3403,
3403,
3C03,
3C03,
3BC5,
3B26,
2203,
0901,
3247,
8CF2,
B617,
BE59,
C67A,
CEBB,
D6FC,
DEFC,
DEFD,
DEFC,
DEFC,
DF1C,
DF1D,
DF1D,
DEFD,
DEFD,
DEFD,
DEFD,
DF1D,
E71D,
E71D,
E71C,
E71C,
DF1C,
DF1C,
DF1C,
DF1C,
E71C,
E6FC,
E6FC,
DEFC,
DEFC,
DEFD,
DEFD,
DEFD,
DEFD,
DEFC,
DEFC,
DEFC,
DEFC,
DEFC,
DEFC,
DEFC,
DEFC,
DEFC,
DEDC,
DEDB,
DEDB,
DF1B,
DF1B,
D6FA,
BE36,
9D52,
8CF0,
84CF,
63AA,
5B89,
5BA9,
744B,
7CAC,
642A,
4367,
3325,
3325,
3B65,
3386,
33C5,
33E4,
33E3,
33C3,
2BE2,
33E2,
33E2,
33E3,
33E3,
3403,
3403,
3403,
3403,
3423,
3423,
3423,
3423,
3423,
3423,
3423,
3423,
3423,
3423,
3423,
3423,
3423,
3423,
3C23,
3C23,
3C23,
3C23,
3C23,
3C24,
3424,
3424,
3423,
3423,
3443,
3443,
3443,
3424,
3C44,
3C44,
3C44,
3404,
3BE4,
3BE5,
3BE5,
43E6,
43C6,
3345,
0A00,
01C0,
22E4,
3BA5,
3BE4,
4403,
4424,
4424,
3C24,
3C44,
3C44,
3C44,
3C44,
3C44,
3C44,
3C44,
3C44,
3C44,
3C44,
3C44,
3C44,
3C44,
3C44,
3C44,
3C44,
3C44,
3C44,
3C44,
3C44,
3C44,
3C44,
3C44,
3C44,
3C44,
3C44,
3C44,
3C44,
3C44,
3C44,
3C44,
3C44,
3C44,
3C44,
3C44,
3C44,
3C44,
3C44,
3C44,
3C44,
3C44,
3C44,
3C44,
3C44,
3C44,
3C44,
3C44,
3C44,
3C44,
3C44,
3C44,
3C44,
3C44,
3C44,
3C44,
3C44,
3C44,
3C44,
3C44,
3C44,
3C44,
3C44,
3C44,
3C44,
3C44,
3444,
3C24,
3C24,
3C24,
3C24,
3C24,
3C24,
3C24,
3C24,
3C24,
3C24,
3C24,
3C24,
3C24,
3C24,
3C24,
3C24,
3C24,
3C24,
3C24,
3C24,
3C24,
3C24,
3C24,
3C24,
3C24,
3C24,
3C24,
3C24,
3C24,
3C24,
3C24,
3C24,
3C24,
3C24,
3C24,
3C24,
3C24,
3C24,
3C24,
3C24,
3C24,
3C24,
3C24,
3C24,
3C24,
3C24,
3C24,
3C24,
3C24,
3C24,
3C24,
3C24,
3C24,
3C24,
3C24,
3C24,
3C24,
3C24,
3C24,
3C24,
3C24,
3C24,
3C23,
3423,
3423,
3423,
3423,
3C23,
3C23,
3C23,
3C23,
3C23,
3C23,
3C23,
3C23,
3C23,
3C23,
3423,
3423,
3423,
3423,
3423,
3423,
3423,
3423,
3423,
3423,
3423,
3403,
3403,
3403,
3403,
3403,
3403,
3403,
3C24,
3403,
2BA1,
2381,
2BC2,
3403,
3C03,
3C03,
3BE3,
3BC4,
3B46,
2A24,
00E0,
21C5,
7C70,
ADF7,
BE59,
BE59,
CEBB,
D6FD,
DEFD,
DEFD,
DEFD,
DEFC,
DF1D,
DF1D,
DF1D,
DEFD,
DEFD,
DEFD,
DEFD,
DF1D,
DF1D,
E71C,
E71C,
E6FC,
E6FC,
DEFC,
DEFC,
DEFC,
E6FC,
E6FC,
E6FC,
DEFC,
DEFC,
DEFC,
DEFC,
DEFD,
DEFD,
DEFC,
DEFC,
DEFC,
DEFC,
DEFC,
DEFC,
DEFC,
DEFC,
DEDC,
DEDC,
DEDB,
DEDB,
D6DB,
DEFC,
DEFC,
DF3B,
DF3C,
DF3B,
DF3B,
D6D9,
CEB7,
C697,
CEB7,
B634,
742C,
3285,
2A64,
32E6,
3B27,
3B67,
3BA7,
3BE6,
3BE4,
33C3,
2BC2,
33E3,
33E3,
33E2,
33E3,
33E3,
3403,
3403,
3403,
3423,
3423,
3423,
3423,
3423,
3423,
3423,
3423,
3423,
3423,
3423,
3423,
3423,
3423,
3C23,
3C23,
3C23,
3C23,
3C23,
3C23,
3423,
3423,
3423,
3423,
3444,
3C44,
3C44,
3C24,
3C24,
3C24,
3C24,
3C04,
3C05,
4405,
43E5,
43E6,
43E7,
3365,
0A20,
01C0,
1AC3,
3385,
3BE4,
3C24,
3C24,
3C24,
3C44,
3C44,
3C43,
3C43,
3C44,
3C44,
3C44,
3C44,
3C44,
3C44,
3C44,
3C44,
3C44,
3C44,
3C44,
3C44,
3C44,
3C44,
3C44,
3C44,
3C44,
3C44,
3C44,
3C44,
3C44,
3C44,
3C44,
3C44,
3C44,
3C44,
3C44,
3C44,
3C44,
3C44,
3C44,
3C44,
3C44,
3C44,
3C44,
3C44,
3C44,
3C44,
3C44,
3C44,
3C44,
3C44,
3C44,
3C44,
3C44,
3C44,
3C44,
3C44,
3C44,
3C44,
3C44,
3C44,
3C44,
3C44,
3C44,
3C44,
3C44,
3C44,
3C44,
3C44,
3C44,
3C44,
3444,
3C24,
3C24,
3C24,
3C24,
3C24,
3C24,
3C24,
3C24,
3C24,
3C24,
3C24,
3C24,
3C24,
3C24,
3C24,
3C24,
3C24,
3C24,
3C24,
3C24,
3C24,
3C24,
3C24,
3C24,
3C24,
3C24,
3C24,
3C24,
3C24,
3C24,
3C24,
3C24,
3C24,
3C24,
3C24,
3C24,
3C24,
3C24,
3C24,
3C24,
3C24,
3C24,
3C24,
3C24,
3C24,
3C24,
3C24,
3C24,
3C24,
3C24,
3C24,
3C24,
3C24,
3C24,
3C24,
3C24,
3C24,
3C24,
3C24,
3C24,
3C24,
3C24,
3C23,
3C23,
3C23,
3C23,
3C23,
3C23,
3C23,
3C23,
3C23,
3C23,
3C23,
3C23,
3C23,
3C23,
3C23,
3423,
3423,
3423,
3423,
3423,
3423,
3423,
3423,
3423,
3423,
3423,
3403,
3403,
3403,
3403,
3403,
3403,
3403,
3423,
2BC2,
1B20,
12E0,
1B60,
33C2,
33C3,
33C2,
33C2,
3BC4,
4366,
2A64,
00E0,
1142,
740F,
ADF7,
BE39,
BE59,
CEBB,
D6FD,
DEFD,
DEFD,
DEFD,
DEFD,
DEFD,
DF1D,
DF1D,
DEFD,
DEFD,
DEFD,
DEFC,
DEFC,
DEFC,
DEFC,
DEFC,
DEFC,
E6FC,
E6FC,
E6FC,
E6FC,
E6FC,
E6FC,
E6FC,
E6FC,
DEFC,
DEFC,
DEFC,
DEFC,
DEFC,
DEFC,
DEFC,
DEFC,
DEFC,
DEFC,
DEFC,
DEFC,
DEDC,
DEDC,
DEDC,
DEDB,
DEDB,
D6DB,
D6DB,
D6DB,
D6FB,
DF1C,
DF1C,
D6FB,
DEFB,
DEFA,
DF1A,
DF19,
C656,
7C6E,
2A04,
11A2,
2224,
2A85,
3B27,
3326,
2AE4,
1AC2,
1AC1,
1B20,
2381,
2BC2,
2BE2,
33E2,
3403,
3403,
3403,
3403,
3423,
3423,
3423,
3423,
3423,
3423,
3423,
3423,
3423,
3423,
3423,
3423,
3423,
3423,
3C23,
3C23,
3C23,
3C23,
3C23,
3C23,
3C23,
3C23,
3423,
3444,
3444,
3C24,
3C24,
3C24,
3C24,
3424,
3404,
33E4,
3BE4,
3BE5,
3BC5,
43E6,
43E6,
3344,
0A00,
01A0,
1281,
2B43,
33E4,
3C24,
3C24,
3C44,
3C44,
3C43,
3C43,
3C44,
3C44,
3C44,
3C44,
3C44,
3C44,
3C44,
3C44,
3C44,
3C44,
3C44,
3C44,
3C44,
3C44,
3C44,
3C44,
3C44,
3C44,
3C44,
3C44,
3C44,
3C44,
3C44,
3C44,
3C44,
3C44,
3C44,
3C44,
3C44,
3C44,
3C44,
3C44,
3C44,
3C44,
3C44,
3C44,
3C44,
3C44,
3C44,
3C44,
3C44,
3C44,
3C44,
3C44,
3C44,
3C44,
3C44,
3C44,
3C44,
3C44,
3C44,
3C44,
3C44,
3C44,
3C44,
3C44,
3C44,
3C44,
3C44,
3C44,
3C44,
3C44,
3C44,
3444,
3C24,
3C24,
3C24,
3C24,
3C24,
3C24,
3C24,
3C24,
3C24,
3C24,
3C24,
3C24,
3C24,
3C24,
3C24,
3C24,
3C24,
3C24,
3C24,
3C24,
3C24,
3C24,
3C24,
3C24,
3C24,
3C24,
3C24,
3C24,
3C24,
3C24,
3C24,
3C24,
3C24,
3C24,
3C24,
3C24,
3C24,
3C24,
3C24,
3C24,
3C24,
3C24,
3C24,
3C24,
3C24,
3C24,
3C24,
3C24,
3C24,
3C24,
3C24,
3C24,
3C24,
3C24,
3C24,
3C24,
3C24,
3C24,
3C24,
3C24,
3C24,
3C24,
3C23,
3C23,
3C23,
3C23,
3C23,
3C23,
3C23,
3C23,
3C23,
3C23,
3C23,
3C23,
3C23,
3C23,
3C23,
3423,
3423,
3423,
3423,
3423,
3423,
3423,
3423,
3423,
3423,
3423,
3403,
3403,
3403,
3403,
3403,
3403,
3403,
3424,
2382,
02A0,
0260,
12C0,
2360,
2BA1,
33A2,
33A2,
3BA4,
4366,
2A64,
00E0,
1142,
740E,
B5F7,
BE39,
BE59,
CEBB,
D6FD,
DEFD,
DEFD,
DEFD,
DEFD,
DEFD,
DF1D,
DF1D,
DEFD,
DEFD,
DEFD,
DEFC,
DEFC,
DEFC,
DEFC,
DEFC,
E6FD,
E6FC,
E6FC,
E6FC,
E6FC,
E6FC,
E6FC,
E6FC,
E6FC,
E6FC,
E6FC,
DEFC,
DEFC,
DEFC,
DEFC,
DEFC,
DEFC,
DEFC,
DEFC,
DEFC,
DEFC,
DEDC,
DEDC,
DEDC,
DEDC,
DEDC,
D6DB,
D6DB,
D6DB,
D6DB,
DEFB,
D6DC,
D6DB,
D6DB,
D6DB,
D6FB,
DF1B,
CEB9,
A594,
6C0D,
3267,
2225,
2A45,
2244,
1201,
01A0,
0180,
01C0,
0260,
1300,
2361,
2BC2,
33E2,
3403,
3403,
3403,
3403,
3423,
3423,
3423,
3423,
3423,
3423,
3423,
3423,
3423,
3423,
3423,
3423,
3423,
3423,
3C23,
3C23,
3C23,
3C23,
3C23,
3C23,
3C23,
3C23,
3C23,
3424,
3444,
3C24,
3C24,
3C24,
3C44,
3404,
2B83,
2321,
2322,
2B22,
2B23,
3384,
3B85,
2B03,
0A20,
01A0,
0A20,
2342,
33E4,
3C24,
3C24,
3C44,
3C44,
3C43,
3C44,
3C44,
3C44,
3C44,
3C44,
3C44,
3C44,
3C44,
3C44,
3C44,
3C44,
3C44,
3C44,
3C44,
3C44,
3C44,
3C44,
3C44,
3C44,
3C44,
3C44,
3C44,
3C44,
3C44,
3C44,
3C44,
3C44,
3C44,
3C44,
3C44,
3C44,
3C44,
3C44,
3C44,
3C44,
3C44,
3C44,
3C44,
3C44,
3C44,
3C44,
3C44,
3C44,
3C44,
3C44,
3C44,
3C44,
3C44,
3C44,
3C44,
3C44,
3C44,
3C44,
3C44,
3C44,
3C44,
3C44,
3C44,
3C44,
3C44,
3C44,
3C44,
3C44,
3C44,
3444,
3C24,
3C24,
3C24,
3C24,
3C24,
3C24,
3C24,
3C24,
3C24,
3C24,
3C24,
3C24,
3C24,
3C24,
3C24,
3C24,
3C24,
3C24,
3C24,
3C24,
3C24,
3C24,
3C24,
3C24,
3C24,
3C24,
3C24,
3C24,
3C24,
3C24,
3C24,
3C24,
3C24,
3C24,
3C24,
3C24,
3C24,
3C24,
3C24,
3C24,
3C24,
3C24,
3C24,
3C24,
3C24,
3C24,
3C24,
3C24,
3C24,
3C24,
3C24,
3C24,
3C24,
3C24,
3C24,
3C24,
3C24,
3C24,
3C24,
3C23,
3C23,
3C23,
3423,
3423,
3423,
3423,
3423,
3423,
3423,
3423,
3423,
3423,
3423,
3423,
3423,
3423,
3423,
3423,
3423,
3423,
3423,
3423,
3423,
3423,
3423,
3423,
3423,
3423,
3423,
3403,
3403,
3403,
3403,
3403,
3403,
3424,
23A2,
0260,
01C0,
0220,
12E0,
2B60,
3382,
3382,
3BA4,
4365,
2A64,
0100,
1983,
742F,
B5F8,
BE5A,
C65A,
CEBB,
D6FC,
DEFC,
DEFD,
DEFD,
DEFD,
DEFD,
DF1D,
DF1D,
DEFD,
DEFC,
DEFC,
DEFC,
DEFC,
DEFC,
E6FC,
E6FC,
E6FC,
E6FC,
E6FC,
E6FC,
E6FC,
E6FC,
E6FC,
E6FC,
E6FC,
E6FC,
E6FC,
DEFC,
DEFC,
DEFC,
DEFC,
DEFC,
DEFC,
DEFC,
DEFC,
DEFC,
DEFC,
DEFC,
DEDC,
DEDC,
DEDC,
DEDC,
DEDC,
D6FC,
D6FB,
D6FB,
D6FB,
D6FB,
D6DB,
D6DB,
D6BB,
CEBA,
D6DB,
D6FB,
BE78,
A5D5,
84F0,
640D,
4328,
11C2,
0100,
0120,
0160,
01C0,
0A60,
1300,
2361,
2BC2,
33E3,
33E3,
3403,
3403,
3403,
3423,
3423,
3423,
3423,
3423,
3423,
3423,
3423,
3423,
3423,
3423,
3423,
3423,
3423,
3423,
3423,
3423,
3423,
3423,
3C23,
3C24,
3C24,
3C24,
3C24,
3C24,
3C24,
3C24,
3C24,
3404,
2BA3,
1B01,
12A0,
12A0,
1280,
1280,
1AA2,
22E3,
1AC2,
1281,
1261,
1AA1,
2B63,
33E4,
3C24,
3C24,
3C44,
3C44,
3C44,
3C44,
3C44,
3C44,
3C44,
3C44,
3C44,
3C44,
3C44,
3C44,
3C44,
3C44,
3C44,
3C44,
3C44,
3C44,
3C44,
3C44,
3C44,
3C44,
3C44,
3C44,
3C44,
3C44,
3C44,
3C44,
3C44,
3C44,
3C44,
3C44,
3C44,
3C44,
3C44,
3C44,
3C44,
3C44,
3C44,
3C44,
3C44,
3C44,
3C44,
3C44,
3C44,
3C44,
3C44,
3C44,
3C44,
3C44,
3C44,
3C44,
3C44,
3C44,
3C44,
3C44,
3C44,
3C44,
3C44,
3C44,
3C44,
3C44,
3C44,
3C44,
3C44,
3C44,
3C44,
3C44,
3C24,
3C24,
3C24,
3C24,
3C24,
3C24,
3C24,
3C24,
3C24,
3C24,
3C24,
3C24,
3C24,
3C24,
3C24,
3C24,
3C24,
3C24,
3C24,
3C24,
3C24,
3C24,
3C24,
3C24,
3C24,
3C24,
3C24,
3C24,
3C24,
3C24,
3C24,
3C24,
3C24,
3C24,
3C24,
3C24,
3C24,
3C24,
3C24,
3C24,
3C24,
3C24,
3C24,
3C24,
3C24,
3C24,
3C24,
3C24,
3C24,
3C24,
3C24,
3C24,
3C24,
3C24,
3C24,
3C24,
3C24,
3C24,
3C24,
3C23,
3C23,
3C23,
3423,
3423,
3423,
3423,
3423,
3423,
3423,
3423,
3423,
3423,
3423,
3423,
3423,
3423,
3423,
3423,
3423,
3423,
3423,
3423,
3403,
3403,
3403,
3403,
3403,
3403,
3403,
3403,
3403,
3403,
3403,
3423,
3403,
3423,
23A2,
0280,
01A0,
01C0,
1280,
2341,
3382,
3B83,
3B84,
4345,
2223,
00E0,
21E4,
7C4F,
ADF8,
BE5A,
C65A,
CEBB,
D6FC,
DEFC,
DEFD,
DEFD,
DEFD,
DEFD,
DF1D,
DF1D,
DEFD,
DEFC,
DEFC,
DEFC,
DEFC,
DEFC,
E6FC,
E6FC,
E6FC,
E6FC,
E6FC,
E6FC,
E6FC,
E6FC,
E6FC,
E6FC,
E6FC,
E6FC,
E6FC,
DEFC,
DEFC,
DEFC,
DEFC,
DEFC,
DEFC,
DEFC,
DEFC,
DEFC,
DEFC,
DEFC,
DEDC,
DEDC,
DEDC,
DEDC,
DEDC,
D6FC,
D6FC,
D6FC,
D6FC,
DEDC,
D6DC,
D6DB,
D6DB,
D6DB,
D6DB,
D6FB,
CEDA,
BE98,
B676,
9DB3,
5BAB,
11A2,
00E0,
0160,
0A00,
1AC1,
2341,
2BA2,
2BC2,
33E3,
33E3,
33E3,
3403,
3403,
3403,
3403,
3403,
3403,
3423,
3C23,
3423,
3423,
3423,
3423,
3423,
3423,
3423,
3423,
3423,
3423,
3423,
3423,
3423,
3423,
3C24,
3C24,
3C24,
3C24,
3C24,
3C24,
3C24,
3C44,
3C24,
2BA2,
12E0,
0A80,
1AE1,
2302,
1AA1,
0A00,
01E0,
0A00,
0A40,
1AC2,
3384,
3BC5,
33E4,
3C04,
3C24,
3C24,
3C44,
3C44,
3C24,
3C44,
3C44,
3C44,
3C44,
3C44,
3C44,
3C44,
3C44,
3C44,
3C44,
3C44,
3C44,
3C44,
3C44,
3C44,
3C44,
3C44,
3C44,
3C44,
3C44,
3C44,
3C44,
3C44,
3C44,
3C44,
3C44,
3C44,
3C44,
3C44,
3C44,
3C44,
3C44,
3C44,
3C44,
3C44,
3C44,
3C44,
3C44,
3C44,
3C44,
3C44,
3C44,
3C44,
3C44,
3C44,
3C44,
3C44,
3C44,
3C44,
3C44,
3C44,
3C44,
3C44,
3C44,
3C44,
3C44,
3C44,
3C44,
3C44,
3C44,
3C44,
3C44,
3C44,
3C44,
3C44,
3C24,
3C24,
3C24,
3C24,
3C24,
3C24,
3C24,
3C24,
3C24,
3C24,
3C24,
3C24,
3C24,
3C24,
3C24,
3C24,
3C24,
3C24,
3C24,
3C24,
3C24,
3C24,
3C24,
3C24,
3C24,
3C24,
3C24,
3C24,
3C24,
3C24,
3C24,
3C24,
3C24,
3C24,
3C24,
3C24,
3C24,
3C24,
3C24,
3C24,
3C24,
3C24,
3C24,
3C24,
3C24,
3C24,
3C24,
3C24,
3C24,
3C24,
3C24,
3C24,
3C24,
3C24,
3C24,
3C24,
3C24,
3C23,
3C23,
3C23,
3C23,
3C23,
3423,
3423,
3423,
3423,
3423,
3423,
3423,
3423,
3423,
3423,
3423,
3423,
3423,
3423,
3423,
3423,
3423,
3423,
3423,
3423,
3403,
3403,
3403,
3403,
3403,
3403,
3403,
3403,
3403,
3403,
3403,
3423,
3403,
3403,
2BA2,
0A60,
01A0,
01A0,
0A60,
2B42,
3BA3,
3B83,
3B64,
3B25,
2203,
00A0,
21C3,
7C6F,
B617,
C65A,
C67A,
D6BB,
DEFC,
DEFC,
DEFD,
DEFD,
DEFD,
DEFD,
DF1D,
DF1D,
DF1D,
DEFC,
DEFC,
DEFC,
DEFC,
DEFC,
DEFC,
DEFC,
E6FC,
E6FC,
E6FC,
E6FC,
E6FC,
E6FC,
E6FC,
E6FC,
E6FC,
E6FC,
E6FC,
DEFC,
DEFC,
DEFC,
DEFC,
DEFC,
DEFC,
DEFC,
DEFC,
DEFC,
DEFC,
DEFC,
DEDC,
DEDC,
DEDC,
DEDC,
DEDC,
D6FC,
D6FC,
D6FC,
D6FC,
DEDC,
DEDC,
DEDB,
D6DB,
D6FB,
D6DB,
D6DA,
D71A,
C6D8,
A5F4,
6C6D,
3AE7,
11C2,
09C2,
1A83,
2B23,
3383,
33C2,
33E2,
33E3,
33E2,
33E2,
33E3,
3403,
3403,
3403,
3403,
3403,
3403,
3423,
3423,
3423,
3423,
3423,
3423,
3423,
3423,
3423,
3423,
3423,
3423,
3423,
3423,
3423,
3423,
3C23,
3C23,
3C23,
3C24,
3C24,
3C24,
3C24,
3C44,
3C24,
2361,
0260,
0260,
2B42,
3BA5,
3343,
0A20,
01A0,
0180,
01A0,
1AA1,
3BC5,
4405,
3C04,
3C04,
3C24,
3C24,
3C44,
3C44,
3C44,
3C44,
3C44,
3C44,
3C44,
3C44,
3C44,
3C44,
3C44,
3C44,
3C44,
3C44,
3C44,
3C44,
3C44,
3C44,
3C44,
3C44,
3C44,
3C44,
3C44,
3C44,
3C44,
3C44,
3C44,
3C44,
3C44,
3C44,
3C44,
3C44,
3C44,
3C44,
3C44,
3C44,
3C44,
3C44,
3C44,
3C44,
3C44,
3C44,
3C44,
3C44,
3C44,
3C44,
3C44,
3C44,
3C44,
3C44,
3C44,
3C44,
3C44,
3C44,
3C44,
3C44,
3C44,
3C44,
3C44,
3C44,
3C44,
3C44,
3C44,
3C44,
3C44,
3C44,
3C44,
3C44,
3C24,
3C24,
3C24,
3C24,
3C24,
3C24,
3C24,
3C24,
3C24,
3C24,
3C24,
3C24,
3C24,
3C24,
3C24,
3C24,
3C24,
3C24,
3C24,
3C24,
3C24,
3C24,
3C24,
3C24,
3C24,
3C24,
3C24,
3C24,
3C24,
3C24,
3C24,
3C24,
3C24,
3C24,
3C24,
3C24,
3C24,
3C24,
3C24,
3C24,
3C24,
3C24,
3C24,
3C24,
3C24,
3C24,
3C24,
3C24,
3C24,
3C24,
3C24,
3C24,
3C24,
3C24,
3C24,
3C43,
3C43,
3C23,
3C23,
3C23,
3C23,
3C23,
3423,
3423,
3424,
3423,
3423,
3423,
3423,
3423,
3423,
3423,
3423,
3423,
3423,
3423,
3423,
3423,
3423,
3423,
3423,
3403,
3403,
3403,
3403,
3403,
3403,
3403,
3403,
3403,
3403,
3403,
33E3,
33E3,
33E2,
3BE4,
33A3,
1280,
01A0,
0160,
01C0,
22E1,
3362,
4363,
4344,
3AE5,
19C2,
00E0,
2A05,
84B1,
BE38,
C659,
C67A,
D6BB,
DEFD,
DEFD,
DEFD,
DEFD,
DEFD,
DEFD,
DF1D,
DF1D,
DF1D,
DF1C,
DF1C,
DEFC,
DEFC,
DEFC,
DEFC,
DEFC,
DEFC,
DEFC,
E6FC,
E6FC,
E6FC,
E6FC,
E6FC,
E6FC,
E6FC,
E6FC,
E6FD,
DEFD,
DEFD,
DEFD,
DEFC,
DEFC,
DEFC,
DEFC,
DEFC,
DEFC,
DEFC,
DEFC,
DEDC,
DEDC,
DEDC,
DEDC,
DEDC,
D6FC,
D6FC,
D6FC,
D6FC,
DEDC,
D6DC,
D6DB,
D6DB,
D6FB,
D6DA,
C678,
B616,
9DB3,
5BCB,
2224,
1A02,
1A23,
2AE5,
3B86,
3BA5,
33A3,
33E2,
33E2,
33E2,
33E2,
33E2,
3403,
3403,
3403,
3403,
3403,
3403,
3403,
3403,
3403,
3403,
3423,
3423,
3423,
3423,
3423,
3423,
3423,
3423,
3423,
3423,
3423,
3423,
3423,
3C23,
3C23,
3C23,
3C23,
3C24,
3C24,
3C24,
3C44,
3C23,
2381,
0260,
0240,
2B43,
3BC5,
3BC5,
22E2,
0A20,
0180,
01C0,
12C0,
3BC4,
3C04,
3C04,
3C03,
3C23,
3C24,
3C44,
3C44,
3C44,
3C44,
3C44,
3C44,
3C44,
3C44,
3C44,
3C44,
3C44,
3C44,
3C44,
3C44,
3C44,
3C44,
3C44,
3C44,
3C44,
3C44,
3C44,
3C44,
3C44,
3C44,
3C44,
3C44,
3C44,
3C44,
3C44,
3C44,
3C44,
3C44,
3C44,
3C44,
3C44,
3C44,
3C44,
3C44,
3C44,
3C44,
3C44,
3C44,
3C44,
3C44,
3C44,
3C44,
3C44,
3C44,
3C44,
3C44,
3C44,
3C44,
3C44,
3C44,
3C44,
3C44,
3C44,
3C44,
3C44,
3C44,
3C44,
3C44,
3C44,
3C44,
3C44,
3C44,
3C44,
3C44,
3C24,
3C24,
3C24,
3C24,
3C24,
3C24,
3C24,
3C24,
3C24,
3C24,
3C24,
3C24,
3C24,
3C24,
3C24,
3C24,
3C24,
3C24,
3C24,
3C24,
3C24,
3C24,
3C24,
3C24,
3C24,
3C24,
3C24,
3C24,
3C24,
3C24,
3C24,
3C24,
3C24,
3C24,
3C24,
3C24,
3C24,
3C24,
3C24,
3C24,
3C24,
3C24,
3C24,
3C24,
3C24,
3C24,
3C24,
3C24,
3C24,
3C24,
3C24,
3C23,
3C24,
3C24,
3C24,
3C43,
3C43,
3C23,
3C23,
3C23,
3C23,
3C23,
3423,
3423,
3423,
3423,
3423,
3423,
3423,
3423,
3423,
3423,
3423,
3423,
3423,
3423,
3423,
3423,
3423,
3423,
3423,
3403,
3403,
3403,
3403,
3403,
3403,
3403,
3403,
3403,
3403,
33E3,
33E3,
33E3,
33E3,
3BE4,
33A4,
1AC1,
01A0,
0140,
0140,
01E0,
2AE0,
3B22,
3B04,
3283,
1160,
0901,
42A8,
9533,
BE58,
C659,
C67A,
D6BB,
DEFD,
DEFD,
DEFD,
DEFD,
DEFD,
DEFD,
DF1D,
DF1D,
DF1D,
DF1C,
DF1C,
DEFC,
DEFC,
DEFC,
DEFC,
DEFC,
DEFC,
DEFC,
E6FC,
E6FC,
E6FC,
E6FC,
E6FC,
E6FC,
E6FC,
E6FC,
E6FD,
DEFD,
DEFD,
DEFD,
DEFC,
DEFC,
DEFC,
DEFC,
DEFC,
DEFC,
DEFC,
DEFC,
DEDC,
DEDC,
DEDC,
DEDC,
DEDC,
DEDC,
DEDC,
DEDC,
DEDC,
DEDC,
D6DC,
D6BB,
D6DA,
DEFB,
D6DA,
A594,
5B8C,
3AA7,
19E3,
11E2,
2243,
2AC5,
3B86,
3BC5,
3BC5,
33C4,
33E2,
33E2,
33E2,
33E2,
33E2,
3403,
3403,
3403,
3402,
3403,
3403,
3403,
3403,
3403,
3403,
3423,
3423,
3423,
3423,
3423,
3423,
3423,
3423,
3423,
3423,
3423,
3423,
3423,
3C23,
3C23,
3C23,
3C23,
3C24,
3C24,
3C24,
3C44,
3C44,
2381,
0280,
0220,
2322,
33C4,
3BE6,
3BA5,
3364,
1AC2,
0A80,
2321,
3BC3,
3C04,
3C04,
3403,
3C23,
3C24,
3C44,
3C44,
3C44,
3C44,
3C44,
3C44,
3C44,
3C44,
3C44,
3C44,
3C44,
3C44,
3C44,
3C44,
3C44,
3C44,
3C44,
3C44,
3C44,
3C44,
3C44,
3C44,
3C44,
3C44,
3C44,
3C44,
3C44,
3C44,
3C44,
3C44,
3C44,
3C44,
3C44,
3C44,
3C44,
3C44,
3C44,
3C44,
3C44,
3C44,
3C44,
3C44,
3C44,
3C44,
3C44,
3C44,
3C44,
3C44,
3C44,
3C44,
3C44,
3C44,
3C44,
3C44,
3C44,
3C44,
3C44,
3C44,
3C44,
3C44,
3C44,
3C44,
3C44,
3C44,
3C44,
3C44,
3C44,
3C44,
3C24,
3C24,
3C24,
3C24,
3C24,
3C24,
3C24,
3C24,
3C24,
3C24,
3C24,
3C24,
3C24,
3C24,
3C24,
3C24,
3C24,
3C24,
3C24,
3C24,
3C24,
3C24,
3C24,
3C24,
3C24,
3C24,
3C24,
3C24,
3C24,
3C24,
3C24,
3C24,
3C24,
3C24,
3C24,
3C24,
3C24,
3C24,
3C24,
3C24,
3C24,
3C24,
3C24,
3C24,
3C24,
3C24,
3C24,
3C24,
3C24,
3C23,
3C23,
3C23,
3C23,
3C23,
3C23,
3C23,
3C23,
3C23,
3C23,
3C23,
3C23,
3C23,
3423,
3423,
3423,
3423,
3403,
3423,
3423,
3423,
3423,
3423,
3423,
3423,
3423,
3423,
3423,
3423,
3403,
3423,
3403,
3403,
3403,
3403,
3423,
3403,
3403,
3403,
3403,
3403,
33E3,
33C3,
33E3,
33E3,
33E3,
3BE4,
3BA4,
22E2,
0A00,
0180,
0160,
09C0,
1A81,
32E3,
32A3,
19C1,
0920,
1161,
534A,
A574,
C659,
C67A,
CE7A,
D6BC,
DEFD,
DEFD,
DEFD,
DEFD,
DF1D,
DF1D,
DF1C,
DF1C,
DF1D,
DEFD,
DEFD,
DEFD,
E6FC,
E6FC,
E6FC,
DEFC,
DEFC,
DEFC,
E6FC,
E6FC,
E6FC,
E6FC,
E6FC,
E6FC,
E6FC,
E6FC,
E6FC,
E6FD,
DEFD,
DEFC,
DEFC,
DEFC,
DEFC,
DEDC,
DEDC,
DEDC,
DEDC,
DEDC,
DEDC,
DEDC,
DEDC,
DEDC,
DEDC,
DEDC,
DEDC,
DEFB,
DEFB,
DEFC,
DEDB,
D69A,
DEFB,
D6DA,
A574,
5B2A,
1161,
0100,
11C2,
2AA4,
3305,
3B66,
3BA6,
3BC4,
3BC4,
3BC3,
33E2,
33E2,
33E2,
33E2,
33E2,
3402,
3402,
3402,
3402,
3402,
3402,
3402,
3402,
3403,
3403,
3403,
3403,
3423,
3423,
3423,
3423,
3423,
3423,
3423,
3423,
3423,
3423,
3423,
3C24,
3C24,
3C24,
3C23,
3C23,
3C24,
3C24,
3C44,
3C24,
2381,
0280,
0200,
12C1,
2B84,
3BC5,
3BE6,
43E6,
3BE5,
33A3,
3BE4,
3C04,
3C04,
3C04,
3C04,
3C24,
3C24,
3C44,
3C44,
3C44,
3C44,
3C44,
3C44,
3C44,
3C44,
3C44,
3C44,
3C44,
3C44,
3C44,
3C44,
3C44,
3C44,
3C44,
3C44,
3C44,
3C44,
3C44,
3C44,
3C44,
3C44,
3C44,
3C44,
3C44,
3C44,
3C44,
3C44,
3C44,
3C44,
3C44,
3C44,
3C44,
3C44,
3C44,
3C44,
3C44,
3C44,
3C44,
3C44,
3C44,
3C44,
3C44,
3C44,
3C44,
3C44,
3C44,
3C44,
3C44,
3C44,
3444,
3444,
3444,
3444,
3C44,
3C44,
3C44,
3C44,
3C44,
3C44,
3C44,
3C44,
3C44,
3C44,
3C44,
3C44,
3C24,
3C24,
3C24,
3C24,
3C24,
3C24,
3C24,
3C24,
3C24,
3C24,
3C24,
3C24,
3C24,
3C24,
3C24,
3C24,
3C23,
3C24,
3C24,
3C24,
3C24,
3C24,
3C24,
3C24,
3C24,
3C24,
3C24,
3C24,
3C24,
3C24,
3C24,
3C24,
3C24,
3C24,
3C24,
3C24,
3C24,
3C24,
3C24,
3C24,
3C24,
3C24,
3C24,
3C24,
3C24,
3C24,
3C24,
3C24,
3C24,
3C23,
3C23,
3C23,
3C23,
3C23,
3C23,
3C23,
3C23,
3C23,
3C23,
3C23,
3C23,
3C23,
3423,
3423,
3423,
3423,
3423,
3423,
3423,
3423,
3423,
3423,
3423,
3423,
3423,
3423,
3423,
3423,
3403,
3403,
3403,
3403,
3403,
3403,
3403,
3403,
33E2,
2BC2,
2BE2,
2BE3,
2BC3,
2BC3,
33C3,
33C3,
33C3,
3BE4,
3BA4,
22E2,
1221,
1A62,
2262,
1201,
1A01,
19E1,
1181,
00E0,
0900,
3246,
744F,
B5D6,
C659,
CE7A,
CE9B,
D6DC,
DEFD,
DEFC,
DEFD,
DEFD,
DF1D,
DF1C,
DEFC,
DEFD,
DEFD,
DEFD,
DEFD,
DEFD,
E6FC,
E6FC,
E6FC,
DEFC,
DEFC,
E6FC,
E6FC,
E6FC,
E6FC,
E6FC,
E6FC,
E6FC,
E6FC,
E6FC,
E6FC,
E6FD,
DEFD,
DEFC,
DEFC,
DEFC,
DEFC,
DEDC,
DEDC,
DEDC,
DEDC,
DEDC,
DEDC,
DEDC,
DEDC,
DEDC,
DEDC,
DEDC,
DEDC,
DEFB,
DEFC,
DEFC,
DEDB,
DEFB,
D6DB,
A575,
52EA,
1922,
0100,
0160,
2262,
3B25,
4385,
3BA5,
33A4,
33C3,
33E2,
33E2,
33E2,
33E2,
33E2,
33E2,
33E2,
3402,
3402,
3402,
3402,
3402,
3402,
3402,
3402,
3403,
3403,
3403,
3403,
3423,
3423,
3423,
3423,
3423,
3423,
3423,
3423,
3423,
3423,
3423,
3C24,
3C24,
3C24,
3C23,
3C23,
3C24,
3C23,
3C44,
3C24,
2381,
0260,
0200,
0A60,
2342,
33C4,
3BE5,
3BE5,
4405,
4426,
4425,
3C05,
3C04,
3C24,
3C24,
3C24,
3C44,
3C44,
3C44,
3C44,
3C44,
3C44,
3C44,
3C44,
3C44,
3C44,
3C44,
3C44,
3C44,
3C44,
3C44,
3C44,
3C44,
3C44,
3C44,
3C44,
3C44,
3C44,
3C44,
3C44,
3C44,
3C44,
3C44,
3C44,
3C44,
3C44,
3C44,
3C44,
3C44,
3C44,
3C44,
3C44,
3C44,
3C44,
3C44,
3C44,
3C44,
3C44,
3C44,
3C44,
3C44,
3C44,
3C44,
3C44,
3C44,
3C44,
3424,
3424,
3424,
3444,
3444,
3444,
3444,
3444,
3C44,
3C44,
3C44,
3C44,
3C44,
3C44,
3C44,
3C44,
3C44,
3C44,
3C44,
3C24,
3C24,
3C24,
3C24,
3C24,
3C24,
3C24,
3C24,
3C24,
3C24,
3C24,
3C24,
3C24,
3C24,
3C23,
3C23,
3C23,
3C24,
3C24,
3C24,
3C24,
3C24,
3C24,
3C24,
3C24,
3C24,
3C24,
3C24,
3C24,
3C24,
3C24,
3C24,
3C24,
3C24,
3C24,
3C24,
3C24,
3C24,
3C24,
3C24,
3C24,
3C24,
3C24,
3C24,
3C24,
3C24,
3C24,
3C23,
3C23,
3C23,
3C23,
3C23,
3C23,
3C23,
3C23,
3C23,
3C23,
3C23,
3C23,
3C23,
3C23,
3C23,
3423,
3423,
3423,
3423,
3423,
3423,
3423,
3423,
3423,
3423,
3423,
3423,
3423,
3423,
3423,
3423,
3403,
3403,
3403,
3403,
3403,
3403,
33E3,
33E3,
2BA2,
1B40,
1B20,
2361,
2B82,
2BC3,
33C3,
33C3,
33C3,
3BC4,
3384,
1241,
0180,
3B45,
6C8B,
4BA8,
2A84,
0140,
0080,
00A0,
21C3,
6BED,
A594,
BE38,
C659,
CE7A,
CE9B,
D6DC,
DEFD,
DEFC,
DEFD,
DEFD,
DF1D,
DF1C,
DEFC,
DEFC,
DEFC,
DEFC,
DEFC,
DEFD,
DEFC,
E6FC,
E6FC,
DEFC,
E6FC,
E6FC,
E6FC,
E6FC,
E6FC,
E6FC,
E6FC,
E6FC,
E6FC,
E6FC,
E6FC,
E6FD,
DEFD,
DEFC,
DEFC,
DEFC,
DEFC,
DEDC,
DEDC,
DEDC,
DEDC,
DEDC,
DEDC,
DEDC,
DEDC,
DEDC,
DEDC,
DEDC,
DEDC,
DEDB,
DEDB,
D6DB,
DEFB,
DF1B,
AD75,
52AA,
08C1,
00C0,
19E1,
2282,
3304,
3BA5,
3BA5,
3BA4,
33C4,
33C3,
33E2,
33E2,
3402,
3402,
3402,
3402,
33E2,
3402,
3402,
3402,
3402,
3402,
3402,
3402,
3402,
3403,
3403,
3403,
3403,
3423,
3423,
3423,
3423,
3423,
3423,
3423,
3423,
3423,
3423,
3423,
3C24,
3C24,
3C23,
3C23,
3C23,
3C24,
3C24,
3C44,
3C24,
2BA1,
0AC0,
0220,
0220,
1AE0,
33A3,
3BE4,
3BE5,
3C05,
3C25,
3C25,
3C24,
3C24,
3C24,
3C24,
3C24,
3C44,
3C44,
3C44,
3C44,
3C44,
3C44,
3C44,
3C44,
3C44,
3C44,
3C44,
3C44,
3C44,
3C44,
3C44,
3C44,
3C44,
3C44,
3C44,
3C44,
3C44,
3C44,
3C44,
3C44,
3C44,
3C44,
3C44,
3C44,
3C44,
3C44,
3C44,
3C44,
3C44,
3C44,
3C44,
3C44,
3C44,
3C44,
3C44,
3C44,
3C44,
3C44,
3C44,
3C44,
3C44,
3C44,
3C44,
3C44,
3C44,
3C44,
3424,
3444,
3444,
3444,
3444,
3444,
3444,
3444,
3444,
3444,
3C44,
3C44,
3C44,
3C44,
3C44,
3C44,
3C44,
3C44,
3C44,
3C24,
3C24,
3C24,
3C24,
3C24,
3C24,
3C44,
3C24,
3C23,
3C23,
3423,
3423,
3423,
3423,
3423,
3C23,
3C23,
3C23,
3C24,
3C24,
3C24,
3C24,
3C24,
3C24,
3C24,
3C24,
3C24,
3C24,
3C24,
3C24,
3C24,
3C24,
3C24,
3C24,
3C24,
3C24,
3C24,
3C24,
3C24,
3C24,
3C24,
3C24,
3C24,
3C24,
3C24,
3C24,
3C24,
3C23,
3C23,
3C23,
3C23,
3C23,
3C23,
3C23,
3C23,
3C23,
3C23,
3C23,
3C23,
3C23,
3C23,
3C23,
3423,
3423,
3423,
3423,
3423,
3423,
3423,
3423,
3423,
3423,
3423,
3423,
3423,
3423,
3423,
3423,
3403,
3403,
33E3,
3403,
3403,
33C3,
33C3,
33A2,
2341,
12C0,
0A80,
12C0,
2342,
2B83,
33A3,
33A3,
3BA3,
43A5,
3344,
09A0,
0100,
4366,
9DF2,
AE33,
850F,
5BCB,
4287,
3A47,
6BAD,
A595,
C659,
CE7A,
C67A,
CE9A,
D69B,
D6DC,
DEFD,
DEFC,
DEFC,
DF1C,
DEFD,
DEFD,
DEFC,
DEFC,
DEFC,
DEFC,
DEFC,
DEFD,
DEFC,
DEFC,
E6FC,
E6FC,
E6FD,
E6FD,
E6FD,
E6FD,
E6FC,
E6FC,
E6FD,
E6FD,
E6FD,
E6FC,
E6FC,
E6FD,
DEFD,
DEFC,
DEFC,
DEFC,
DEFC,
DEDC,
DEDC,
DEDC,
DEDC,
DEDC,
DEDC,
DEDC,
DEDC,
DEFC,
DEFC,
DEFC,
DEDB,
DEDB,
D6DB,
D6DB,
D6DA,
BDD6,
6B4B,
18C1,
0080,
21E1,
3B24,
3344,
3364,
3BC5,
3BA4,
33C3,
33C4,
33E3,
33E2,
3402,
3402,
2C02,
2C02,
2C02,
3402,
3402,
3402,
3402,
3402,
3402,
3402,
3402,
3402,
3403,
3403,
3403,
3403,
3423,
3423,
3423,
3423,
3423,
3423,
3423,
3423,
3423,
3423,
3423,
3424,
3C23,
3C23,
3C23,
3C23,
3C24,
3C24,
3C24,
3C24,
3403,
2382,
0AA0,
0260,
12A0,
2342,
33C4,
3C05,
3C25,
3C25,
3C24,
3C24,
3C24,
3C24,
3C24,
3C24,
3C24,
3C44,
3C44,
3C44,
3C44,
3C44,
3C44,
3C44,
3C44,
3C44,
3C44,
3C44,
3C44,
3C44,
3C44,
3C44,
3C44,
3C44,
3C44,
3C44,
3C44,
3C44,
3C44,
3C44,
3C44,
3C44,
3C44,
3C44,
3C44,
3C44,
3C44,
3C44,
3C44,
3C44,
3C44,
3C44,
3C44,
3C44,
3C44,
3C44,
3C44,
3C44,
3C44,
3C44,
3C44,
3C44,
3C44,
3C45,
3C44,
3C44,
3424,
3444,
3444,
3444,
3444,
3444,
3444,
3444,
3444,
3444,
3444,
3444,
3C44,
3C44,
3C44,
3C24,
3C44,
3C44,
3C44,
3C24,
3C24,
3C24,
3C24,
3C24,
3C44,
3C24,
3423,
3C23,
3C23,
3423,
3423,
3423,
3423,
3423,
3423,
3C23,
3C23,
3C24,
3C24,
3C24,
3C24,
3C24,
3C24,
3C24,
3C24,
3C24,
3C24,
3C24,
3C24,
3C24,
3C24,
3C24,
3C24,
3C24,
3C24,
3C24,
3C24,
3C24,
3C24,
3C24,
3C24,
3C24,
3C24,
3C24,
3C24,
3C24,
3C23,
3C23,
3C23,
3C23,
3C23,
3C23,
3C23,
3C23,
3C23,
3C23,
3C23,
3C23,
3C23,
3C23,
3C23,
3423,
3423,
3423,
3423,
3423,
3423,
3423,
3423,
3423,
3423,
3423,
3423,
3423,
3423,
3423,
3423,
3423,
3403,
33E3,
33E2,
33E2,
33C2,
33C2,
2B82,
1AE1,
0240,
0200,
0A40,
2301,
3363,
3BA3,
3B83,
3B84,
4385,
3304,
0980,
00C0,
4B48,
AE34,
CF18,
C6F8,
BE97,
ADF6,
9D54,
AD96,
C65A,
D6DC,
D6DC,
CEBB,
D6BB,
D6BB,
D6DC,
DEFC,
DEFC,
DEFC,
DF1D,
DEFD,
DEFD,
E6FD,
DEFC,
DEFC,
DEFC,
DEFC,
DEFD,
DEFC,
DEFC,
E6FC,
E6FC,
E6FD,
E6FD,
E6FD,
E6FD,
E6FC,
E6FC,
E6FD,
E6FD,
E6FD,
E6FC,
E6FC,
E6FD,
DEFD,
DEFC,
DEFC,
DEFC,
DEFC,
DEDC,
DEDC,
DEDC,
DEDC,
DEDC,
DEFC,
DEFC,
DEFC,
DEFC,
DEFC,
DEFC,
DEFC,
D6DC,
D6DB,
DEDB,
BDF6,
6B4B,
2142,
10A0,
21A2,
4325,
43A5,
3363,
3383,
3BC3,
33C3,
33E2,
33E2,
33E2,
33E2,
3402,
3402,
2C02,
2C02,
2C02,
3402,
3402,
3402,
3402,
3402,
3402,
3402,
3402,
3402,
3403,
3403,
3403,
3403,
3423,
3423,
3423,
3423,
3423,
3423,
3423,
3423,
3423,
3423,
3423,
3424,
3C23,
3C23,
3C23,
3C23,
3C24,
3C24,
3C24,
3C24,
3C23,
3403,
2382,
1B21,
1B21,
2341,
33C4,
3C25,
3C25,
3C24,
3C24,
3C24,
3C24,
3C24,
3C23,
3C24,
3C24,
3C44,
3C44,
3C44,
3C44,
3C44,
3C44,
3C44,
3C44,
3C44,
3C44,
3C44,
3C44,
3C44,
3C44,
3C44,
3C44,
3C44,
3C44,
3C44,
3C44,
3C44,
3C44,
3C44,
3C44,
3C44,
3C44,
3C44,
3C44,
3C44,
3C44,
3C44,
3C44,
3C24,
3C44,
3C44,
3C44,
3C44,
3C44,
3C44,
3C44,
3C44,
3C44,
3C44,
3C44,
3C44,
3C44,
3C45,
3C45,
3C44,
3424,
3444,
3444,
3444,
3444,
3444,
3444,
3444,
3444,
3444,
3444,
3444,
3C44,
3C44,
3C44,
3C24,
3C44,
3C44,
3C44,
3C24,
3C24,
3424,
3C24,
3424,
3C24,
3C24,
3C24,
3C24,
3C24,
3424,
3403,
3403,
3403,
3423,
3423,
3C23,
3C23,
3C24,
3C24,
3C24,
3C24,
3C24,
3C24,
3C24,
3C24,
3C24,
3C24,
3C24,
3C24,
3C24,
3C24,
3C24,
3C24,
3C24,
3C24,
3C24,
3C24,
3C24,
3C24,
3C24,
3C24,
3C24,
3C24,
3C23,
3C23,
3C23,
3C23,
3C23,
3C23,
3C23,
3C23,
3C23,
3C23,
3C23,
3C23,
3C23,
3C23,
3C23,
3C23,
3C23,
3C23,
3423,
3423,
3423,
3423,
3423,
3423,
3423,
3423,
3423,
3403,
3423,
3423,
3423,
3423,
3423,
3423,
3403,
3403,
33E3,
3BE3,
33C3,
3BC2,
3BC2,
2B62,
1281,
01A0,
0180,
0A20,
22E1,
3363,
3B83,
3B83,
3B64,
4365,
32E4,
0980,
0100,
5BCB,
B636,
C6D8,
C6F9,
CEFA,
D6FB,
D6FC,
D6DB,
D6DC,
D6FC,
DF1C,
D6DC,
D6BC,
DEDC,
DEDC,
DEFC,
DEFC,
DEFC,
DEFD,
DEFD,
DEFD,
DEFD,
DEFD,
DEFD,
DEFD,
DEFD,
DEFD,
DEFC,
E6FC,
E6FC,
E6FC,
E6FC,
E6FC,
E6FD,
E6FD,
E6FD,
E6FD,
E6FD,
E6FD,
E6FD,
E6FD,
E6FD,
DEFC,
DEFC,
DEFC,
DEFC,
DEFC,
DEFC,
DEDC,
DEDC,
DEDC,
DEFC,
DEFC,
DEFC,
DEFC,
DEFC,
DEFC,
DEFC,
DEFC,
DEFC,
DEFC,
D6FA,
CE97,
8CB0,
2163,
0080,
21A1,
4B06,
4BA6,
3BA4,
3383,
3BA3,
33C2,
33C2,
33E2,
33E2,
33E2,
3402,
3402,
3402,
3402,
3402,
3402,
3402,
3402,
3402,
3402,
3402,
3402,
3402,
3402,
3402,
3403,
3403,
3403,
3403,
3423,
3423,
3403,
3423,
3423,
3423,
3423,
3423,
3423,
3423,
3423,
3C24,
3C24,
3C24,
3C23,
3C23,
3C23,
3C23,
3C23,
3C23,
3C23,
3C24,
3C24,
3404,
3404,
33E4,
3C25,
3C25,
3C24,
3C24,
3C24,
3C24,
3C24,
3C24,
3C24,
3C24,
3C44,
3C44,
3C24,
3C24,
3C24,
3C24,
3C24,
3C24,
3C24,
3C24,
3C24,
3C24,
3C24,
3C24,
3C24,
3C24,
3C24,
3C44,
3C44,
3C44,
3C44,
3C44,
3C44,
3C44,
3C44,
3C44,
3C44,
3C44,
3C44,
3C44,
3C44,
3C44,
3C44,
3C44,
3C44,
3C44,
3C44,
3C44,
3C44,
3C44,
3C44,
3C44,
3C44,
3C44,
3C44,
3C44,
3C44,
3C44,
3C44,
3C44,
3424,
3444,
3444,
3444,
3444,
3444,
3444,
3444,
3444,
3444,
3444,
3444,
3C44,
3C44,
3C44,
3C44,
3C44,
3C44,
3C44,
3C24,
3424,
3424,
3C04,
3404,
3404,
3403,
2BA2,
2BA3,
3BE4,
3C04,
3403,
3403,
3403,
3423,
3423,
3423,
3C24,
3C24,
3C24,
3C24,
3C24,
3C24,
3C24,
3C24,
3C24,
3C24,
3C24,
3C24,
3C24,
3C24,
3C24,
3C24,
3C24,
3C24,
3C24,
3C24,
3C24,
3C24,
3C24,
3C24,
3C24,
3C24,
3C24,
3C23,
3C23,
3C23,
3C23,
3C23,
3C23,
3C23,
3C23,
3C23,
3C23,
3C23,
3C23,
3C23,
3C23,
3C23,
3C23,
3C23,
3C23,
3423,
3423,
3423,
3423,
3423,
3423,
3423,
3423,
3423,
3403,
3423,
3423,
3423,
3423,
3423,
3423,
3C03,
3403,
3BE3,
3BC4,
3BC4,
3BC4,
3BA4,
22C2,
09C0,
0120,
0160,
1A40,
2B02,
3B64,
3B84,
3B63,
3B44,
3B45,
2A83,
0140,
19C3,
7470,
B637,
C679,
C679,
CE9A,
D6BC,
D6FC,
DF1C,
DF1C,
DF1C,
DF1C,
DEFC,
DEDC,
DEDC,
DEFC,
DEFC,
DEFC,
DEFC,
DEFD,
DEFD,
DEFD,
DEFD,
DEFD,
DEFD,
DEFD,
DEFD,
DEFD,
DEFC,
E6FC,
E6FC,
E6FC,
E6FC,
E6FD,
E6FD,
E6FD,
E6FD,
E6FD,
E6FD,
E6FD,
E6FD,
E6FD,
E6FD,
DEFC,
DEFC,
DEFC,
DEFC,
DEFC,
DEDC,
DEDC,
DEDC,
DEDC,
DEFC,
DEFC,
DEFC,
DEFC,
DEFC,
DEFC,
DEFC,
DEDC,
DEFB,
D6DA,
BE56,
7CAD,
3244,
0100,
19C1,
3AE4,
4BA6,
3BC5,
2BC3,
2BE2,
33E2,
33C2,
33C2,
33E2,
33E2,
33E2,
3402,
3402,
3402,
3402,
3402,
3402,
3402,
3402,
3402,
3402,
3402,
3402,
3402,
3402,
3402,
3403,
3403,
3403,
3403,
3423,
3423,
3403,
3423,
3423,
3423,
3423,
3423,
3423,
3423,
3423,
3C24,
3C24,
3C24,
3C23,
3C23,
3423,
3423,
3423,
3423,
3423,
3C24,
3C44,
3C44,
3C44,
3C44,
3C24,
3C24,
3C24,
3C24,
3C24,
3C24,
3C24,
3C24,
3C24,
3C24,
3C44,
3C44,
3C24,
3C24,
3C24,
3C24,
3C24,
3C24,
3C24,
3C24,
3C24,
3C24,
3C24,
3C24,
3C24,
3C24,
3C24,
3C44,
3C44,
3C44,
3C44,
3C44,
3C44,
3C44,
3C44,
3C44,
3C44,
3C44,
3C44,
3C44,
3C44,
3C44,
3C44,
3C44,
3C44,
3C44,
3C44,
3C44,
3C44,
3C44,
3C44,
3C44,
3C44,
3C44,
3C44,
3C44,
3C44,
3C44,
3C44,
3C44,
3424,
3444,
3444,
3444,
3444,
3444,
3444,
3444,
3444,
3444,
3444,
3444,
3444,
3C44,
3C44,
3C44,
3C44,
3C44,
3C44,
3C24,
3C24,
3C24,
3C24,
3C04,
33A3,
1B01,
12A0,
12A0,
1AE1,
2B62,
33C3,
33E4,
3403,
3423,
3423,
3423,
3C23,
3C24,
3C24,
3C23,
3C23,
3C23,
3C23,
3C23,
3C23,
3C23,
3C23,
3C23,
3C23,
3C23,
3C23,
3C23,
3C23,
3C23,
3C23,
3C23,
3C23,
3C23,
3C23,
3C23,
3C23,
3C23,
3C23,
3C23,
3C23,
3C23,
3C23,
3C23,
3C23,
3C23,
3C23,
3423,
3423,
3423,
3423,
3423,
3C23,
3C23,
3C23,
3C23,
3C23,
3423,
3423,
3423,
3423,
3423,
3423,
3423,
3423,
3423,
3403,
3403,
3403,
3403,
3403,
3403,
3403,
3403,
33E3,
3BC3,
3BC4,
43E4,
3BA5,
3304,
1201,
00E0,
00C0,
0140,
2261,
3323,
3B85,
3B84,
3B44,
3B44,
32C4,
11C1,
0100,
2A46,
8D13,
BE59,
BE5A,
C65A,
CE7B,
CE9C,
D6BC,
D6FC,
DEFC,
DF1D,
DF1D,
DEFD,
DEFC,
DEFD,
DEFC,
DEFC,
DEFD,
DEFD,
DEFD,
DEFD,
DEFD,
DEFC,
DEFC,
DEFC,
DEFC,
DEFC,
DEFC,
DEFC,
E6FC,
E6FC,
E6FC,
E6FD,
E6FD,
E6FD,
E6FD,
E6FD,
E6FC,
DEFC,
DEFC,
DEFC,
DEFC,
DEFC,
DEFC,
DEFC,
DEFC,
DEFC,
DEFC,
DEDC,
DEDC,
DEDC,
DEDC,
DEFC,
DEFC,
DEFC,
DEFC,
DEFC,
DEFB,
DEFB,
D6FB,
D6FA,
C6B7,
9571,
3AC5,
00C0,
0180,
2B03,
43A4,
3BA4,
33A2,
2BC1,
2BE1,
2BE1,
2BE1,
2BE2,
2BE2,
3402,
3402,
3402,
3402,
3402,
3402,
3402,
3402,
3402,
3402,
3402,
3403,
3402,
3402,
3403,
3403,
3403,
3403,
3403,
3403,
3403,
3424,
3423,
3423,
3423,
3423,
3423,
3423,
3423,
3423,
3423,
3423,
3423,
3423,
3423,
3423,
3423,
3423,
3423,
3423,
3423,
3423,
3423,
3C24,
3C24,
3C44,
3C44,
3424,
3424,
3C44,
3C24,
3C24,
3C24,
3C24,
3C24,
3C24,
3C24,
3C24,
3C44,
3C24,
3C24,
3C24,
3C24,
3C24,
3C24,
3C24,
3C24,
3C24,
3C24,
3C24,
3C24,
3C24,
3C24,
3C24,
3C44,
3C44,
3C44,
3C44,
3C44,
3C44,
3C44,
3C44,
3C44,
3C44,
3C44,
3C44,
3C44,
3C44,
3C44,
3C44,
3C44,
3C44,
3C44,
3C44,
3C44,
3C44,
3C44,
3C44,
3C44,
3C44,
3C44,
3C44,
3C44,
3C44,
3C44,
3C44,
3424,
3444,
3444,
3444,
3444,
3444,
3444,
3444,
3444,
3444,
3444,
3444,
3444,
3444,
3444,
3C44,
3C24,
3C24,
3C24,
3C24,
3C24,
3C05,
4425,
4425,
33A4,
1AC0,
0A20,
0A20,
0A20,
0200,
12A0,
2B62,
33C3,
33E4,
3403,
3423,
3423,
3C23,
3C24,
3C23,
3C23,
3C23,
3C23,
3C23,
3C23,
3C23,
3C23,
3C23,
3C23,
3C23,
3C23,
3C23,
3C23,
3C23,
3C23,
3C23,
3C23,
3C23,
3C23,
3C23,
3C23,
3C23,
3C23,
3C23,
3C23,
3C23,
3C23,
3C23,
3C23,
3C23,
3C23,
3C23,
3423,
3423,
3423,
3423,
3423,
3C23,
3C23,
3C23,
3C23,
3C23,
3423,
3423,
3423,
3423,
3423,
3423,
3423,
3423,
3423,
3403,
3403,
3403,
3403,
3403,
3403,
3403,
33E3,
3BE3,
3BC4,
3BC3,
3BA3,
3344,
2262,
0160,
00C0,
00A0,
0140,
2281,
3B24,
4385,
4385,
3B64,
3B04,
2222,
0120,
0100,
4B29,
ADD6,
C67B,
BE3A,
C65B,
CE9B,
D6BC,
DEDD,
DEDC,
D6FC,
DEFC,
DEFD,
DEFD,
DEFD,
DEFD,
DEFD,
DEFD,
DEFD,
DEFD,
DEFD,
DEFD,
DEFD,
DEFC,
DEFC,
DEFC,
DF1C,
DF1C,
DF1C,
DEFC,
E6FC,
E6FD,
E6FD,
E6FD,
E6FD,
E6FD,
E6FD,
E6FD,
E6FC,
DEFC,
DEFC,
DEFC,
DEFC,
DEFC,
DEFC,
DEFC,
DEFC,
DEFC,
DEFC,
DEDC,
DEDC,
DEDC,
DEDC,
DEFC,
DEFC,
DEFC,
DEFC,
DEFC,
DEFB,
DEFB,
D6FB,
CEFA,
B635,
6C2C,
19C2,
0120,
1220,
3363,
3BA3,
33A3,
33A2,
33C1,
33C1,
33C1,
33E1,
33E1,
33E2,
3402,
3402,
3402,
3402,
3402,
3402,
3402,
3402,
3402,
3402,
3402,
3403,
3403,
3403,
3403,
3403,
3403,
3403,
3403,
3403,
3403,
3423,
3423,
3423,
3423,
3423,
3423,
3423,
3423,
3423,
3423,
3423,
3423,
3423,
3423,
3423,
3423,
3423,
3423,
3423,
3423,
3423,
3423,
3C24,
3C24,
3444,
3444,
3444,
3444,
3444,
3C24,
3C24,
3C24,
3C24,
3C24,
3C24,
3C24,
3C23,
3C24,
3C24,
3C24,
3C24,
3C24,
3C24,
3C24,
3C24,
3C24,
3C24,
3C24,
3C24,
3C24,
3C24,
3C24,
3C24,
3C44,
3C44,
3C44,
3C44,
3C44,
3C44,
3C44,
3C44,
3C44,
3C44,
3C44,
3C44,
3C44,
3C44,
3C44,
3C44,
3C44,
3C44,
3C44,
3C44,
3C44,
3C44,
3C44,
3C44,
3C44,
3C44,
3C44,
3C44,
3C44,
3C44,
3C44,
3C44,
3424,
3444,
3444,
3444,
3444,
3444,
3444,
3444,
3444,
3444,
3444,
3444,
3444,
3444,
3444,
3C24,
3C24,
3C24,
3444,
3444,
3C25,
4405,
4405,
33A3,
12A0,
0200,
0A20,
1AA1,
1A81,
0A00,
0A20,
22E1,
3383,
33E4,
3403,
3423,
3423,
3C24,
3C24,
3C23,
3C23,
3C23,
3C23,
3C43,
3C43,
3C43,
3C43,
3C23,
3C23,
3C23,
3C23,
3C23,
3C23,
3C23,
3C23,
3C23,
3C23,
3C23,
3C23,
3C23,
3C23,
3C23,
3C23,
3C23,
3C23,
3C23,
3C23,
3C23,
3C23,
3C23,
3C23,
3C23,
3423,
3423,
3423,
3423,
3423,
3C23,
3C23,
3C23,
3C23,
3C23,
3423,
3423,
3423,
3423,
3423,
3423,
3423,
3423,
3423,
3403,
3403,
3403,
3403,
3403,
3403,
3C03,
3BE4,
3BE4,
43C4,
3BA3,
3321,
2281,
19E0,
1180,
1181,
0961,
0960,
1A21,
3B03,
4385,
43A5,
4344,
32C3,
11A0,
00A0,
19C2,
84D0,
C679,
C65A,
C63B,
CE7B,
D69C,
D6BC,
DEDD,
DEDC,
DEFD,
DEFD,
DEFD,
DEFD,
DEFD,
DEFD,
DEFD,
DEFD,
DEFD,
DEFD,
DEFD,
DEFD,
DEFD,
DEFC,
DEFC,
DEFC,
DEFC,
DEFC,
DEFC,
DEFC,
E6FC,
E6FD,
E6FD,
E6FD,
E6FD,
E6FD,
E6FD,
E6FD,
E6FC,
DEFC,
DEFC,
DEFC,
DEFC,
DEFC,
DEFC,
DEFC,
DEFC,
DEFC,
DEFC,
DEDC,
DEDC,
DEDC,
DEDC,
DEFC,
DEFC,
DEFC,
DEFC,
DEFC,
DEFB,
DEFB,
DEFB,
CEB9,
A593,
4B28,
0920,
0980,
2AC2,
3384,
33A3,
33A3,
33C2,
33C2,
33E1,
33E2,
33E1,
33E2,
3402,
3402,
3402,
3402,
3422,
3422,
3402,
3402,
3402,
3403,
3403,
3403,
3403,
3403,
33E2,
33C2,
2BC2,
2BC2,
2BC2,
33E2,
3403,
3403,
3403,
3423,
3423,
3423,
3423,
3423,
3423,
3423,
3423,
3423,
3423,
3423,
3423,
3423,
3423,
3423,
3423,
3423,
3423,
3423,
3423,
3423,
3423,
3C24,
3C24,
3444,
3444,
3444,
3444,
3C24,
3C24,
3C24,
3C24,
3C24,
3C24,
3C24,
3C24,
3C24,
3C24,
3C24,
3C24,
3C24,
3C24,
3C24,
3C24,
3C24,
3C24,
3C24,
3C24,
3C24,
3C24,
3C24,
3C24,
3C44,
3C44,
3C44,
3C44,
3C44,
3C44,
3C44,
3C44,
3C44,
3C44,
3C44,
3C44,
3C44,
3C44,
3C44,
3C44,
3C44,
3C44,
3C44,
3C44,
3C44,
3C44,
3C44,
3C44,
3C44,
3C44,
3C44,
3C44,
3C44,
3C44,
3C44,
3C44,
3424,
3444,
3444,
3444,
3444,
3444,
3444,
3444,
3444,
3444,
3444,
3444,
3444,
3444,
3C44,
3C24,
3C24,
3C24,
3444,
3C44,
3C25,
4406,
3364,
0A60,
01C0,
0A00,
22C2,
3B85,
3365,
1241,
01C0,
12A1,
2B63,
33E4,
3403,
3423,
3423,
3C24,
3C24,
3C23,
3C23,
3C23,
3C23,
3C23,
3C23,
3C23,
3C23,
3C23,
3C23,
3C23,
3C23,
3C23,
3C23,
3C23,
3C23,
3C23,
3C23,
3C23,
3C23,
3C23,
3C23,
3C23,
3C23,
3C23,
3C23,
3C23,
3C23,
3C23,
3C23,
3C23,
3C23,
3C23,
3C23,
3C23,
3C23,
3C23,
3C23,
3C23,
3C23,
3C23,
3C23,
3C23,
3423,
3423,
3423,
3423,
3423,
3423,
3423,
3424,
3423,
3403,
3403,
3403,
3403,
3403,
3BE3,
33E3,
3BE4,
3BE4,
43E5,
3B63,
1A60,
0180,
1181,
3265,
4B48,
4B48,
2223,
0980,
2A62,
3B24,
4345,
3B03,
1A01,
00C0,
00A0,
5B8A,
BE78,
C69A,
C63A,
CE7B,
D69C,
D6BC,
DEDD,
DEDC,
DEFD,
DEFD,
DEFD,
DEFD,
DEFD,
DEFD,
DEFD,
DEFD,
DEFD,
DEFD,
DEFD,
DEFD,
DEFD,
DEFD,
DEFD,
DEFD,
DEFD,
DEFC,
DEFC,
DEFC,
DEFC,
E6FD,
E6FD,
E6FD,
E6FD,
E6FD,
E6FD,
E6FD,
DEFC,
DEFC,
DEFC,
DEFC,
DEFC,
DEFC,
DEFC,
DEFC,
DEFC,
DEFC,
DEFC,
DEFC,
DEFC,
DEDC,
DEDC,
DEDC,
DEDC,
DEFC,
DEFC,
DEFC,
DEFB,
DEFB,
DEFB,
D6FB,
CE99,
9531,
3264,
0920,
2241,
3B64,
3BC4,
3BA3,
33C3,
33C2,
33E2,
33E2,
33E2,
33E2,
33E2,
3402,
3402,
3402,
3422,
3423,
3422,
3402,
3402,
3402,
3403,
3403,
3403,
3403,
33E2,
33E2,
2BA1,
2381,
2381,
2381,
2BC2,
3403,
3403,
3403,
3403,
3403,
3403,
3403,
3403,
3403,
3403,
3403,
3403,
3403,
3423,
3423,
3423,
3423,
3423,
3423,
3423,
3423,
3423,
3423,
3423,
3423,
3423,
3C23,
3C24,
3444,
3444,
3444,
3444,
3C24,
3C24,
3C24,
3C24,
3C24,
3C24,
3C24,
3C24,
3C44,
3C44,
3C44,
3C44,
3C44,
3C44,
3C44,
3C44,
3C44,
3C44,
3C44,
3C44,
3C44,
3C44,
3C44,
3C44,
3C44,
3C44,
3C44,
3C44,
3C44,
3C44,
3C44,
3C44,
3C44,
3C44,
3C44,
3C44,
3C44,
3C44,
3C44,
3C44,
3C44,
3C44,
3C44,
3C44,
3C44,
3C44,
3C44,
3C44,
3C44,
3C44,
3C44,
3C44,
3C44,
3C44,
3C44,
3424,
3424,
3444,
3444,
3444,
3444,
3444,
3444,
3444,
3444,
3444,
3444,
3444,
3444,
3444,
3444,
3C24,
3444,
3444,
3C24,
3C05,
3384,
1281,
01A0,
01C0,
1A61,
3324,
43A7,
3B86,
1221,
0180,
1260,
2B43,
3BC4,
3C03,
3403,
3423,
3423,
3423,
3423,
3C23,
3C23,
3C23,
3C23,
3C23,
3C23,
3C23,
3C23,
3C23,
3C23,
3C23,
3C23,
3C23,
3C23,
3C23,
3C23,
3C23,
3C23,
3C23,
3C23,
3C23,
3C23,
3C23,
3C23,
3C23,
3C23,
3C23,
3C23,
3C23,
3C23,
3C23,
3C23,
3C23,
3C23,
3C23,
3C23,
3C23,
3C23,
3C23,
3C23,
3C23,
3C23,
3423,
3423,
3403,
3403,
3403,
3423,
3403,
3403,
3403,
3403,
3403,
33E3,
33E3,
33E3,
33E3,
33E3,
3BE4,
43C5,
43A6,
32E3,
09C0,
0100,
11A3,
536A,
8D31,
9572,
538B,
19C3,
11C1,
2A62,
32A3,
2222,
0100,
0040,
1142,
7C90,
CEBB,
C65B,
C65A,
CE9C,
D6BC,
DEBD,
DEDD,
DEDD,
DEFD,
E6FD,
DEFD,
DEFD,
DEFD,
DEFD,
DEFD,
DEFD,
DEFD,
DEFD,
DEFD,
DEFD,
DEFD,
DEFD,
DEFD,
DEFD,
DEFD,
DEFD,
DEFD,
DEFD,
DEFD,
E6FD,
E6FD,
E6FD,
E6FC,
E6FD,
E6FD,
E6FD,
DEFC,
DEFC,
DEFC,
DEFC,
DEFC,
DEFC,
DEFC,
DEFC,
DEFC,
DEFC,
DEFC,
DEFC,
DEDC,
DEDC,
DEDC,
DEDC,
DEDC,
DEFC,
DEFC,
DEFC,
DEFB,
DEFB,
DEFB,
DEFB,
CEB9,
94F1,
2A03,
0920,
2A82,
43C5,
3BC4,
33A3,
3BC3,
3BC2,
33E2,
3BE2,
33E2,
33E2,
33E2,
33E2,
33E1,
3402,
3422,
3C23,
3C22,
3C02,
3C02,
3C03,
33E2,
33E2,
33E2,
33E3,
3BE3,
33C2,
2B81,
2361,
2360,
2381,
2BC2,
33E3,
3403,
3403,
3403,
3403,
3403,
3403,
3403,
3403,
3403,
3403,
3403,
3403,
3423,
3423,
3423,
3423,
3423,
3423,
3423,
3423,
3423,
3423,
3423,
3423,
3423,
3423,
3C24,
3444,
3444,
3444,
3444,
3C24,
3C24,
3C24,
3C24,
3C24,
3C24,
3C24,
3C24,
3C44,
3C44,
3C44,
3C44,
3C44,
3C44,
3C44,
3C44,
3C44,
3C44,
3C44,
3C44,
3C44,
3C44,
3C44,
3C44,
3C44,
3C44,
3C44,
3C44,
3C44,
3C44,
3C44,
3C44,
3C44,
3C44,
3C44,
3C44,
3C44,
3C44,
3C44,
3C44,
3C44,
3C44,
3C44,
3C44,
3C44,
3C44,
3C44,
3C44,
3C44,
3C44,
3C44,
3C44,
3C44,
3C44,
3C44,
3424,
3424,
3444,
3444,
3444,
3444,
3444,
3444,
3444,
3444,
3444,
3444,
3444,
3444,
3444,
3444,
3444,
3444,
3444,
3C24,
3BE5,
2303,
01E0,
0180,
0A20,
2B04,
3B86,
43A7,
3B66,
1222,
0180,
1261,
2B63,
3BC4,
3C03,
3423,
3423,
3423,
3423,
3423,
3C23,
3C23,
3C23,
3C23,
3C23,
3C23,
3C23,
3C43,
3C43,
3C23,
3C23,
3C23,
3C23,
3C43,
3C43,
3C43,
3C43,
3C23,
3C23,
3C23,
3C23,
3C23,
3C23,
3C23,
3C23,
3C23,
3C23,
3C23,
3C23,
3C23,
3C23,
3C23,
3C23,
3C23,
3C23,
3C23,
3C23,
3423,
3423,
3423,
3423,
3423,
3423,
3423,
3403,
3403,
3403,
3423,
3423,
3403,
3403,
3403,
3403,
33E3,
33E3,
33E3,
3BC3,
3BC4,
43E5,
43A5,
3305,
1A22,
0140,
0961,
3287,
746F,
B637,
C6DA,
9D74,
5B8C,
19A2,
0100,
0100,
00C0,
0080,
00E0,
42A9,
A555,
CEBC,
C65A,
CE5B,
D69C,
D6BC,
DEBC,
DEDC,
DEFD,
E6FD,
E6FD,
E6FD,
DEFD,
DEFD,
DEFD,
DEFD,
DEFD,
DEFC,
DEFC,
DEFD,
DEFD,
DEFD,
DEFD,
DEFD,
DEFD,
DEFD,
DEFD,
DEFD,
DEFD,
DEFD,
E6FD,
E6FC,
E6FC,
E6FC,
E6FC,
E6FD,
E6FC,
DEFC,
DEFC,
DEFC,
DEFC,
DEFC,
DEFC,
DEFC,
DEFC,
DEFC,
DEFC,
DEFC,
DEFC,
DEDC,
DEDC,
DEDC,
DEDC,
DEDC,
DEDC,
DEDC,
DEDC,
DEFB,
DEFB,
DEFB,
DEFB,
CEB9,
9512,
4286,
1160,
2261,
43C5,
3BE4,
3BA3,
3BC2,
33C2,
33C2,
33E2,
33E2,
33E2,
33E2,
33E2,
3BE2,
3C02,
3C02,
3BE2,
3C02,
3C02,
33E2,
33C2,
33A2,
33A2,
33A2,
3BE3,
33E3,
2B81,
2340,
2361,
2361,
2BA2,
2BC2,
33E3,
3403,
3403,
3403,
3403,
3403,
3403,
3403,
3403,
3403,
3403,
3403,
3403,
3423,
3423,
3423,
3423,
3423,
3423,
3423,
3423,
3423,
3423,
3423,
3423,
3423,
3423,
3444,
3444,
3444,
3444,
3444,
3C24,
3C24,
3C24,
3C24,
3C24,
3C24,
3C24,
3C24,
3C44,
3C44,
3C44,
3C44,
3C44,
3C44,
3C44,
3C44,
3C44,
3C44,
3C44,
3C44,
3C44,
3C44,
3C44,
3C44,
3C44,
3C44,
3C44,
3C44,
3C44,
3C44,
3C44,
3C44,
3C44,
3C44,
3C44,
3C44,
3C44,
3C44,
3C44,
3C44,
3C44,
3C44,
3C44,
3C44,
3C44,
3C44,
3C44,
3C44,
3C44,
3C44,
3C44,
3C44,
3C44,
3C44,
3C44,
3444,
3444,
3444,
3444,
3444,
3444,
3444,
3444,
3444,
3444,
3444,
3444,
3444,
3444,
3444,
3444,
3444,
3444,
3444,
3C24,
33A4,
1281,
01A0,
01C0,
22C3,
4386,
43A7,
43A7,
3B66,
11E1,
0140,
1241,
2B43,
3BC4,
3C03,
3403,
3423,
3423,
3423,
3423,
3C23,
3C23,
3C23,
3C23,
3C23,
3C23,
3C23,
3C43,
3C44,
3C24,
3C24,
3C24,
3C44,
3C43,
3C43,
3C43,
3C43,
3C23,
3423,
3C23,
3C23,
3C23,
3C23,
3C23,
3C23,
3C23,
3C23,
3C23,
3C23,
3C23,
3C23,
3C23,
3C23,
3C23,
3C23,
3C23,
3C23,
3423,
3423,
3423,
3423,
3423,
3423,
3403,
3403,
3403,
3403,
3403,
3423,
3403,
3403,
3403,
33E3,
33E4,
33C3,
33C3,
3BA4,
43A5,
4BC6,
3B25,
11C1,
00E0,
0941,
3A88,
7C70,
A5B6,
BE5A,
CEBB,
C69B,
ADD6,
638B,
21C4,
08E2,
00C1,
1943,
3A48,
7C31,
BE39,
D6BC,
CE9B,
D69B,
D6BC,
D6BC,
DEDC,
DEFC,
DEFC,
E71D,
E6FD,
E6FD,
E6FC,
DEFC,
DEFD,
DEFD,
DEFD,
DEFC,
DEFC,
DEFC,
DEFD,
DEFD,
DEFD,
DEFD,
DEFD,
DEFD,
DEFD,
DEFD,
DEFD,
DEFD,
E6FD,
E6FC,
E6FC,
E6FC,
E6FC,
E6FD,
E6FC,
DEFC,
DEFC,
DEFC,
DEFC,
DEFC,
DEFC,
DEFC,
DEFC,
DEFC,
DEFC,
DEFC,
DEFC,
DEDC,
DEDC,
DEDC,
DEDC,
DEDC,
DEDC,
DEDC,
DEDC,
DEFB,
DEFB,
DEFB,
DEFB,
CEBA,
A594,
638A,
21A1,
19E0,
4364,
43E4,
3BC3,
3BA3,
33A2,
33C2,
33C2,
33C2,
33E2,
33E2,
3C03,
3C03,
3BE3,
3BE2,
3BE2,
33C2,
2BA2,
2B82,
2B62,
3383,
3383,
3383,
2B63,
2321,
12C0,
12C0,
1B20,
2B81,
2BC2,
33E2,
33E3,
3403,
3403,
3403,
3403,
3403,
3403,
3403,
3403,
3403,
3403,
3403,
3403,
3423,
3423,
3423,
3423,
3423,
3423,
3423,
3423,
3423,
3423,
3423,
3423,
3423,
3423,
3444,
3444,
3444,
3444,
3444,
3C24,
3C24,
3C24,
3C24,
3C24,
3C24,
3C24,
3C24,
3C44,
3C44,
3C44,
3C44,
3C44,
3C44,
3C44,
3C44,
3C44,
3C44,
3C44,
3C44,
3C44,
3C44,
3C44,
3C44,
3C44,
3C44,
3C44,
3C44,
3C44,
3C44,
3C44,
3C44,
3C44,
3C44,
3C44,
3C44,
3C44,
3C44,
3C44,
3C44,
3C44,
3C44,
3C44,
3C44,
3C44,
3C44,
3C44,
3C44,
3C44,
3C44,
3C44,
3C44,
3C44,
3444,
3444,
3444,
3444,
3444,
3444,
3444,
3444,
3444,
3444,
3444,
3444,
3444,
3444,
3444,
3444,
3444,
3444,
3444,
3444,
3444,
3443,
2B64,
0A40,
01A0,
0A20,
3325,
43A6,
4386,
4BC7,
3B46,
01A0,
0140,
1241,
2B43,
33A3,
3BE2,
3403,
3403,
3423,
3423,
3423,
3C23,
3C23,
3C23,
3C23,
3C23,
3C23,
3C23,
3C43,
3C43,
3C23,
3C23,
3C23,
3C24,
3C23,
3C43,
3C43,
3C23,
3C23,
3423,
3C23,
3C23,
3C23,
3C23,
3C23,
3C23,
3C23,
3C23,
3C23,
3C23,
3C23,
3C23,
3C23,
3C23,
3C23,
3C23,
3C23,
3C23,
3423,
3423,
3423,
3423,
3423,
3423,
3403,
3403,
3403,
3403,
3403,
3403,
3403,
3404,
33E4,
33E4,
33E4,
3BC4,
3B84,
4385,
4B86,
4325,
2222,
0100,
1142,
42C8,
8470,
ADD6,
C67A,
CE7B,
CE7C,
D6BD,
D6DC,
C638,
9D33,
8451,
73CF,
8430,
A535,
C639,
D6BB,
D6DC,
DEFC,
DEFC,
DEDC,
DEDC,
DEFC,
DEFC,
DEFC,
DEFD,
E6FD,
E6FD,
E6FD,
DEFD,
DEFD,
DEFD,
DEFD,
DEFC,
E6FC,
E6FC,
DEFD,
DEFD,
DEFD,
DEFD,
DEFD,
DEFD,
DEFD,
DEFD,
DEFD,
DEFD,
E6FC,
E6FC,
E6FC,
E6FC,
DEFC,
DEFC,
DEFC,
DEFC,
DEFC,
DEFC,
DEFC,
DEFC,
DEFC,
DEFC,
DEFC,
DEFC,
DEFC,
DEFC,
DEFC,
DEDC,
DEDC,
DEDC,
DEDC,
DEDC,
DEDC,
DEDC,
DEDC,
DEFC,
DEFB,
DEFB,
DEFB,
D6DA,
B5F6,
6BCC,
21C2,
1160,
2AA1,
43A4,
43C4,
3BC4,
3BC4,
3BC4,
33E3,
33E3,
33E3,
3BE4,
3C04,
3BE4,
3BC3,
3BC3,
3BC3,
33A3,
2B41,
2321,
2B42,
3383,
2B63,
2B43,
2303,
0A20,
0200,
0A60,
1B00,
2B81,
33E3,
3403,
3403,
3403,
3403,
3403,
3403,
3403,
3403,
3403,
3403,
3403,
3403,
3403,
3403,
3423,
3423,
3423,
3423,
3423,
3423,
3423,
3423,
3423,
3423,
3423,
3423,
3423,
3423,
3424,
3424,
3444,
3444,
3444,
3C24,
3C24,
3C24,
3C24,
3C24,
3C24,
3C24,
3C24,
3C44,
3C44,
3C44,
3C44,
3C44,
3C44,
3C44,
3C44,
3C44,
3C44,
3C44,
3C44,
3C44,
3C44,
3C44,
3C44,
3C44,
3C44,
3C44,
3C44,
3C44,
3C44,
3C44,
3C44,
3C44,
3C44,
3C44,
3C44,
3C44,
3C44,
3C44,
3C44,
3C44,
3C44,
3C44,
3C44,
3C44,
3C44,
3C44,
3C44,
3C44,
3C44,
3C44,
3C44,
3C44,
3444,
3444,
3444,
3444,
3444,
3444,
3444,
3444,
3444,
3444,
3444,
3444,
3444,
3444,
3444,
3444,
3444,
3444,
3444,
3444,
3444,
3444,
1AE2,
01E0,
01E0,
22C3,
3B85,
3B86,
3B86,
4BE8,
3B46,
0180,
0140,
1241,
3343,
33A3,
33C2,
3BE3,
3403,
3423,
3C23,
3423,
3C23,
3C23,
3C23,
3C23,
3C23,
3C23,
3C23,
3C23,
3C23,
3C23,
3C23,
3C23,
3C23,
3C23,
3C23,
3C23,
3C23,
3C23,
3C23,
3C23,
3C23,
3C23,
3C23,
3C23,
3C23,
3C23,
3C23,
3C23,
3C23,
3C23,
3C23,
3C23,
3C23,
3C23,
3C23,
3C23,
3C23,
3423,
3423,
3423,
3423,
3423,
3423,
3403,
3403,
3403,
3403,
3403,
3403,
3404,
3404,
3BE4,
3BE5,
33C4,
3BA5,
43A5,
4B86,
4325,
21E2,
00E0,
21A3,
63AC,
94F2,
AD95,
C659,
CE9B,
D69C,
D6BD,
DEDD,
DEDC,
DEDB,
DEFC,
DF1C,
DF1C,
DEFC,
DF3D,
E73D,
DEFC,
DEFC,
DEFC,
DEFD,
DEFD,
DEFC,
E6FD,
DEFD,
DEFD,
E6FD,
DF1D,
E6FD,
DF1D,
DF1D,
DF1D,
DEFD,
E6FC,
E6FC,
E6FC,
E6FC,
E6FD,
E6FD,
E6FD,
E6FD,
E6FD,
E6FD,
E6FD,
E6FD,
E6FC,
DEFC,
DEFC,
DEFC,
DEFC,
DEFC,
DEFC,
DEFC,
DEFC,
DEDC,
DEDC,
DEDC,
DEDC,
DEDC,
DEDC,
DEDC,
DEDC,
DEDC,
DEFC,
DEFC,
DEDC,
DEDC,
DEDC,
DEDC,
DEDC,
DEDC,
DEDC,
DEDC,
DEDC,
DEDC,
DEFB,
DEFB,
DEFB,
DF1B,
C699,
8CD1,
3A66,
1140,
11A0,
2281,
3323,
3364,
3364,
3B84,
3384,
3BA4,
3BC5,
3BC5,
3BA4,
3363,
2B43,
2B22,
2B02,
2B02,
22C1,
22C1,
3342,
4C06,
4C06,
43E6,
2B23,
0A40,
0200,
0A80,
2340,
33C2,
3403,
3403,
3403,
3403,
3403,
3403,
3403,
3403,
3403,
3403,
3403,
3403,
3403,
3403,
3403,
3423,
3423,
3423,
3423,
3423,
3423,
3423,
3423,
3423,
3423,
3423,
3423,
3423,
3423,
3423,
3C23,
3C23,
3C24,
3C24,
3C24,
3C24,
3C24,
3C24,
3C24,
3C24,
3C24,
3C24,
3C44,
3C44,
3C44,
3C44,
3C44,
3C44,
3C44,
3C44,
3C44,
3C44,
3C44,
3C44,
3C44,
3C44,
3C44,
3C44,
3C44,
3C44,
3C44,
3C44,
3C44,
3C44,
3C44,
3C44,
3C44,
3C44,
3C44,
3C44,
3C44,
3C44,
3C44,
3C44,
3C44,
3C44,
3C44,
3C44,
3C44,
3C44,
3C44,
3C44,
3C44,
3C44,
3C44,
3C44,
3C44,
3C44,
3C44,
3C44,
3C44,
3C44,
3C44,
3C44,
3444,
3444,
3444,
3444,
3444,
3444,
3444,
3444,
3444,
3444,
3444,
3444,
3444,
3444,
3444,
1261,
0180,
1241,
3385,
3B86,
3B65,
3B86,
4BE8,
3366,
0180,
0140,
1241,
2B22,
3382,
33C2,
33E2,
3403,
3403,
3423,
3423,
3C23,
3C23,
3C23,
3C23,
3C23,
3C23,
3C23,
3C23,
3C23,
3C23,
3C23,
3C23,
3C23,
3C23,
3C23,
3C23,
3C23,
3C23,
3C23,
3C23,
3C23,
3C23,
3C23,
3C23,
3C23,
3C23,
3C23,
3C23,
3C23,
3C23,
3C23,
3C23,
3C23,
3C23,
3C23,
3C23,
3C23,
3423,
3423,
3423,
3423,
3423,
3423,
3403,
3403,
3403,
3403,
3403,
33E3,
33E4,
3BE4,
3BE4,
3BE5,
3BC5,
3BA5,
4345,
3AE5,
2203,
00C0,
00A0,
530B,
A596,
BE39,
C639,
CE7B,
D6BC,
D6BD,
D6DD,
D6DD,
D6DC,
DEFC,
E73D,
E75D,
E75E,
E73D,
DF1D,
DEFD,
DEFC,
DEFC,
DEFC,
DEFC,
DEFC,
E6FD,
E6FD,
E6FD,
E6FD,
E6FD,
DF1D,
DF1D,
DF1D,
DF1D,
DF1D,
DEFD,
E6FC,
E6FC,
E6FC,
E6FC,
E6FD,
E6FD,
E6FD,
E6FD,
E6FD,
E6FD,
E6FD,
E6FD,
E6FC,
DEFC,
DEFC,
DEFC,
DEFC,
DEFC,
DEFC,
DEFC,
DEFC,
DEDC,
DEDC,
DEDC,
DEDC,
DEDC,
DEDC,
DEDC,
DEDC,
DEDC,
DEFC,
DEFC,
DEFC,
DEDC,
DEDC,
DEDC,
DEDC,
DEDC,
DEDC,
DEDC,
DEDC,
DEDC,
DEDB,
DEFC,
DEFC,
DF1C,
DF1B,
BE57,
844F,
3224,
0900,
0120,
01A0,
09C0,
1A01,
2261,
2281,
22A2,
2AA2,
2AA2,
2282,
2261,
1A21,
1A20,
2221,
2A83,
3B04,
53E8,
74CB,
858E,
8DAE,
6CEA,
3364,
1AC1,
1AE0,
1B20,
2BA2,
33E2,
3403,
3403,
3403,
3403,
3403,
3403,
3403,
3403,
3403,
3403,
3403,
3403,
3403,
3403,
3403,
3423,
3423,
3423,
3423,
3423,
3423,
3423,
3423,
3423,
3423,
3423,
3423,
3423,
3423,
3423,
3423,
3C23,
3C24,
3C24,
3C24,
3C24,
3C24,
3C24,
3C24,
3C24,
3C24,
3C24,
3C44,
3C44,
3C44,
3C44,
3C44,
3C44,
3C44,
3C44,
3C44,
3C44,
3C44,
3C44,
3C44,
3C44,
3C44,
3C44,
3C44,
3C44,
3C24,
3C44,
3C44,
3C44,
3C44,
3C44,
3C44,
3C44,
3C44,
3C44,
3C44,
3C44,
3C44,
3C44,
3C44,
3C44,
3C44,
3C44,
3C44,
3C44,
3C44,
3C44,
3C44,
3C44,
3C44,
3C44,
3C44,
3C44,
3C44,
3C44,
3C44,
3C44,
3C44,
3C44,
3444,
3444,
3444,
3444,
3444,
3444,
3444,
3444,
3444,
3444,
3444,
3444,
3444,
3444,
3444,
0200,
01C0,
22C2,
43A6,
3BA5,
3B85,
3BA5,
43E6,
3345,
0180,
0160,
0A20,
1AA0,
2B21,
33A2,
3BE2,
33E3,
3403,
3423,
3423,
3423,
3443,
3443,
3C23,
3C23,
3C23,
3C23,
3C23,
3C23,
3C23,
3C23,
3C23,
3C23,
3C23,
3C23,
3C23,
3C23,
3C23,
3C23,
3C23,
3C23,
3C23,
3C23,
3C23,
3C23,
3C23,
3C23,
3C23,
3C23,
3C23,
3C23,
3C23,
3C23,
3C23,
3C23,
3C23,
3C23,
3423,
3423,
3423,
3423,
3423,
3423,
3403,
3403,
3403,
33E3,
33E3,
33E3,
3BE4,
3BC4,
3BA4,
43C5,
3BC6,
3B26,
2A64,
1982,
00C0,
00A0,
2A05,
8CF2,
C69A,
CE9B,
CE7B,
CE9C,
D6BD,
D6BD,
D6DD,
DEDD,
DEDD,
DEDD,
DEFD,
DF1D,
DEFD,
DEFD,
DEFD,
DEFC,
DEFC,
DEFC,
DEFC,
DEFC,
DEFD,
E6FD,
DEFD,
DEFD,
E6FD,
E6FD,
DF1D,
DF1D,
DF1D,
DF1D,
DEFD,
DEFD,
DEFC,
DEFC,
DEFC,
E6FC,
E6FD,
E6FD,
E6FD,
E6FD,
E6FD,
E6FD,
E6FD,
E6FD,
E6FC,
DEFC,
DEFC,
DEFC,
DEFC,
DEFC,
DEDC,
DEDC,
DEDC,
DEDC,
DEDC,
DEDC,
DEDC,
DEDC,
DEDC,
DEDC,
DEDC,
DEDC,
DEDC,
DEFC,
DEFC,
DEDC,
DEDC,
DEDC,
DEDC,
DEDC,
DEFC,
DEFC,
DEFC,
DEFC,
DEDC,
DEFC,
DEFC,
DF1C,
DF3B,
DF3B,
BE36,
7C2E,
3A45,
0920,
00A0,
00A0,
00C0,
00E0,
0120,
0140,
0940,
1160,
19A1,
21E1,
2202,
3243,
42C6,
5BCA,
7CEE,
9DD2,
AE54,
AE73,
95F0,
6489,
2B42,
2B41,
33C3,
33C3,
33C2,
33C2,
3403,
3403,
3403,
3403,
3403,
3403,
3403,
3403,
3403,
3403,
3403,
3403,
3403,
3403,
3403,
3403,
3403,
3403,
3403,
3403,
3423,
3423,
3423,
3423,
3C23,
3423,
3423,
3423,
3423,
3423,
3423,
3C24,
3C24,
3C23,
3C24,
3C24,
3C24,
3C24,
3C24,
3C24,
3C24,
3C24,
3C44,
3C44,
3C44,
3C44,
3C44,
3C44,
3C44,
3C44,
3C44,
3C44,
3C44,
3C44,
3C44,
3C44,
3C44,
3C44,
3C44,
3C44,
3C44,
3C44,
3C44,
3C44,
3C44,
3C44,
3C44,
3C44,
3C44,
3C44,
3C44,
3C44,
3C44,
3C44,
3C44,
3C44,
3C44,
3C44,
3C44,
3C44,
3C44,
3C44,
3C44,
3C44,
3C44,
3C44,
3C44,
3C44,
3C44,
3C44,
3C44,
3C44,
3C44,
3C44,
3444,
3444,
3444,
3444,
3444,
3444,
3444,
3444,
3444,
3444,
3444,
3444,
3444,
3444,
3444,
01C0,
0A20,
2B03,
43A5,
3BC5,
3BA5,
43C5,
43E5,
2B23,
0180,
0180,
1240,
1260,
1AC0,
33A2,
3BE3,
33E3,
3403,
3403,
3422,
3423,
3423,
3423,
3423,
3C23,
3C23,
3C23,
3C23,
3C23,
3C23,
3C23,
3C23,
3C23,
3C23,
3C23,
3C23,
3C23,
3C23,
3C23,
3C23,
3C23,
3C23,
3C23,
3C23,
3C23,
3C23,
3C23,
3C23,
3C23,
3C23,
3C23,
3C23,
3C23,
3C23,
3C23,
3423,
3423,
3423,
3423,
3423,
3423,
3423,
3423,
3403,
33E3,
3403,
33E3,
33E3,
3BE4,
3BC4,
43A5,
4386,
3B66,
3305,
1A24,
1142,
08C1,
10E1,
3A47,
844F,
C638,
CE9B,
CE9C,
CE9C,
D6BD,
D6BD,
D6BD,
DEDD,
DEFD,
DEDD,
DEDD,
DEDD,
DEFD,
DEDD,
DEFD,
DEDD,
DEDC,
DEFD,
DEFC,
DEFC,
DEFC,
DEFD,
DEFD,
DF1D,
DF1D,
E6FD,
E6FD,
DF1D,
DF1D,
DF1D,
DF1D,
DEFD,
DEFD,
DEFD,
DEFC,
DEFC,
DEFC,
E6FD,
E6FD,
E6FD,
E6FD,
E6FD,
E6FD,
E6FD,
E6FD,
E6FC,
DEFC,
DEFC,
DEFC,
DEFC,
DEFC,
DEDC,
DEDC,
DEDB,
DEDB,
DEDB,
DEDC,
DEDC,
DEDC,
DEDC,
DEDC,
DEDC,
DEDC,
DEDC,
DEFC,
DEFC,
DEDC,
DEDC,
DEDC,
DEDC,
DEDC,
DEFC,
DEFC,
DEFC,
DEFC,
DEDC,
DEFC,
DEFC,
DEFC,
DF1B,
DF1B,
DEFA,
C637,
9D32,
6BEC,
4AA8,
2A05,
21A4,
19A4,
21E4,
2A46,
3246,
3A87,
5309,
63AB,
742D,
7C8F,
9531,
ADF4,
BEB6,
BED7,
B695,
9DF1,
6CAB,
3324,
22E1,
3382,
3BE3,
3BE3,
33E2,
33E2,
3403,
3403,
3402,
3403,
3403,
3403,
3403,
3403,
3403,
3403,
3403,
3403,
3403,
3403,
3403,
3403,
3403,
3403,
3403,
3403,
3423,
3423,
3C24,
3C24,
3C24,
3423,
3423,
3424,
3424,
3424,
3C24,
3424,
3423,
3423,
3C23,
3C24,
3C24,
3C23,
3C24,
3C24,
3C24,
3C24,
3C44,
3C44,
3C44,
3C44,
3C44,
3C44,
3C44,
3C44,
3C44,
3C44,
3C44,
3C44,
3C44,
3C44,
3C44,
3C44,
3C44,
3C44,
3C44,
3C44,
3C44,
3C24,
3C44,
3C44,
3C44,
3C44,
3C44,
3C44,
3C44,
3C44,
3C44,
3C44,
3C44,
3C44,
3C44,
3C44,
3C44,
3C44,
3C44,
3C44,
3C44,
3C44,
3C44,
3C44,
3C44,
3C44,
3C44,
3C44,
3C44,
3C44,
3C44,
3C44,
3444,
3444,
3444,
3444,
3444,
3444,
3444,
3444,
3444,
3443,
3443,
3443,
3443,
3444,
3444,
01C0,
1281,
3364,
3BC5,
3BC5,
3BC5,
43C5,
43C5,
2B03,
01C0,
09E0,
1241,
1240,
1AC0,
33A2,
3BE3,
33E3,
3403,
3423,
3422,
3423,
3423,
3423,
3423,
3423,
3423,
3423,
3C23,
3C23,
3C23,
3C23,
3C23,
3C23,
3C23,
3C23,
3C23,
3C23,
3C23,
3C23,
3C23,
3C23,
3C23,
3C23,
3C23,
3C23,
3C23,
3C23,
3C23,
3C23,
3C23,
3C23,
3C23,
3C23,
3C23,
3C23,
3423,
3423,
3423,
3423,
3423,
3423,
3423,
3403,
3403,
33E3,
33E3,
33E3,
3BE4,
3BC4,
3BC5,
4386,
3B47,
2AC5,
11C2,
0101,
08C1,
2144,
52CA,
8CB2,
BE38,
D6BC,
D69C,
D69C,
D6BC,
D6BD,
D6BD,
DEDD,
DEDD,
DEFD,
DEFD,
DEDD,
DEDD,
DEDD,
DEDD,
DEFD,
DEFD,
DEDC,
E6FD,
E6FC,
E6FC,
DEFD,
DEFD,
DEFD,
DF1D,
DF1D,
E6FD,
E6FD,
DF1D,
DF1D,
DF1D,
DF1D,
DEFD,
DEFD,
DEFD,
DEFC,
DEFC,
E6FC,
E6FD,
E6FD,
E6FD,
E6FD,
E6FD,
E6FD,
E6FD,
E6FC,
E6FC,
DEFC,
DEFC,
DEFC,
DEFC,
DEFC,
DEDC,
DEDC,
DEDC,
DEDC,
DEDB,
DEDC,
DEDC,
DEDC,
DEDC,
DEDC,
DEDC,
DEDC,
DEDC,
DEFC,
DEFC,
DEDC,
DEDC,
DEDC,
DEDC,
DEDC,
DEFC,
DEFC,
DEFC,
DEFC,
DEDC,
DEFC,
DEFC,
DEFC,
DEFB,
DEFB,
DF1C,
E71C,
DF1B,
C699,
B5F6,
A554,
94F3,
94D3,
9513,
9D34,
9D34,
9D54,
ADD6,
B637,
BE78,
C698,
CED9,
D73A,
D759,
D778,
BEB5,
7CCC,
32E4,
0A00,
1AA0,
3383,
3BE3,
3C03,
33E2,
33E2,
33E3,
3403,
3403,
3403,
3403,
3403,
3403,
3403,
3403,
3403,
3403,
3403,
3423,
3423,
3403,
3403,
3403,
3403,
3403,
3403,
3403,
3423,
3403,
33E3,
33E3,
2BE3,
2BE2,
2BC2,
2BC2,
2BE2,
3403,
3403,
3403,
3403,
3C24,
3C24,
3C24,
3C24,
3C24,
3C24,
3C24,
3C24,
3C44,
3C44,
3C44,
3C44,
3C44,
3C44,
3C44,
3C44,
3C44,
3C44,
3C44,
3C44,
3C44,
3C44,
3C44,
3C44,
3C44,
3C44,
3C44,
3C44,
3C44,
3C24,
3C44,
3C44,
3C44,
3C44,
3C44,
3C44,
3C44,
3C44,
3C44,
3C44,
3C44,
3C44,
3C44,
3C44,
3C44,
3C44,
3C44,
3C44,
3C44,
3C44,
3C44,
3C44,
3C44,
3C44,
3C44,
3C44,
3C44,
3C44,
3C44,
3C44,
3444,
3444,
3444,
3444,
3444,
3444,
3444,
3444,
3444,
3444,
3444,
3444,
3444,
3444,
3444,
01C0,
22E3,
3BC5,
3BC5,
43C5,
3BC5,
3BA4,
3BA5,
3344,
1AA2,
1A61,
1220,
1240,
1AC0,
33A2,
3BE3,
33E3,
3403,
3423,
3422,
3423,
3423,
3423,
3423,
3423,
3423,
3423,
3423,
3423,
3423,
3C23,
3C23,
3C23,
3C23,
3C23,
3C23,
3C23,
3C23,
3C23,
3C23,
3C23,
3C23,
3C23,
3C23,
3C23,
3C23,
3C23,
3C23,
3C23,
3C23,
3423,
3423,
3423,
3423,
3423,
3423,
3423,
3423,
3423,
3423,
3403,
3403,
3403,
33E3,
3403,
3C03,
3BE4,
3BE4,
3BC5,
43C6,
3B46,
2AA5,
09A1,
00E0,
00E1,
29E6,
5B0B,
8C92,
BDF8,
D6BC,
D6BC,
D6BC,
D6BD,
D6BD,
DEBD,
DEDD,
DEDD,
DEFD,
DEFD,
DEFD,
DEFD,
DEFD,
DEFD,
E6FD,
E6FD,
E6FD,
E6FD,
E6FD,
E6FD,
E6FD,
E6FD,
DF1D,
DF1D,
DF1D,
DF1D,
DF1D,
DF1D,
DF1D,
DF1D,
DF1D,
DF1D,
DF1D,
DEFD,
E6FD,
E6FD,
E6FD,
E6FD,
E6FD,
E6FD,
E6FD,
E6FD,
E6FD,
E6FD,
E6FC,
E6FC,
E6FC,
DEFC,
DEFC,
DEFC,
DEFC,
DEFC,
DEDC,
DEDC,
DEDC,
DEDC,
DEDC,
DEDC,
DEDC,
DEDC,
DEDC,
DEDC,
DEDC,
DEDC,
DEFC,
DEFC,
DEFC,
DEDC,
DEDC,
DEDC,
DEDC,
DEDC,
DEFC,
DEFC,
DEDC,
DEDC,
DEDC,
DEFC,
DEFC,
DEFC,
DEFC,
DEFC,
DEFC,
DEFC,
DF1C,
DF3D,
DF3C,
DF1C,
DF1C,
DF1C,
DEFC,
DEFC,
D6FC,
DF1C,
DF1C,
DF3C,
DF3C,
D73B,
D71B,
CF1A,
D759,
CF37,
9591,
4325,
11E0,
1200,
1AC0,
3382,
3BE3,
3C03,
3402,
33E2,
3402,
3403,
3403,
3403,
3403,
3403,
3403,
3403,
3403,
3403,
3404,
3403,
2BE3,
2BC2,
2BC2,
33E3,
3403,
3403,
33E3,
33E3,
3403,
2BA2,
2361,
2361,
1B41,
1B40,
1B20,
1B20,
1300,
1B20,
2361,
2B82,
2BA2,
33E3,
3C24,
3423,
3C24,
3C24,
3C24,
3C24,
3C24,
3C24,
3C44,
3C44,
3C44,
3C44,
3C44,
3C44,
3C44,
3C44,
3C44,
3C44,
3C44,
3C44,
3C44,
3C44,
3C44,
3C44,
3C44,
3C44,
3C44,
3C44,
3C44,
3C44,
3C44,
3C44,
3C44,
3C44,
3C44,
3C44,
3C44,
3C44,
3C44,
3C44,
3C44,
3C44,
3C44,
3C44,
3C44,
3C44,
3C44,
3C44,
3C44,
3C44,
3C44,
3C44,
3C44,
3C44,
3C44,
3C44,
3C44,
3C44,
3C44,
3C44,
3444,
3444,
3444,
3444,
3444,
3444,
3444,
3444,
3444,
3444,
3444,
3444,
3444,
3444,
3444,
01E0,
2B23,
3BE5,
3BC5,
3BC5,
3BC5,
3BA4,
3BA4,
3BA5,
3B85,
2B03,
1220,
0A20,
2301,
3BC3,
3BE3,
33E3,
33E3,
3C03,
3C03,
3C03,
3C23,
3C23,
3C23,
3423,
3423,
3423,
3423,
3423,
3423,
3C23,
3C23,
3C23,
3C23,
3C23,
3C23,
3C23,
3C23,
3C23,
3C23,
3C23,
3C23,
3C23,
3C23,
3C23,
3C23,
3C23,
3C23,
3C23,
3C23,
3423,
3423,
3423,
3423,
3423,
3423,
3423,
3423,
3423,
3423,
3403,
3402,
33E2,
3403,
33E3,
3BE4,
3BA4,
3BA4,
3BA4,
3324,
2263,
0981,
00E0,
0962,
3AC9,
7410,
9CD4,
BDD8,
D69B,
D6BC,
D6BC,
DEBD,
DEBD,
DEBD,
DEDD,
DEDD,
DEDD,
DEFD,
DEFC,
DEFC,
DEFC,
E6FC,
E6FD,
E6FD,
E6FD,
E6FC,
E6FC,
E6FD,
E6FD,
E6FD,
DF1D,
DF1D,
DF1D,
DF1D,
DF1D,
DF1D,
DF1D,
DF1D,
DF1D,
DF1D,
DF1D,
DF1D,
DEFD,
E6FD,
E6FD,
E6FD,
E6FD,
E6FD,
E6FD,
E6FD,
E6FD,
E6FD,
E6FD,
DEFC,
DEFC,
DEFC,
DEFC,
DEFC,
DEFC,
DEFC,
DEFC,
DEDC,
DEDC,
DEDC,
DEDC,
DEDC,
DEDC,
DEDC,
DEDC,
DEDC,
DEDC,
DEDC,
DEDC,
DEFC,
DEFC,
DEFC,
DEDC,
DEDC,
DEDC,
DEDC,
DEDC,
DEDC,
DEDC,
DEDC,
DEDC,
DEDC,
DEFC,
DEFC,
DEFC,
DEFC,
DEFC,
DEFC,
DEFC,
DEFC,
DF1C,
DF1D,
E73D,
DF3D,
DF1D,
DF1D,
DF1D,
DF3D,
DF1D,
DF1C,
DF3C,
DF3C,
DF3B,
D71B,
CF1A,
CF18,
A5F2,
5388,
1A01,
1220,
22C1,
2B42,
3BA3,
3BE3,
3C02,
3402,
3402,
3403,
3403,
3403,
3403,
3403,
3403,
3403,
3403,
3403,
3403,
3404,
2BC3,
1B21,
1300,
2341,
2BA3,
3404,
3C04,
33E3,
33E3,
2BA2,
1B20,
12E0,
12E0,
12E0,
12E0,
12E0,
12E0,
12E0,
12E0,
12E0,
12E0,
1B20,
2361,
33E3,
3C24,
3C24,
3C24,
3C24,
3C24,
3C24,
3C24,
3C44,
3C44,
3C44,
3C44,
3C44,
3C44,
3C44,
3C44,
3C44,
3C44,
3C44,
3C44,
3C44,
3C44,
3C44,
3C44,
3C44,
3C44,
3C44,
3C44,
3C44,
3C44,
3C44,
3C44,
3C44,
3C44,
3C44,
3C44,
3C44,
3C44,
3C44,
3C44,
3C44,
3C44,
3C44,
3C44,
3C44,
3C44,
3C44,
3C44,
3C44,
3C44,
3C44,
3C44,
3C44,
3C44,
3C44,
3C44,
3C44,
3C44,
3C44,
3C44,
3444,
3444,
3444,
3C44,
3C44,
3444,
3444,
3444,
3444,
3444,
3444,
3444,
3444,
3444,
3444,
0200,
2B22,
3BE4,
3BE5,
3BE4,
3BE4,
3BC5,
3BC5,
43E6,
43E6,
2B23,
1240,
1240,
3363,
3BE4,
3BE3,
33E3,
3BE3,
3BE3,
3C03,
3C03,
3C23,
3C23,
3C23,
3423,
3423,
3423,
3423,
3423,
3423,
3C23,
3C23,
3C23,
3C23,
3C23,
3C23,
3C23,
3C23,
3C23,
3C23,
3C23,
3C23,
3C23,
3C23,
3C23,
3C23,
3C23,
3C23,
3C23,
3C23,
3423,
3423,
3423,
3423,
3423,
3423,
3423,
3423,
3423,
3423,
3403,
33E2,
2BE2,
33E3,
2B82,
2B42,
2B22,
2AE2,
2281,
11E0,
0100,
00C0,
1162,
4B29,
8CF3,
B5D8,
BDF9,
D67B,
D69B,
D69C,
DEBD,
DEBD,
DEDD,
DEDD,
DEDD,
DEDD,
DEFD,
DEFD,
DEFD,
DEFC,
E6FC,
E6FC,
E6FD,
E6FD,
E6FD,
E6FC,
E6FC,
E6FD,
E6FD,
E6FD,
DF1D,
DF1D,
DF1D,
DF1D,
DF1D,
DF1D,
DF1D,
DF1D,
DF1D,
DF1D,
E71D,
E6FD,
E6FD,
E6FD,
DEFD,
DEFD,
E6FD,
E6FD,
E6FD,
E6FD,
E6FD,
E6FC,
E6FC,
E6FC,
DEFC,
DEDC,
DEDC,
DEDC,
DEDC,
DEDC,
DEDC,
DEDC,
DEDC,
DEDC,
DEDC,
DEDC,
DEDC,
DEDC,
DEDC,
DEDC,
DEDC,
DEDC,
DEDC,
DEDC,
DEFC,
DEFC,
DEDC,
DEDC,
DEDC,
DEDC,
DEDC,
DEFC,
DEFC,
DEFC,
DEFC,
DEDC,
DEFC,
DEFC,
DEFC,
DEFC,
DEFC,
DEFC,
E6FC,
E71C,
DEFC,
DEFC,
DF1C,
DF1C,
DEFC,
DEFC,
DEFC,
DEFC,
DF1C,
DF1C,
DF1C,
D71C,
D71B,
D71A,
D73A,
C6F7,
84CE,
3284,
1A41,
2B03,
3363,
3BA3,
3BC3,
3BE3,
3402,
3422,
3403,
3403,
3403,
3403,
3403,
3403,
3403,
3403,
3403,
3404,
3403,
2BA2,
1B00,
0A80,
0A80,
1B20,
33C3,
3BE4,
3C04,
3BE4,
2BA2,
1B00,
12C0,
0AA0,
12E0,
2340,
2341,
2361,
2381,
2BA2,
2381,
1B20,
1300,
1B20,
1B20,
2BC2,
3C24,
3424,
3C24,
3C24,
3C24,
3C24,
3C24,
3C44,
3C44,
3C44,
3C44,
3C44,
3C44,
3C44,
3C44,
3C44,
3C44,
3C44,
3C44,
3C44,
3C44,
3C44,
3C44,
3C44,
3C44,
3C44,
3C44,
3C44,
3C44,
3C44,
3C44,
3C44,
3C44,
3C44,
3C44,
3C44,
3C44,
3C44,
3C44,
3C44,
3C44,
3C44,
3C44,
3C44,
3C44,
3C44,
3C44,
3C44,
3C44,
3C44,
3C44,
3C44,
3C44,
3C44,
3C44,
3C44,
3C44,
3C44,
3C44,
3444,
3C44,
3C44,
3C44,
3C44,
3444,
3444,
3444,
3444,
3444,
3444,
3444,
3444,
3444,
3444,
0A40,
2B42,
3BE4,
3C04,
3BE4,
3BE4,
3BE5,
3BE5,
43E6,
3384,
1AC1,
0A40,
1AA1,
3384,
3BE4,
3BC3,
3BC3,
3BE3,
3BE3,
3C03,
3C03,
3C03,
3C03,
3C23,
3C23,
3C23,
3423,
3423,
3423,
3423,
3C23,
3C23,
3C23,
3C23,
3C23,
3C23,
3C23,
3C23,
3C23,
3C23,
3C23,
3C23,
3423,
3423,
3C23,
3C23,
3C23,
3C23,
3C23,
3C23,
3C23,
3C23,
3423,
3423,
3423,
3423,
3423,
3423,
3423,
3403,
3403,
33E2,
2BC2,
2361,
1B00,
1280,
1240,
11E0,
0180,
00E0,
0040,
0901,
4AE9,
8CD2,
B619,
CE9B,
CE7B,
D67B,
D69C,
DEBC,
DEDD,
DEDD,
DEDD,
DEDD,
DEDD,
DEFD,
DEFD,
DEFD,
E6FD,
E6FD,
E6FD,
E6FD,
E6FD,
E6FD,
E6FD,
E6FC,
E6FC,
E6FD,
E6FD,
E6FD,
DF1D,
DF1D,
DF1D,
DF1D,
DF1D,
DF1D,
E71D,
DF1D,
DF1D,
DF1D,
E71C,
E6FC,
E6FD,
E6FD,
DEFD,
DEFC,
DEFD,
E6FD,
E6FD,
E6FD,
E6FC,
E6FC,
E6FC,
E6FC,
DEFC,
DEDC,
DEDC,
DEDC,
DEDC,
DEDC,
DEDC,
DEDC,
DEDC,
DEDC,
DEDC,
DEDC,
DEDC,
DEDC,
DEDC,
DEDC,
DEDC,
DEDC,
DEDC,
DEDC,
DEFC,
DEFC,
DEDC,
DEDC,
DEDC,
DEDC,
DEDC,
DEFC,
DEFC,
DEFC,
DEFC,
DEDC,
DEFC,
DEFC,
DEFC,
DEFC,
DEFC,
DEFC,
DEFC,
DEFC,
DEFC,
DEFC,
E6FD,
E6FD,
E6FD,
E6FD,
E6FD,
E6FD,
E6FD,
DF1C,
DF1C,
DF1C,
DF3C,
D73A,
CF19,
B695,
5BC9,
19C1,
2282,
3B84,
3BA4,
3BC3,
3BE2,
3BE2,
3402,
3402,
3403,
3403,
3403,
3403,
3403,
3402,
3403,
3403,
3403,
3404,
2BA3,
1B20,
0A80,
0220,
0A60,
2341,
33E4,
3BE5,
3C05,
33A3,
2301,
12A0,
0A80,
1AE0,
2B61,
33C3,
33C3,
33C3,
3403,
3404,
3403,
2BC2,
2BA2,
2BA1,
2381,
2BC2,
3424,
3403,
3403,
3423,
3C24,
3C24,
3C24,
3C44,
3C44,
3C44,
3C44,
3C44,
3C44,
3C44,
3C44,
3C44,
3C44,
3C44,
3C44,
3C44,
3C44,
3C44,
3C44,
3C24,
3C44,
3C44,
3C44,
3C44,
3C44,
3C44,
3C44,
3C44,
3C44,
3C44,
3C44,
3C44,
3C44,
3C44,
3C44,
3C44,
3C44,
3C44,
3C44,
3C44,
3C44,
3C44,
3C44,
3C44,
3C44,
3C44,
3C44,
3C44,
3C44,
3C44,
3C44,
3C44,
3C44,
3C44,
3C44,
3444,
3C44,
3C44,
3C44,
3C44,
3C44,
3444,
3444,
3444,
3444,
3444,
3444,
3444,
3444,
3444,
2321,
33C4,
3BE4,
3BE4,
3BE4,
3BE4,
3BE5,
3BE5,
3BA4,
22E2,
1260,
0A40,
1AC1,
2B23,
2B63,
3383,
3BC4,
3BE3,
3BE3,
3BE3,
3C03,
3C04,
3C03,
3C23,
3C23,
3C03,
3C23,
3423,
3423,
3423,
3C23,
3C23,
3C23,
3C23,
3C23,
3C23,
3C23,
3C23,
3C23,
3C23,
3C23,
3C23,
3423,
3423,
3C23,
3C23,
3C23,
3C23,
3C23,
3C23,
3C23,
3C23,
3423,
3423,
3423,
3423,
3423,
3423,
3423,
3403,
3402,
33E3,
2BC2,
1B40,
12C0,
1240,
1200,
09C0,
0140,
00C0,
1162,
4B0A,
84B2,
B5F9,
C69B,
CE7B,
CE7B,
D67C,
D6BC,
DEBD,
DEDD,
DEDE,
DEDD,
DEDD,
DEFD,
DEFD,
DEFD,
DEFD,
E6FD,
E6FD,
E6FD,
E6FD,
E6FD,
E6FD,
E6FD,
E6FC,
E6FC,
E6FD,
E6FD,
E6FD,
DF1D,
DEFD,
DF1D,
DF1D,
DF1D,
E6FD,
E6FD,
DF1D,
DF1D,
DF1D,
E71C,
E6FC,
E6FD,
E6FD,
DEFC,
DEFC,
DEFC,
E6FC,
E6FC,
E6FC,
E6FC,
DEFC,
DEFC,
DEFC,
DEFC,
DEFC,
DEDC,
DEDC,
DEDC,
DEDC,
DEDC,
DEDC,
DEDC,
DEDC,
DEDC,
DEDC,
DEDC,
DEDC,
DEDC,
DEDC,
DEDC,
DEDC,
DEDC,
DEDC,
DEFC,
DEFC,
DEDC,
DEDC,
DEDC,
DEDC,
DEDC,
DEFC,
DEFC,
DEFC,
DEFC,
DEDC,
DEFC,
DEFC,
DEFC,
DEFC,
DEFC,
DEFC,
DEFC,
DEFC,
E6FC,
E6FD,
E6FD,
E6FD,
E6FD,
E6FD,
E6FD,
E6FD,
E6FD,
DF1C,
DF3C,
DF3C,
DF3C,
D73A,
B676,
746D,
2A43,
19C1,
2AE3,
3B84,
3BA4,
3BC3,
33E2,
33E2,
33E2,
33E2,
3402,
3403,
3403,
3403,
3403,
3403,
3403,
3403,
3C03,
3C04,
33C3,
2361,
0A80,
0220,
1AE1,
3383,
3BC4,
3BC4,
33A3,
2342,
12A0,
0A80,
12C0,
2B61,
3BE3,
3BE3,
3BE3,
3BE3,
3403,
3403,
3403,
3403,
3403,
3403,
3403,
3403,
3423,
3403,
3423,
3423,
3C23,
3C24,
3C24,
3C44,
3C44,
3C44,
3C44,
3C44,
3C44,
3C44,
3C44,
3C44,
3C44,
3C44,
3C44,
3C44,
3C44,
3C44,
3C44,
3C24,
3C44,
3C44,
3C44,
3C44,
3C44,
3C44,
3C44,
3C44,
3C44,
3C44,
3C44,
3C44,
3C44,
3C44,
3C44,
3C44,
3C44,
3C44,
3C44,
3C44,
3C44,
3C44,
3C44,
3C44,
3C44,
3C44,
3C44,
3C44,
3C44,
3C44,
3C44,
3C44,
3C44,
3C44,
3C44,
3444,
3C44,
3C44,
3C44,
3C44,
3C44,
3444,
3444,
3444,
3444,
3C44,
3444,
3444,
3444,
3444,
3BE4,
3BE4,
3BE4,
3BE4,
3BE4,
3BE4,
3BE5,
3BE5,
3363,
1280,
0A20,
1240,
1AC1,
1AC1,
12A0,
1AE0,
2B62,
3BC4,
3BE4,
3BE4,
3BE4,
3C03,
3C03,
3C03,
3C03,
3C03,
3C23,
3C23,
3C23,
3423,
3C23,
3C23,
3C23,
3C23,
3C23,
3C23,
3C23,
3C23,
3C23,
3C23,
3C23,
3C23,
3423,
3423,
3C23,
3C23,
3423,
3423,
3423,
3403,
3403,
3403,
3C23,
3C23,
3403,
3403,
3403,
3403,
3403,
3402,
33E2,
33E3,
33C3,
2B82,
2321,
22E2,
22A2,
1A01,
0981,
1182,
534A,
9D54,
B619,
CE9B,
CE9B,
CE9B,
D69C,
D69C,
D6BD,
DEDD,
DEDD,
DEFD,
DEFD,
DEFD,
DEFD,
DEFD,
DEFD,
DEFD,
E6FD,
E6FD,
E6FD,
E6FD,
E6FD,
E6FD,
E6FD,
E6FD,
E6FD,
E6FD,
E6FD,
E6FD,
DF1D,
DEFD,
DEFD,
E6FD,
E6FD,
E6FD,
E6FD,
E6FD,
E6FD,
E6FD,
E6FD,
E6FD,
E6FD,
E6FC,
E6FC,
E6FC,
DEFC,
DEFC,
DEFC,
DEFC,
DEFC,
DEFC,
DEFC,
DEFC,
DEDC,
DEDC,
DEDC,
DEDC,
DEDC,
DEDC,
DEDC,
DEDC,
DEDC,
DEDC,
DEDC,
DEDC,
DEDC,
DEDC,
DEDC,
DEDC,
DEDC,
DEDC,
DEDC,
DEFC,
DEFC,
DEFC,
DEDC,
DEDC,
DEDC,
DEDC,
DEDC,
DEFC,
DEFC,
DEDC,
DEDC,
DEDC,
DEFC,
DEFC,
DEFC,
DEFC,
DEFC,
DEFC,
E6FC,
E6FC,
E6FC,
E6FC,
E71C,
E71D,
E71D,
E71C,
E71C,
DEFC,
DEFC,
DF1C,
DF1C,
DF3C,
DF5C,
D719,
84F0,
2A44,
1180,
2A42,
3B44,
3B84,
3BA4,
33C3,
33E2,
33E2,
33E2,
3402,
3403,
3403,
3403,
3403,
3403,
33E3,
33E3,
33E3,
33E4,
4426,
5487,
4425,
1AE1,
12A0,
2B43,
3384,
3363,
2B02,
1AC0,
12C0,
12C0,
1B00,
2B62,
33E3,
3BE3,
3BE3,
3BE3,
33E3,
33E3,
33E3,
33E3,
3403,
3403,
3403,
3403,
3424,
3404,
3424,
3423,
3423,
3423,
3423,
3C24,
3C24,
3C24,
3C44,
3C44,
3C44,
3C44,
3C44,
3C44,
3C44,
3C44,
3C44,
3C44,
3C44,
3C44,
3C44,
3C44,
3C44,
3C44,
3C44,
3C44,
3C44,
3C44,
3C44,
3C44,
3C44,
3C44,
3C44,
3C44,
3C44,
3C44,
3C44,
3C44,
3C44,
3C44,
3C44,
3C44,
3C44,
3C44,
3C44,
3C44,
3C44,
3C44,
3C44,
3C44,
3C44,
3C44,
3C44,
3C44,
3C44,
3C44,
3C44,
3C44,
3C44,
3C44,
3C44,
3C44,
3C44,
3444,
3444,
3444,
3444,
3444,
3C44,
3C44,
3C44,
3444,
3444,
3C04,
3BE4,
3BE4,
3BE4,
3C03,
3C03,
3C04,
3BE5,
3383,
1AC1,
1280,
12A0,
2322,
2302,
1260,
0A40,
1AC0,
2B63,
3383,
33A3,
33A3,
33A3,
33C3,
3BE3,
3C03,
3C03,
3C04,
3C04,
3C23,
3423,
3C23,
3C23,
3C23,
3C23,
3C23,
3C23,
3C23,
3C23,
3C23,
3C23,
3C23,
3C23,
3423,
3C23,
3C23,
3C23,
3423,
3423,
3403,
3403,
3403,
3C03,
3C23,
3C23,
3403,
3403,
3403,
3403,
3402,
3402,
3403,
33E3,
33E3,
33C3,
33C4,
3384,
32E4,
1A02,
1182,
3A87,
8CB0,
C659,
CE9B,
CE9C,
CE9C,
D69C,
D6BC,
D6BD,
DEDD,
DEDD,
DEDD,
DEFD,
DEFD,
DEFD,
DEFD,
DEFD,
DEFD,
DEFD,
E6FD,
E6FD,
E6FD,
E6FD,
E6FD,
E6FD,
E6FD,
E6FD,
E6FD,
E6FD,
E6FD,
E6FD,
DF1D,
DEFD,
DEFD,
E6FD,
E6FD,
E6FD,
E6FD,
E6FD,
E6FD,
E6FD,
DEFD,
E6FD,
E6FD,
E6FC,
E6FC,
DEFC,
DEFC,
DEFC,
DEFC,
DEFC,
DEFC,
DEFC,
DEFC,
DEFC,
DEDC,
DEDC,
DEDC,
DEDC,
DEDC,
DEDC,
DEDC,
DEDC,
DEDC,
DEDC,
DEDC,
DEDC,
DEDC,
DEDC,
DEDC,
DEDC,
DEDC,
DEDC,
DEDC,
DEFC,
DEFC,
DEDC,
DEDC,
DEDC,
DEDC,
DEDC,
DEDC,
DEDC,
DEDC,
DEDC,
DEDC,
DEDC,
DEFC,
DEFC,
DEFC,
DEFC,
DEFC,
DEFC,
E6FC,
E6FC,
E6FC,
E6FC,
E71C,
E71D,
E71D,
E71C,
E71C,
DEFC,
DEFC,
DF1C,
DF1C,
D71B,
DF7C,
C697,
5BAA,
19C2,
21E1,
32C3,
3B44,
3B83,
3BA3,
3BC3,
33E3,
33E2,
33E2,
33E2,
3403,
3403,
3403,
3403,
3403,
3BE3,
33C3,
3BE4,
4426,
5488,
652B,
5CA9,
2B44,
1AC2,
2303,
22E3,
1A81,
0A20,
0A20,
12A0,
2321,
2B83,
33C4,
33E3,
33C3,
3BE3,
3BE3,
33E3,
33E3,
33E3,
3403,
3403,
3403,
3403,
3403,
3424,
3424,
3424,
3423,
3423,
3423,
3423,
3C24,
3C24,
3C24,
3C44,
3C44,
3C44,
3C44,
3C44,
3C44,
3C44,
3C44,
3C44,
3C44,
3C44,
3C44,
3C44,
3C44,
3C44,
3C44,
3C44,
3C44,
3C44,
3C44,
3C44,
3C44,
3C44,
3C44,
3C44,
3C44,
3C44,
3C44,
3C44,
3C44,
3C44,
3C44,
3C44,
3C44,
3C44,
3C44,
3C44,
3C44,
3C44,
3C44,
3C44,
3C44,
3C44,
3C44,
3C44,
3C44,
3C44,
3C44,
3C44,
3C44,
3C44,
3C44,
3C44,
3C44,
3C44,
3444,
3444,
3444,
3444,
3444,
3C44,
3C44,
3C44,
3444,
3444,
3C03,
3404,
3423,
3403,
3C03,
3C03,
3C04,
3C04,
33E4,
2B83,
2342,
2B62,
33C4,
2B43,
1260,
0200,
0A60,
1AE1,
2321,
2B22,
2B42,
2B42,
2B62,
2BA2,
33C3,
33E3,
3C04,
3C04,
3C03,
3C23,
3C23,
3C23,
3C23,
3C23,
3C23,
3C23,
3C23,
3C23,
3C23,
3C23,
3C23,
3C23,
3C23,
3423,
3423,
3423,
3423,
3423,
3C03,
3C03,
3C03,
3C03,
3C23,
3C23,
3C03,
3C03,
3403,
3402,
33E3,
33E3,
3403,
3BE3,
3BE3,
3BE4,
3BE5,
3B64,
2A63,
1961,
21A3,
63AD,
ADD6,
D6FC,
CEBC,
CE9C,
D6BC,
D6BC,
D6BC,
D6DD,
DEDD,
DEDD,
DEFD,
DEFD,
DEFD,
DEFD,
DEFD,
DEFD,
DEFD,
DF1D,
E6FD,
E6FD,
E6FD,
E6FD,
E6FD,
E6FD,
E6FD,
E6FD,
E6FD,
E6FD,
E6FD,
E6FD,
E71D,
E6FD,
E6FD,
E6FC,
DEFC,
DEFC,
E6FD,
E6FD,
DEFD,
DEFC,
DEFC,
DEFC,
DEFC,
DEFC,
DEFC,
DEFC,
DEFC,
DEFC,
DEFC,
DEFC,
DEFC,
DEFC,
DEFC,
DEFC,
DEDC,
DEDC,
DEDC,
DEDC,
DEDC,
DEDC,
DEDC,
DEDC,
DEDC,
DEDC,
DEDC,
DEDC,
DEDC,
DEDC,
DEDC,
DEDC,
DEDC,
DEDC,
DEDC,
DEDC,
DEDC,
DEDC,
DEDC,
DEDC,
DEDC,
DEDC,
DEDC,
DEDC,
DEFC,
DEFC,
DEFC,
DEDC,
DEDC,
DEDC,
DEDC,
DEDC,
DEDC,
DEFC,
E6FC,
E6FC,
E6FC,
E6FC,
E71C,
E71C,
E71C,
DF1C,
DF1C,
DF1C,
DEFC,
DF1C,
DF1C,
DF3B,
DF5B,
B614,
4B08,
19A1,
2A43,
4325,
3B84,
3383,
3BA3,
3BC3,
33E3,
33E3,
33E2,
33E2,
33E3,
3403,
3403,
3C03,
3BE3,
33A3,
33A4,
4C26,
5CC9,
6D2C,
7D8E,
5C8A,
2AE4,
1242,
1242,
1241,
0200,
01E0,
0220,
1B01,
33A3,
33E4,
33E4,
33E3,
3BC3,
3BE3,
3C03,
3C03,
33E3,
3403,
3403,
3403,
3403,
3403,
3403,
3423,
3423,
3423,
3423,
3423,
3423,
3423,
3C24,
3C24,
3C24,
3C24,
3C24,
3C24,
3C24,
3C24,
3C24,
3C24,
3C24,
3C24,
3C24,
3C24,
3C24,
3C24,
3C24,
3C24,
3C44,
3C44,
3C44,
3C44,
3C44,
3C44,
3C44,
3C44,
3C44,
3C44,
3C44,
3C44,
3C44,
3C44,
3C44,
3C44,
3C44,
3C44,
3C44,
3C44,
3C44,
3C44,
3C44,
3C44,
3C44,
3C44,
3C44,
3C44,
3C44,
3C44,
3C44,
3C44,
3C44,
3C44,
3C44,
3C44,
3C44,
3C44,
3C44,
3C44,
3C44,
3C44,
3C44,
3C44,
3C44,
3C44,
3C44,
3C44,
3444,
3444,
3403,
3423,
3423,
3423,
3C23,
3C23,
3C24,
3C04,
3404,
33E4,
33E4,
3BE4,
3C04,
2322,
0200,
01E0,
0A40,
12A0,
2301,
2302,
2322,
2322,
2321,
2322,
2322,
2362,
33A2,
33E3,
3C03,
3C03,
3C23,
3C23,
3C23,
3C23,
3C23,
3C23,
3C23,
3C23,
3C23,
3C23,
3C23,
3C23,
3C23,
3C03,
3C03,
3423,
3423,
3423,
3C03,
3C03,
3C03,
3C03,
3C03,
3C23,
3C03,
3C03,
3403,
3402,
33E3,
33E3,
3C03,
3BE3,
3BE3,
3BE5,
3BC6,
2AC4,
11A1,
1941,
52E9,
9D34,
C65A,
CEBC,
CE9C,
CEBC,
D6BC,
D6BC,
D6BD,
DEDD,
DEFD,
DEFD,
DEFD,
DEFD,
DEFD,
DEFD,
DEFD,
DEFD,
DEFD,
DF1D,
E6FD,
E6FD,
E6FD,
E6FD,
E6FD,
E6FD,
E6FD,
E6FD,
E6FD,
E6FD,
E6FD,
E6FD,
E71D,
E6FD,
E6FC,
E6FC,
E6FC,
DEFC,
DEFC,
E6FD,
DEFD,
DEFC,
DEDC,
DEFC,
DEFC,
DEFC,
DEFC,
DEFC,
DEFC,
DEFC,
DEFC,
DEFC,
DEFC,
DEFC,
DEFC,
DEFC,
DEDC,
DEDC,
DEDC,
DEDC,
DEDC,
DEDC,
DEDC,
DEDC,
DEDC,
DEDC,
DEDC,
DEDC,
DEDC,
DEDC,
DEDC,
DEDC,
DEDC,
DEDC,
DEDC,
DEDC,
DEDC,
DEDC,
DEDC,
DEDC,
DEDC,
DEDC,
DEDC,
DEFC,
DEFC,
DEFC,
DEFC,
DEDC,
DEDC,
DEDC,
DEDC,
DEDC,
DEDC,
DEFC,
E6FC,
E6FC,
E6FC,
E6FC,
E71C,
E71C,
DF1C,
DEFC,
DEFC,
E71D,
DF1C,
DF1C,
DF1C,
DF3B,
DF3A,
A5D3,
42C7,
1181,
3263,
4325,
3B84,
33A3,
3BC3,
3BC3,
33E3,
33E3,
33E2,
3BE2,
33E3,
33E3,
3BE3,
3C03,
3BA3,
3364,
3B85,
5C49,
858E,
9E52,
8DAF,
4BC8,
1A22,
01C0,
0A21,
1282,
0A41,
0220,
12A0,
2322,
33A3,
3C05,
33E4,
33C3,
3BE3,
3BE3,
3C03,
3C03,
33E3,
3403,
3403,
3403,
3403,
3C23,
3C23,
3423,
3423,
3423,
3423,
3423,
3423,
3423,
3C24,
3C24,
3C24,
3C24,
3C24,
3C24,
3C24,
3C24,
3C24,
3C24,
3C24,
3C24,
3C24,
3C23,
3C24,
3C24,
3C24,
3C24,
3C44,
3C44,
3C44,
3C44,
3C44,
3C44,
3C44,
3C44,
3C44,
3C44,
3C44,
3C44,
3C44,
3C44,
3C44,
3C44,
3C44,
3C44,
3C44,
3C44,
3C44,
3C44,
3C44,
3C44,
3C44,
3C44,
3C44,
3C44,
3C44,
3C44,
3C44,
3C44,
3C44,
3C44,
3C44,
3C44,
3C44,
3C44,
3C44,
3C44,
3C44,
3C44,
3C44,
3C44,
3C44,
3C44,
3C44,
3C44,
3444,
3444,
3423,
3423,
3C23,
3C23,
3C23,
3C23,
3C24,
3C04,
3404,
3C04,
3C24,
3C24,
33E4,
1AC1,
01C0,
0200,
1280,
1AE1,
2B22,
2B43,
2B43,
2B22,
2302,
1AE1,
12A0,
12A0,
1B21,
33C2,
3C03,
3C03,
3423,
3C23,
3C23,
3C23,
3C23,
3C23,
3C23,
3C23,
3C23,
3C23,
3423,
3403,
3423,
3C03,
3C03,
3423,
3423,
3423,
3C03,
3C03,
3C03,
3C03,
3C03,
3C03,
3C03,
3403,
3403,
3403,
3403,
33E3,
3BE3,
3BE3,
3BC4,
3BC5,
3345,
1A02,
0921,
3205,
8450,
BE38,
CE9B,
CE7B,
CE9C,
D6BD,
D6BD,
D6BD,
D6BD,
DEDD,
DEFD,
DEFD,
DEFD,
DEFD,
DEFD,
DEFD,
DEFD,
DEFD,
DEFD,
DF1D,
E6FD,
E6FD,
E6FD,
E6FD,
E6FD,
E6FD,
E6FD,
E6FD,
E6FD,
E6FD,
E6FD,
E6FD,
E6FD,
E6FD,
E6FC,
E6FC,
E6FC,
DEFC,
DEFC,
E6FD,
DEFC,
DEFC,
DEFC,
DEFC,
DEFC,
DEFC,
DEFC,
DEFC,
DEFC,
DEFC,
DEFC,
DEFC,
DEFC,
DEFC,
DEFC,
DEFC,
DEDC,
DEDC,
DEDC,
DEDC,
DEDC,
DEDC,
DEDC,
DEDC,
DEDC,
DEDC,
DEDC,
DEDC,
DEDC,
DEDC,
DEDC,
DEDC,
DEDC,
DEDC,
DEDC,
DEDC,
DEDC,
DEDC,
DEDC,
DEDC,
DEDC,
DEDC,
DEDC,
DEFC,
DEFC,
DEDC,
DEDC,
DEDC,
DEDC,
DEDC,
DEDC,
DEDC,
DEDC,
DEFC,
E6FC,
E6FC,
E6FC,
DEFC,
E6FC,
E6FC,
DF1C,
DEFC,
DEFC,
DF1C,
DF1C,
DF1C,
DF1C,
DF3B,
D71A,
9D92,
3AA6,
11A1,
2A63,
3B25,
3B84,
33A3,
3BC3,
3BC3,
3BE3,
33E3,
33C2,
33E2,
33E3,
3C03,
3C03,
33A3,
3363,
3324,
3B66,
6CAC,
A632,
C737,
A632,
4B87,
11E1,
01C0,
1A82,
2B24,
2303,
22E2,
2342,
2B82,
33E4,
3C25,
3BE4,
33C3,
3BE3,
3BE4,
3BE3,
33E3,
33E3,
3403,
3403,
3403,
3403,
3C23,
3C23,
3423,
3423,
3423,
3423,
3423,
3423,
3423,
3C24,
3C24,
3C24,
3C24,
3C24,
3C24,
3C24,
3C24,
3C24,
3C24,
3C24,
3C24,
3C24,
3C24,
3C24,
3C24,
3C24,
3C24,
3C44,
3C44,
3C44,
3C44,
3C44,
3C44,
3C44,
3C44,
3C44,
3C44,
3C44,
3C44,
3C44,
3C44,
3C44,
3C44,
3C44,
3C44,
3C44,
3C44,
3C44,
3C44,
3C44,
3C44,
3C44,
3C44,
3C44,
3C44,
3C44,
3C44,
3C44,
3C44,
3C44,
3C44,
3C44,
3C44,
3C44,
3C44,
3C44,
3C44,
3C44,
3C44,
3C44,
3C44,
3C44,
3C44,
3C44,
3C44,
3444,
3444,
3423,
3423,
3C24,
3C24,
3C23,
3C23,
3C23,
3C23,
3C24,
3C24,
3C04,
3C04,
33E3,
12E0,
0200,
0A80,
2322,
33A4,
3BA4,
3BA4,
3BA4,
3BA5,
3B85,
2302,
0A20,
0200,
12A0,
2B81,
3BE3,
3C24,
3423,
3C23,
3C23,
3423,
3423,
3423,
3423,
3423,
3423,
3423,
3423,
3423,
3403,
3403,
3403,
3403,
3403,
3403,
3C03,
3C03,
3C03,
3C03,
3C03,
3C03,
3403,
3403,
3403,
3403,
3403,
3C03,
3BE3,
3BC4,
43E4,
3B85,
1A63,
0140,
1963,
5B4B,
A575,
C67A,
CE7B,
CE9C,
D6BC,
D6DD,
D6DD,
D6DD,
D6DD,
DEDD,
DEFD,
DEFD,
DEFD,
DEFD,
E6FD,
E6FD,
E6FD,
E6FD,
DF1D,
DF1D,
DF1D,
DF1D,
DF1D,
DF1D,
DF1D,
DF1D,
DF1D,
E71D,
E6FD,
E6FD,
E6FD,
E6FD,
E6FD,
E6FD,
E6FD,
E6FD,
E6FD,
E6FC,
E6FC,
E6FC,
DEFC,
DEFC,
DEFC,
DEFC,
DEFC,
DEFC,
DEFC,
DEFC,
DEFC,
DEFC,
DEFC,
DEFC,
DEFC,
DEFC,
DEFC,
DEFC,
DEDC,
DEDC,
DEDC,
DEDC,
DEDC,
DEDC,
DEDC,
DEDC,
DEDC,
DEDC,
DEDC,
DEDC,
DEDC,
DEDC,
DEDC,
DEDC,
DEDC,
DEDC,
DEDC,
DEDC,
DEDC,
DEDC,
DEDC,
DEDC,
DEDC,
DEDC,
DEDC,
DEDC,
DEDC,
DEDC,
DEDC,
DEDC,
DEDC,
DEDC,
DEDC,
DEDC,
DEDC,
DEFC,
DEFC,
E6FC,
E6FC,
DEFC,
E6FC,
E6FD,
E6FD,
DEFD,
DF1C,
DF1C,
DEFC,
DF1C,
DF1C,
DF3B,
D71A,
9D71,
3A85,
19A1,
3283,
3B25,
3B84,
3BC4,
3BC3,
3BE3,
3BE3,
3BE3,
33C2,
33C2,
3BE3,
3C03,
2BC2,
2321,
22C2,
3304,
5C2A,
8D70,
B674,
CF37,
AE53,
4B68,
09E1,
1222,
2B25,
3B85,
3384,
33A4,
33C4,
3BE4,
3C04,
3C25,
3C04,
33E3,
33E4,
3BE4,
33E4,
33E3,
33E3,
33E3,
3C03,
3403,
3403,
3403,
3403,
3C23,
3C23,
3C23,
3C24,
3C24,
3C24,
3C24,
3C24,
3C24,
3C24,
3C24,
3C24,
3C24,
3C24,
3C24,
3C24,
3C24,
3C24,
3C24,
3C24,
3C24,
3C24,
3C24,
3C24,
3C24,
3C24,
3C24,
3C24,
3C24,
3C24,
3C44,
3C44,
3C44,
3C44,
3C44,
3C44,
3C44,
3C44,
3C44,
3C44,
3C44,
3C44,
3C44,
3C44,
3C44,
3C44,
3C44,
3C44,
3C44,
3C44,
3C44,
3C44,
3C44,
3C44,
3C44,
3C44,
3C44,
3C44,
3C44,
3C44,
3C44,
3C44,
3C44,
3C64,
3C65,
3C44,
3C44,
3C44,
3C44,
3C44,
3C44,
3C44,
3C44,
3444,
3444,
3423,
3423,
3424,
3423,
3423,
3C23,
3C23,
3C23,
3C23,
3C24,
3C24,
3403,
3403,
2BA1,
1B00,
2363,
33C4,
3BE5,
3BE5,
3BC5,
43C5,
43E6,
43E6,
2302,
01C0,
01A0,
0A60,
2B61,
33E3,
3C23,
3423,
3C23,
3C23,
3423,
3423,
3423,
3423,
3423,
3423,
3423,
3423,
3403,
3403,
3403,
3403,
3403,
3403,
3403,
3C03,
3C03,
3C03,
3C03,
3C03,
3C03,
3403,
3403,
3403,
3403,
3403,
3BE3,
3BE3,
43C4,
3BA4,
3303,
09A0,
0100,
3A47,
8491,
BE38,
CE9B,
CE9C,
D6BC,
D6BC,
D6DD,
DEDD,
DEDD,
DEDD,
DEDD,
DEFD,
DEFD,
DEFD,
E6FD,
E6FD,
E6FD,
E6FD,
E6FD,
DF1D,
DF1D,
DF1D,
DF1D,
DF1D,
DF1D,
DF1D,
DF1D,
DF1D,
E71D,
E6FD,
E6FD,
E6FD,
E6FD,
E6FD,
E6FD,
E6FD,
E6FD,
E6FD,
E6FC,
E6FC,
E6FC,
DEFC,
DEFC,
DEFC,
DEFC,
DEFC,
DEFC,
DEFC,
DEFC,
DEFC,
DEFC,
DEFC,
DEFC,
DEFC,
DEFC,
DEFC,
DEFC,
DEDC,
DEDC,
DEDC,
DEDC,
DEDC,
DEDC,
DEDC,
DEDC,
DEDC,
DEDC,
DEDC,
DEDC,
DEDC,
DEDC,
DEDC,
DEDC,
DEDC,
DEDC,
DEDC,
DEDC,
D6FC,
D6DC,
DEDC,
DEDC,
DEDC,
D6FC,
D6DC,
DEDC,
DEDC,
DEDC,
DEDC,
DEDC,
DEDC,
DEDC,
DEDC,
DEDC,
DEDC,
DEFC,
DEFC,
E6FC,
E6FC,
DEFC,
E6FD,
E6FD,
E6FD,
E6FD,
DEFC,
DF1C,
DEFC,
DF1C,
DF1B,
DF3B,
D71A,
A5B3,
4B28,
19E1,
2A62,
3B24,
3363,
33A2,
33C3,
33C3,
33E2,
3BE3,
3BE2,
33E2,
33C3,
2BA3,
1B21,
12A1,
22C3,
53EA,
8550,
AE54,
BE95,
CF16,
AE33,
4B68,
09E1,
1A83,
3BA6,
3BC5,
3BC4,
3BE3,
3BE4,
3C04,
3C04,
4424,
3C24,
3BE4,
33C3,
33A3,
2B82,
2B82,
33C3,
3C03,
3C03,
3C03,
3403,
3403,
3403,
3C23,
3C23,
3C23,
3C24,
3C24,
3C24,
3C24,
3C24,
3C24,
3C24,
3C24,
3C24,
3C24,
3C24,
3C24,
3C24,
3C24,
3C24,
3C24,
3C24,
3C24,
3C24,
3C24,
3C24,
3C24,
3C24,
3C24,
3C24,
3C24,
3C24,
3C44,
3C44,
3C44,
3C44,
3C44,
3C44,
3C44,
3C44,
3C44,
3C44,
3C44,
3C44,
3C44,
3C44,
3C44,
3C44,
3C44,
3C44,
3C44,
3C44,
3C44,
3C44,
3C44,
3C44,
3C44,
3C44,
3C44,
3C44,
3C44,
3C44,
3C44,
3C44,
3C44,
3C65,
3C65,
3C44,
3C44,
3C44,
3C44,
3C44,
3C44,
3C44,
3C44,
3444,
3444,
3423,
3C23,
3C23,
3423,
3423,
3C23,
3C43,
3C23,
3C23,
3C23,
3C23,
3403,
3403,
3C23,
3403,
3404,
3C04,
3BE4,
3BE4,
3BE4,
3BE5,
43E5,
43C5,
1AA1,
01A0,
01A0,
1280,
3382,
33E3,
3423,
3423,
3C23,
3C23,
3423,
3423,
3423,
3423,
3423,
3C23,
3C23,
3403,
3403,
3403,
3403,
3403,
3403,
3403,
3403,
3403,
3C03,
3C03,
3C03,
3C03,
3C03,
3403,
3403,
3403,
3403,
3403,
3BE3,
3BE4,
3BC5,
3344,
1221,
0120,
21A3,
6BAD,
ADB6,
C67A,
CE7B,
CE9C,
D6BC,
D6BD,
DEDD,
DEDD,
DEDD,
DEDD,
DEDD,
DEFD,
DEFD,
E6FD,
E6FD,
E6FD,
E6FD,
E6FD,
E6FD,
E6FD,
E6FD,
E6FD,
DF1D,
DF1D,
DF1D,
DF1D,
E6FD,
E6FD,
E6FD,
E6FD,
E6FD,
E6FD,
E6FD,
E6FC,
DEFC,
DEFC,
DEFC,
DEFC,
DEFC,
DEFC,
DEFC,
DEFC,
DEFC,
DEFC,
DEFC,
DEDC,
DEDC,
DEDC,
DEDC,
DEFC,
DEFC,
DEFC,
DEFC,
DEFC,
DEDC,
DEDC,
DEFC,
DEFC,
DEFC,
DEDC,
DEDC,
DEDC,
DEDC,
DEDC,
DEDC,
DEDC,
DEDC,
DEDC,
DEDC,
DEDC,
DEDC,
DEDC,
DEDC,
DEDC,
DEDC,
DEDC,
DEDC,
DEDC,
DEDC,
D6FC,
DEDC,
DEDC,
DEDC,
DEDC,
DEDC,
DEDC,
DEDC,
DEDC,
DEDC,
DEDC,
DEDC,
DEDC,
DEDC,
DEDC,
DEFC,
DEFC,
E6FD,
E6FD,
DEFC,
E6FD,
E6FD,
E6FD,
E6FD,
E6FD,
DF1C,
DF1C,
DF1C,
DF1C,
DF3B,
D71A,
BE55,
6BEB,
19C1,
1A00,
3344,
3383,
2B81,
2BA1,
33C1,
33E2,
3402,
33E2,
2B82,
1B21,
12A0,
0A80,
1AE3,
4BCA,
8D31,
B656,
C6B7,
C6B6,
CF17,
AE34,
4B48,
09C0,
1AA3,
3BA6,
3BC4,
3BC3,
3BE2,
3BE3,
3C03,
3C04,
3C24,
3C25,
3BE4,
2BA3,
2321,
1AE0,
2321,
33A2,
3C03,
3C03,
3C03,
3403,
3403,
3403,
3C23,
3C23,
3C23,
3C24,
3C24,
3C24,
3C24,
3C24,
3C24,
3C24,
3C24,
3C24,
3C24,
3C24,
3C24,
3C24,
3C24,
3C24,
3C24,
3C24,
3C24,
3C24,
3C24,
3C24,
3C24,
3C24,
3C24,
3C24,
3C24,
3C24,
3C44,
3C44,
3C44,
3C44,
3C44,
3C44,
3C44,
3C44,
3C44,
3C44,
3C44,
3C44,
3C44,
3C44,
3C44,
3C44,
3C44,
3C44,
3C44,
3C44,
3C44,
3C44,
3C44,
3C44,
3C44,
3C44,
3C44,
3C44,
3C44,
3C44,
3C44,
3C44,
3C44,
3C44,
3C44,
3C44,
3C44,
3C44,
3C44,
3C44,
3C44,
3C44,
3C44,
3444,
3444,
3423,
3C23,
3C23,
3C23,
3423,
3C23,
3C23,
3C23,
3C23,
3C23,
3403,
3403,
3403,
3423,
3C23,
3C04,
3C04,
3C04,
3BE4,
3BE4,
3BC4,
3BA4,
2B22,
0A00,
0160,
0A00,
2B02,
3BA3,
3C03,
3423,
3423,
3C23,
3C23,
3423,
3423,
3423,
3423,
3423,
3C23,
3C23,
3403,
3C03,
3C03,
3403,
3403,
3403,
3403,
3403,
3403,
3C03,
3C03,
3C03,
3C03,
3C03,
3403,
3403,
3403,
3403,
3403,
3BE3,
43E5,
3BA6,
1A82,
0120,
00E0,
4AA8,
9D14,
C65A,
CE7B,
CE9B,
D6BC,
D6BD,
D6DD,
DEDD,
DEDD,
DEDD,
DEDD,
DEFD,
E6FD,
E6FD,
E6FD,
E6FD,
E6FD,
E6FD,
E6FD,
E6FD,
E6FD,
E6FD,
E6FD,
DF1D,
DF1D,
DF1D,
DF1D,
E6FD,
E6FD,
E71C,
E71C,
E6FD,
E6FD,
E6FD,
E6FC,
DEFC,
DEFC,
DEFC,
DEFC,
DEFC,
DEFC,
DEFC,
DEFC,
DEFC,
DEFC,
DEFC,
DEDC,
DEDC,
DEDC,
DEDC,
DEDC,
DEDC,
DEDC,
DEDC,
DEDC,
DEDC,
DEDC,
DEFC,
DEFC,
DEFC,
DEDC,
DEDC,
DEDC,
DEDC,
DEDC,
DEDC,
DEDC,
DEDC,
DEDC,
DEDC,
DEDC,
DEDC,
DEDC,
DEDC,
DEDC,
DEDC,
DEDC,
DEDC,
DEDC,
DEDC,
D6FC,
D6FC,
DEDC,
DEDC,
DEDC,
DEDC,
DEDC,
DEDC,
DEDC,
DEDC,
DEDC,
DEDC,
DEDC,
DEDC,
DEDC,
DEFC,
DEFC,
E6FD,
E6FD,
DEFC,
E6FD,
E6FD,
E6FD,
E6FC,
E6FC,
DF1C,
DF1C,
DEFC,
DF1C,
DF1B,
DF3B,
CEB8,
8CAF,
2A24,
11C0,
2B03,
3BC5,
3BC3,
33C2,
33C2,
3BC2,
33A2,
2B41,
1280,
0200,
01E0,
1A84,
4BCA,
8511,
B617,
CEB9,
CEB9,
CED8,
CF18,
AE14,
4B49,
0160,
0A21,
3385,
3BA4,
33A2,
33C2,
3BE2,
3BE3,
3C03,
3C04,
3C25,
33E4,
2B62,
12C0,
0A80,
1AE0,
33A3,
3C04,
3C04,
3C03,
3403,
3403,
3403,
3C23,
3C23,
3C23,
3C24,
3C24,
3C24,
3C24,
3C24,
3C24,
3C24,
3C24,
3C24,
3C24,
3C24,
3C24,
3C24,
3C24,
3C24,
3C24,
3C24,
3C24,
3C24,
3C24,
3C24,
3C24,
3C24,
3C24,
3C24,
3C24,
3C24,
3C44,
3C44,
3C44,
3C44,
3C44,
3C44,
3C44,
3C44,
3C44,
3C44,
3C44,
3C44,
3C44,
3C44,
3C44,
3C44,
3C44,
3C44,
3C44,
3C44,
3C44,
3C44,
3C44,
3C44,
3C44,
3C44,
3C44,
3C44,
3C44,
3C44,
3C44,
3C44,
3C44,
3C44,
3C44,
3C44,
3C44,
3C44,
3C44,
3C44,
3C44,
3C44,
3C44,
3444,
3444,
3C24,
3C23,
3C23,
3C23,
3C23,
3C23,
3C23,
3C23,
3C23,
3C23,
3403,
3423,
3423,
3423,
3423,
3404,
3C03,
3C04,
3BE4,
3BC3,
3BC4,
3363,
1240,
0180,
01C0,
1AA2,
3363,
3BC4,
3C04,
3423,
3423,
3C23,
3C23,
3423,
3423,
3423,
3423,
3423,
3C23,
3C23,
3403,
3C03,
3C03,
3403,
3403,
3403,
3403,
3403,
3403,
3C03,
3C03,
3C03,
3C03,
3C03,
3403,
3403,
3403,
3403,
3C03,
3BE3,
43E5,
3344,
09C1,
00E0,
1984,
7C0F,
B618,
C67A,
CE9B,
D6BC,
D6BC,
DEBD,
DEDD,
DEDD,
DEFD,
DEFD,
DEFD,
DEFD,
E6FD,
E6FD,
E6FD,
E71D,
E6FD,
E6FD,
E6FD,
E6FD,
E6FD,
E6FD,
E6FD,
DEFD,
DF1D,
DEFD,
DEFD,
E6FD,
E6FD,
E6FC,
E6FC,
E6FD,
E6FD,
E6FD,
E6FC,
DEFC,
DEFC,
DEFC,
DEFC,
DEFC,
DEFC,
DEFC,
DEFC,
DEFC,
DEFC,
DEFC,
DEDC,
DEDC,
DEDC,
DEDC,
DEDC,
DEDC,
DEDC,
DEDC,
DEDC,
DEDC,
DEDC,
DEFC,
DEFC,
DEFC,
DEDC,
DEDC,
DEDC,
DEDC,
DEDC,
DEDC,
DEDC,
DEDC,
DEDC,
DEDC,
DEDC,
DEDC,
DEDC,
DEDC,
DEDC,
DEDC,
DEDC,
DEDC,
DEDC,
D6DC,
DEDC,
DEDC,
DEDC,
DEDC,
DEDC,
DEDC,
DEDC,
DEDC,
DEDC,
DEDC,
DEDC,
DEDC,
DEDC,
DEDC,
DEDC,
DEFC,
DEFC,
E6FD,
E6FD,
DEFD,
E6FD,
E6FD,
E6FC,
E6FC,
E6FC,
DEFC,
DEFD,
DEFC,
DF1C,
DF1B,
DF3B,
DF1A,
ADB4,
5B6B,
2A44,
2223,
2AC3,
3323,
3343,
3B63,
3343,
22A1,
0A00,
0180,
0180,
2245,
4B8B,
7CD1,
ADD6,
CE7A,
D69B,
D69B,
D6DB,
D6FA,
B616,
5BAB,
0160,
0180,
22E2,
3363,
3383,
33C2,
3BC2,
3BE2,
3BE3,
3BE3,
3C04,
33E4,
2B63,
0A80,
0220,
12C0,
2B82,
3C04,
3C04,
3C04,
3C03,
3C03,
3C03,
3C23,
3C23,
3C23,
3C24,
3424,
3C24,
3C24,
3C24,
3C24,
3C24,
3C24,
3C24,
3C24,
3C24,
3C24,
3C24,
3C24,
3C24,
3C24,
3C24,
3C24,
3C24,
3C24,
3C24,
3C24,
3C24,
3C24,
3C24,
3C24,
3C24,
3C44,
3C44,
3C44,
3C44,
3C44,
3C44,
3C44,
3C44,
3C44,
3C44,
3C44,
3C44,
3C44,
3C44,
3C44,
3C44,
3C44,
3C44,
3C44,
3C44,
3C44,
3C44,
3C44,
3C44,
3C44,
3C44,
3C44,
3C44,
3C44,
3C44,
3C44,
3C44,
3C44,
3C44,
3C44,
3C44,
3C44,
3C44,
3C44,
3C44,
3C44,
3C44,
3C44,
3444,
3444,
3C24,
3C24,
3C24,
3C24,
3C24,
3C24,
3C24,
3C23,
3C23,
3C23,
3423,
3423,
3423,
3423,
3423,
3423,
3C24,
3C04,
3BE4,
3BC3,
3BA4,
22E2,
01E0,
01A0,
1240,
2B23,
3BA4,
43C4,
3BE4,
3403,
3423,
3423,
3423,
3423,
3423,
3423,
3423,
3C23,
3C23,
3C23,
3403,
3403,
3403,
3403,
3403,
3403,
3403,
3C03,
3C03,
3C03,
3C03,
3C03,
3403,
3403,
3403,
3402,
33E2,
3403,
3BE3,
4404,
3BA4,
2282,
0140,
0141,
4B0A,
9D34,
C659,
CE9B,
D6BC,
D6BC,
DEBD,
DEDD,
DEFD,
E6FD,
E6FD,
E6FD,
E6FD,
DEFD,
DEFD,
DEFD,
E6FD,
E6FD,
E6FD,
E6FD,
E6FD,
E6FD,
E6FD,
E6FD,
E6FD,
DEFC,
DEFD,
E6FD,
E6FD,
E6FD,
E6FD,
E6FD,
E6FD,
E6FD,
E6FD,
E6FD,
E6FD,
DEFC,
DEFC,
DEFC,
DEDC,
DEDC,
DEDC,
DEDC,
DEFC,
DEFC,
DEFC,
DEFC,
DEDC,
DEDC,
DEDC,
DEDC,
DEDC,
DEDC,
DEDC,
DEDC,
DEDC,
DEDC,
DEDC,
DEDC,
DEDC,
DEFC,
DEDC,
DEDC,
DEDC,
DEDC,
DEDC,
DEDC,
DEDC,
DEDC,
DEDC,
DEDC,
DEDC,
DEDC,
DEDC,
DEDC,
DEDC,
DEDC,
DEDC,
DEDC,
D6FC,
D6FC,
D6DC,
DEDC,
DEDC,
DEDC,
DEDC,
DEDC,
DEDC,
DEDC,
DEDC,
DEDC,
DEDC,
DEDC,
DEDC,
DEDC,
DEDC,
DEFC,
DEFD,
E6FD,
E6FD,
DEFC,
E6FD,
E6FD,
E6FC,
E6FC,
E6FC,
E6FD,
E6FD,
DEFC,
DF1C,
DF1B,
DF1B,
DF3B,
C698,
9532,
5BAB,
21E3,
0100,
0140,
11E0,
1A41,
1A00,
0140,
0100,
0160,
2A66,
644E,
9595,
AE18,
CE9B,
D6BC,
D6BC,
D6BC,
D6DC,
D71A,
C6B8,
6C4E,
0181,
0120,
0A00,
22E1,
3383,
3BE3,
3BE2,
3BE3,
3BE3,
3BE3,
3C04,
3BE4,
2322,
0220,
0200,
12A0,
2B82,
3BE3,
3C03,
3C03,
3C03,
3C03,
3C04,
3C04,
3C23,
3C23,
3424,
3424,
3424,
3C24,
3C24,
3C24,
3C24,
3C24,
3C24,
3C24,
3C24,
3C24,
3C24,
3C24,
3C24,
3C24,
3C24,
3C24,
3C24,
3C24,
3C44,
3C44,
3C44,
3C44,
3C44,
3C44,
3C44,
3C44,
3C44,
3C44,
3C44,
3C44,
3C44,
3C44,
3C44,
3C44,
3C44,
3C44,
3C44,
3C44,
3C44,
3C44,
3C44,
3C44,
3C44,
3C44,
3C44,
3C44,
3C44,
3C44,
3C44,
3C44,
3C44,
3C44,
3C44,
3C44,
3C44,
3C44,
3C44,
3C44,
3C44,
3C44,
3C44,
3C44,
3C44,
3C44,
3C44,
3C44,
3C44,
3C44,
3424,
3424,
3C24,
3C24,
3C24,
3C24,
3C24,
3C24,
3C24,
3C23,
3C23,
3C23,
3423,
3423,
3423,
3423,
3423,
3423,
3C23,
3C04,
3C03,
3BC3,
3383,
22C1,
0A20,
1280,
2B22,
3BA4,
3BC4,
43E5,
3BE4,
3403,
3423,
3423,
3423,
3423,
3423,
3423,
3423,
3C23,
3C23,
3C23,
3403,
3403,
3403,
3403,
3403,
3403,
3403,
3403,
3C03,
3C03,
3C03,
3C03,
3403,
3403,
3403,
33E2,
33E2,
3BE3,
3BE3,
3BC4,
3324,
09C0,
0100,
2204,
8491,
C639,
C67A,
CE7A,
D6BC,
D6BC,
DEDD,
DEDD,
DEFD,
E6FD,
E6FD,
E6FD,
E6FD,
DF1D,
DF1D,
DF1D,
DF1D,
DF1D,
E6FD,
E6FD,
E6FD,
E6FD,
E6FD,
E6FD,
E6FD,
E6FC,
E6FC,
E6FD,
E6FD,
E6FD,
E6FD,
E6FD,
E6FD,
E6FD,
E6FD,
E6FD,
E6FC,
DEFC,
DEFC,
DEFC,
DEDC,
DEDC,
DEDC,
DEDC,
DEDC,
DEFC,
DEFC,
DEFC,
DEDC,
DEDC,
DEDC,
DEDC,
DEDC,
DEDC,
DEDC,
DEDC,
DEDC,
DEDC,
DEDC,
DEDC,
DEDC,
DEFC,
DEDC,
DEDC,
DEDC,
DEDC,
DEDC,
DEDC,
DEDC,
DEDC,
DEDC,
DEDC,
DEDC,
DEDC,
DEDC,
DEDC,
DEDC,
DEDC,
DEDC,
DEDC,
D6FC,
D6DC,
DEDC,
DEDC,
DEDC,
DEDC,
DEDC,
DEDC,
DEDC,
DEDC,
DEDC,
DEDC,
DEDC,
DEDC,
DEDC,
DEDC,
DEDC,
DEFC,
DEFD,
E6FD,
E6FD,
DEFC,
E6FD,
E6FD,
E6FC,
E6FC,
E6FC,
E6FD,
E6FD,
E6FC,
DEFC,
DF1C,
DF1C,
DF1B,
DF1C,
C699,
A554,
636B,
2162,
0020,
0020,
0080,
00E0,
1161,
21E3,
4B29,
84F2,
B638,
CEDC,
CEDD,
D6DD,
D6DD,
D6DD,
DEFD,
D6DC,
DF1B,
CEFA,
84F1,
1A03,
0100,
01A0,
1AC1,
3BA4,
4404,
3BE2,
3BE3,
3C03,
3BE4,
3BE4,
33C4,
1AE2,
0200,
01E0,
0A80,
2B61,
33E3,
3C03,
3C03,
3C03,
3C03,
3C04,
3C04,
3C23,
3423,
3C24,
3C24,
3C24,
3C24,
3C24,
3C24,
3C24,
3C24,
3C24,
3C24,
3C24,
3C24,
3C24,
3C24,
3C24,
3C24,
3C24,
3C24,
3C24,
3C24,
3C44,
3C44,
3C44,
3C44,
3C44,
3C44,
3C44,
3C44,
3C44,
3C44,
3C44,
3C44,
3C44,
3C44,
3C44,
3C44,
3C44,
3C44,
3C44,
3C44,
3C44,
3C44,
3C44,
3C44,
3C44,
3C44,
3C44,
3C44,
3C44,
3C44,
3C44,
3C44,
3C44,
3C44,
3C44,
3C44,
3C44,
3C44,
3C44,
3C44,
3C44,
3C44,
3C44,
3C44,
3C44,
3C44,
3C44,
3C44,
3C44,
3C44,
3C44,
3C24,
3C24,
3C24,
3C24,
3C24,
3C24,
3C24,
3C24,
3C23,
3C23,
3C24,
3423,
3423,
3423,
3423,
3C23,
3423,
3423,
3C23,
3C23,
33E3,
3382,
2B42,
2302,
2B62,
3BC4,
3BE4,
4404,
3C04,
3C04,
3C03,
3423,
3423,
3423,
3423,
3423,
3423,
3423,
3423,
3423,
3423,
3423,
3403,
3403,
3403,
3403,
3403,
3403,
3403,
3403,
3403,
3403,
3C03,
3403,
3403,
33E3,
33E2,
33E2,
3BE3,
3BE4,
3364,
22A2,
0160,
0961,
5B6B,
ADB6,
CE9B,
CE9B,
CE9B,
D6DC,
DEDC,
DEDD,
DEFD,
DEFD,
DEFD,
DEFD,
DEFD,
E6FD,
DF1D,
DF1D,
DF1D,
DF1D,
DF1D,
E6FD,
E6FD,
E6FD,
E6FD,
E6FD,
E6FC,
E6FD,
E6FD,
E6FD,
E6FD,
E6FD,
E6FD,
E6FD,
E6FD,
E6FD,
E6FD,
E6FC,
DEFC,
DEFC,
DEFC,
DEFC,
DEFC,
DEDC,
DEDC,
DEDC,
DEDC,
DEDC,
DEDC,
DEFC,
DEFC,
DEDC,
DEDC,
DEDC,
DEDC,
DEDC,
DEDC,
DEDC,
DEDC,
DEDC,
DEDC,
DEDC,
DEFC,
DEFC,
DEFC,
DEDC,
DEDC,
DEDC,
DEDC,
DEDC,
DEDC,
DEDC,
DEDC,
DEDC,
DEDC,
DEDC,
DEDC,
DEDC,
DEDC,
DEDC,
DEDC,
DEDC,
DEDC,
DEDC,
DEDC,
DEDC,
DEDC,
DEDC,
DEDC,
DEDC,
DEDC,
DEDC,
DEDC,
DEDC,
DEDB,
DEDC,
DEDC,
DEDC,
DEDC,
DEDC,
DEFC,
DEFD,
E6FD,
E6FD,
DEFC,
E6FD,
E6FD,
E6FD,
E6FC,
E6FC,
E6FD,
E6FD,
E6FD,
E6FC,
E6FC,
DF1C,
DEFC,
DF1C,
DF1C,
D69A,
C618,
8C71,
52A9,
31C5,
1922,
4267,
740D,
8CF1,
ADD5,
CEBA,
D6FC,
D6DD,
D6DD,
D6DD,
DEFE,
DEFD,
DEFC,
D6FC,
DF1B,
D71B,
9D73,
3286,
0100,
01A0,
2AE2,
43E5,
4404,
3BE3,
43E4,
4404,
3BE4,
3BE4,
3BC5,
1AE2,
01E0,
01E0,
12A0,
2B82,
3BE3,
3C03,
3C03,
3C03,
3C03,
3C04,
3C03,
3C23,
3C23,
3C24,
3C24,
3C24,
3C24,
3C24,
3C24,
3C24,
3C24,
3C24,
3C24,
3C24,
3C24,
3C24,
3C24,
3C24,
3C24,
3C24,
3C24,
3C24,
3C24,
3C44,
3C44,
3C44,
3C44,
3C44,
3C44,
3C44,
3C44,
3C44,
3C44,
3C44,
3C44,
3C44,
3C44,
3C44,
3C44,
3C44,
3C44,
3C44,
3C44,
3C44,
3C44,
3C44,
3C44,
3C44,
3C44,
3C44,
3C44,
3C44,
3C44,
3C44,
3C44,
3C44,
3C44,
3C44,
3C44,
3C44,
3C44,
3C44,
3C44,
3C44,
3C44,
3C44,
3C44,
3C44,
3C44,
3C44,
3C44,
3C44,
3C44,
3C24,
3C24,
3C24,
3C24,
3C24,
3C24,
3C24,
3C24,
3C24,
3C23,
3C23,
3C23,
3423,
3423,
3423,
3C23,
3C23,
3423,
3423,
3423,
3C23,
3C03,
33C3,
33A3,
3BC4,
3BE4,
4405,
4405,
3C24,
3C04,
3C04,
3C03,
3423,
3423,
3423,
3423,
3423,
3423,
3423,
3423,
3423,
3423,
3423,
3403,
3403,
3403,
3403,
3403,
3403,
3403,
3403,
3403,
3403,
3C03,
3403,
33E3,
3BE3,
33E3,
3BE3,
3BE3,
3BC4,
2B03,
09E0,
0140,
32A6,
8CF2,
C659,
CE9B,
D69B,
D6BC,
DEDC,
DEDC,
DEFD,
DEFD,
DEFD,
DEFD,
DEFD,
DEFD,
E6FD,
DF1D,
DF1D,
DF1D,
DF1D,
DF1D,
E6FD,
E6FD,
E6FD,
E6FD,
E6FD,
E6FC,
E6FD,
E6FD,
E6FD,
E6FD,
E6FD,
E6FD,
E6FD,
E6FD,
E6FD,
E6FD,
E6FC,
DEFC,
DEFC,
DEFC,
DEFC,
DEFC,
DEDC,
DEDC,
DEDC,
DEDC,
DEDC,
DEDC,
DEFC,
DEFC,
DEDC,
DEDC,
DEDC,
DEDC,
DEDC,
DEDC,
DEDC,
DEDC,
DEDC,
DEDC,
DEDC,
DEFC,
DEFC,
DEFC,
DEDC,
DEDC,
DEDC,
DEDC,
DEDC,
DEDC,
DEDC,
DEDC,
DEDC,
DEDC,
DEDC,
DEDC,
DEDC,
DEDC,
DEDC,
DEDC,
DEDC,
DEDC,
DEDC,
DEDC,
DEDC,
DEDC,
DEDC,
DEDC,
DEDC,
DEDC,
DEDC,
DEDC,
DEDC,
DEDC,
DEDC,
DEDC,
DEDC,
DEDC,
DEDC,
DEFC,
DEFD,
E6FD,
E6FD,
DEFC,
E6FD,
E6FD,
E6FD,
E6FC,
E6FC,
E6FD,
E6FD,
E6FD,
E6FD,
E6FD,
DEFD,
DEFD,
DEFC,
DEFC,
E71C,
EF5D,
E71C,
D6BA,
B5B6,
A4F3,
B596,
CE59,
CEBA,
D6FB,
DF1C,
DEFD,
DEFD,
DEFD,
DEFD,
DEFE,
DEFE,
DEFC,
D6FC,
DF1B,
DF1B,
ADD6,
4B49,
0160,
09A0,
32E3,
43C5,
43C4,
3BA3,
43C4,
4405,
43E5,
3BC4,
3384,
12A1,
01C0,
01C0,
12A0,
2B82,
3BE4,
3C04,
3C04,
3C04,
3C04,
3C04,
3C04,
3C24,
3C04,
3C24,
3C24,
3C24,
3C24,
3C24,
3C24,
3C24,
3C24,
3C24,
3C24,
3C24,
3C24,
3C24,
3C24,
3C24,
3C24,
3C24,
3C24,
3C24,
3C24,
3C44,
3C44,
3C44,
3C44,
3C44,
3C44,
3C44,
3C44,
3C44,
3C44,
3C44,
3C44,
3C44,
3C44,
3C44,
3C44,
3C44,
3C44,
3C44,
3C44,
3C44,
3C44,
3C44,
3C44,
3C44,
3C44,
3C44,
3C44,
3C44,
3C44,
3C44,
3C44,
3C44,
3C44,
3C44,
3C44,
3C44,
3C44,
3C44,
3C44,
3C44,
3C44,
3C44,
3C44,
3C44,
3C44,
3C44,
3C44,
3C44,
3C44,
3C24,
3C24,
3C24,
3C24,
3C24,
3C24,
3C24,
3C24,
3C24,
3C23,
3C23,
3C23,
3423,
3423,
3423,
3C23,
3C23,
3423,
3423,
3423,
3C23,
3C03,
33E3,
3BE4,
3BE4,
4405,
4405,
4405,
3C24,
3C04,
3C04,
3C03,
3423,
3423,
3423,
3423,
3423,
3423,
3423,
3423,
3423,
3423,
3423,
3403,
3403,
3403,
3403,
3403,
3403,
3403,
3403,
3403,
3403,
3403,
3403,
33E3,
3BE3,
3BE3,
3BE3,
3BE3,
3363,
1A60,
0140,
19E2,
6C4D,
B617,
CE9B,
CE9B,
D69B,
D6BC,
DEDC,
DEFC,
DEFD,
DEFD,
DEFD,
DEFD,
DEFD,
DEFD,
DEFD,
DF1D,
DF1D,
DF1D,
DF1D,
DF1D,
E6FD,
E6FD,
E6FD,
E6FD,
E6FD,
E6FD,
E6FD,
E6FD,
E6FD,
E6FD,
E6FD,
E6FD,
E6FD,
E6FD,
E6FC,
DEFC,
DEFC,
DEFC,
DEFC,
DEFC,
DEFC,
DEFC,
DEDC,
DEDC,
DEDC,
DEDC,
DEDC,
DEDC,
DEFC,
DEFC,
DEDC,
DEDC,
DEDC,
DEDC,
DEDC,
DEDC,
DEDC,
DEDC,
DEDC,
DEDC,
DEDC,
DEFC,
DEDC,
DEFC,
DEDC,
DEDC,
DEDC,
DEDC,
DEDC,
DEDC,
DEDC,
DEDC,
DEDC,
DEDC,
DEDC,
DEDC,
DEDC,
DEDC,
DEDC,
DEDC,
DEDC,
DEDC,
DEDC,
DEDC,
DEDC,
DEDC,
DEDC,
DEDC,
DEDC,
DEDC,
DEDC,
DEDC,
DEDC,
DEDC,
DEDC,
DEDC,
DEDC,
DEDC,
DEDC,
DEFC,
DEFC,
E6FD,
E6FC,
DEFC,
E6FD,
E6FD,
E6FD,
E6FD,
E6FD,
E6FD,
E6FD,
E6FD,
E6FD,
E6FD,
E6FD,
E6FD,
E6FC,
E6FC,
E71C,
E71D,
EF5E,
F77E,
EF3D,
EF1D,
EEFD,
EEFD,
DEFD,
DF1D,
DEFD,
DEFD,
DF1D,
DF1D,
DF1D,
DEFD,
DEFD,
DEFD,
DF1C,
D6FB,
DF1B,
C678,
6C0D,
19E3,
11C1,
32E4,
43A5,
3B83,
3B83,
43C4,
4C06,
43C5,
3343,
22E2,
0A40,
01A0,
01C0,
1280,
2B83,
3BE4,
3BE5,
3BE4,
3C05,
3C25,
3C24,
3C24,
3C04,
3C04,
3C24,
3C24,
3C24,
3C24,
3C24,
3C24,
3C24,
3C24,
3C24,
3C24,
3C24,
3C24,
3C24,
3C24,
3C24,
3C24,
3C24,
3C24,
3C24,
3C24,
3C44,
3C44,
3C44,
3C44,
3C44,
3C44,
3C44,
3C44,
3C44,
3C44,
3C44,
3C44,
3C44,
3C44,
3C44,
3C44,
3C44,
3C44,
3C44,
3C44,
3C44,
3C44,
3C44,
3C44,
3C44,
3C44,
3C44,
3C44,
3C44,
3C44,
3C44,
3C44,
3C44,
3C44,
3C44,
3C44,
3C44,
3C44,
3C44,
3C44,
3C44,
3C44,
3C44,
3C44,
3C44,
3C44,
3C44,
3C44,
3C44,
3C44,
3C24,
3C24,
3C24,
3C24,
3C24,
3C24,
3C24,
3C24,
3C24,
3C23,
3C23,
3C23,
3C23,
3C23,
3C23,
3423,
3423,
3423,
3C23,
3C23,
3C23,
3C04,
3BE4,
3BE4,
3C04,
3C04,
3C04,
3C04,
3C24,
3C24,
3C24,
3C24,
3423,
3423,
3423,
3423,
3423,
3423,
3423,
3423,
3423,
3423,
3423,
3423,
3423,
3423,
3423,
3423,
3423,
3403,
3403,
3403,
3403,
3403,
3403,
33E3,
3BE3,
3BE3,
43E3,
3BA3,
22C1,
0180,
0940,
4B28,
9593,
C699,
CE9B,
CE7B,
D6BB,
DEDC,
DEFC,
E6FD,
DEFD,
DEFD,
DEFD,
DEFD,
DEFD,
DEFD,
DEFD,
DF1D,
DF1D,
DF1D,
DF1D,
DF1D,
E6FD,
E6FD,
E6FD,
E6FD,
E6FD,
E6FD,
E6FD,
E6FD,
E6FD,
E6FD,
E6FD,
E6FD,
E6FD,
E6FC,
E6FC,
DEFC,
DEFC,
DEFC,
DEFC,
DEFC,
DEFC,
DEFC,
DEDC,
DEDC,
DEDC,
DEDC,
DEDC,
DEFC,
DEFC,
DEFC,
DEDC,
DEDC,
DEDC,
DEDC,
DEDC,
DEDC,
DEDC,
DEDC,
DEDC,
DEDC,
DEDC,
DEDC,
DEDC,
DEDC,
DEDC,
DEDC,
DEDC,
DEDC,
DEDC,
DEDC,
DEDC,
DEDC,
DEDC,
DEDC,
DEDC,
DEDC,
DEDC,
DEDC,
DEDC,
DEDC,
DEDC,
DEDC,
DEDC,
DEDC,
DEDC,
DEDC,
DEDC,
DEDC,
DEDC,
DEDC,
DEDC,
DEDC,
DEDC,
DEDC,
DEDC,
DEDC,
DEDC,
DEDC,
DEDC,
DEFC,
DEFC,
E6FC,
E6FC,
DEFC,
E6FC,
E6FD,
E6FD,
E6FD,
E6FD,
E6FD,
E6FD,
E6FD,
E6FD,
E6FD,
E6FD,
E6FD,
E6FD,
E6FD,
E6FD,
E6FC,
E6FC,
E6DC,
E6FD,
E6FD,
EF1D,
EF1D,
E71D,
DEFC,
DEFD,
DEFD,
DF1D,
DF1D,
DF1D,
DF1D,
DF1D,
DF1D,
DF1C,
DF1C,
DF3C,
D71B,
9D72,
3AE7,
11C1,
2AA3,
4385,
4384,
43C4,
4BE6,
43C5,
3B64,
22C1,
1260,
0A00,
01A0,
01A0,
1260,
2B42,
3BC4,
3BE5,
3BC5,
3BC4,
33C3,
33C3,
33C3,
33E3,
3404,
3C04,
3C24,
3C24,
3C24,
3C24,
3C24,
3C24,
3C24,
3C24,
3C24,
3C24,
3C24,
3C24,
3C24,
3C24,
3C24,
3C24,
3C24,
3C24,
3C24,
3C44,
3C44,
3C44,
3C44,
3C44,
3C44,
3C44,
3C44,
3C44,
3C44,
3C44,
3C44,
3C44,
3C44,
3C44,
3C44,
3C44,
3C44,
3C44,
3C44,
3C44,
3C44,
3C44,
3C44,
3C44,
3C44,
3C44,
3C44,
3C44,
3C44,
3C44,
3C44,
3C44,
3C44,
3C44,
3C44,
3C44,
3C44,
3C44,
3C44,
3C44,
3C44,
3C44,
3C44,
3C44,
3C44,
3C44,
3C44,
3C44,
3C44,
3C24,
3C24,
3C24,
3C24,
3C24,
3C24,
3C24,
3C24,
3C24,
3C23,
3C23,
3C23,
3C23,
3C23,
3C23,
3423,
3423,
3423,
3C23,
3C23,
3C24,
3C04,
3C04,
3C04,
3C24,
3C24,
3C24,
3C24,
3C24,
3C24,
3C24,
3C23,
3C23,
3423,
3423,
3423,
3423,
3423,
3423,
3423,
3423,
3423,
3423,
3423,
3423,
3423,
3423,
3423,
3423,
3423,
3403,
3403,
3403,
3403,
3403,
3403,
3BE3,
3BE4,
43C4,
3323,
09E0,
0100,
2A04,
7C90,
B657,
C69A,
CE9B,
CE9B,
DEDC,
DEDC,
E6FD,
E6FD,
DEFD,
DEFD,
DEFD,
DEFD,
DEFD,
DEFD,
E6FD,
E6FD,
E6FD,
DF1D,
DF1D,
DF1D,
E6FD,
E6FD,
E6FD,
E6FD,
E6FD,
E6FD,
E6FD,
E6FD,
E6FD,
E6FD,
E6FD,
E6FD,
E6FD,
E6FC,
E6FC,
DEFC,
DEFC,
DEFC,
DEFC,
DEFC,
DEFC,
DEFC,
DEDC,
DEDC,
DEDC,
DEDC,
DEDC,
DEFC,
DEFC,
DEFC,
DEDC,
DEDC,
DEDC,
DEDC,
DEDC,
DEDC,
DEDC,
DEDC,
DEDC,
DEDC,
DEDC,
DEDC,
DEDC,
DEDC,
DEDC,
DEDC,
DEDC,
DEDC,
DEDC,
DEDC,
DEDC,
DEDC,
DEDC,
DEDC,
DEDC,
DEDC,
DEDC,
DEDC,
DEDC,
DEDC,
DEDC,
DEDC,
DEDC,
DEDC,
DEDC,
DEDC,
DEDC,
DEDC,
DEDC,
DEDC,
DEDC,
DEDC,
DEDC,
DEDC,
DEDC,
DEDC,
DEDC,
DEDC,
DEDC,
DEFC,
DEFC,
E6FC,
E6FC,
DEFC,
E6FC,
E6FD,
E6FD,
E6FD,
E6FD,
E6FD,
E6FD,
E6FD,
E6FD,
E6FD,
E6FD,
E6FD,
E6FD,
E6FD,
E6FD,
E6FD,
E6FD,
E6FD,
DF1D,
DF1D,
DF1D,
E71D,
E71D,
DF1D,
DEFD,
DF1D,
DF1D,
DF1D,
DF1D,
DF1D,
DF1D,
DF1D,
DF1D,
DF1C,
DF1C,
E77D,
D6F9,
744E,
2A24,
2A63,
3B03,
4384,
53E5,
5407,
4BC5,
3B44,
2281,
1200,
1221,
1242,
1262,
1AA1,
2B02,
3384,
3BA4,
3384,
2321,
0A80,
0A60,
1B21,
33E3,
3C04,
3C24,
3C23,
3C24,
3C24,
3C24,
3C24,
3C24,
3C24,
3C24,
3C24,
3C24,
3444,
3C24,
3C24,
3C24,
3C24,
3444,
3C24,
3C24,
3C24,
3C44,
3C44,
3C44,
3C44,
3C44,
3C44,
3C44,
3C44,
3C44,
3C44,
3C44,
3C44,
3C44,
3C44,
3C44,
3C44,
3C44,
3C44,
3C44,
3C44,
3C44,
3C44,
3C44,
3C44,
3C44,
3C44,
3C44,
3C44,
3C44,
3C44,
3C44,
3C44,
3C44,
3C44,
3C44,
3C44,
3C44,
3C44,
3C44,
3C44,
3C44,
3C44,
3C44,
3C44,
3C44,
3C44,
3C44,
3C44,
3C44,
3C44,
3C44,
3C44,
3C24,
3C23,
3C23,
3C23,
3C23,
3C23,
3C23,
3C23,
3C23,
3C23,
3C23,
3C23,
3C23,
3C23,
3C23,
3C23,
3C23,
3C23,
3C24,
3C24,
3C24,
3C24,
3C24,
3C24,
3C24,
3C24,
3C44,
3C23,
3C23,
3C23,
3423,
3423,
3C23,
3C23,
3C23,
3C23,
3C23,
3C23,
3C23,
3C23,
3C23,
3423,
3423,
3423,
3423,
3423,
3423,
3403,
3403,
3403,
3403,
3403,
3403,
3C03,
3BE3,
3BE4,
3B84,
1A61,
0100,
0941,
5B8C,
ADD6,
C699,
CE9A,
CE9A,
D6BC,
DEDC,
DEFD,
E6FD,
E6FD,
DEFD,
DEFD,
DEFD,
DEFD,
E6FD,
E6FD,
E6FD,
E6FD,
E6FD,
E6FD,
DEFD,
DEFD,
E6FD,
E6FD,
E6FD,
E6FD,
E6FD,
E6FD,
E6FD,
E6FD,
E6FD,
E6FD,
E6FD,
E6FD,
E6FD,
E6FD,
DEFC,
DEFC,
DEFC,
DEDC,
DEDC,
DEDC,
DEFC,
DEFC,
DEDC,
DEDC,
DEDC,
DEDC,
DEDC,
DEDC,
DEFC,
DEFC,
DEDC,
DEDC,
DEDC,
DEDC,
DEFC,
DEFC,
DEFC,
DEFC,
DEDC,
DEDC,
DEDC,
DEDC,
DEDC,
DEDB,
DEDC,
DEDC,
DEDC,
DEDC,
DEDC,
DEDC,
DEDC,
DEDC,
DEDC,
DEDC,
DEDC,
DEDC,
DEDC,
DEDC,
DEDC,
DEDC,
DEDC,
DEDC,
DEDC,
DEDC,
DEDC,
DEDC,
DEDC,
DEDC,
DEDC,
DEDC,
DEDC,
DEDC,
DEDC,
DEDC,
DEDC,
DEDC,
DEDC,
DEDC,
DEDC,
DEFC,
DEFC,
DEFC,
DEFC,
DEFC,
DEFC,
DEFC,
E6FC,
E6FC,
E6FD,
E6FD,
E6FD,
E6FD,
E6FD,
E6FD,
E6FD,
E6FD,
E6FD,
E6FD,
E6FD,
E6FD,
E6FD,
E71D,
DF1D,
DF1D,
DF1D,
DF1D,
DF1D,
DF1D,
DF1D,
DF1D,
DF1D,
DF1D,
DF1D,
DF1D,
DF1D,
DF1D,
DF1D,
DF1D,
DF3D,
E75E,
EF9D,
AE15,
5369,
3283,
2A82,
32C2,
3B43,
4365,
3B24,
2AA2,
11C0,
0160,
2283,
4BC9,
540A,
3324,
1A80,
1A61,
1AA2,
1221,
01C0,
01E0,
0240,
1B20,
33E3,
3424,
3403,
3423,
3424,
3C24,
3C24,
3C24,
3C24,
3C24,
3C24,
3C44,
3444,
3444,
3C24,
3C24,
3C44,
3444,
3444,
3C24,
3C24,
3C44,
3C44,
3C44,
3C44,
3C44,
3C44,
3C44,
3C44,
3C44,
3C44,
3C44,
3C44,
3C44,
3C44,
3C44,
3C44,
3C44,
3C44,
3C44,
3C44,
3C44,
3C44,
3C44,
3C44,
3C44,
3C44,
3C44,
3C44,
3C44,
3C44,
3C44,
3C44,
3C44,
3C44,
3C44,
3C44,
3C44,
3C44,
3C44,
3C44,
3C44,
3C44,
3C44,
3C44,
3C44,
3C44,
3C44,
3C44,
3C44,
3C44,
3C44,
3C44,
3C44,
3C23,
3C43,
3C43,
3C23,
3C23,
3C23,
3C23,
3C23,
3C23,
3C23,
3C23,
3C23,
3C23,
3C23,
3C23,
3C23,
3C23,
3C23,
3C23,
3C23,
3C44,
3C24,
3C24,
3C24,
3C23,
3C23,
3C23,
3C23,
3C23,
3C23,
3423,
3423,
3C23,
3C24,
3C23,
3C23,
3C23,
3C23,
3C23,
3C23,
3C43,
3423,
3423,
3423,
3423,
3423,
3423,
3423,
3403,
3403,
3403,
3403,
3403,
3BE3,
3BE4,
3BA4,
2AE3,
09A0,
00E0,
3286,
8D32,
C699,
C69A,
CE7B,
D69B,
DEDC,
DEFD,
DEFD,
E6FD,
E6FD,
DEFD,
DEFD,
DEFD,
DEFD,
E6FD,
E6FD,
E6FD,
E6FD,
E6FD,
E6FD,
DEFD,
DEFD,
E6FD,
E6FD,
E6FD,
E6FD,
E6FD,
E6FD,
E6FD,
E6FD,
E6FD,
E6FD,
E6FD,
E6FD,
E6FD,
DEFC,
DEFC,
DEFC,
DEFC,
DEDC,
DEDB,
DEDC,
DEFC,
DEFC,
DEDC,
DEDC,
DEDC,
DEDC,
DEDC,
DEDC,
DEDC,
DEDC,
DEDC,
DEDC,
DEDC,
DEDC,
DEDC,
DEFC,
DEFC,
DEFC,
DEDC,
DEDC,
DEDC,
DEDC,
DEDC,
DEDC,
DEDC,
DEDC,
DEDC,
DEDC,
DEDC,
DEDC,
DEDC,
DEDC,
DEDC,
DEDC,
DEDC,
DEDC,
DEDC,
DEDC,
DEDC,
DEDC,
DEDC,
DEDC,
DEDC,
DEDC,
DEDC,
DEDC,
DEDC,
DEDC,
DEDC,
DEDC,
DEDC,
DEDC,
DEDB,
DEDB,
DEDC,
DEDC,
DEDC,
DEDC,
DEDC,
DEFC,
DEFC,
DEFC,
DEFC,
DEFC,
DEFC,
DEFC,
E6FC,
E6FC,
E6FD,
E6FD,
E6FD,
E6FD,
E6FD,
E6FD,
E6FD,
E6FD,
E6FD,
E6FD,
E6FD,
E6FD,
E6FD,
DF1D,
DF1D,
DEFD,
DF1D,
DF1D,
DF1D,
DF1D,
DF1D,
DF1D,
E71D,
DF1D,
DF1D,
DF1D,
DF1D,
DF1D,
DF1D,
DF1D,
DF1D,
DF1E,
E75D,
DF5B,
9D71,
5389,
3284,
11C0,
11A0,
11C0,
0960,
0120,
0080,
00C0,
4B47,
9591,
9DD2,
5C49,
1A41,
0120,
00E0,
00E0,
0140,
0220,
1B00,
2381,
2BC2,
3403,
3423,
3423,
3444,
3444,
3C24,
3C24,
3C24,
3C24,
3C24,
3C44,
3444,
3444,
3444,
3C24,
3C44,
3444,
3444,
3444,
3C24,
3C44,
3C44,
3444,
3444,
3C44,
3C44,
3C44,
3C44,
3C44,
3C44,
3C44,
3C44,
3C44,
3C44,
3C44,
3C44,
3C44,
3C44,
3C44,
3C44,
3C44,
3C44,
3C44,
3C44,
3C44,
3C44,
3C44,
3C44,
3C44,
3C44,
3C44,
3C44,
3C44,
3C44,
3C44,
3C44,
3C44,
3C44,
3C44,
3C44,
3C44,
3C44,
3C44,
3C44,
3C44,
3C44,
3C44,
3C44,
3C44,
3C44,
3C44,
3C44,
3C44,
3C23,
3C23,
3C23,
3C23,
3C23,
3C23,
3C23,
3C23,
3C23,
3C23,
3C23,
3C23,
3C23,
3C23,
3C23,
3C23,
3C23,
3C23,
3C23,
3C23,
3C23,
3C24,
3C23,
3C23,
3C23,
3C23,
3C23,
3C23,
3C23,
3C23,
3423,
3423,
3C23,
3C23,
3C23,
3C23,
3C23,
3C23,
3C23,
3C23,
3C23,
3423,
3423,
3423,
3423,
3423,
3423,
3423,
3C03,
3403,
3403,
3403,
3C03,
3BE4,
3BC4,
3343,
1A41,
0140,
1181,
63EC,
B657,
C69A,
C67A,
CE9B,
D6BC,
DEDC,
DEFD,
E6FD,
E6FD,
E6FD,
DEFD,
DEFD,
DEFD,
DEFD,
E6FD,
E6FD,
E6FD,
E6FD,
E6FD,
E6FD,
DEFD,
DEFD,
E6FD,
E6FD,
E6FD,
E6FD,
E6FD,
E6FD,
E6FD,
E6FD,
E6FD,
E6FD,
E6FD,
E6FD,
E6FC,
DEFC,
DEFC,
DEFC,
DEFC,
DEDC,
DEDC,
DEDC,
DEFC,
DEFC,
DEDC,
DEDC,
DEDC,
DEDC,
DEDC,
DEDC,
DEDC,
DEDC,
DEDC,
DEDC,
DEDC,
DEDC,
DEDC,
DEDC,
DEDC,
DEDC,
DEDC,
DEDC,
DEDC,
DEDC,
DEDC,
DEDC,
DEDC,
DEDC,
DEDC,
DEDC,
DEDC,
DEDC,
DEDC,
DEDC,
DEDC,
DEDC,
DEDC,
DEDC,
DEDC,
DEDC,
DEDC,
DEDC,
DEDC,
DEDC,
DEDC,
DEDC,
DEDC,
DEDC,
DEDC,
DEDC,
DEDC,
DEDC,
DEDC,
DEDC,
DEDC,
DEDB,
DEDC,
DEDC,
DEDC,
DEDC,
DEDC,
DEFC,
DEFC,
DEFC,
DEFC,
DEFC,
DEFC,
DEFC,
DEFC,
DEFC,
DEFC,
E6FD,
E6FD,
E6FD,
E6FD,
E6FD,
E6FD,
E6FD,
E6FD,
E6FD,
E6FD,
E6FD,
E6FD,
DF1D,
DF1D,
DEFD,
DF1D,
DF1D,
DF1D,
DF1D,
DF1D,
DF1D,
DF1D,
DF1D,
DF1D,
DF1D,
DF1D,
DF1D,
DF1D,
DF1D,
DF1D,
DEFE,
DF1D,
E77C,
C6B7,
9DB2,
63EB,
19C2,
00E0,
00A0,
0060,
0060,
0900,
3A85,
8CCF,
BE96,
C6D6,
A5F1,
6C8A,
32E4,
0980,
0140,
01A0,
12A1,
2B62,
2BC3,
33E3,
3403,
3423,
3C24,
3C44,
3C44,
3C24,
3C24,
3C24,
3C24,
3C24,
3C44,
3444,
3444,
3444,
3C24,
3C44,
3444,
3C44,
3C44,
3C44,
3C44,
3C44,
3C44,
3C44,
3C44,
3C44,
3C44,
3C44,
3C44,
3C44,
3C44,
3C44,
3C44,
3C44,
3C44,
3C44,
3C44,
3C44,
3C44,
3C44,
3C44,
3C44,
3C44,
3C44,
3C44,
3C44,
3C44,
3C44,
3C44,
3C44,
3C44,
3C44,
3C44,
3C44,
3C44,
3C44,
3C44,
3C44,
3C44,
3C44,
3C44,
3C44,
3C44,
3C44,
3C44,
3C44,
3C44,
3C44,
3C44,
3C44,
3C44,
3C44,
3C44;
