memory_initialization_radix=16;
memory_initialization_vector=
1E24,
1E24,
1E24,
1E24,
1E24,
1E24,
1E24,
1E24,
1E24,
1E24,
1E24,
1E24,
1E24,
1E24,
1E24,
1E24,
1E24,
1E24,
1E24,
1E24,
1E24,
1E24,
1E24,
1E24,
1E24,
1E24,
1E24,
1E24,
1E24,
1E24,
1E24,
1E24,
1E24,
1E24,
1E24,
1E24,
1E24,
1E24,
1E24,
1E24,
1E24,
1E24,
1E24,
1E24,
1E24,
1E24,
1E24,
1E24,
1E24,
1E24,
1E24,
1E24,
1E24,
1E24,
1E24,
1E24,
1E24,
1E24,
1E24,
1E24,
1E24,
1E24,
1E24,
1E24,
1E24,
1E24,
1E24,
1E24,
1E24,
1E24,
1E24,
1E24,
1E24,
1E24,
1E24,
1E24,
1E24,
1E24,
1E24,
1E24,
1E24,
1E24,
1E24,
1E24,
1E24,
1E24,
1E24,
1E24,
1E24,
1E24,
1E24,
1E24,
1E24,
1E24,
1E04,
1E03,
1E03,
1E03,
1E03,
1E03,
1E03,
1E03,
1E03,
1E03,
1E03,
1E03,
1E03,
1E03,
1E03,
1E03,
1E03,
1E04,
1E24,
1E24,
1E24,
1E24,
1E24,
1E24,
1A24,
1A24,
1A24,
1E24,
1E24,
1A24,
1A24,
1A24,
1A24,
1A24,
1E24,
1A24,
1E24,
1E04,
1E04,
1E04,
1E04,
1E04,
1E04,
1E04,
1E04,
1E04,
1E04,
1E04,
1E04,
1E04,
1E04,
1E04,
1A04,
1A04,
1A04,
1A04,
1A04,
1A03,
1A03,
1A03,
1A04,
1DE4,
1DE4,
21E4,
21E5,
2606,
2A08,
21C7,
1163,
04E1,
00A0,
0080,
00A0,
00A0,
00C0,
00E0,
0500,
0921,
0D41,
1161,
0D81,
11A2,
11A2,
11A2,
15A2,
19C3,
19E3,
19E3,
19E3,
19E3,
19E3,
19E4,
1A04,
1E04,
1E04,
1E04,
1E04,
1E04,
1E04,
1E04,
1E04,
1E04,
1E04,
1E04,
1E04,
1E04,
1E04,
1E04,
1E04,
1E04,
1A04,
1A04,
1A04,
1A04,
1A04,
1A04,
1E04,
1E04,
1E04,
1E04,
1E04,
1E05,
1DE5,
1183,
0501,
00C0,
00A0,
0080,
00A0,
00C0,
00C0,
00E0,
0D62,
19C3,
19E3,
19E4,
1DE4,
1E04,
1A04,
1A04,
1E24,
1E24,
1E24,
1E24,
1E24,
1E24,
1E24,
1E24,
1E24,
1E24,
1E24,
1E24,
1E24,
1E24,
1E24,
1E24,
1E24,
1E24,
1E24,
1E24,
1E24,
1E24,
1E24,
1E24,
1E24,
1E24,
1E24,
1E24,
1E24,
1E24,
1E24,
1E24,
1E24,
1E24,
1E24,
1E24,
1E24,
1E24,
1E24,
1E24,
1E24,
1E24,
1E24,
1A24,
1A24,
1A24,
1A24,
1A24,
1A24,
1A24,
1A24,
1A24,
1A24,
1A24,
1A24,
1A24,
1E24,
1E24,
1E24,
1E24,
1A24,
1A24,
1A24,
1A24,
1E24,
1E04,
1E24,
1E24,
1E24,
1E24,
1E24,
1E24,
1E23,
1E24,
1E24,
1E24,
1E24,
1E24,
1E24,
1E24,
1E24,
1E24,
1E24,
1E24,
1E24,
1E24,
1E24,
1E24,
1E24,
1E24,
1E24,
1E24,
1E24,
1E24,
1E24,
1E24,
1E24,
1E24,
1E24,
1E24,
1E24,
1E24,
1E24,
1E24,
1E24,
1E24,
1E24,
1E24,
1E24,
1E24,
1E24,
1E24,
1E24,
1E24,
1E24,
1E24,
1E24,
1E24,
1E24,
1E24,
1E24,
1E24,
1E24,
1E24,
1E24,
1E24,
1E24,
1E24,
1E24,
1E24,
1E24,
1E24,
1E24,
1E24,
1E24,
1E24,
1E24,
1E24,
1E24,
1E24,
1E24,
1E24,
1E24,
1E24,
1E24,
1E24,
1E24,
1E24,
1E24,
1E24,
1E24,
1E24,
1E24,
1E24,
1E24,
1E24,
1E24,
1E24,
1E24,
1E24,
1E03,
1E03,
1E03,
1E04,
1E04,
1E04,
1E03,
1E03,
1E03,
1E03,
1E03,
1E03,
1E03,
1E03,
1E03,
1E03,
1E03,
1E04,
1E24,
1E24,
1E24,
1E24,
1E24,
1A24,
1A24,
1A24,
1A24,
1A24,
1E24,
1A24,
1A24,
1A24,
1A24,
1A24,
1E24,
1A24,
1E24,
1E04,
1E04,
1E04,
1E04,
1E04,
1E04,
1E04,
1E04,
1E04,
1E04,
1E04,
1E04,
1E04,
1E04,
1A04,
1A03,
1A04,
1A04,
19E3,
19E3,
1A03,
1A03,
1A03,
1A04,
1DE4,
1DE4,
21E4,
21E6,
2607,
2608,
1984,
0500,
04E0,
0901,
0D22,
0D22,
0901,
04E0,
04E0,
00C0,
00A0,
00A0,
00C0,
00E0,
0100,
0100,
0500,
0520,
0941,
0941,
0940,
0940,
0D61,
11A2,
19E3,
1E04,
1E04,
1E04,
1E04,
1E04,
1E04,
1E04,
1E04,
1E04,
1E04,
1E04,
1E04,
1E04,
1E04,
1E04,
1E04,
1E04,
1E04,
1E04,
1A04,
1A04,
1A04,
1A04,
1E04,
1E04,
1E04,
1E04,
1E05,
1E06,
19E4,
0D62,
00E0,
00A0,
0080,
00C0,
0901,
0D42,
0D42,
0921,
00E0,
0520,
1582,
19C4,
1DE4,
1DE4,
1DE4,
1A04,
1A04,
1E24,
1E24,
1E24,
1E24,
1E24,
1E24,
1E24,
1E24,
1E24,
1E24,
1E24,
1E24,
1E24,
1E24,
1E24,
1E24,
1E24,
1E24,
1E24,
1E24,
1E24,
1E24,
1E24,
1E24,
1E24,
1E24,
1E24,
1E24,
1E24,
1E24,
1E24,
1E24,
1E24,
1E24,
1E24,
1E24,
1E24,
1E24,
1E24,
1E24,
1E24,
1E24,
1E24,
1A24,
1A24,
1A24,
1A24,
1A24,
1A24,
1A24,
1A24,
1A24,
1A24,
1A24,
1A24,
1A24,
1E24,
1E24,
1E24,
1E24,
1A24,
1A24,
1A24,
1E24,
1E04,
2205,
1E24,
1E24,
1E24,
1E24,
1E24,
1E24,
1E24,
1E24,
1E24,
1E24,
1E24,
1E24,
1E24,
1E24,
1E24,
1E24,
1E24,
1E24,
1E24,
1E24,
1E24,
1E24,
1E24,
1E24,
1E24,
1E24,
1E24,
1E24,
1E24,
1E24,
1E24,
1E24,
1E24,
1E24,
1E24,
1E24,
1E24,
1E24,
1E24,
1E24,
1E24,
1E24,
1E24,
1E24,
1E24,
1E24,
1E24,
1E24,
1E24,
1E24,
1E24,
1E24,
1E24,
1E24,
1E24,
1E24,
1E24,
1E24,
1E24,
1E24,
1E24,
1E24,
1E24,
1E24,
1E24,
1E24,
1E24,
1E24,
1E24,
1E24,
1E24,
1E24,
1E24,
1E24,
1E24,
1E24,
1E24,
1E24,
1E24,
1E24,
1E24,
1E24,
1E24,
1E24,
1E24,
1E24,
1E24,
1E24,
1E24,
1E24,
1E24,
1E24,
1E24,
1E24,
1E24,
1E04,
1E04,
1E04,
1E04,
1E04,
1E04,
1E04,
1E03,
1E03,
1E03,
1E03,
1E03,
1E03,
1E03,
1E03,
1E03,
1E04,
1E24,
1E24,
1E24,
1E24,
1E24,
1A24,
1A24,
1A24,
1A24,
1A24,
1E24,
1A24,
1A24,
1A24,
1A24,
1A24,
1E24,
1A24,
1E24,
1E04,
1E04,
1E04,
1E04,
1E04,
1E04,
1E04,
1E04,
1E04,
1E04,
1E04,
1E04,
1E04,
1E04,
1E04,
1A04,
1A04,
1A04,
1A04,
19E4,
1A03,
1A03,
1A04,
1A04,
19E4,
1DE4,
1DE5,
21E5,
21E6,
1984,
04E0,
0080,
0921,
19A4,
21E6,
21C5,
1DA4,
1984,
1583,
1142,
0901,
0500,
0500,
0500,
0100,
0500,
0500,
00E0,
00C0,
00C0,
00C0,
00E0,
0120,
0D80,
19E3,
1E04,
1A04,
1E04,
1E04,
1E04,
1E04,
1E04,
1E04,
1E04,
1E04,
1E04,
1E04,
1E04,
1E04,
1E04,
1E04,
1E04,
1E04,
1E04,
1E04,
1E04,
1E04,
1E04,
1E04,
1E04,
1E04,
1DE4,
1E05,
19C5,
0D42,
00C0,
00A0,
00E0,
0921,
1583,
1DA5,
1DC5,
1DC5,
19A4,
0921,
00E0,
0D41,
19C4,
1DE5,
1DE4,
1DE4,
1A04,
1A04,
1E24,
1E24,
1E24,
1E24,
1E24,
1E24,
1E24,
1E24,
1E24,
1E24,
1E24,
1E24,
1E24,
1E24,
1E24,
1E24,
1E24,
1E24,
1E24,
1E24,
1E24,
1E24,
1E24,
1E24,
1E24,
1E24,
1E24,
1E24,
1E24,
1E24,
1E24,
1E24,
1E24,
1E24,
1E24,
1E24,
1E24,
1E24,
1E24,
1E24,
1E24,
1E24,
1E24,
1A24,
1A24,
1A24,
1A24,
1A24,
1A24,
1A24,
1A24,
1A24,
1A24,
1A24,
1A24,
1A24,
1A24,
1E24,
1E24,
1E24,
1E24,
1A04,
1A24,
1E24,
2205,
21E6,
1E24,
1E24,
1E24,
1E24,
1E24,
1E24,
1E24,
1E24,
1E24,
1E24,
1E24,
1E24,
1E24,
1E24,
1E24,
1E24,
1E24,
1E24,
1E24,
1E24,
1E24,
1E24,
1E24,
1E24,
1E24,
1E24,
1E24,
1E24,
1E24,
1E24,
1E24,
1E24,
1E24,
1E24,
1E24,
1E24,
1E24,
1E24,
1E24,
1E24,
1E24,
1E24,
1E24,
1E24,
1E24,
1E24,
1E24,
1E24,
1E23,
1E24,
1E24,
1E24,
1E24,
1E23,
1E24,
1E24,
1E24,
1E24,
1E24,
1E24,
1E24,
1E24,
1E24,
1E24,
1E24,
1E24,
1E24,
1E24,
1E24,
1E24,
1E24,
1E24,
1E24,
1E24,
1E24,
1E24,
1E24,
1E24,
1E24,
1E24,
1E24,
1E24,
1E24,
1E24,
1E24,
1E24,
1E24,
1E24,
1E24,
1E24,
1E24,
1E24,
1E04,
1E04,
1E04,
1E04,
1E04,
1E24,
1E04,
1E04,
1E04,
1E04,
1E23,
1E03,
1E03,
1E03,
1E03,
1E03,
1E03,
1E03,
1E03,
1E03,
1E03,
1E03,
1E03,
1E03,
1E24,
1E24,
1A24,
1A24,
1A24,
1A24,
1E24,
1E24,
1A24,
1A04,
1A04,
1A04,
1E04,
1E04,
1E04,
1E04,
1E04,
1E04,
1E04,
1E04,
1E04,
1E04,
1E04,
1E04,
1E04,
1E04,
1E04,
1E04,
1E04,
1E04,
1E04,
1E04,
1E04,
1A04,
1E04,
1A04,
1A04,
1A04,
19E4,
19E5,
19E4,
1DE5,
1DE5,
19A4,
0D21,
00A0,
00A0,
1163,
21E6,
21E6,
21E6,
21E5,
21C5,
21C6,
21E6,
21C6,
1DC5,
19A4,
19A4,
15A3,
15A4,
1163,
0100,
00C0,
00C0,
00E0,
0520,
0960,
11A1,
19E3,
1E04,
1A04,
1A04,
1E04,
1E04,
1E04,
1E04,
1E04,
1E04,
1E04,
1E04,
1E04,
1E04,
1E04,
1E04,
1E04,
1E04,
1E04,
1E04,
1E04,
1E04,
1E04,
1E04,
1E05,
1E05,
1E05,
1DE5,
19C4,
0D62,
00C0,
00A0,
0500,
1142,
19A4,
21E6,
21E6,
21C5,
21E6,
21C5,
1162,
00E0,
0500,
19A3,
1DE4,
1DE4,
1DE4,
1A04,
1A04,
1E24,
1E24,
1E24,
1E24,
1E24,
1E24,
1E24,
1E24,
1E24,
1E24,
1E24,
1E24,
1E24,
1E24,
1E24,
1E24,
1E24,
1E24,
1E24,
1E24,
1E24,
1E24,
1E24,
1E24,
1E24,
1E24,
1E24,
1E24,
1E24,
1E24,
1E24,
1E24,
1E24,
1E24,
1E24,
1E24,
1E24,
1E24,
1E24,
1E24,
1E24,
1E24,
1E24,
1A24,
1A24,
1A24,
1A24,
1A24,
1A24,
1A24,
1A24,
1A24,
1A24,
1A24,
1A24,
1A24,
1A24,
1A24,
1A24,
1E24,
1E04,
1A04,
1A05,
1E04,
19C4,
1163,
1E24,
1E24,
1E24,
1E24,
1E04,
1E24,
1E24,
1E24,
1E24,
1E24,
1E24,
1E24,
1E24,
1E24,
1E24,
1E24,
1E24,
1E24,
1E24,
1E24,
1E24,
1E24,
1E24,
1E24,
1E24,
1E24,
1E24,
1E24,
1E24,
1E24,
1E24,
1E24,
1E24,
1E24,
1E24,
1E24,
1E24,
1E24,
1E24,
1E24,
1E24,
1E24,
1E24,
1E24,
1E24,
1E24,
1E24,
1E24,
1E23,
1E24,
1E24,
1E24,
1E24,
1E23,
1E24,
1E24,
1E24,
1E24,
1E24,
1E24,
1E24,
1E24,
1E24,
1E24,
1E24,
1E24,
1E24,
1E24,
1E24,
1E24,
1E24,
1E24,
1E24,
1E24,
1E24,
1E24,
1E24,
1E24,
1E24,
1E24,
1E24,
1E24,
1E24,
1E24,
1E24,
1E24,
1E24,
1E03,
1E03,
1E03,
1E04,
1E04,
1E04,
1E04,
1E04,
1A04,
1A04,
1A03,
19E3,
19E3,
1A03,
1A03,
1E23,
1E23,
1E03,
1E03,
1E03,
1E03,
1E03,
1E03,
1E03,
1E03,
1E03,
1E03,
1E03,
1E03,
1E24,
1E24,
1E24,
1E24,
1E24,
1E24,
1E24,
1E24,
1A24,
1E04,
1E04,
1E04,
1E04,
1E04,
1E04,
1E04,
1E04,
1E04,
1E04,
1E04,
1E04,
1E04,
1E04,
1E04,
1E04,
1E04,
1E04,
1E04,
1E04,
19E3,
19E3,
15C3,
0D81,
0961,
11A2,
15E3,
19E4,
19E4,
19E4,
19E5,
1A05,
1DE5,
19C5,
1182,
0500,
00C0,
0921,
19A4,
21E6,
1DE6,
1DC5,
1DC5,
21C5,
21E5,
25E6,
2607,
2607,
21E5,
1DE5,
1DC5,
1DC5,
1163,
00E0,
0100,
0541,
1183,
19C3,
19E3,
19E3,
19E4,
1A04,
1A04,
1A04,
1E04,
1E04,
1E04,
1E04,
1E04,
1E04,
1E04,
1E04,
1E04,
1E04,
1E04,
1E04,
1E04,
1E04,
1E04,
1E04,
1E04,
1E04,
1E04,
1E04,
1E05,
1E05,
1E05,
1DE5,
1182,
0100,
00A0,
00C0,
0D41,
1DA5,
21C6,
21E6,
21E5,
21E5,
21E6,
25E6,
1983,
04E0,
00E0,
1162,
1DC4,
21E4,
1DE4,
1E04,
1A04,
1E24,
1E24,
1E24,
1E24,
1E24,
1E24,
1E24,
1E24,
1E24,
1E24,
1E24,
1E24,
1E24,
1E24,
1E24,
1E24,
1E24,
1E24,
1E24,
1E24,
1E24,
1E24,
1E24,
1E24,
1E24,
1E24,
1E24,
1E24,
1E24,
1E24,
1E24,
1E24,
1E24,
1E24,
1E24,
1E24,
1E24,
1E24,
1E24,
1E24,
1E24,
1E24,
1E24,
1A24,
1A24,
1A24,
1A24,
1A24,
1A24,
1A24,
1A24,
1A24,
1A24,
1A24,
1A24,
1A24,
1A24,
1A24,
1A24,
1A24,
1E04,
1E05,
1E25,
19E5,
0921,
00C0,
1E24,
1E24,
1E24,
1E24,
1E24,
1E24,
1E23,
1E23,
1E24,
1E24,
1E24,
1E24,
1E24,
1E24,
1E24,
1E24,
1E24,
1E24,
1E24,
1E24,
1E24,
1E24,
1E24,
1E24,
1E24,
1E24,
1E24,
1E24,
1E24,
1E24,
1E24,
1E24,
1E24,
1E24,
1E24,
1E24,
1E24,
1E24,
1E24,
1E24,
1E24,
1E24,
1E24,
1E24,
1E24,
1E24,
1E24,
1E24,
1E23,
1E24,
1E24,
1E24,
1E24,
1E23,
1E24,
1E24,
1E24,
1E24,
1E24,
1E24,
1E24,
1E24,
1E24,
1E24,
1E24,
1E24,
1E24,
1E24,
1E24,
1E24,
1E24,
1E24,
1E24,
1E24,
1E24,
1E24,
1E24,
1E24,
1E24,
1E24,
1E24,
1E24,
1E24,
1E24,
1E24,
1E24,
1E24,
1E03,
1E04,
1E04,
1E04,
1E04,
1E04,
1E25,
1E04,
11C3,
0961,
0940,
0540,
0940,
0DA2,
15E2,
1A03,
1E03,
1A03,
1E03,
1E03,
1E03,
1E03,
1E03,
1E03,
1E03,
1E03,
1E03,
1E03,
1E03,
1E24,
1E24,
1E24,
1E24,
1E24,
1E24,
1E24,
1E24,
1E03,
1E03,
1E04,
1E04,
1E04,
1E04,
1E04,
1E04,
1E04,
1E04,
1E04,
1E04,
1E04,
1E04,
1E04,
1E04,
1E04,
1E04,
1E04,
19E4,
11A2,
0D61,
0941,
0520,
0520,
0100,
0120,
0981,
15C4,
19E4,
19E4,
1DE5,
1DE5,
19C4,
15A4,
0941,
00E0,
0921,
15A4,
1DE6,
21E6,
1DC5,
1DC5,
1DC5,
21C5,
21E5,
21E5,
21E5,
21C5,
19A4,
19A4,
1182,
0D42,
0520,
0520,
0D82,
15C4,
19E4,
1DE4,
1DE3,
1A03,
1A03,
1A03,
1A04,
1A04,
1E04,
1E04,
1E04,
1E04,
1E04,
1E04,
1E04,
1E04,
1E04,
1E04,
1E04,
1E04,
1E04,
1E04,
1A04,
1A04,
1A04,
1E04,
1E04,
1E04,
1E05,
1E06,
1E06,
15C4,
0520,
00C0,
00C0,
0921,
19A4,
21E5,
21E5,
21E5,
1DE5,
21E5,
21E5,
25E6,
1DC5,
0900,
00C0,
0D41,
19A4,
1DC4,
1DE4,
1E04,
1E04,
1E24,
1E24,
1E24,
1E24,
1E24,
1E24,
1E24,
1E24,
1E24,
1E24,
1E24,
1E24,
1E24,
1E24,
1E24,
1E24,
1E24,
1E24,
1E24,
1E24,
1E24,
1E24,
1E24,
1E24,
1E24,
1E24,
1E24,
1E24,
1E24,
1E24,
1E24,
1E24,
1E24,
1E24,
1E24,
1E24,
1E24,
1E24,
1E24,
1E24,
1E24,
1E24,
1E24,
1A24,
1A24,
1A24,
1A24,
1A24,
1A24,
1A24,
1A24,
1A24,
1A24,
1A24,
1A24,
1A24,
1A24,
1E24,
1E24,
1E24,
1E04,
1E04,
19E5,
0D42,
00A0,
0060,
1E24,
1E24,
1E24,
1E24,
1E24,
1E23,
1E23,
1E23,
1E24,
1E24,
1E24,
1E24,
1E24,
1E24,
1E24,
1E24,
1E24,
1E24,
1E24,
1E24,
1E24,
1E24,
1E24,
1E24,
1E24,
1E24,
1E24,
1E24,
1E24,
1E24,
1E24,
1E04,
1E24,
1E24,
1E24,
1E24,
1E24,
1E24,
1E24,
1E24,
1E24,
1E24,
1E24,
1E24,
1E24,
1E24,
1E24,
1E24,
1E24,
1E24,
1E24,
1E24,
1E24,
1E23,
1E24,
1E24,
1E24,
1E24,
1E24,
1E24,
1E24,
1E24,
1E24,
1E24,
1E24,
1E24,
1E24,
1E24,
1E24,
1E24,
1E24,
1E24,
1E24,
1E24,
1E24,
1E24,
1E24,
1E24,
1E24,
1E24,
1E24,
1E24,
1E04,
1E03,
1E04,
1E04,
1E04,
1E03,
1E04,
1E04,
1E04,
1E04,
1E05,
2226,
15A3,
0500,
00A0,
0080,
0080,
00C0,
0920,
15A2,
19E3,
19E3,
1A03,
1E03,
1E03,
1E04,
1E04,
1E04,
1E04,
1E03,
1E03,
1E04,
1E04,
1E04,
1E24,
1E24,
1E24,
1E24,
1E24,
1E24,
1E24,
1E24,
1E03,
1E03,
1E04,
1E04,
1E04,
1E04,
1E04,
1E04,
1E04,
1E04,
1E04,
1E04,
1E04,
1E05,
1E05,
19E5,
15C4,
11C3,
0D82,
0541,
0100,
00C0,
00C0,
00E0,
0100,
0520,
0100,
0100,
1162,
1DC4,
21E5,
1DC4,
1582,
1562,
0D21,
08E1,
08E1,
0D02,
1123,
1564,
1563,
1583,
1583,
1583,
19A3,
19A3,
19A4,
1DC4,
1DA4,
1142,
0920,
00E0,
0100,
0D41,
1183,
19C4,
1DE5,
1DE4,
1DE4,
1DE4,
19E3,
1A03,
1A04,
1A04,
1A04,
1E04,
1E04,
1E04,
1E04,
1E04,
1E04,
1E04,
1E04,
1E04,
1E04,
1E04,
1E04,
1E04,
1E04,
1A04,
1A04,
1A04,
1A04,
1E04,
1E04,
1E05,
1E06,
1DE6,
1183,
00C0,
00A0,
0520,
19A4,
21E5,
1DE5,
1DE5,
1DE4,
1DE4,
1DE4,
1DE4,
21E6,
1DC5,
0921,
00A0,
0901,
19A3,
1DC4,
1DE4,
1E04,
1E04,
1E24,
1E24,
1E24,
1E24,
1E24,
1E04,
1E24,
1E24,
1E24,
1E24,
1E24,
1E24,
1E24,
1E24,
1E24,
1E24,
1E24,
1E24,
1E24,
1E24,
1E24,
1E24,
1E24,
1E24,
1E24,
1E24,
1E24,
1E24,
1E24,
1E24,
1E24,
1E24,
1E24,
1E24,
1E24,
1E24,
1E24,
1E24,
1E24,
1E24,
1E24,
1E24,
1E24,
1E24,
1E24,
1E24,
1E24,
1E24,
1E24,
1E24,
1E24,
1E24,
1E24,
1E24,
1E24,
1E24,
1E24,
1E24,
1E24,
1E24,
1E04,
1DE4,
1162,
00C0,
0080,
0080,
1E24,
1E24,
1E24,
1E24,
1E24,
1E24,
1E24,
1E24,
1E24,
1E24,
1E24,
1E24,
1E24,
1E24,
1E24,
1E24,
1E24,
1E24,
1E24,
1E24,
1E24,
1E24,
1E24,
1E24,
1E24,
1E24,
1E24,
1E24,
1E24,
1E24,
1E24,
1E24,
1E24,
1E24,
1E24,
1E24,
1E24,
1E24,
1E24,
1E24,
1E24,
1E24,
1E24,
1E24,
1E24,
1E24,
1E24,
1E24,
1E24,
1E24,
1E24,
1E24,
1E24,
1E24,
1E24,
1E24,
1E24,
1E24,
1E24,
1E24,
1E24,
1E24,
1E24,
1E24,
1E24,
1E24,
1E24,
1E24,
1E24,
1E24,
1E24,
1E24,
1E24,
1E24,
1E24,
1E24,
1E24,
1E24,
1E24,
1E24,
1E24,
1E24,
1E03,
1E04,
1E04,
1E04,
1E04,
1E04,
1E04,
1E03,
1E04,
1E05,
2206,
15C4,
0921,
00A0,
0080,
0080,
0080,
00A0,
04E1,
1163,
15A3,
19E3,
1A03,
1E04,
1E03,
1E03,
1E03,
1E04,
1E04,
1E04,
1E03,
1E04,
1E04,
1E04,
1E04,
1E24,
1E24,
1E24,
1E24,
1E24,
1E24,
1E24,
1E04,
1E03,
1E04,
1E04,
1E04,
1E04,
1E04,
1E04,
1E04,
1E04,
1E04,
1E04,
1E05,
1E05,
1E06,
15C4,
0962,
0541,
0100,
00C0,
00C0,
0100,
0922,
0D43,
1163,
1163,
0920,
00E0,
0900,
1142,
1542,
1121,
0D00,
04C0,
0080,
0060,
0060,
0080,
0080,
04A0,
04C0,
08E0,
08E0,
0900,
0900,
0900,
1141,
1983,
1122,
00C0,
00C0,
00E0,
0941,
15A4,
19C4,
19C4,
1DE5,
1E05,
1DE4,
1DE4,
1A03,
1A03,
1A03,
1A03,
1E04,
1A04,
1A04,
1A04,
1E04,
1E04,
1E04,
1E04,
1E04,
1E04,
1E04,
1E04,
1E04,
1E04,
1E04,
1A04,
1A04,
1E04,
1E04,
1E04,
1E04,
1E05,
2206,
19E5,
0941,
00C0,
00E0,
1162,
1DE5,
21E6,
1DE5,
1DE4,
1DE4,
1DE4,
1DE4,
1DE4,
21E5,
1DC5,
0921,
00A0,
0901,
19A4,
21C4,
1DE4,
1E04,
1E04,
1E04,
1E04,
1E24,
1E24,
1E24,
1E04,
1E24,
1E24,
1E24,
1E24,
1E24,
1E24,
1E24,
1E24,
1E24,
1E24,
1E24,
1E24,
1E24,
1E24,
1E24,
1E24,
1E24,
1E24,
1E24,
1E24,
1E24,
1E24,
1E24,
1E24,
1E24,
1E24,
1E24,
1E24,
1E24,
1E24,
1E24,
1E24,
1E24,
1E24,
1E24,
1E24,
1E24,
1E24,
1E24,
1E24,
1E24,
1E24,
1E24,
1E24,
1E24,
1E24,
1E24,
1E24,
1E24,
1E24,
1E24,
1A24,
1A24,
1E24,
1E04,
19C3,
0941,
00C0,
00A0,
0902,
1E24,
1E24,
1E24,
1E24,
1E24,
1E24,
1E24,
1E24,
1E24,
1E24,
1E24,
1E24,
1E24,
1E24,
1E24,
1E24,
1E24,
1E24,
1E24,
1E24,
1E24,
1E24,
1E24,
1E24,
1E24,
1E24,
1E24,
1E24,
1E24,
1E24,
1E24,
1E24,
1E24,
1E23,
1E24,
1E24,
1E24,
1E24,
1E24,
1E24,
1E24,
1E24,
1E24,
1E24,
1E24,
1E24,
1E24,
1E24,
1E24,
1E24,
1E24,
1E24,
1E24,
1E24,
1E24,
1E24,
1E24,
1E24,
1E24,
1E24,
1E24,
1E24,
1E24,
1E24,
1E24,
1E24,
1E24,
1E24,
1E24,
1E24,
1E24,
1E24,
1E24,
1E24,
1E24,
1E24,
1E24,
1E04,
1E24,
1E24,
1E03,
1E03,
1E04,
1E04,
1E04,
1E04,
1E04,
1E04,
1E04,
1E03,
1E04,
2226,
15C4,
0521,
00C0,
00A0,
00C1,
0902,
04E2,
00A0,
00C0,
0D42,
19A3,
19E3,
1E03,
1E04,
1E04,
1E03,
1E03,
1A04,
1A04,
1A03,
1E04,
1E04,
1E04,
1E04,
1E04,
1E04,
1E04,
1E04,
1E04,
1E04,
1E04,
1E04,
1E04,
1E04,
1E04,
1E04,
1E04,
1E04,
1E04,
1E04,
1E04,
1E04,
1E04,
1A04,
1A05,
1E06,
15C5,
0561,
0100,
00E0,
00E0,
0101,
0942,
1184,
19C6,
1DE7,
21E7,
1DC5,
1562,
0900,
04C0,
04A0,
0480,
0060,
0460,
0040,
0040,
0460,
0C81,
14C2,
1D22,
1D20,
1D20,
1D21,
1D41,
1D41,
1D61,
1D82,
1D83,
1121,
04C0,
0080,
0501,
0D62,
15A4,
19C5,
19C5,
1DE5,
1DE4,
1DE4,
19E4,
19E4,
19E3,
1A03,
1A03,
1E03,
1E04,
1E04,
1E04,
1A04,
1A04,
1A04,
1E04,
1E04,
1E04,
1E04,
1E04,
1E04,
1E04,
1E04,
1E04,
1E04,
1E04,
1E04,
1E04,
1E04,
1A04,
1E06,
2207,
19C5,
0521,
00C0,
0921,
19A4,
21E5,
21E5,
1DE5,
1DE5,
1DE4,
1DE4,
1DE4,
1E04,
2205,
21C5,
0D21,
00A0,
0901,
19A4,
21C4,
1DE4,
1E04,
1E04,
1E04,
1E04,
1E04,
1E04,
1E04,
1E04,
1E04,
1E04,
1E04,
1E04,
1E04,
1E24,
1E24,
1E24,
1E24,
1E24,
1E24,
1E24,
1E24,
1E24,
1E24,
1E24,
1E24,
1E24,
1E24,
1E24,
1E24,
1E24,
1E24,
1E24,
1E24,
1E24,
1E24,
1E24,
1E24,
1E24,
1E24,
1E24,
1E24,
1E24,
1E24,
1E24,
1E24,
1E24,
1E24,
1E24,
1E24,
1E24,
1E24,
1E24,
1E24,
1E24,
1E24,
1E24,
1E24,
1E24,
1A24,
1A24,
1A24,
1E25,
1E05,
19C3,
0921,
00C0,
0901,
1985,
1E24,
1E24,
1E24,
1E24,
1E24,
1E24,
1E24,
1E24,
1E24,
1E24,
1E24,
1E24,
1E24,
1E24,
1E24,
1E24,
1E24,
1E24,
1E24,
1E24,
1E24,
1E24,
1E24,
1E24,
1E24,
1E24,
1E24,
1E24,
1E24,
1E24,
1E24,
1E24,
1E23,
1E23,
1E24,
1E24,
1E24,
1E24,
1E24,
1E24,
1E24,
1E24,
1E24,
1E24,
1E24,
1E24,
1E24,
1E24,
1E24,
1E24,
1E24,
1E24,
1E24,
1E24,
1E24,
1E24,
1E24,
1E24,
1E24,
1E24,
1E24,
1E24,
1E24,
1E24,
1E24,
1E24,
1E24,
1E24,
1E24,
1E24,
1E24,
1E24,
1E24,
1E24,
1E24,
1E24,
1E24,
1E04,
1E24,
1E04,
1E03,
1E03,
1E04,
1E04,
1A04,
19E4,
19E4,
1DE4,
1E04,
1E04,
2225,
1DE6,
0D63,
00C0,
0080,
00C0,
1144,
1D86,
1544,
00C0,
00A0,
0D21,
19A3,
1DE3,
1E03,
1E04,
1E04,
1E04,
1E04,
1E04,
1E04,
1E04,
1E04,
1E04,
1E04,
1E04,
1E04,
1E04,
1E04,
1E04,
1E04,
1E04,
1E04,
1E04,
1E04,
1E03,
1E04,
1E04,
1E04,
1E04,
1E04,
1E04,
1E04,
1E04,
1E04,
19E4,
19E4,
19C5,
0962,
0100,
0100,
0100,
0541,
1184,
19C6,
1DE7,
21E7,
21E7,
21E7,
25E7,
21A5,
1121,
08A0,
08A0,
14E1,
1D02,
1CE1,
2923,
3164,
39A6,
45E9,
4E4A,
566A,
5268,
5246,
4E46,
4E66,
4E67,
4E89,
468B,
2DE6,
10E0,
04A0,
04A0,
1564,
1DC5,
19C5,
19C4,
19C4,
1DE4,
1DE4,
19E4,
19E3,
19E3,
19E3,
19E3,
1E04,
1E04,
1E04,
19E4,
19E3,
19E4,
19E4,
1A03,
1A04,
1E04,
1E04,
1E04,
1E04,
1E04,
1E04,
1E04,
1E04,
1E04,
1E04,
1E04,
1E04,
1E04,
1E04,
1E06,
21E6,
15A4,
0500,
00C0,
1163,
1DC5,
21E5,
21E5,
1DE4,
1E05,
1E05,
1E04,
1E04,
2204,
2605,
21C5,
0D21,
00A0,
0D22,
1DA5,
21C5,
1DE4,
1DE4,
1E04,
1E04,
1E04,
1E04,
1E04,
1E04,
1E04,
1E04,
1E04,
1E04,
1E04,
1E04,
1E24,
1E24,
1E24,
1E24,
1E24,
1E24,
1E24,
1E24,
1E24,
1E24,
1E24,
1E24,
1E24,
1E24,
1E24,
1E24,
1E24,
1E24,
1E24,
1E24,
1E24,
1E24,
1E24,
1E24,
1E24,
1E24,
1E24,
1E24,
1E24,
1E24,
1E24,
1E24,
1E24,
1E24,
1E24,
1E24,
1E24,
1E24,
1E24,
1E24,
1E24,
1E24,
1E24,
1E24,
1E24,
1E24,
1A24,
1A24,
1E25,
1E05,
19C4,
0941,
00C0,
0921,
1985,
1E24,
1E24,
1E24,
1E24,
1E24,
1E24,
1E24,
1E24,
1E24,
1E24,
1E24,
1E24,
1E24,
1E24,
1E24,
1E24,
1E24,
1E24,
1E24,
1E24,
1E24,
1E24,
1E24,
1E24,
1E24,
1E24,
1E24,
1E24,
1E24,
1E24,
1E24,
1E24,
1E23,
1E23,
1E24,
1E24,
1E24,
1E24,
1E24,
1E24,
1E24,
1E24,
1E24,
1E24,
1E24,
1E24,
1E24,
1E24,
1E24,
1E24,
1E24,
1E23,
1E24,
1E24,
1E24,
1E24,
1E24,
1E24,
1E24,
1E24,
1E24,
1E24,
1E24,
1E24,
1E24,
1E24,
1E24,
1E24,
1E24,
1E24,
1E24,
1E24,
1E24,
1E24,
1E24,
1E24,
1E24,
1E24,
1E03,
1E23,
1E03,
1A03,
1A03,
1E04,
1E04,
1E05,
1DE5,
1E04,
1E04,
2205,
21E6,
15A4,
0501,
00C0,
04E0,
0D42,
1DA6,
25E8,
1985,
04C0,
00A0,
0D41,
19A3,
1DE3,
1DE3,
1E04,
1E04,
1E03,
1E03,
1E03,
1E04,
1E04,
1E04,
1E04,
1E04,
1E04,
1E04,
1E04,
1E04,
1E04,
1E04,
1E04,
1E04,
1E04,
1E03,
1E03,
1E03,
1E04,
1E04,
1E04,
1E04,
1E04,
1E04,
1E03,
1A04,
19E4,
15C3,
0962,
00E0,
00E0,
0120,
0962,
15A4,
19E6,
1E07,
1DE6,
1DE6,
1DE6,
21E6,
2607,
21C6,
1501,
10C0,
2122,
35E7,
4629,
4A28,
5669,
5EAA,
62A9,
66C9,
6AE9,
6AEA,
6EE9,
6EE9,
6EE9,
6AE9,
6B0B,
630D,
4EAC,
29A5,
0CC0,
04A0,
1101,
1DA5,
21E6,
1DE5,
19C4,
19C4,
19E3,
19E3,
19E3,
19E2,
19E3,
19E3,
19E3,
1E04,
1E04,
19E4,
0D81,
0961,
0D82,
19E3,
1A04,
1A04,
1E04,
1E04,
1E04,
1E04,
1E04,
1E04,
1E04,
1E04,
1E04,
1E04,
1E04,
1E04,
1E04,
1E04,
21E6,
1DE6,
1183,
00E0,
00E0,
1183,
19C5,
1DE4,
21E4,
1E04,
1E04,
1E04,
1E04,
1E04,
2204,
21E5,
1DC5,
0921,
00C0,
1143,
21C5,
21E5,
21E5,
1E04,
1E04,
1E04,
1E04,
1E04,
1E04,
1E24,
1E24,
1E04,
1E04,
1E04,
1E04,
1E04,
1E24,
1E24,
1E24,
1E24,
1E24,
1E24,
1E24,
1E24,
1E24,
1E24,
1E24,
1E24,
1E24,
1E24,
1E24,
1E24,
1E24,
1E24,
1E24,
1E24,
1E24,
1E24,
1E24,
1E24,
1E24,
1E24,
1E24,
1E24,
1E24,
1E24,
1E24,
1E24,
1E24,
1E24,
1E24,
1E24,
1E24,
1E24,
1E24,
1E24,
1E24,
1E24,
1E24,
1E24,
1E24,
1E24,
1E24,
1A24,
1E25,
1E05,
19E4,
0D82,
0100,
0520,
1183,
1E24,
1E24,
1E24,
1E24,
1E24,
1E24,
1E24,
1E24,
1E24,
1E24,
1E24,
1E24,
1E24,
1E24,
1E24,
1E24,
1E24,
1E24,
1E24,
1E24,
1E24,
1E24,
1E24,
1E24,
1E24,
1E24,
1E24,
1E24,
1E24,
1E24,
1E24,
1E24,
1E23,
1E23,
1E24,
1E24,
1E24,
1E24,
1E24,
1E24,
1E24,
1E24,
1E24,
1E24,
1E24,
1E24,
1E24,
1E24,
1E24,
1E24,
1E24,
1E23,
1E24,
1E24,
1E24,
1E24,
1E24,
1E24,
1E24,
1E24,
1E24,
1E24,
1E24,
1E24,
1E24,
1E24,
1E24,
1E24,
1E24,
1E24,
1E24,
1E24,
1E24,
1E24,
1E24,
1E24,
1E24,
1E24,
1E03,
1E03,
1A03,
1A03,
19E3,
1DE3,
1DE4,
1DE4,
1DE4,
1DE5,
21E5,
1DE5,
15A4,
0921,
00E0,
0500,
1163,
1DA5,
21C6,
25E7,
1984,
04E0,
00C0,
0D21,
19A3,
1DE3,
1DE3,
1E04,
1E03,
1E03,
1E03,
1E03,
1E04,
1E04,
1E04,
1E04,
1E04,
1E04,
1E04,
1E04,
1E04,
1E04,
1E04,
1E04,
1E04,
1E04,
1E04,
1E03,
1E04,
1E04,
1E04,
1E04,
1E04,
1E04,
1E04,
1E04,
1A03,
19E4,
15C3,
0540,
00E0,
0520,
1183,
19C5,
1DE6,
1DE6,
1DE6,
1DE5,
1DE5,
1DC5,
1DE6,
21C5,
1963,
0CC0,
14E0,
2D84,
4629,
566A,
5EAA,
62C9,
66C8,
6AC7,
6AC5,
6AC5,
6AC5,
6AC6,
6AE6,
6EE6,
6F08,
6B0A,
5ACA,
3E27,
1921,
04A0,
0CE0,
1D43,
21C5,
21E5,
1DE5,
1DC4,
19E4,
19E3,
19E3,
1DE3,
1DE3,
19E2,
19E3,
1DE4,
1DE4,
19C4,
0D62,
0100,
00E0,
0540,
15C3,
1E04,
1E04,
1E04,
1E04,
1E04,
1E04,
1E04,
1E04,
1E04,
1E04,
1E04,
1E04,
1E04,
1E04,
1E04,
1E05,
2206,
1DC6,
1163,
00E0,
0100,
1183,
19C5,
1DE4,
1DE3,
1E04,
2204,
1E04,
1E04,
1E04,
1E04,
21E5,
19A4,
0500,
00A0,
0D22,
19A4,
1DA4,
19C4,
1DE5,
1E05,
2204,
1E04,
1E04,
1E04,
1E24,
1A24,
1E04,
1E04,
1E04,
1E04,
1E04,
1E24,
1E24,
1E24,
1E24,
1E24,
1E24,
1E24,
1E24,
1E24,
1E24,
1E24,
1E24,
1E24,
1E24,
1E24,
1E24,
1E24,
1E24,
1E24,
1E24,
1E24,
1E24,
1E24,
1E24,
1E24,
1E24,
1E24,
1E24,
1E24,
1E24,
1E24,
1E24,
1E24,
1E24,
1E04,
1E24,
1E24,
1E24,
1E24,
1E24,
1E24,
1E24,
1E24,
1E24,
1E24,
1E24,
1E24,
1E24,
1E25,
1E25,
1E04,
15C3,
0D81,
0961,
1182,
1E24,
1E24,
1E24,
1E24,
1E24,
1E24,
1E24,
1E24,
1E24,
1E24,
1E24,
1E24,
1E24,
1E24,
1E24,
1E24,
1E24,
1E24,
1E24,
1E24,
1E24,
1E24,
1E24,
1E24,
1E24,
1E24,
1E24,
1E24,
1E24,
1E24,
1E24,
1E24,
1E24,
1E23,
1E24,
1E24,
1E24,
1E24,
1E24,
1E24,
1E24,
1E24,
1E24,
1E24,
1E24,
1E24,
1E24,
1E24,
1E24,
1E24,
1E24,
1E23,
1E24,
1E24,
1E24,
1E24,
1E24,
1E24,
1E24,
1E24,
1E24,
1E24,
1E24,
1E24,
1E24,
1E24,
1E24,
1E24,
1E24,
1E24,
1E24,
1E24,
1E24,
1E24,
1E24,
1E24,
1E24,
1E24,
1E04,
1E03,
1A03,
19E2,
15C2,
1181,
0D61,
0D41,
1162,
1DC4,
21E6,
19A4,
0921,
00C0,
00E0,
1142,
1DA5,
21C6,
21C6,
21C6,
1984,
04E0,
00C0,
0D21,
19A3,
1DE4,
1DE3,
1E03,
1E03,
1E03,
1E03,
1E03,
1E04,
1E04,
1E04,
1E04,
1E04,
1E04,
1E04,
1E04,
1E04,
1E04,
1E04,
1E04,
1E04,
1E04,
1E03,
1E04,
1E04,
1E04,
1E04,
1E04,
1E04,
1E04,
1E04,
1E04,
1A03,
19E4,
15C3,
0D62,
0941,
11A4,
19E6,
1E06,
1E06,
1DE6,
1DE6,
1DE5,
1DC5,
1DC5,
1DC5,
1DA4,
1102,
08A0,
14E0,
31A4,
4A47,
5A88,
5EA7,
62C6,
6AC6,
6EC5,
6EC4,
6EC3,
6EC3,
6AC3,
6AC4,
6EE5,
6F08,
6B29,
5287,
2983,
0CC0,
04A0,
1522,
25A5,
21C5,
1DE5,
1DE5,
1DE4,
1DE4,
19E3,
19E3,
1DE3,
1DE3,
1DE2,
1DE2,
1DE3,
15A2,
0920,
00E0,
00C0,
0100,
0962,
19E4,
1E24,
1E04,
1E04,
1E04,
1E04,
1E04,
1E04,
1E04,
1E04,
1E04,
1E04,
1E04,
1E04,
1E04,
1E04,
1E05,
2206,
1DC6,
1163,
00E0,
0521,
1584,
1DC5,
1DE4,
1DE3,
1E03,
1E04,
1E04,
1E04,
1E04,
1E04,
1DE4,
1163,
00C0,
00A0,
04E0,
0921,
0900,
0921,
1182,
19E5,
1E05,
1E04,
1E24,
1E24,
1E24,
1E24,
1E04,
1E04,
1E04,
1E04,
1E04,
1E24,
1E24,
1E24,
1E24,
1E24,
1E24,
1E24,
1E24,
1E24,
1E24,
1E24,
1E24,
1E24,
1E24,
1E24,
1E24,
1E24,
1E24,
1E24,
1E24,
1E24,
1E24,
1E24,
1E24,
1E24,
1E24,
1E24,
1E24,
1E24,
1E24,
1E24,
1E04,
1E04,
1E04,
1E04,
1E04,
1E04,
1E04,
1E04,
1E04,
1E04,
1E04,
1E24,
1E24,
1E24,
1E24,
1E24,
1E24,
1E24,
1E25,
1E05,
1A04,
19E3,
15C3,
15C3,
1E24,
1E24,
1E24,
1E24,
1E24,
1E24,
1E24,
1E24,
1E24,
1E24,
1E24,
1E24,
1E24,
1E24,
1E24,
1E24,
1E24,
1E24,
1E24,
1E24,
1E24,
1E24,
1E24,
1E24,
1E24,
1E24,
1E24,
1E24,
1E24,
1E24,
1E24,
1E24,
1E24,
1E24,
1E24,
1E24,
1E24,
1E24,
1E24,
1E24,
1E24,
1E24,
1E24,
1E24,
1E24,
1E24,
1E24,
1E24,
1E24,
1E24,
1E24,
1E23,
1E24,
1E24,
1E24,
1E24,
1E24,
1E24,
1E24,
1E24,
1E24,
1E24,
1E24,
1E24,
1E24,
1E24,
1E24,
1E24,
1E24,
1E24,
1E24,
1E24,
1E24,
1E24,
1E24,
1E24,
1E04,
1E04,
1E04,
1E04,
1A03,
15C2,
0D60,
0100,
00C0,
00C0,
04E0,
1163,
1DA5,
0D42,
00C0,
00A0,
0901,
1984,
1DC6,
21C5,
21A6,
25C6,
1D85,
04E0,
00C0,
0D42,
19A4,
1DE4,
1DE3,
1E03,
1E03,
1E03,
1E04,
1E03,
1E04,
1E04,
1E04,
1E04,
1E04,
1E04,
1E04,
1E04,
1E04,
1E04,
1E04,
1E04,
1E04,
1E04,
1E04,
1E04,
1E04,
1E04,
1E04,
1E04,
1E04,
1E04,
1E04,
1E04,
1A04,
1A04,
19E4,
15C4,
15C4,
19E5,
19E5,
1E05,
1E05,
1E05,
1DE5,
1DE5,
1DE5,
1DE5,
1DC4,
1563,
0CC0,
0CA0,
2522,
4606,
5A88,
5EA7,
62C6,
6AC4,
6EC4,
72C4,
6EC4,
6EC3,
6EC3,
6EC2,
6AC3,
6EE5,
6F28,
66E8,
4204,
1D20,
08A0,
0CE1,
1D64,
25A6,
21E5,
1DE5,
1DE5,
1DE5,
1DE4,
19E4,
19E3,
1DE3,
1DE3,
1E03,
1DE3,
15A2,
0520,
00C0,
00C0,
00E0,
0961,
15C4,
1E04,
1E04,
1A04,
1E03,
1E04,
1E04,
1E04,
1E04,
1E04,
1E04,
1E03,
1E03,
1E04,
1E04,
1E04,
1E05,
1E05,
2206,
1DC6,
1163,
00E0,
0921,
15A4,
1DE5,
1DE4,
1DE3,
1E03,
1E04,
1E04,
1E04,
1E04,
1E04,
1DE4,
1162,
00C0,
00A0,
00C0,
00C0,
00C0,
00C0,
00E0,
0D62,
19C4,
1A04,
1E04,
1E24,
1E24,
1E24,
1E04,
1E04,
1E04,
1E04,
1E04,
1E24,
1E24,
1E24,
1E24,
1E24,
1E24,
1E24,
1E24,
1E24,
1E24,
1E24,
1E24,
1E24,
1E24,
1E24,
1E24,
1E24,
1E24,
1E24,
1E24,
1E24,
1E24,
1E24,
1E24,
1E24,
1E24,
1E24,
1E24,
1E24,
1E24,
1E24,
1E04,
1E04,
1E04,
1E04,
1E04,
1E04,
1E04,
1E04,
1E04,
1E04,
1E04,
1E24,
1E24,
1E24,
1E24,
1E24,
1E24,
1E24,
1E24,
1E25,
1E05,
1E04,
1E04,
1E05,
1E24,
1E24,
1E24,
1E24,
1E24,
1E24,
1E24,
1E24,
1E24,
1E24,
1E24,
1E24,
1E24,
1E24,
1E24,
1E24,
1E24,
1E24,
1E24,
1E24,
1E24,
1E24,
1E24,
1E24,
1E24,
1E24,
1E24,
1E24,
1E24,
1E24,
1E24,
1E24,
1E24,
1E24,
1E24,
1E24,
1E24,
1E24,
1E24,
1E24,
1E24,
1E24,
1E24,
1E24,
1E24,
1E24,
1E24,
1E24,
1E24,
1E24,
1E24,
1E23,
1E24,
1E24,
1E24,
1E24,
1E24,
1E24,
1E24,
1E24,
1E24,
1E24,
1E24,
1E24,
1E24,
1E24,
1E24,
1E24,
1E24,
1E24,
1E24,
1E24,
1E24,
1E24,
1E24,
1E24,
1E04,
1E04,
1E04,
1E04,
1E04,
15A2,
0520,
00C0,
00A0,
00A0,
00C0,
0D02,
0D23,
00C1,
0080,
00C0,
1543,
21A6,
21C6,
21C5,
21C6,
25E6,
1D84,
04E0,
00C0,
0D42,
19A4,
1DE4,
1DE3,
1E03,
1E03,
1E03,
1E04,
1E04,
1E04,
1E04,
1E04,
1E03,
1E03,
1E03,
1E04,
1E04,
1E04,
1E04,
1E04,
1E04,
1E04,
1E04,
1E04,
1E04,
1E04,
1E04,
1E04,
1E04,
1E04,
1E04,
1E04,
1E04,
1E04,
1A04,
19E4,
19E4,
1A04,
1A04,
1A04,
1A04,
1E04,
1A04,
19E5,
1DE5,
1DE5,
1DE6,
19A3,
0D20,
0480,
14E1,
3DC6,
5668,
62A8,
66C7,
6AC6,
6EC4,
6EC3,
6EC3,
6EC3,
6EC3,
6EC3,
6EC2,
6EC3,
6F05,
6AE6,
5265,
2D61,
10C0,
0CE0,
1963,
21A5,
25C6,
21E5,
1DE5,
1DE4,
1DE4,
1DE4,
1A04,
1E04,
1DE4,
19E3,
15C2,
1181,
0520,
00C0,
00A0,
00E1,
0942,
15C4,
1DE5,
1DE4,
1A03,
1A03,
1E03,
1E04,
1E03,
1E03,
1E23,
1E03,
1E04,
1E04,
1E03,
1E04,
1E04,
1E05,
2205,
2206,
21E7,
1DC7,
1164,
00E0,
0922,
19A4,
1DE5,
1DE4,
1DE3,
1E03,
1E04,
1E04,
1E04,
1E04,
1E04,
19C4,
1162,
0500,
04E0,
0500,
0921,
0921,
0500,
00E0,
0520,
11A2,
19E3,
1E04,
1E24,
1E04,
1E04,
1E04,
1E04,
1E04,
1E04,
1E04,
1E24,
1E24,
1E24,
1E24,
1E24,
1E24,
1E24,
1E24,
1E24,
1E24,
1E24,
1E24,
1E24,
1E24,
1E24,
1E24,
1E24,
1E24,
1E24,
1E24,
1E24,
1E24,
1E24,
1E24,
1E24,
1E24,
1E24,
1E24,
1E24,
1E24,
1E24,
1E04,
1E04,
1E04,
1E04,
1E04,
1E04,
1E04,
1E04,
1E04,
1E04,
1E04,
1E24,
1E24,
1E24,
1E24,
1E24,
1E24,
1E24,
1E24,
1E24,
1E24,
1E04,
1E25,
1E25,
1E24,
1E24,
1E24,
1E24,
1E24,
1E24,
1E24,
1E24,
1E24,
1E24,
1E24,
1E24,
1E24,
1E24,
1E24,
1E24,
1E24,
1E24,
1E24,
1E24,
1E24,
1E24,
1E24,
1E24,
1E24,
1E24,
1E24,
1E24,
1E24,
1E24,
1E24,
1E24,
1E24,
1E24,
1E24,
1E24,
1E24,
1E24,
1E24,
1E24,
1E24,
1E24,
1E24,
1E24,
1E24,
1E24,
1E24,
1E24,
1E24,
1E24,
1E24,
1E23,
1E24,
1E24,
1E24,
1E24,
1E24,
1E24,
1E24,
1E24,
1E24,
1E24,
1E24,
1E24,
1E24,
1E24,
1E24,
1E24,
1E24,
1E24,
1E24,
1E24,
1E24,
1E24,
1E04,
1E04,
1E04,
1E04,
1E04,
1E05,
19C4,
0D61,
0120,
0500,
0D22,
0922,
04E1,
04E1,
00C0,
0080,
00A0,
0D01,
1D84,
21C6,
21C5,
21C5,
21C5,
25E6,
1984,
04E0,
00E0,
1163,
19A4,
1DE4,
1DE4,
1E03,
1E03,
1E03,
1E03,
1E03,
1E03,
1E03,
1E03,
1E03,
1E03,
1E04,
1E04,
1E04,
1E04,
1E04,
1E04,
1E04,
1E04,
1E04,
1E04,
1E04,
1E04,
1E04,
1E04,
1E04,
1E04,
1E04,
1E04,
1E04,
1E04,
1E04,
1A04,
1A04,
1A04,
1A04,
1A04,
1A04,
1A04,
19E4,
19E5,
1DE6,
1DE5,
19A4,
1121,
04A0,
10C0,
3185,
4E49,
5AA8,
62C8,
6AC7,
6EC5,
6EC4,
6EC3,
72C3,
6EC3,
72C3,
6EC3,
6EC3,
6EC3,
6EE5,
6AE6,
4E44,
2120,
08A0,
1101,
1DA4,
21C6,
21C6,
1DE5,
19E4,
1DC4,
1DE4,
1DE4,
2205,
1DE4,
15A2,
0D41,
0520,
00E0,
00C0,
00C0,
00E0,
0923,
15A4,
1DE5,
1E04,
1E04,
1A04,
1A03,
1E03,
1E04,
1E03,
1E03,
1E23,
1E04,
1E04,
1E04,
1E04,
1E04,
1E04,
1E05,
1DE5,
19A5,
1585,
1164,
0922,
00E0,
0922,
15A4,
1DE5,
1DE4,
1E04,
1E04,
1E04,
1E04,
1E04,
1E04,
1E04,
19E4,
15C3,
15A3,
1183,
1584,
19A4,
19C5,
1183,
0500,
0100,
0D60,
19C2,
1E04,
1E04,
1E04,
1E04,
1E04,
1E04,
1E04,
1E04,
1E04,
1E24,
1E24,
1E24,
1E24,
1E24,
1E24,
1E24,
1E24,
1E24,
1E24,
1E24,
1E24,
1E24,
1E24,
1E24,
1E24,
1E24,
1E24,
1E24,
1E24,
1E24,
1E24,
1E24,
1E24,
1E24,
1E24,
1E24,
1E24,
1E24,
1E24,
1E24,
1E24,
1E24,
1E24,
1E24,
1E04,
1E04,
1E04,
1E04,
1E04,
1E04,
1E04,
1E04,
1E24,
1E24,
1E24,
1E24,
1E24,
1E24,
1E24,
1E24,
1E24,
1E24,
1E24,
1E24,
1E24,
1E23,
1E23,
1E23,
1E24,
1E24,
1E24,
1E24,
1E24,
1E23,
1E23,
1E23,
1E24,
1E24,
1E24,
1E24,
1E24,
1E24,
1E24,
1E24,
1E24,
1E24,
1E24,
1E24,
1E24,
1E24,
1E24,
1E24,
1E24,
1E24,
1E24,
1E24,
1E24,
1E24,
1E24,
1E24,
1E24,
1E24,
1E24,
1E24,
1E24,
1E24,
1E24,
1E24,
1E24,
1E24,
1E24,
1E24,
1E24,
1E24,
1E24,
1E23,
1E24,
1E24,
1E24,
1E24,
1E24,
1E24,
1E24,
1E24,
1E24,
1E24,
1E24,
1E24,
1E24,
1E24,
1E24,
1E24,
1E24,
1E24,
1E24,
1E24,
1E04,
1E04,
1E04,
1E04,
1E04,
1E04,
1E05,
1E05,
1183,
0520,
0920,
1583,
1DC6,
1DA6,
1123,
00A0,
0060,
0060,
04C1,
1964,
21A5,
21A5,
21C5,
21C5,
21C5,
21C5,
1562,
00C0,
00E0,
1142,
19A4,
1DC4,
1DE4,
1DE4,
1DE4,
1E03,
1E03,
1E03,
1E03,
1E03,
1E03,
1E03,
1E03,
1E03,
1E04,
1E04,
1E04,
1E04,
1E04,
1E04,
1E04,
1E04,
1E04,
1E03,
1E04,
1E04,
1E04,
1E04,
1E04,
1E04,
1E04,
1E04,
1E04,
1E04,
1E04,
1A04,
1A04,
1A04,
1A04,
1A04,
1A04,
1A04,
1E05,
2206,
1DC5,
1122,
08A0,
0460,
2523,
4A29,
5A89,
62C8,
6AC7,
6EC6,
72C5,
6EC4,
6EC3,
72E3,
72C3,
72C3,
72E3,
72E3,
72E4,
6EE5,
6EE6,
4E65,
1D20,
0480,
1121,
21C5,
25E6,
21E6,
1DE5,
19C5,
19C5,
19C5,
1DC5,
1984,
1142,
04E0,
00A0,
00A0,
04C0,
04E0,
04E0,
0D22,
19A5,
1DE6,
2204,
1E04,
1E04,
1E04,
1E04,
1E03,
1E03,
1E03,
1E03,
1E04,
1E04,
1E04,
1E04,
1E04,
1E04,
1E04,
1E05,
15A4,
0922,
04E1,
00C0,
00A0,
00A0,
0501,
1583,
1DC4,
1DE4,
2204,
1E04,
1E03,
1E04,
1E04,
1E04,
1E04,
1E04,
1DE5,
1DE6,
1DE6,
1DE6,
21E6,
2206,
19C5,
0D61,
0520,
0D60,
15C2,
1E04,
1E04,
1E04,
1E04,
1E04,
1E04,
1E04,
1E04,
1E04,
1E24,
1E24,
1E24,
1E24,
1E24,
1E24,
1E24,
1E24,
1E24,
1E24,
1E24,
1E24,
1E24,
1E24,
1E24,
1E24,
1E24,
1E24,
1E24,
1E24,
1E24,
1E24,
1E24,
1E24,
1E24,
1E24,
1E24,
1E24,
1E24,
1E24,
1E24,
1E24,
1E24,
1E24,
1E24,
1E04,
1E04,
1E04,
1E04,
1E04,
1E04,
1E04,
1E04,
1E04,
1E04,
1E24,
1E24,
1E24,
1E24,
1E24,
1E24,
1E24,
1E24,
1E24,
1E24,
1E24,
1E23,
1E23,
1E24,
1E24,
1E24,
1E24,
1E24,
1E24,
1E24,
1E24,
1E24,
1E24,
1E24,
1E24,
1E24,
1E24,
1E24,
1E24,
1E24,
1E24,
1E24,
1E24,
1E24,
1E24,
1E24,
1E24,
1E24,
1E24,
1E24,
1E24,
1E24,
1E24,
1E24,
1E24,
1E24,
1E24,
1E24,
1E24,
1E24,
1E24,
1E24,
1E24,
1E24,
1E24,
1E24,
1E24,
1E24,
1E24,
1E24,
1E24,
1E23,
1E24,
1E24,
1E24,
1E24,
1E24,
1E24,
1E24,
1E24,
1E24,
1E24,
1E24,
1E24,
1E24,
1E24,
1E23,
1E24,
1E24,
1E24,
1E24,
1E24,
1E25,
1E25,
1E25,
1E04,
1E04,
1E04,
1E05,
19E5,
0D62,
0520,
0D42,
19A5,
1DC6,
21C7,
1544,
0080,
0040,
0080,
1103,
21A5,
25A5,
21A5,
21C5,
21E5,
21C4,
1983,
0900,
00A0,
00C0,
0900,
1163,
19C4,
1DE4,
1DE4,
1DE4,
1DE4,
1E04,
1E04,
1E04,
1E03,
1E03,
1E03,
1E04,
1E04,
1E04,
1E04,
1E04,
1E04,
1E04,
1E04,
1E04,
1E04,
1E04,
1E04,
1E04,
1E04,
1E04,
1E04,
1E04,
1E04,
1A04,
1E04,
1E04,
1E04,
1E04,
1A03,
19E3,
1A04,
1A04,
1A04,
1A04,
1A05,
1E05,
1DC4,
1542,
0CC0,
0860,
10A0,
39A6,
5AAA,
62C9,
6AC7,
6EC6,
72C5,
72C4,
72C4,
72E3,
72E4,
72E4,
72E3,
72E3,
72E4,
72E5,
7306,
6AE6,
4A44,
1D00,
0480,
1121,
21C5,
21C6,
1DC5,
19C4,
15A4,
1163,
0D22,
08E1,
00A0,
0080,
04A0,
0CE1,
1523,
1523,
1101,
0D01,
1564,
1DC6,
1DE6,
1DE4,
1E03,
1E04,
1E04,
1A03,
1A03,
1A03,
1E03,
1E04,
1E04,
1E04,
1E04,
1E04,
1E04,
1E04,
2204,
19C4,
0D42,
00E0,
00C0,
00A0,
0080,
0080,
00C0,
0D62,
19C3,
1DE4,
1E04,
1E04,
1E04,
1E04,
1E04,
1E04,
1E04,
1E04,
1E05,
1DE5,
2206,
1DE5,
1DE5,
21E6,
19C4,
1182,
0D61,
1181,
19C3,
1E04,
1E04,
1E04,
1E04,
1E04,
1E04,
1E04,
1E04,
1E04,
1E24,
1E24,
1E24,
1E24,
1E24,
1E24,
1E24,
1E24,
1E24,
1E24,
1E24,
1E24,
1E24,
1E24,
1E24,
1E24,
1E24,
1E24,
1E24,
1E24,
1E24,
1E24,
1E24,
1E24,
1E24,
1E24,
1E24,
1E24,
1E24,
1E24,
1E04,
1E04,
1E24,
1E24,
1E24,
1E24,
1E24,
1E24,
1E24,
1E24,
1E24,
1E24,
1E24,
1E04,
1E04,
1E24,
1E24,
1E24,
1E24,
1E24,
1E24,
1E24,
1E24,
1E24,
1E24,
1E24,
1E23,
1E23,
1E24,
1E24,
1E24,
1E24,
1E24,
1E24,
1E24,
1E24,
1E24,
1E24,
1E24,
1E24,
1E24,
1E24,
1E24,
1E24,
1E24,
1E24,
1E24,
1E24,
1E24,
1E24,
1E24,
1E24,
1E24,
1E24,
1E24,
1E24,
1E24,
1E24,
1E24,
1E24,
1E24,
1E24,
1E24,
1E24,
1E24,
1E24,
1E24,
1E24,
1E24,
1E24,
1E24,
1E24,
1E24,
1E24,
1E24,
1E24,
1E23,
1E24,
1E24,
1E24,
1E24,
1E24,
1E24,
1E24,
1E24,
1E24,
1E24,
1E24,
1E24,
1E24,
1E24,
1E24,
1E24,
1E24,
1E24,
1E04,
1E25,
1E25,
1E05,
19E4,
15C3,
15C3,
15C4,
19C4,
19A4,
0D62,
0500,
0D42,
19A5,
1DC6,
21C7,
1D86,
04E1,
0080,
04A0,
1543,
21C5,
21C5,
21C4,
21C5,
21E5,
21C4,
1562,
00E0,
00A0,
00C0,
00E0,
0920,
1583,
1DC4,
1DE4,
1DE4,
1DE4,
1E04,
1E04,
1E04,
1E04,
1E04,
1E04,
1E04,
1E04,
1E04,
1E04,
1E04,
1E04,
1E04,
1E04,
1E04,
1E04,
1E04,
1E04,
1E04,
1E04,
1E04,
1E04,
1E04,
1E04,
1A04,
1E04,
1E04,
1E04,
1E04,
1A03,
1A03,
1A04,
19E4,
1DE4,
1DE4,
1DE4,
1DC4,
1561,
0CC0,
0CA0,
18C0,
2D42,
5248,
66EB,
6AC8,
6EC5,
72C5,
72C4,
72E4,
72E4,
72E4,
72E4,
72E4,
72E4,
72E3,
72E4,
72E5,
7306,
6AE6,
4A45,
2542,
0CA0,
0CE0,
1543,
1543,
1143,
1142,
0901,
04C0,
0080,
0040,
0060,
0CC1,
2165,
31E8,
3609,
29A6,
1522,
1122,
19A5,
1DC6,
1DE5,
19E4,
1E03,
1E03,
1A03,
1A03,
1A03,
1A03,
1E03,
1E04,
1E04,
1E24,
1E04,
1E04,
1E04,
2204,
2205,
1582,
0500,
00E0,
0501,
0902,
04E1,
00C0,
00E0,
0940,
15A2,
19C3,
1DE4,
1E04,
1E04,
1E04,
1E04,
1E04,
1E04,
1E04,
1E05,
1E05,
1DE5,
1DE5,
1E05,
2205,
1DE4,
15C3,
15A2,
15C3,
1DE4,
1E04,
1E04,
1E04,
1E04,
1E04,
1E04,
1E04,
1E04,
1E04,
1E24,
1E24,
1E24,
1E24,
1E24,
1E24,
1E24,
1E24,
1E24,
1E24,
1E24,
1E24,
1E24,
1E24,
1E24,
1E24,
1E24,
1E24,
1E24,
1E24,
1E24,
1E24,
1E24,
1E24,
1E24,
1E24,
1E24,
1E24,
1E24,
1E24,
1E04,
1E04,
1E24,
1E24,
1E24,
1E24,
1E24,
1E24,
1E24,
1E24,
1E24,
1E24,
1E24,
1E24,
1E24,
1E24,
1E24,
1E24,
1E24,
1E24,
1E24,
1E24,
1E24,
1E24,
1E24,
1E24,
1E23,
1E23,
1E24,
1E24,
1E24,
1E24,
1E24,
1E24,
1E24,
1E24,
1E24,
1E24,
1E24,
1E24,
1E24,
1E24,
1E24,
1E24,
1E24,
1E24,
1E24,
1E24,
1E24,
1E24,
1E24,
1E24,
1E24,
1E24,
1E24,
1E24,
1E24,
1E24,
1E24,
1E24,
1E24,
1E24,
1E24,
1E24,
1E24,
1E24,
1E24,
1E24,
1E24,
1E24,
1E24,
1E24,
1E24,
1E24,
1E24,
1E24,
1E24,
1E24,
1E24,
1E24,
1E24,
1E24,
1E24,
1E24,
1E24,
1E24,
1E24,
1E24,
1E24,
1E24,
1E24,
1E24,
1E24,
1E24,
1E04,
1E04,
1E04,
1A04,
11A3,
0941,
0520,
0500,
0520,
0D42,
0D62,
0921,
00E0,
0921,
19A5,
1DC7,
21C7,
1DC6,
1164,
0921,
0D22,
1983,
21C4,
21C4,
1DC4,
21E4,
2205,
1DC4,
1161,
00E0,
00C0,
00E0,
04E0,
0920,
1582,
1DE4,
21E4,
1DE4,
1DE4,
1E04,
1E04,
1E04,
1E04,
1E04,
1E04,
1E04,
1E04,
1E04,
1E04,
1E04,
1E04,
1E04,
1E04,
1E04,
1E04,
1E04,
1E04,
1E04,
1E04,
1E04,
1E04,
1E04,
1E04,
1A04,
1E04,
1E04,
1E04,
1E04,
1A04,
1A03,
1A03,
1DE4,
21E4,
1DC3,
1982,
1541,
10E0,
10C0,
2100,
35A3,
4A05,
66A9,
6EEA,
6EC7,
6EC4,
72C4,
72E3,
72E3,
72E4,
72E4,
72E4,
72E4,
72E4,
72E4,
72E4,
72E5,
72E6,
6AE6,
56A8,
39C7,
18C1,
0460,
0060,
0060,
0060,
0080,
0060,
0060,
0880,
14E1,
2965,
39E9,
464B,
4E8C,
424A,
29A4,
1520,
1984,
21C6,
1DE6,
1DE4,
1DE3,
1E03,
1A03,
1A03,
1A03,
1A03,
1A03,
1E04,
1E24,
1E04,
1A04,
1E04,
1E04,
1E04,
1DE5,
19C4,
0D41,
04E0,
0901,
1164,
19A5,
15A4,
0941,
0520,
0940,
11A1,
19E3,
1DE4,
1E04,
1E04,
1E04,
1E04,
1E04,
1E04,
1E04,
1E04,
1E04,
1E04,
1E04,
1E04,
1E04,
1E04,
19E3,
19E3,
1DE3,
1E04,
1E04,
1E04,
1E04,
1E04,
1E04,
1E04,
1E04,
1E04,
1E04,
1E24,
1E24,
1E24,
1E24,
1E24,
1E24,
1E24,
1E24,
1E24,
1E24,
1E24,
1E24,
1E24,
1E24,
1E24,
1E24,
1E24,
1E24,
1E24,
1E24,
1E24,
1E24,
1E24,
1E24,
1E24,
1E24,
1E24,
1E24,
1E24,
1E04,
1E04,
1E04,
1E24,
1E24,
1E24,
1E24,
1E24,
1E24,
1E24,
1E24,
1E24,
1E24,
1E24,
1E24,
1E24,
1E24,
1E24,
1E24,
1E24,
1E24,
1E24,
1E24,
1E24,
1E24,
1E24,
1E24,
1E23,
1E23,
1E24,
1E24,
1E24,
1E24,
1E24,
1E24,
1E24,
1E24,
1E24,
1E24,
1E24,
1E24,
1E24,
1E24,
1E24,
1E24,
1E24,
1E24,
1E24,
1E24,
1E24,
1E24,
1E24,
1E24,
1E24,
1E24,
1E24,
1E24,
1E24,
1E24,
1E24,
1E24,
1E24,
1E24,
1E24,
1E24,
1E24,
1E24,
1E24,
1E24,
1E24,
1E24,
1E24,
1E24,
1E24,
1E24,
1E24,
1E24,
1E24,
1E24,
1E24,
1E24,
1E24,
1E24,
1E24,
1E24,
1E24,
1E24,
1E24,
1E24,
1E24,
1E24,
1E24,
1E24,
1E24,
1E24,
1E04,
19E3,
15A2,
0961,
0100,
00C0,
00C0,
00C0,
00C0,
00E0,
0100,
00E0,
00C0,
0922,
19A5,
1DC6,
1DC6,
1DC6,
19C4,
15A3,
1983,
1DC4,
21E4,
21E4,
1DE4,
2204,
2205,
1DE4,
15A2,
0941,
0941,
0D41,
0520,
0520,
0D61,
19A3,
19C3,
1DE4,
1DE4,
1DE4,
1E04,
1E04,
1E04,
1E04,
1E04,
1E04,
1E04,
1E04,
1E04,
1E04,
1E04,
1A04,
1E04,
1E04,
1E04,
1E04,
1E04,
1E04,
1E04,
1E04,
1E04,
1E04,
1E04,
1A04,
1E04,
1E04,
1E04,
1E04,
1A04,
19E3,
1E04,
1DE3,
1DE3,
1981,
1520,
0CC0,
10C0,
2120,
39A3,
5246,
5E87,
6EC7,
72E7,
6EC5,
72C3,
72C3,
72C3,
72E3,
72E3,
72E3,
72E3,
72E3,
72E4,
72E3,
72E4,
72E5,
6EE5,
6F07,
62E9,
4E28,
3143,
14C0,
0C80,
0CA0,
10A0,
14C0,
18E1,
2922,
39A5,
4A29,
5A8C,
5ECD,
5ACC,
4E8B,
35C6,
1501,
1120,
21A5,
21E6,
19E5,
1A04,
1E03,
1E03,
1E03,
1E03,
1A03,
1E04,
1E04,
1E04,
15C2,
0D82,
0D61,
1182,
15A3,
19A4,
19C4,
1583,
0900,
04E0,
1142,
19A5,
1DC6,
1DE6,
15A3,
0D61,
0D81,
15C3,
19E3,
1A04,
1A04,
1E04,
1E04,
1E04,
1E04,
1E04,
1E04,
1E03,
1E04,
1E04,
1E04,
1E04,
1E04,
1E04,
1E04,
1E04,
1E04,
1E03,
1E03,
1E03,
1E04,
1E04,
1E04,
1E04,
1E04,
1E04,
1E04,
1E24,
1E24,
1E24,
1E24,
1E24,
1E24,
1E24,
1E24,
1E24,
1E24,
1E24,
1E24,
1E24,
1E24,
1E24,
1E24,
1E24,
1E24,
1E24,
1E24,
1E24,
1E24,
1E24,
1E24,
1E24,
1E24,
1E04,
1E04,
1E04,
1E04,
1E04,
1E04,
1E24,
1E24,
1E24,
1E24,
1E24,
1E24,
1E24,
1E24,
1E24,
1E24,
1E24,
1E24,
1E24,
1E24,
1E24,
1E24,
1E24,
1E24,
1E24,
1E24,
1E24,
1E24,
1E24,
1E24,
1E23,
1E23,
1E24,
1E24,
1E24,
1E24,
1E24,
1E24,
1E24,
1E24,
1E24,
1E24,
1E24,
1E24,
1E24,
1E24,
1E24,
1E24,
1E24,
1E24,
1E24,
1E24,
1E24,
1E24,
1E24,
1E24,
1E24,
1E24,
1E24,
1E24,
1E24,
1E24,
1E24,
1E24,
1E24,
1E24,
1E24,
1E24,
1E24,
1E24,
1E24,
1E24,
1E24,
1E24,
1E24,
1E24,
1E24,
1E24,
1E24,
1E24,
1E24,
1E24,
1E24,
1E24,
1E24,
1E24,
1E24,
1E24,
1E24,
1E24,
1E24,
1E24,
1E24,
1E24,
1E24,
1E24,
1E24,
1E25,
1E04,
15C3,
0541,
00E0,
00E0,
0500,
0921,
0941,
0921,
0500,
00E0,
00E0,
0500,
1182,
1DC4,
1DE5,
1DE5,
21E5,
1DE4,
1DE4,
1DE4,
1DE4,
1E04,
1E04,
1E04,
2204,
2204,
1E04,
1DE4,
19E4,
19C5,
15A4,
0921,
00E0,
00E0,
0520,
0D41,
1182,
19C4,
1DE4,
1E04,
1E03,
1E04,
1E04,
1E04,
1E04,
1E04,
1E04,
1E04,
1E04,
1E04,
1A04,
1E04,
1E04,
1E04,
1E04,
1E04,
1E04,
1E04,
1E04,
1E04,
1E04,
1E04,
1A04,
1E04,
1E04,
1E04,
1E04,
1A04,
19E4,
1DE4,
1DC3,
1561,
1520,
14E0,
1D00,
2D83,
41E5,
5647,
6688,
6EC7,
72C6,
72C5,
72C4,
72C3,
72C3,
72C3,
72E3,
72E3,
72E3,
72E3,
72E3,
72E4,
72E3,
72E3,
72E4,
72E5,
72E6,
6EE8,
62C8,
5667,
4A25,
41E4,
45E4,
4604,
4A45,
5266,
5EA8,
6ACA,
66EA,
66CA,
66EB,
5ECA,
4206,
1900,
0CC0,
1942,
21C5,
21E6,
1DE5,
1A04,
1E03,
1E03,
1E04,
1E04,
2205,
2205,
1DE4,
1582,
0920,
00C0,
00C0,
00C0,
04E0,
1122,
1564,
0D22,
00E0,
0500,
1183,
1DC5,
1DE5,
1DE5,
1DE5,
15C3,
19E3,
1E04,
1E04,
1E04,
1E04,
1E04,
1E04,
1E04,
1E04,
1E04,
1E04,
1E04,
1E04,
1E04,
1E04,
1E04,
1E04,
1E04,
1E04,
1E04,
1E04,
1E03,
1E03,
1E03,
1E04,
1A24,
1E04,
1E04,
1E04,
1E04,
1E04,
1E24,
1E24,
1E24,
1E24,
1E24,
1E24,
1E24,
1E24,
1E24,
1E24,
1E24,
1E24,
1E24,
1E24,
1E24,
1E24,
1E24,
1E24,
1E24,
1E24,
1E24,
1E24,
1E24,
1E24,
1E24,
1E24,
1E04,
1E04,
1E04,
1E04,
1E04,
1E04,
1E24,
1E24,
1E24,
1E24,
1E24,
1E24,
1E24,
1E24,
1E24,
1E24,
1E24,
1E24,
1E24,
1E24,
1E24,
1E24,
1E24,
1E24,
1E24,
1E24,
1E24,
1E24,
1E24,
1E24,
1E23,
1E23,
1E24,
1E24,
1E24,
1E24,
1E24,
1E24,
1E24,
1E24,
1E24,
1E24,
1E24,
1E24,
1E24,
1E24,
1E24,
1E24,
1E24,
1E24,
1E24,
1E24,
1E24,
1E24,
1E24,
1E24,
1E24,
1E24,
1E24,
1E24,
1E24,
1E24,
1E24,
1E24,
1E24,
1E24,
1E24,
1E24,
1E24,
1E24,
1E24,
1E24,
1E24,
1E24,
1E24,
1E24,
1E24,
1E24,
1E24,
1E24,
1E24,
1E24,
1E24,
1E24,
1E24,
1E24,
1E24,
1E24,
1E24,
1E24,
1E24,
1E24,
1E24,
1E24,
1E24,
1E24,
1E24,
1E25,
1E04,
11A2,
0100,
00E0,
0920,
1182,
1DC4,
21E5,
1DC4,
1583,
0D41,
0941,
1181,
19C3,
1DE4,
1DE4,
1DE4,
1DE4,
1E04,
1E04,
1E03,
1E03,
1E03,
1E04,
1E04,
1E04,
1E04,
1E04,
1E04,
1E05,
2206,
19C5,
0D42,
00E0,
00C0,
00C0,
00E0,
0500,
1182,
1DE4,
1E04,
1E04,
1E04,
1E04,
1E04,
1E04,
1E04,
1E04,
1E04,
1E04,
1A04,
1A04,
1E04,
1E04,
1E04,
1E04,
1E04,
1E04,
1E04,
1E04,
1E04,
1E04,
1E04,
1E04,
1E04,
1E04,
1E04,
1E04,
19E4,
15C4,
1183,
0D21,
08E0,
0CC0,
1D00,
39A3,
4E47,
5E88,
6AA9,
6EA8,
72C6,
72C4,
72C3,
72E3,
72E3,
72C3,
72C3,
72E3,
72E3,
72E3,
72E3,
72E3,
72E4,
72E4,
72E4,
72E4,
72E4,
72E5,
72E6,
72E7,
6EE7,
6AE8,
66C8,
66C8,
6AC8,
6AE8,
6EE8,
6EE8,
6EE7,
6EE7,
6AE7,
6AE8,
5EC9,
39E4,
14E0,
10E0,
1D63,
25C5,
21E6,
1E05,
1E04,
1E04,
1E24,
1E04,
19E4,
1DC4,
1584,
0921,
04E0,
00A0,
0080,
0080,
0080,
00A0,
04E0,
0902,
04E0,
00C0,
0521,
1583,
1DC5,
1DE5,
1DE5,
1DE5,
1DE4,
1E05,
1E05,
1E04,
1E04,
1E04,
1E04,
1E04,
1E04,
1E04,
1E03,
1E03,
1E03,
1E04,
1E04,
1E04,
1E04,
1E04,
1E04,
1E04,
1E04,
1E04,
1E04,
1E04,
1E04,
1E24,
1E24,
1E24,
1E24,
1E24,
1E24,
1E24,
1E04,
1E04,
1E04,
1E04,
1E04,
1E24,
1E24,
1E24,
1E24,
1E24,
1E24,
1E24,
1E24,
1E24,
1E24,
1E04,
1E04,
1E04,
1E04,
1E04,
1E04,
1E04,
1E04,
1E04,
1E04,
1E04,
1E04,
1E04,
1E04,
1E04,
1E04,
1E04,
1E04,
1E04,
1E24,
1E24,
1E24,
1E24,
1E24,
1E24,
1E24,
1E24,
1E24,
1E24,
1E24,
1E24,
1E24,
1E24,
1E24,
1E24,
1E24,
1E24,
1E24,
1E24,
1E24,
1E24,
1E23,
1E23,
1E24,
1E24,
1E24,
1E24,
1E24,
1E24,
1E24,
1E24,
1E24,
1E24,
1E24,
1E24,
1E24,
1E24,
1E24,
1E24,
1E24,
1E24,
1E24,
1E24,
1E24,
1E24,
1E24,
1E24,
1E24,
1E24,
1E24,
1E24,
1E24,
1E24,
1E24,
1E24,
1E24,
1E24,
1E24,
1E24,
1E24,
1E24,
1E24,
1E24,
1E24,
1E24,
1E24,
1E24,
1E24,
1E24,
1E24,
1E24,
1E24,
1E24,
1E24,
1E24,
1E24,
1E24,
1E24,
1E24,
1E24,
1E24,
1E24,
1E24,
1E24,
1E24,
1E24,
1E24,
1E24,
1E24,
1E04,
11A1,
0520,
0921,
1583,
1DC5,
21E6,
2206,
21E6,
21E5,
19C3,
19A2,
19C3,
1DE4,
21E4,
1DE4,
1E04,
1E04,
1E04,
1E04,
1E03,
1E03,
1E03,
1E03,
1E04,
1E04,
1E04,
1E04,
1E04,
1E04,
1E05,
1DE4,
15A3,
0D61,
0D41,
0D41,
0100,
00E0,
0941,
19C3,
1E04,
1E04,
1E04,
1E04,
1E04,
1E04,
1E04,
1A04,
1E04,
1A04,
1A04,
1E04,
1E04,
1E04,
1E04,
1E04,
1E04,
1E04,
1E04,
1E04,
1E04,
1E04,
1E04,
1E04,
1E04,
1E04,
1E04,
1E04,
19C3,
1182,
0520,
00C0,
0080,
0480,
18E0,
3983,
5225,
5E86,
6AA6,
72A6,
72A5,
72C3,
72C2,
76E3,
76E3,
76E3,
76E3,
76E4,
76E4,
76E4,
76E4,
76E4,
76E4,
76E4,
76E4,
72E4,
72E4,
76E4,
72E4,
72E5,
72E6,
72E6,
7307,
7306,
7306,
72E5,
72E5,
72E5,
72E5,
72E5,
72E6,
6F08,
5EC9,
39E4,
18E0,
14E0,
2183,
25C5,
2606,
2206,
1E05,
1E05,
19E4,
15A3,
1161,
0D21,
04E1,
0080,
0060,
0060,
0080,
04A1,
0D02,
1103,
08E1,
00C0,
00A0,
00C0,
0921,
15A4,
1DE5,
1DE5,
1DE5,
1DE4,
1DE4,
1E04,
1E04,
1E04,
1E04,
1E04,
1E04,
1E04,
1E04,
1E03,
1E03,
1E03,
1E23,
1E04,
1E04,
1E04,
1E04,
1E04,
1E04,
1E04,
1E04,
1E04,
1E04,
1E24,
1E24,
1E24,
1E24,
1E24,
1E24,
1E24,
1E24,
1E24,
1E04,
1E04,
1E04,
1E04,
1E04,
1E24,
1E24,
1E24,
1E24,
1E24,
1E24,
1E24,
1E24,
1E24,
1E24,
1E04,
1E04,
1E04,
1E04,
1E04,
1E04,
1E04,
1E04,
1E04,
1E04,
1E04,
1E04,
1E04,
1E04,
1E04,
1E04,
1E04,
1E04,
1E04,
1E24,
1E24,
1E24,
1E24,
1E24,
1E24,
1E24,
1E24,
1E24,
1E24,
1E24,
1E24,
1E24,
1E24,
1E24,
1E24,
1E24,
1E24,
1E24,
1E24,
1E24,
1E24,
1E23,
1E23,
1E24,
1E24,
1E24,
1E24,
1E24,
1E24,
1E24,
1E24,
1E24,
1E24,
1E24,
1E24,
1E24,
1E24,
1E24,
1E24,
1E24,
1E24,
1E24,
1E24,
1E24,
1E24,
1E24,
1E24,
1E24,
1E24,
1E24,
1E24,
1E24,
1E24,
1E24,
1E24,
1E24,
1E24,
1E24,
1E24,
1E24,
1E24,
1E24,
1E24,
1E24,
1E24,
1E24,
1E24,
1E24,
1E24,
1E24,
1E24,
1E24,
1E24,
1E24,
1E24,
1E24,
1E24,
1E24,
1E24,
1E24,
1E24,
1E24,
1E24,
1E24,
1E24,
1E24,
1E24,
1E24,
1E04,
1E04,
11A2,
0940,
0941,
15A3,
1DE5,
21E5,
21E5,
21E5,
2205,
2204,
1DE3,
1DE4,
1DE4,
1E04,
1E04,
1E04,
1E04,
1E04,
1E04,
1E03,
1E03,
1E03,
1E03,
1E03,
1E03,
1E04,
1E04,
1E04,
1E04,
1E04,
1E04,
1DE4,
1DE4,
1DE4,
19C3,
0D61,
0520,
0D61,
1DE4,
1E04,
1A03,
1E04,
1E04,
1E04,
1E04,
1E04,
1A04,
1A04,
1A04,
1A04,
1E04,
1E04,
1E04,
1E04,
1E04,
1E04,
1E04,
1E04,
1E04,
1E04,
1E04,
1E04,
1E04,
1E04,
1E04,
1E04,
1E04,
19C3,
1162,
0D42,
1122,
0D01,
10C0,
18A0,
24C0,
3D80,
5642,
6684,
6EA4,
72A4,
72C3,
72C3,
76C3,
76E3,
76E3,
76E4,
76E4,
76E4,
76E4,
76E4,
76E4,
76E4,
76E4,
76E4,
76E4,
76E4,
76E4,
76E4,
76E4,
76E4,
76E4,
76E4,
76E4,
76E4,
76E3,
76E3,
76E3,
76E3,
76E4,
72E5,
6EE7,
62A8,
3DC4,
1CE0,
0CC0,
1521,
1D83,
19A3,
1182,
0D62,
0941,
0521,
00E0,
0900,
08E1,
04A0,
0080,
0080,
04A0,
1103,
1966,
21A7,
1D86,
0D23,
00C0,
00A0,
00C0,
0921,
15A4,
1DE4,
1DE4,
1DE4,
1DE4,
1E04,
1E04,
1E04,
1E04,
1E04,
1E04,
1E04,
1E04,
1E04,
1E03,
1E03,
1E03,
1E03,
1E04,
1E04,
1E04,
1E04,
1E04,
1E04,
1E04,
1E04,
1E04,
1E04,
1E24,
1E24,
1E24,
1E24,
1E24,
1E24,
1E24,
1E24,
1E24,
1E04,
1E04,
1E04,
1E04,
1E04,
1E24,
1E24,
1E24,
1E24,
1E24,
1E24,
1E24,
1E24,
1E24,
1E24,
1E04,
1E04,
1E04,
1E04,
1E04,
1E04,
1E04,
1E04,
1E04,
1E04,
1E04,
1E04,
1E04,
1E04,
1E04,
1E04,
1E04,
1E04,
1E04,
1E24,
1E24,
1E24,
1E24,
1E24,
1E24,
1E24,
1E24,
1E24,
1E24,
1E24,
1E24,
1E24,
1E24,
1E24,
1E24,
1E24,
1E24,
1E24,
1E24,
1E24,
1E24,
1E23,
1E23,
1E24,
1E24,
1E24,
1E24,
1E24,
1E24,
1E24,
1E24,
1E24,
1E24,
1E24,
1E24,
1E24,
1E24,
1E24,
1E24,
1E24,
1E24,
1E24,
1E24,
1E24,
1E24,
1E24,
1E24,
1E24,
1E24,
1E24,
1E24,
1E24,
1E24,
1E24,
1E24,
1E24,
1E24,
1E24,
1E24,
1E24,
1E24,
1E24,
1E24,
1E24,
1E24,
1E24,
1E24,
1E24,
1E24,
1E24,
1E24,
1E24,
1E24,
1E24,
1E24,
1E24,
1E24,
1E24,
1E24,
1E24,
1E24,
1E24,
1E24,
1E24,
1E24,
1E24,
1E24,
1E04,
1E04,
1E04,
15C3,
0D61,
0D60,
1181,
19C4,
1DE5,
2205,
2204,
1E04,
1E04,
1E04,
1E03,
1E03,
1E04,
1E04,
1E04,
1E04,
1E03,
1E03,
1E03,
1A03,
1E03,
1E03,
1E03,
1E03,
1E03,
1E03,
1E03,
1E04,
1E03,
1E04,
1E04,
1E04,
21E4,
1DE3,
15A1,
0D60,
15A3,
1DE4,
1E04,
1A03,
1E04,
1E04,
1E04,
1A04,
1A04,
1A04,
1E04,
1E04,
1E04,
1E04,
1E04,
1E04,
1E04,
1E04,
1E04,
1E04,
1E04,
1E04,
1E04,
1E03,
1E03,
1E04,
1E04,
1E04,
1E04,
1E04,
19E4,
15A3,
19A4,
1DA4,
25A5,
2DA4,
2501,
1C80,
30E0,
51E0,
6683,
6EA3,
72A3,
72C3,
76C3,
76E3,
76E4,
76E4,
76E4,
76E4,
76E4,
76E4,
76E4,
76E4,
76E4,
76E4,
76E4,
76E4,
76E4,
76E3,
76E3,
76E3,
76E3,
76E3,
76E3,
76E3,
76E3,
76E3,
76E3,
76E3,
76E3,
76E4,
72E5,
6EE6,
66C8,
49E4,
20E0,
0880,
0880,
04A0,
00C0,
00A0,
0080,
00A0,
00A0,
08E1,
1544,
1D65,
1523,
0CE1,
10E2,
1544,
2186,
25C8,
25C8,
21C7,
1564,
0922,
00C0,
00C0,
0941,
15A3,
1DE4,
1DE4,
1DE4,
1E04,
1E04,
1E04,
1E04,
1E04,
1E04,
1E04,
1E04,
1E04,
1E04,
1E03,
1E03,
1E03,
1E03,
1E03,
1E03,
1E03,
1E04,
1E04,
1E04,
1E04,
1E04,
1E04,
1E04,
1E24,
1E24,
1E24,
1E24,
1E24,
1E24,
1E24,
1E24,
1E24,
1E24,
1E24,
1E24,
1E24,
1E24,
1E24,
1E24,
1E24,
1E24,
1E24,
1E24,
1E24,
1E24,
1E24,
1E24,
1E04,
1E04,
1E04,
1E04,
1E04,
1E04,
1E04,
1E04,
1E04,
1E04,
1E04,
1E04,
1E04,
1E04,
1E04,
1E04,
1E04,
1E04,
1E04,
1E04,
1E04,
1E04,
1E24,
1E24,
1E24,
1E24,
1E04,
1E24,
1E24,
1E24,
1E24,
1E24,
1E24,
1E24,
1E24,
1E24,
1E24,
1E24,
1E24,
1E24,
1E24,
1E24,
1E24,
1E24,
1E24,
1E24,
1E24,
1E24,
1E24,
1E24,
1E24,
1E24,
1E24,
1E24,
1E24,
1E24,
1E24,
1E24,
1E24,
1E24,
1E24,
1E24,
1E24,
1E24,
1E24,
1E24,
1E24,
1E24,
1E24,
1E24,
1E24,
1E24,
1E24,
1E24,
1E24,
1E24,
1E24,
1E23,
1E23,
1E24,
1E24,
1E24,
1E24,
1E24,
1E24,
1E24,
1E24,
1E24,
1E24,
1E24,
1E24,
1E24,
1E24,
1E24,
1E24,
1E24,
1E24,
1E24,
1E24,
1E24,
1E24,
1E24,
1E24,
1E24,
1E24,
1E24,
1E24,
1E24,
1E04,
1E04,
19E4,
15A2,
11A1,
11A1,
19C2,
1DE4,
2204,
1E04,
1E04,
1E04,
1E04,
1E04,
1E03,
1E04,
1E04,
1E04,
1E04,
1E04,
1E03,
1E03,
1A03,
1A03,
1E03,
1E03,
1E03,
1E03,
1E03,
1E03,
1E04,
1E04,
1E04,
1E04,
1E04,
1DE4,
1DE4,
19C3,
19C2,
1DE4,
1E04,
1E04,
1E04,
1E04,
1E04,
1E04,
1A04,
1A04,
1A04,
1E04,
1E04,
1E04,
1E04,
1E04,
1E04,
1E04,
1E04,
1E04,
1E04,
1E04,
1E04,
1E04,
1E03,
1E03,
1E04,
1E04,
1E04,
1E04,
1E04,
1DE4,
1DE4,
21E4,
25E5,
2DE6,
31C6,
2902,
1C80,
30E0,
51E1,
6A83,
6EA3,
72A3,
72C3,
76C3,
76E4,
76E4,
76E4,
76E4,
76E4,
76E4,
76E4,
76E4,
76E4,
76E4,
76E4,
76E4,
76E3,
76E3,
76E4,
76E4,
76E4,
76E4,
76E4,
76E3,
76E3,
76E3,
76E3,
76E3,
76E3,
76E3,
76E4,
72E4,
72E6,
6EE7,
5E87,
39A4,
2101,
10A0,
0880,
0080,
00A0,
08C0,
1522,
25A5,
3609,
3609,
2585,
1922,
1522,
1944,
21A6,
25C6,
25C6,
25C6,
25E6,
1DC5,
1183,
0520,
0520,
1181,
19C3,
1DE3,
1DE3,
1DE4,
1E03,
1E04,
1E03,
1E04,
1E04,
1E04,
1E04,
1E04,
1E04,
1E04,
1E03,
1E03,
1E03,
1E03,
1E03,
1E03,
1E03,
1E04,
1E04,
1E04,
1E04,
1E04,
1E04,
1E04,
1E24,
1E24,
1E24,
1E24,
1E24,
1E24,
1E24,
1E24,
1E24,
1E24,
1E24,
1E24,
1E24,
1E24,
1E24,
1E24,
1E24,
1E24,
1E24,
1E24,
1E24,
1E24,
1E24,
1E24,
1E04,
1E04,
1E04,
1E04,
1E04,
1E04,
1E04,
1E04,
1E04,
1E04,
1E04,
1E04,
1E04,
1E04,
1E04,
1E04,
1E04,
1E04,
1E04,
1E04,
1E04,
1E04,
1E24,
1A24,
1E24,
1E24,
1E04,
1E24,
1E24,
1E24,
1E24,
1E24,
1E24,
1E24,
1E24,
1E24,
1E24,
1E24,
1E24,
1E24,
1E24,
1E24,
1E24,
1E24,
1E24,
1E24,
1E24,
1E24,
1E24,
1E24,
1E24,
1E24,
1E24,
1E24,
1E24,
1E24,
1E24,
1E24,
1E24,
1E24,
1E24,
1E24,
1E24,
1E24,
1E24,
1E24,
1E24,
1E24,
1E24,
1E24,
1E24,
1E24,
1E24,
1E24,
1E24,
1E24,
1E24,
1E24,
1E24,
1E24,
1E24,
1E24,
1E24,
1E24,
1E24,
1E24,
1E24,
1E24,
1E24,
1E24,
1E24,
1E24,
1E24,
1E24,
1E24,
1E24,
1E24,
1E24,
1E24,
1E24,
1E24,
1E24,
1E24,
1E24,
1E24,
1E24,
1E24,
1E24,
1E24,
1E04,
1E04,
19E3,
19C3,
19C3,
19C3,
1DE4,
2204,
1E04,
1E04,
1E04,
1E04,
1E04,
1E04,
1E04,
1E04,
1E04,
1E04,
1E04,
1E04,
1E03,
1E03,
1E03,
1E03,
1E03,
1E03,
1E03,
1E03,
1E03,
1E04,
1E04,
1E04,
1E04,
1E04,
1E04,
1E04,
1E04,
1E04,
1E04,
1E04,
1E04,
1E04,
1E04,
1E04,
1E04,
1E04,
1A04,
1A04,
1E04,
1E04,
1E04,
1E04,
1E04,
1E04,
1E04,
1E04,
1E04,
1E04,
1E04,
1E04,
1E04,
1E04,
1E04,
1E04,
1E04,
1E04,
1E04,
1E04,
2204,
2204,
2605,
2A06,
2DC5,
2542,
1CA0,
20A0,
3D40,
5A22,
6A84,
72A3,
72C3,
76C3,
76E3,
76E4,
76E4,
76E4,
76E4,
76E4,
76E4,
76E4,
76E4,
76E4,
76E4,
76E4,
76E4,
76E4,
76E4,
76E4,
76E4,
76E4,
76E4,
76E4,
76E4,
76E4,
76E4,
76E4,
76E4,
76E4,
76E3,
76E4,
76E4,
72E5,
6EE6,
6AE9,
5EAA,
4A28,
35C6,
2D84,
2964,
2DA5,
3A08,
466A,
4EAD,
4A8B,
31A5,
1D21,
10E0,
1922,
1D85,
21C6,
21C5,
21E6,
25C6,
21C5,
1DE5,
1DC4,
15A2,
1182,
19C3,
1DE4,
19E4,
19E3,
1E04,
1E04,
1E04,
1E04,
1E04,
1E04,
1E04,
1E04,
1E04,
1E04,
1E04,
1E03,
1E03,
1E03,
1E03,
1E03,
1E03,
1E03,
1E04,
1E04,
1E04,
1E04,
1E04,
1E04,
1E04,
1E04,
1E24,
1E24,
1E24,
1E24,
1E24,
1E24,
1E24,
1E24,
1E24,
1E24,
1E24,
1E24,
1E24,
1E24,
1E24,
1E24,
1E24,
1E24,
1E24,
1E24,
1E24,
1E24,
1E24,
1E04,
1E04,
1E04,
1E04,
1E04,
1E04,
1E04,
1E04,
1E04,
1E04,
1E24,
1E24,
1E24,
1E24,
1E24,
1E24,
1E24,
1E24,
1E24,
1E24,
1E24,
1E24,
1E24,
1E24,
1E24,
1E24,
1E24,
1E24,
1E24,
1E24,
1E24,
1E24,
1E24,
1E24,
1E24,
1E24,
1E24,
1E24,
1E24,
1E24,
1E24,
1E24,
1E24,
1E24,
1E24,
1E24,
1E24,
1E24,
1E24,
1E24,
1E24,
1E24,
1E24,
1E24,
1E24,
1E24,
1E24,
1E24,
1E24,
1E24,
1E24,
1E24,
1E24,
1E24,
1E24,
1E24,
1E24,
1E24,
1E24,
1E24,
1E24,
1E24,
1E24,
1E24,
1E24,
1E24,
1E24,
1E24,
1E24,
1E24,
1E24,
1E24,
1E24,
1E24,
1E24,
1E24,
1E24,
1E24,
1E24,
1E24,
1E24,
1E24,
1E24,
1E24,
1E24,
1E24,
1E24,
1E24,
1E24,
1E24,
1E24,
1E24,
1E24,
1E24,
1E24,
1E24,
1E24,
1E24,
1E24,
1E04,
1E04,
1E04,
1E04,
1DE4,
1DE4,
1DE4,
21E4,
1E04,
1E04,
1E04,
1E04,
1E04,
1E04,
1E04,
1E04,
1E04,
1E04,
1E04,
1E04,
1E03,
1E03,
1E03,
1E03,
1E03,
1E03,
1E03,
1E03,
1E03,
1E03,
1E03,
1E04,
1E04,
1E04,
1E04,
1E04,
1E04,
1E04,
1E04,
1E04,
1E04,
1E04,
1E04,
1E04,
1E04,
1E04,
1A04,
1E04,
1E04,
1E04,
1E04,
1E04,
1E04,
1E04,
1E04,
1E04,
1E04,
1E04,
1E04,
1E04,
1E04,
1E04,
1E04,
1A04,
1A04,
1A04,
1E04,
1E04,
1E04,
2204,
21E4,
25C4,
2163,
18C0,
1880,
2CE0,
4DC1,
6264,
6EA4,
72C4,
76C3,
76E4,
76E4,
76E4,
76E4,
76E4,
76E4,
76E4,
76E4,
76E4,
76E4,
76E4,
76E4,
76E4,
76E4,
76E4,
76E4,
76E4,
76E4,
76E4,
76E4,
76E4,
76E4,
76E4,
76E4,
76E4,
76E4,
76E4,
76E3,
76E4,
76E4,
72E5,
6EE5,
6EE8,
6EEB,
66ED,
5ACC,
528B,
568B,
5ACD,
5EEF,
5ACE,
4E4A,
35A5,
2100,
14E0,
1501,
1D64,
21A5,
21C5,
21E5,
21E6,
21E6,
21E5,
1DE5,
1DE5,
1DE4,
1DE4,
1DE4,
1E04,
1A04,
1A04,
1E04,
1E04,
1E03,
1E04,
1E04,
1E04,
1E04,
1E04,
1E04,
1E04,
1E04,
1E03,
1E03,
1E03,
1E03,
1E03,
1E04,
1E04,
1E04,
1E04,
1E04,
1E04,
1E04,
1E04,
1E04,
1E04,
1E24,
1E24,
1E24,
1E24,
1E24,
1E24,
1E24,
1E24,
1E24,
1E24,
1E24,
1E24,
1E24,
1E24,
1E24,
1E24,
1E24,
1E24,
1E24,
1E24,
1E24,
1E24,
1E24,
1E04,
1E04,
1E04,
1E04,
1E04,
1E04,
1E04,
1E04,
1E04,
1E04,
1E24,
1E24,
1E24,
1E24,
1E24,
1E24,
1E24,
1E24,
1E24,
1E24,
1E24,
1E24,
1E24,
1E24,
1E24,
1E24,
1E24,
1E24,
1E24,
1E04,
1E04,
1E04,
1E04,
1E04,
1E04,
1E24,
1E24,
1E24,
1E24,
1E24,
1E24,
1E24,
1E24,
1E24,
1E24,
1E24,
1E24,
1E24,
1E24,
1E24,
1E24,
1E24,
1E24,
1E24,
1E24,
1E24,
1E24,
1E24,
1E24,
1E24,
1E24,
1E24,
1E24,
1E24,
1E24,
1E24,
1E24,
1E24,
1E24,
1E24,
1E24,
1E24,
1E24,
1E24,
1E24,
1E24,
1E24,
1E24,
1E24,
1E24,
1E24,
1E24,
1E24,
1E24,
1E24,
1E24,
1E24,
1E24,
1E24,
1E24,
1E24,
1E24,
1E24,
1E24,
1E24,
1E24,
1E24,
1E24,
1E24,
1E24,
1E24,
1E24,
1E24,
1E24,
1E24,
1E24,
1E24,
1E24,
1E24,
1E04,
1E04,
1E04,
1E04,
1E04,
1E04,
1E04,
1E04,
1E04,
1E04,
1E04,
1E04,
1E04,
1E04,
1E04,
1E04,
1E04,
1E04,
1E04,
1E04,
1E03,
1E03,
1E03,
1E03,
1E03,
1E03,
1E03,
1E03,
1E03,
1E03,
1E03,
1E04,
1E04,
1E03,
1E04,
1E04,
1E04,
1E04,
1E04,
1E04,
1E04,
1E04,
1E04,
1E04,
1E04,
1E04,
1E04,
1E04,
1E04,
1E04,
1E04,
1E04,
1E04,
1E04,
1E04,
1E04,
1E04,
1E04,
1E04,
1E04,
1A04,
1A04,
1A04,
1A04,
1A04,
1A04,
1E04,
1E04,
2204,
21E4,
1DC3,
1541,
0CC0,
0C80,
20A0,
41A2,
5E45,
6A85,
6EC4,
72C3,
72C3,
76C3,
76E3,
76E4,
76E4,
76E4,
76E4,
76E4,
76E4,
76E4,
76E4,
76E4,
76E4,
76E4,
76E4,
76E4,
76E4,
76E4,
76E4,
76E4,
76E4,
76E4,
76E4,
76E4,
76E4,
76E4,
76E4,
76E4,
76E4,
76E4,
76E4,
72E4,
72E4,
6EE6,
6F09,
6F0A,
6B0B,
670C,
66EC,
670D,
670D,
526A,
39A3,
2500,
18E0,
1901,
1D63,
21A5,
21C5,
21C5,
21E5,
21E5,
21E5,
1DE4,
1DE5,
1DE5,
1DE4,
1DE4,
1DE4,
1E04,
1E04,
1E04,
1A04,
1E04,
1E04,
1E04,
1E04,
1E04,
1E04,
1E04,
1E04,
1E04,
1E04,
1E03,
1E03,
1E03,
1E03,
1E04,
1E04,
1E04,
1E04,
1E04,
1E04,
1E04,
1E04,
1E04,
1E04,
1E04,
1E24,
1E24,
1E24,
1E24,
1E24,
1E24,
1E24,
1E24,
1E24,
1E24,
1E24,
1E24,
1E24,
1E24,
1E24,
1E24,
1E24,
1E24,
1E24,
1E24,
1E24,
1E24,
1E24,
1E24,
1E24,
1E24,
1E24,
1E24,
1E24,
1E24,
1E24,
1E24,
1E24,
1E24,
1E24,
1E24,
1E24,
1E24,
1E24,
1E24,
1E24,
1E24,
1E24,
1E24,
1E24,
1E24,
1E24,
1E24,
1E24,
1E24,
1E24,
1E24,
1E04,
1E04,
1E04,
1E04,
1E04,
1E04,
1E24,
1E24,
1E24,
1E24,
1E24,
1E24,
1E24,
1E24,
1E24,
1E24,
1E24,
1E24,
1E24,
1E24,
1E24,
1E24,
1E24,
1E24,
1E24,
1E24,
1E24,
1E24,
1E24,
1E24,
1E24,
1E24,
1E24,
1E24,
1E24,
1E24,
1E24,
1E24,
1E24,
1E24,
1E24,
1E24,
1E24,
1E24,
1E24,
1E24,
1E24,
1E24,
1E24,
1E24,
1E24,
1E24,
1E24,
1E24,
1E24,
1E24,
1E24,
1E24,
1E24,
1E24,
1E24,
1E24,
1E24,
1E24,
1E24,
1E24,
1E24,
1E24,
1E24,
1E24,
1E24,
1E24,
1E24,
1E24,
1E24,
1E24,
1E24,
1E24,
1E24,
1E04,
1E04,
1E04,
1E24,
1E24,
1E24,
1E04,
1E04,
1E04,
1E04,
1E04,
1E04,
1E24,
1E24,
1E04,
1E04,
1E04,
1E24,
1E24,
1E04,
1E04,
1E04,
1E03,
1E03,
1E03,
1E03,
1E03,
1E03,
1E03,
1E03,
1E03,
1E03,
1E03,
1E03,
1E03,
1E03,
1E03,
1E04,
1E04,
1E04,
1E04,
1E03,
1E03,
1E04,
1E04,
1E04,
1E04,
1E04,
1E04,
1E04,
1E04,
1E04,
1E04,
1E04,
1E04,
1E04,
1E04,
1E04,
1E04,
1E04,
1E04,
1A04,
1A04,
1A24,
1A24,
1A24,
1E04,
1E04,
2204,
21E4,
19A3,
1121,
08C0,
08A0,
18C0,
3982,
5646,
66A7,
6EC5,
6EC4,
6EC3,
72C3,
76C3,
72E3,
76E4,
76E4,
76E4,
76E4,
76E4,
76E4,
76E4,
76E4,
76E4,
76E4,
76E4,
76E4,
76E4,
76E4,
76E4,
76E4,
76E4,
76E4,
76E4,
76E4,
76E4,
76E4,
76E4,
76E4,
76E4,
76E4,
76E4,
76E4,
72E4,
72E4,
76E4,
7305,
6F07,
6F09,
6F09,
6B0A,
6AEB,
5EC9,
4604,
2500,
18C0,
18E0,
2143,
25C5,
25C6,
21C5,
21E5,
1DE4,
1DE4,
1E04,
1E04,
1E04,
1E04,
1E04,
1DE4,
1E04,
1E04,
1E04,
1E04,
1E04,
1E04,
1E04,
1E04,
1E04,
1E04,
1E04,
1E04,
1E04,
1E04,
1E04,
1E03,
1E03,
1E04,
1E04,
1E04,
1E04,
1E04,
1E04,
1E04,
1E04,
1E04,
1E04,
1E04,
1E04,
1E04,
1E24,
1E24,
1E24,
1E24,
1E24,
1E24,
1E24,
1E24,
1E24,
1E24,
1E24,
1E24,
1E24,
1E24,
1E24,
1E24,
1E24,
1E24,
1E24,
1E24,
1E24,
1E24,
1E24,
1E24,
1E24,
1E24,
1E24,
1E24,
1E24,
1E24,
1E24,
1E24,
1E24,
1E24,
1E24,
1E24,
1E24,
1E24,
1E24,
1E24,
1E24,
1E24,
1E24,
1E24,
1E24,
1E24,
1E24,
1E24,
1E24,
1E24,
1E24,
1E24,
1E24,
1E24,
1E24,
1E24,
1E24,
1E24,
1E24,
1E24,
1E24,
1E24,
1E24,
1E24,
1E24,
1E24,
1E24,
1E24,
1E24,
1E24,
1E24,
1E24,
1E24,
1E24,
1E24,
1E24,
1E24,
1E24,
1E24,
1E24,
1E24,
1E24,
1E24,
1E24,
1E24,
1E24,
1E24,
1E24,
1E24,
1E24,
1E24,
1E24,
1E24,
1E24,
1E24,
1E24,
1E24,
1E24,
1E24,
1E24,
1E24,
1E24,
1E24,
1E24,
1E24,
1E24,
1E24,
1E24,
1E24,
1E24,
1E24,
1E24,
1E24,
1E24,
1E24,
1E24,
1E24,
1E24,
1E24,
1E24,
1E24,
1E24,
1E24,
1E24,
1E24,
1E24,
1E24,
1E24,
1E24,
1E24,
1E24,
1E24,
1E24,
1E24,
1E24,
1E24,
1E24,
1E24,
1E04,
1E04,
1E04,
1E04,
1E04,
1E04,
1E04,
1E04,
1E04,
1E04,
1E24,
1E24,
1E03,
1E04,
1E04,
1E04,
1E04,
1E03,
1E03,
1E03,
1E03,
1E03,
1E03,
1E03,
1E03,
1E03,
1E03,
1E03,
1E03,
1E03,
1E04,
1E04,
1E04,
1E04,
1E03,
1E03,
1E04,
1E04,
1E04,
1E04,
1E04,
1E04,
1E04,
1E04,
1E04,
1E04,
1E04,
1E04,
1E04,
1E04,
1E04,
1E04,
1E04,
1E04,
1A04,
1A04,
1A24,
1A24,
1A24,
1A04,
1DE4,
19C3,
1561,
08C0,
0080,
0880,
2122,
41E5,
5A47,
66A8,
6EC7,
6EC5,
6EC4,
6EC3,
72C3,
76E3,
72E4,
76E4,
76E4,
76E4,
76E4,
76E4,
76E4,
76E4,
76E4,
76E4,
76E4,
76E4,
76E4,
76E4,
76E4,
76E4,
76E4,
76E4,
76E4,
76E4,
76E4,
76E4,
76E4,
76E4,
76E4,
76E4,
76E4,
76E4,
76E4,
76E4,
76E4,
76E4,
72E4,
72E5,
72E6,
6EE6,
6EE7,
6AC8,
5244,
3560,
1CA0,
14A0,
1D01,
2584,
29C6,
21C6,
21E5,
21E4,
1DE4,
1DE4,
1E04,
1E04,
1E04,
1E04,
1E04,
1A04,
1A04,
1E04,
1E04,
1E04,
1E04,
1E04,
1E04,
1E04,
1E04,
1E04,
1E04,
1E04,
1E04,
1E04,
1E04,
1E04,
1E04,
1E04,
1E04,
1E04,
1E04,
1E04,
1E04,
1E04,
1E04,
1E04,
1E04,
1E04,
1E04,
1E04,
1E24,
1E24,
1E04,
1E24,
1E24,
1E24,
1E24,
1E24,
1E24,
1E24,
1E24,
1E24,
1E24,
1E24,
1E24,
1E24,
1E24,
1E24,
1E24,
1E24,
1E24,
1E24,
1E24,
1E24,
1E24,
1E24,
1E24,
1E24,
1E24,
1E24,
1E25,
1E24,
1E24,
1E24,
1E24,
1E24,
1E24,
1E24,
1E24,
1E24,
1E24,
1E24,
1E24,
1E24,
1E24,
1E24,
1E24,
1E24,
1E24,
1E24,
1E24,
1E24,
1E24,
1E24,
1E24,
1E24,
1E24,
1E24,
1E24,
1E24,
1E24,
1E24,
1E24,
1E24,
1E24,
1E24,
1E24,
1E24,
1E24,
1E24,
1E24,
1E24,
1E24,
1E24,
1E24,
1E24,
1E24,
1E24,
1E24,
1E23,
1E24,
1E24,
1E24,
1E24,
1E24,
1E24,
1E24,
1E24,
1E24,
1E24,
1E24,
1E24,
1E24,
1E24,
1E24,
1E24,
1E24,
1E24,
1E24,
1E24,
1E24,
1E24,
1E24,
1E24,
1E24,
1E24,
1E24,
1E24,
1E24,
1E24,
1E24,
1E24,
1E24,
1E24,
1E24,
1E24,
1E24,
1E24,
1E24,
1E24,
1E24,
1E24,
1E24,
1E24,
1E24,
1E24,
1E24,
1E24,
1E24,
1E24,
1E24,
1E24,
1E24,
1E24,
1E24,
1E24,
1E24,
1E24,
1E24,
1E24,
1E24,
1E24,
1E24,
1E24,
1E24,
1E24,
1E24,
1E24,
1E24,
1E24,
1E24,
1E04,
1E04,
1E04,
1E04,
1E03,
1E03,
1E03,
1E03,
1E03,
1E03,
1E03,
1E03,
1E03,
1E03,
1E03,
1E03,
1E03,
1E03,
1E04,
1E04,
1E04,
1E04,
1E04,
1E04,
1E04,
1E04,
1E04,
1E04,
1E04,
1E04,
1E04,
1E04,
1E04,
1E04,
1E04,
1E04,
1E04,
1E04,
1E04,
1E04,
1E04,
1A04,
1A04,
1A04,
1A04,
1A04,
15C3,
0D61,
08E1,
0080,
0060,
0C80,
2523,
41E7,
5A69,
6AC9,
6EC7,
6EC5,
6EC4,
72E5,
72E4,
72E4,
76E4,
76E4,
76E4,
76E4,
76E4,
76E4,
76E4,
76E4,
76E4,
76E4,
76E4,
76E4,
76E4,
76E4,
76E4,
76E4,
76E4,
76E4,
76E4,
76E4,
76E4,
76E4,
76E4,
76E4,
76E4,
76E4,
76E4,
76E4,
76E4,
76E4,
76E4,
76E4,
76E4,
76E4,
76E4,
76E4,
72E4,
6EE5,
66A4,
45C1,
24E0,
1480,
18E0,
2563,
29A5,
25C5,
21E5,
21E5,
21E4,
1DE4,
1E04,
1E04,
1E04,
1E04,
1E04,
1E04,
1E04,
1E04,
1E04,
1E04,
1E04,
1E04,
1E04,
1E04,
1E04,
1E04,
1E04,
1E04,
1E04,
1E04,
1E04,
1E04,
1E04,
1E04,
1E04,
1E04,
1E04,
1E04,
1E04,
1E04,
1E24,
1E24,
1E24,
1E24,
1E24,
1E24,
1E24,
1E24,
1E24,
1E24,
1E24,
1E24,
1E24,
1E24,
1E24,
1E24,
1E24,
1E24,
1E24,
1E24,
1E24,
1E24,
1E24,
1E24,
1E24,
1E24,
1E24,
1E24,
1E24,
1E24,
1E24,
1E24,
1E24,
1E24,
1E24,
1E24,
1E24,
1E24,
1E24,
1E24,
1E24,
1E24,
1E24,
1E24,
1E24,
1E24,
1E24,
1E24,
1E24,
1E24,
1E24,
1E24,
1E24,
1E24,
1E24,
1E24,
1E24,
1E24,
1E24,
1E24,
1E24,
1E24,
1E24,
1E24,
1E24,
1E24,
1E24,
1E24,
1E24,
1E24,
1E24,
1E24,
1E24,
1E24,
1E24,
1E24,
1E24,
1E24,
1E24,
1E24,
1E24,
1E24,
1E24,
1E24,
1E24,
1E24,
1E23,
1E24,
1E24,
1E24,
1E24,
1E24,
1E24,
1E24,
1E24,
1E24,
1E24,
1E24,
1E24,
1E24,
1E24,
1E24,
1E24,
1E24,
1E24,
1E24,
1E24,
1E24,
1E24,
1E24,
1E24,
1E24,
1E24,
1E24,
1E24,
1E24,
1E24,
1E24,
1E24,
1E24,
1E24,
1E24,
1E24,
1E24,
1E24,
1E24,
1E24,
1E24,
1E24,
1E24,
1E24,
1E24,
1E24,
1E24,
1E24,
1E24,
1E24,
1E24,
1E24,
1E24,
1E24,
1E24,
1E24,
1E24,
1E24,
1E24,
1E24,
1E24,
1E24,
1E24,
1E24,
1E24,
1E24,
1E24,
1E24,
1E24,
1E24,
1E24,
1E04,
1E04,
1E04,
1E04,
1E03,
1E03,
1E03,
1E03,
1E03,
1E03,
1E03,
1E03,
1E03,
1E03,
1E03,
1E03,
1E03,
1E03,
1E04,
1E04,
1E04,
1E04,
1E04,
1E04,
1E04,
1E04,
1E04,
1E04,
1E04,
1E04,
1E04,
1E04,
1E04,
1E04,
1A04,
1A04,
1A04,
1A04,
1E04,
1E04,
1E04,
19E4,
15C3,
15C3,
11A3,
11A2,
0940,
00C0,
0080,
0880,
1D23,
35A6,
4A29,
5A6A,
6289,
6AA7,
6EC5,
6EC4,
72C3,
72E4,
72E4,
76E4,
76E4,
76E4,
76E4,
76E4,
76E4,
76E4,
76E4,
76E4,
76E4,
76E4,
76E4,
76E4,
76E4,
76E4,
76E4,
76E4,
76E4,
76E4,
76E4,
76E4,
76E4,
76E4,
76E4,
76E4,
76E4,
76E4,
76E4,
76E4,
76E4,
76E4,
76E4,
76E4,
76E4,
76E4,
76E4,
76E4,
72E4,
6EE5,
5A84,
3980,
1880,
10A0,
1921,
25A4,
25C5,
21C5,
21E4,
21E4,
1E04,
1E04,
1E03,
1E04,
1E03,
1E03,
1E03,
1E04,
1E04,
1E04,
1E04,
1E04,
1E04,
1A04,
1A04,
1A04,
1E04,
1E04,
1E04,
1E04,
1E04,
1E04,
1E04,
1E04,
1E04,
1E04,
1E04,
1E04,
1E04,
1E04,
1E04,
1E04,
1E24,
1E24,
1E24,
1E24,
1E24,
1E24,
1E24,
1E24,
1E24,
1E24,
1E24,
1E24,
1E24,
1E24,
1E24,
1E24,
1E24,
1E24,
1E24,
1E24,
1E24,
1E24,
1E24,
1E24,
1E24,
1E24,
1E24,
1E24,
1E24,
1E25,
1E24,
1E24,
1E24,
1E24,
1E24,
1E24,
1E24,
1E24,
1E24,
1E24,
1E24,
1E24,
1E24,
1E24,
1E24,
1E24,
1E24,
1E24,
1E24,
1E24,
1E24,
1E24,
1E24,
1E24,
1E24,
1E24,
1E24,
1E24,
1E24,
1E24,
1E24,
1E24,
1E24,
1E24,
1E24,
1E24,
1E24,
1E24,
1E24,
1E24,
1E24,
1E24,
1E24,
1E24,
1E24,
1E24,
1E24,
1E24,
1E24,
1E24,
1E24,
1E24,
1E24,
1E24,
1E24,
1E24,
1E24,
1E24,
1E24,
1E24,
1E24,
1E24,
1E24,
1E24,
1E24,
1E24,
1E24,
1E24,
1E24,
1E24,
1E24,
1E24,
1E24,
1E24,
1E24,
1E24,
1E24,
1E24,
1E24,
1E24,
1E24,
1E24,
1E24,
1E24,
1E24,
1E24,
1E24,
1E24,
1E24,
1E24,
1E24,
1E24,
1E24,
1E24,
1E24,
1E24,
1E24,
1E24,
1E24,
1E24,
1E24,
1E24,
1E24,
1E24,
1E24,
1E24,
1E24,
1E24,
1E24,
1E24,
1E24,
1E24,
1E24,
1E24,
1E24,
1E24,
1E24,
1E24,
1E24,
1E24,
1E24,
1E24,
1E24,
1E24,
1E24,
1E24,
1E24,
1E23,
1E04,
1E04,
1E04,
1E04,
1E04,
1E04,
1E04,
1E04,
1E04,
1E04,
1E04,
1E04,
1E04,
1E03,
1E03,
1E03,
1E03,
1E04,
1E04,
1E04,
1E04,
1E04,
1E04,
1E04,
1E04,
1E04,
1E04,
1E04,
1E04,
1E04,
1E04,
1E04,
1E04,
1E04,
1A04,
1A03,
1A03,
1A03,
1A03,
1A03,
15E2,
11A2,
0D61,
0521,
04E0,
04E0,
04E0,
08C0,
1D23,
31A5,
4A49,
5ECC,
66CB,
6AC9,
6AA7,
6EC5,
6EC4,
6EC3,
72E3,
72E3,
76E4,
76E4,
76E4,
76E4,
76E4,
76E4,
76E4,
76E4,
76E4,
76E4,
76E4,
76E4,
76E4,
76E4,
76E4,
76E4,
76E4,
76E4,
76E4,
76E4,
76E4,
76E4,
76E4,
76E4,
76E4,
76E4,
76E4,
76E4,
76E4,
76E4,
76E4,
76E4,
76E4,
76E4,
76E4,
76E4,
72E4,
72E3,
72E5,
6AE5,
5664,
2D60,
10A0,
10E0,
1963,
21C4,
21E5,
21E5,
1DE4,
1E03,
1E04,
1E04,
1E03,
1E03,
1E03,
1E03,
1E04,
1E04,
1E24,
1E04,
19E3,
19E3,
19E3,
19E3,
19E3,
19E3,
1E04,
1E04,
1E04,
1E04,
1E04,
1E04,
1E04,
1E04,
1E04,
1E04,
1E04,
1E04,
1E04,
1E04,
1E04,
1E04,
1E24,
1E24,
1E24,
1E24,
1E24,
1E24,
1E24,
1E24,
1E24,
1E24,
1E24,
1E24,
1E24,
1E24,
1E24,
1E24,
1E24,
1E24,
1E24,
1E24,
1E24,
1E24,
1E24,
1E24,
1E24,
1E24,
1E24,
1E24,
1E24,
1E24,
1E24,
1E24,
1E24,
1E24,
1E24,
1E24,
1E24,
1E24,
1E24,
1E24,
1E24,
1E24,
1E24,
1E24,
1E24,
1E24,
1E24,
1E24,
1E24,
1E24,
1E24,
1E24,
1E24,
1E24,
1E24,
1E24,
1E24,
1E24,
1E24,
1E24,
1E24,
1E24,
1E24,
1E24,
1E24,
1E24,
1E24,
1E24,
1E24,
1E24,
1E24,
1E24,
1E24,
1E24,
1E24,
1E24,
1E24,
1E24,
1E24,
1E24,
1E24,
1E24,
1E24,
1E24,
1E24,
1E24,
1E24,
1E24,
1E24,
1E24,
1E24,
1E24,
1E24,
1E24,
1E24,
1E24,
1E24,
1E24,
1E24,
1E24,
1E24,
1E24,
1E24,
1E24,
1E24,
1E24,
1E24,
1E24,
1E24,
1E24,
1E24,
1E24,
1E24,
1E24,
1E24,
1E24,
1E24,
1E24,
1E24,
1E24,
1E24,
1E24,
1E24,
1E24,
1E24,
1E24,
1E24,
1E24,
1E24,
1E24,
1E24,
1E24,
1E24,
1E24,
1E24,
1E24,
1E24,
1E24,
1E24,
1E24,
1E24,
1E24,
1E24,
1E24,
1E24,
1E24,
1E24,
1E24,
1E24,
1E24,
1E24,
1E24,
1E24,
1E24,
1E24,
1E24,
1E24,
1E23,
1E23,
1E23,
1E23,
1E23,
1E24,
1E24,
1E24,
1E24,
1E24,
1E24,
1E04,
1E24,
1E24,
1E24,
1E03,
1E04,
1E04,
1E04,
1E04,
1E04,
1E04,
1E04,
1E04,
1E04,
1E04,
1E04,
1E04,
1E04,
1E04,
1E04,
1E04,
1E04,
1E04,
1A04,
1A03,
1A03,
1A03,
1A03,
1A03,
19E3,
15C1,
0960,
0100,
00A0,
0060,
0060,
08C0,
2163,
4229,
528A,
5EA9,
6B0B,
6AE9,
6EC7,
72C5,
72C4,
6EC2,
72C3,
72C3,
72E4,
76E4,
76E3,
76E4,
76E4,
76E4,
76E4,
76E4,
76E4,
76E4,
76E4,
76E4,
76E4,
76E4,
76E4,
76E4,
76E4,
76E4,
76E4,
76E4,
76E4,
76E4,
76E4,
76E4,
76E4,
76E4,
76E4,
76E4,
76E4,
76E4,
76E4,
76E4,
76E4,
76E4,
76E4,
76E4,
76E4,
72E4,
72C4,
6EE5,
6AE5,
4E23,
2540,
14E0,
1921,
21A4,
21E5,
21E4,
21E4,
1DE4,
1DE4,
1E04,
1E04,
1E04,
1E03,
1E03,
1E04,
1E04,
1E03,
19E3,
19E3,
15C2,
15C2,
15C2,
11C2,
11A2,
15E2,
1E04,
1E04,
1E04,
1E04,
1E04,
1E04,
1E04,
1E04,
1E04,
1E04,
1E04,
1E24,
1E24,
1E24,
1E24,
1E24,
1E24,
1E24,
1E24,
1E24,
1E24,
1E04,
1E04,
1E24,
1E24,
1E24,
1E24,
1E24,
1E24,
1E24,
1E24,
1E24,
1E24,
1E24,
1E24,
1E24,
1E24,
1E24,
1E24,
1E24,
1E24,
1E24,
1E24,
1E24,
1E24,
1E24,
1E24,
1E24,
1E24,
1E24,
1E24,
1E24,
1E24,
1E24,
1E24,
1E24,
1E24,
1E24,
1E24,
1E24,
1E24,
1E24,
1E24,
1E24,
1E24,
1E24,
1E24,
1E24,
1E24,
1E24,
1E24,
1E24,
1E24,
1E24,
1E24,
1E24,
1E24,
1E24,
1E24,
1E24,
1E24,
1E24,
1E24,
1E24,
1E24,
1E24,
1E24,
1E24,
1E24,
1E24,
1E24,
1E24,
1E24,
1E24,
1E24,
1E24,
1E24,
1E24,
1E24,
1E24,
1E24,
1E24,
1E24,
1E24,
1E24,
1E24,
1E24,
1E24,
1E24,
1E24,
1E24,
1E24,
1E24,
1E24,
1E24,
1E24,
1E24,
1E24,
1E24,
1E24,
1E24,
1E24,
1E24,
1E24,
1E24,
1E24,
1E24,
1E24,
1E24,
1E24,
1E24,
1E24,
1E24,
1E24,
1E24,
1E24,
1E24,
1E24,
1E24,
1E24,
1E24,
1E24,
1E24,
1E24,
1E24,
1E24,
1E24,
1E24,
1E24,
1E24,
1E24,
1E24,
1E24,
1E24,
1E24,
1E24,
1E24,
1E24,
1E24,
1E24,
1E24,
1E24,
1E24,
1E24,
1E24,
1E24,
1E24,
1E24,
1E23,
1E24,
1E24,
1E24,
1E24,
1E24,
1E23,
1E23,
1E23,
1E23,
1E24,
1E24,
1E24,
1E24,
1E24,
1E24,
1E04,
1E24,
1E24,
1E24,
1E03,
1E04,
1E04,
1E04,
1E04,
1E04,
1E04,
1E04,
1E04,
1E04,
1E04,
1E04,
1E04,
1E04,
1E04,
1E04,
1E04,
1E04,
1A04,
1A03,
1A03,
1A03,
1A03,
1A03,
1A03,
19E2,
19E2,
11A2,
1183,
0902,
0080,
0060,
10C0,
2D85,
4E69,
5EA8,
62C7,
6AE8,
6EE6,
6EC5,
72C4,
72E3,
72C3,
72E3,
72E3,
72E4,
76E4,
76E4,
76E4,
76E4,
76E4,
76E4,
76E4,
76E4,
76E4,
76E4,
76E4,
76E4,
76E4,
76E4,
76E4,
76E4,
76E4,
76E4,
76E4,
76E4,
76E4,
76E4,
76E4,
76E4,
76E4,
76E4,
76E4,
76E4,
76E4,
76E4,
76E4,
76E4,
76E4,
76E4,
76E4,
76E4,
72E4,
72E3,
6EE5,
66C5,
4A02,
2540,
1500,
1D62,
25C5,
21E5,
21E4,
21E4,
21E4,
1DE4,
1E03,
1E03,
2224,
2624,
2204,
19E3,
11A2,
0D60,
0D80,
11A2,
15C3,
15A3,
0D81,
0960,
0960,
11A1,
1A03,
1E04,
1E04,
1E04,
1E04,
1E04,
1E04,
1E04,
1E04,
1E04,
1E04,
1E24,
1E24,
1E24,
1E24,
1E24,
1E24,
1E24,
1E24,
1E24,
1E24,
1E04,
1E04,
1E24,
1E24,
1E24,
1E24,
1E24,
1E24,
1E24,
1E24,
1E24,
1E24,
1E24,
1E24,
1E24,
1E24,
1E24,
1E24,
1E24,
1E24,
1E24,
1E24,
1E24,
1E24,
1E24,
1E24,
1E24,
1E24,
1E24,
1E24,
1E24,
1E24,
1E24,
1E24,
1E24,
1E24,
1E24,
1E24,
1E24,
1E24,
1E24,
1E24,
1E24,
1E24,
1E24,
1E24,
1E24,
1E24,
1E24,
1E24,
1E24,
1E24,
1E24,
1E24,
1E24,
1E24,
1E24,
1E24,
1E24,
1E24,
1E24,
1E24,
1E24,
1E24,
1E24,
1E24,
1E24,
1E24,
1E24,
1E24,
1E24,
1E24,
1E24,
1E24,
1E24,
1E24,
1E24,
1E24,
1E24,
1E24,
1E24,
1E24,
1E24,
1E24,
1E24,
1E24,
1E24,
1E24,
1E24,
1E24,
1E24,
1E24,
1E24,
1E24,
1E24,
1E24,
1E24,
1E24,
1E24,
1E24,
1E24,
1E24,
1E24,
1E24,
1E24,
1E24,
1E24,
1E24,
1E24,
1E24,
1E24,
1E24,
1E24,
1E24,
1E24,
1E24,
1E24,
1E24,
1E24,
1E24,
1E24,
1E24,
1E24,
1E24,
1E24,
1E24,
1E24,
1E24,
1E24,
1E24,
1E24,
1E24,
1E24,
1E24,
1E24,
1E24,
1E24,
1E24,
1E24,
1E24,
1E24,
1E24,
1E24,
1E24,
1E24,
1E24,
1E24,
1E24,
1E24,
1E24,
1E24,
1E24,
1E24,
1E24,
1E24,
1E24,
1E24,
1E24,
1E24,
1E24,
1E24,
1E24,
1E24,
1E24,
1E24,
1E24,
1E04,
1E04,
1E04,
1E04,
1E04,
1E04,
1E03,
1E03,
1E03,
1E03,
1E03,
1E03,
1E03,
1E03,
1E03,
1E04,
1E04,
1E04,
1E04,
1A04,
1A03,
1A03,
1A03,
1A03,
1A03,
1A03,
19E2,
19E2,
1DE4,
21E6,
1986,
0D02,
0CC1,
14C0,
2943,
4E47,
5AA6,
66C5,
6EE5,
72C4,
72C4,
72C4,
72E4,
72E3,
72E4,
72E4,
72E4,
76E4,
76E4,
76E4,
76E4,
76E4,
76E4,
76E4,
76E4,
76E4,
76E4,
76E4,
76E4,
76E4,
76E4,
76E4,
76E4,
76E4,
76E4,
76E4,
76E4,
76E4,
76E4,
76E4,
76E4,
76E4,
76E4,
76E4,
76E4,
76E4,
76E4,
76E4,
76E4,
76E4,
76E4,
76E4,
76E4,
76E4,
72E3,
6EE5,
66C5,
4E23,
2540,
1500,
1D41,
25E5,
2605,
2204,
2204,
2204,
2204,
1E03,
15C1,
19C2,
19C3,
1182,
0520,
0100,
0520,
1182,
19C4,
15A3,
1181,
0520,
0120,
0540,
0DA0,
19E3,
1E24,
1E24,
1E24,
1E24,
1E24,
1E24,
1E24,
1E24,
1E24,
1E24,
1E24,
1E24,
1E24,
1E24,
1E24,
1E24,
1E24,
1E24,
1E24,
1E24,
1E24,
1E24,
1E24,
1E24,
1E24,
1E24,
1E24,
1E24,
1E24,
1E24,
1E24,
1E24,
1E24,
1E24,
1E24,
1E24,
1E24,
1E24,
1E24,
1E24,
1E24,
1E24,
1E24,
1E24,
1E24,
1E24,
1E24,
1E24,
1E24,
1E24,
1E24,
1E24,
1E24,
1E24,
1E24,
1E24,
1E24,
1E24,
1E24,
1E24,
1E24,
1E24,
1E24,
1E24,
1E24,
1E24,
1E24,
1E24,
1E24,
1E24,
1E24,
1E24,
1E24,
1E24,
1E24,
1E24,
1E24,
1E24,
1E24,
1E24,
1E24,
1E24,
1E24,
1E24,
1E24,
1E24,
1E24,
1E24,
1E24,
1E24,
1E24,
1E24,
1E24,
1E24,
1E24,
1E24,
1E24,
1E24,
1E24,
1E24,
1E24,
1E24,
1E24,
1E24,
1E24,
1E24,
1E24,
1E24,
1E24,
1E24,
1E24,
1E24,
1E24,
1E24,
1E24,
1E24,
1E24,
1E24,
1E24,
1E24,
1E24,
1E24,
1E24,
1E24,
1E24,
1E24,
1E24,
1E24,
1E24,
1E24,
1E24,
1E24,
1E24,
1E24,
1E24,
1E24,
1E24,
1E24,
1E24,
1E24,
1E24,
1E24,
1E24,
1E24,
1E24,
1E24,
1E24,
1E24,
1E24,
1E24,
1E24,
1E24,
1E24,
1E24,
1E24,
1E24,
1E24,
1E24,
1E24,
1E24,
1E24,
1E24,
1E24,
1E24,
1E24,
1E24,
1E24,
1E24,
1E24,
1E24,
1E24,
1E24,
1E24,
1E24,
1E24,
1E24,
1E24,
1E24,
1E24,
1E24,
1E24,
1E24,
1E24,
1E24,
1E24,
1E24,
1E04,
1E04,
1E04,
1E04,
1E04,
1E03,
1E03,
1E03,
1E03,
1E03,
1E03,
1E03,
1E03,
1E03,
1E03,
1E04,
1E04,
1E04,
1E04,
1A04,
1A03,
1A03,
1A03,
1A03,
1A02,
1A03,
1E02,
1A03,
19E4,
1DC5,
1985,
1102,
0CA0,
14A0,
2D21,
4E25,
5EA5,
66C4,
6EE4,
76C3,
72C3,
72C3,
72E4,
72E4,
76E4,
76E4,
76E4,
76E4,
76E4,
76E4,
76E4,
76E4,
76E4,
76E4,
76E4,
76E4,
76E4,
76E4,
76E4,
76E4,
76E4,
76E4,
76E4,
76E4,
76E4,
76E4,
76E4,
76E4,
76E4,
76E4,
76E4,
76E4,
76E4,
76E4,
76E4,
76E4,
76E4,
76E4,
76E4,
76E4,
76E4,
76E4,
76E4,
76E4,
72E4,
72E5,
6AE7,
5245,
2960,
10E0,
1100,
1DA3,
21E4,
1DC3,
1DC3,
1DE3,
19C2,
1581,
0920,
00C0,
00A0,
00A0,
00C0,
0D41,
19A4,
2607,
21E6,
1161,
0920,
0520,
0520,
0D81,
15E2,
1A04,
1E24,
1E24,
1E24,
1E24,
1E24,
1E24,
1E24,
1E24,
1E24,
1E24,
1E24,
1E24,
1E24,
1E24,
1E24,
1E24,
1E24,
1E24,
1E24,
1E24,
1E24,
1E24,
1E24,
1E24,
1E24,
1E24,
1E24,
1E24,
1E24,
1E24,
1E24,
1E24,
1E24,
1E24,
1E24,
1E24,
1E24,
1E24,
1E24,
1E24,
1E24,
1E24,
1E24,
1E24,
1E24,
1E24,
1E24,
1E24,
1E24,
1E24,
1E24,
1E24,
1E24,
1E24,
1E24,
1E24,
1E24,
1E24,
1E24,
1E24,
1E24,
1E24,
1E24,
1E24,
1E24,
1E24,
1E24,
1E24,
1E24,
1E24,
1E24,
1E24,
1E24,
1E24,
1E24,
1E24,
1E24,
1E24,
1E24,
1E24,
1E24,
1E24,
1E24,
1E24,
1E24,
1E24,
1E24,
1E24,
1E24,
1E24,
1E24,
1E24,
1E24,
1E24,
1E24,
1E24,
1E24,
1E24,
1E24,
1E24,
1E24,
1E24,
1E24,
1E24,
1E24,
1E24,
1E24,
1E24,
1E24,
1E24,
1E24,
1E24,
1E24,
1E24,
1E24,
1E24,
1E24,
1E24,
1E24,
1E24,
1E24,
1E24,
1E24,
1E24,
1E24,
1E24,
1E24,
1E24,
1E24,
1E24,
1E24,
1E24,
1E24,
1E24,
1E24,
1E24,
1E24,
1E24,
1E24,
1E24,
1E24,
1E24,
1E24,
1E24,
1E24,
1E24,
1E24,
1E24,
1E24,
1E24,
1E24,
1E24,
1E24,
1E24,
1E24,
1E24,
1E24,
1E24,
1E24,
1E24,
1E24,
1E24,
1E24,
1E24,
1E24,
1E24,
1E24,
1E24,
1E24,
1E24,
1E24,
1E24,
1E24,
1E24,
1E24,
1E24,
1E24,
1E24,
1E24,
1E24,
1E24,
1E24,
1E24,
1E24,
1E24,
1E24,
1E24,
1E04,
1E04,
1E04,
1E04,
1E03,
1E03,
1E03,
1E03,
1E03,
1E04,
1E04,
1E04,
1E03,
1E03,
1E04,
1E04,
1E04,
1E03,
1A03,
1A03,
1A03,
1A03,
1A03,
1A03,
1E03,
1E03,
1E03,
19C3,
1583,
1122,
08A1,
0860,
1CC0,
3581,
5645,
66A5,
6AC3,
72C3,
72C3,
72C2,
72C3,
72E3,
72E3,
72E4,
72E4,
76E4,
76E4,
76E4,
76E4,
76E4,
76E4,
76E4,
76E4,
76E4,
76E4,
76E4,
76E4,
76E4,
76E4,
76E4,
76E4,
76E4,
76E4,
76E4,
76E4,
76E4,
76E4,
76E4,
76E4,
76E4,
76E4,
76E4,
76E4,
76E4,
76E4,
76E4,
76E4,
76E4,
76E4,
76E4,
76E4,
76E4,
72E4,
72E4,
72E5,
6F08,
5EA8,
39C3,
1900,
08A0,
04C0,
08E1,
0501,
0501,
04E0,
00C0,
00A0,
0060,
0040,
00A0,
1543,
25C6,
3229,
3229,
21C5,
1141,
0D40,
0D41,
0D61,
1182,
19E4,
1E04,
1E04,
1E24,
1E24,
1E24,
1E24,
1E24,
1E24,
1E24,
1E24,
1E24,
1E24,
1E24,
1E24,
1E24,
1E24,
1E24,
1E24,
1E24,
1E24,
1E24,
1E24,
1E24,
1E24,
1E24,
1E24,
1E24,
1E24,
1E24,
1E24,
1E24,
1E24,
1E24,
1E24,
1E24,
1E24,
1E24,
1E24,
1E24,
1E24,
1E24,
1E24,
1E24,
1E24,
1E24,
1E24,
1E24,
1E24,
1E24,
1E24,
1E24,
1E24,
1E24,
1E24,
1E24,
1E24,
1E24,
1E24,
1E24,
1E24,
1E24,
1E24,
1E24,
1E24,
1E24,
1E24,
1E24,
1E24,
1E24,
1E24,
1E24,
1E24,
1E24,
1E24,
1E24,
1E24,
1E24,
1E24,
1E24,
1E24,
1E24,
1E24,
1E24,
1E24,
1E24,
1E24,
1E24,
1E24,
1E24,
1E24,
1E24,
1E24,
1E24,
1E24,
1E24,
1E24,
1E24,
1E24,
1E24,
1E24,
1E24,
1E24,
1E24,
1E24,
1E24,
1E24,
1E24,
1E24,
1E24,
1E24,
1E24,
1E24,
1E24,
1E24,
1E24,
1E24,
1E24,
1E24,
1E24,
1E24,
1E24,
1E24,
1E24,
1E24,
1E24,
1E24,
1E24,
1E24,
1E24,
1E24,
1E24,
1E24,
1E24,
1E24,
1E24,
1E24,
1E24,
1E24,
1E24,
1E24,
1E24,
1E24,
1E24,
1E24,
1E24,
1E24,
1E24,
1E24,
1E24,
1E24,
1E24,
1E24,
1E24,
1E24,
1E24,
1E24,
1E24,
1E24,
1E24,
1E24,
1E24,
1E24,
1E24,
1E24,
1E24,
1E24,
1E24,
1E24,
1E24,
1E24,
1E24,
1E24,
1E24,
1E24,
1E24,
1E24,
1E24,
1E24,
1E24,
1E24,
1E24,
1E24,
1E24,
1E24,
1E24,
1E24,
1E24,
1E24,
1E04,
1E03,
1E03,
1E03,
1E03,
1E03,
1E03,
1E03,
1E03,
1E04,
1E04,
1E04,
1E04,
1E04,
1E04,
1E04,
1E04,
1E04,
1E04,
1E04,
19E4,
1DE4,
2204,
2204,
21E4,
21E4,
21E4,
1DC3,
1961,
10E0,
0880,
0440,
14A0,
3181,
4A43,
5EA6,
6AC5,
6EC3,
72C3,
72C3,
72C2,
72C3,
72E3,
72E3,
72E3,
72E4,
76E4,
76E4,
76E4,
76E4,
76E4,
76E4,
76E4,
76E4,
76E4,
76E4,
76E4,
76E4,
76E4,
76E4,
76E4,
76E4,
76E4,
76E4,
76E4,
76E4,
76E4,
76E4,
76E4,
76E4,
76E4,
76E4,
76E4,
76E4,
76E4,
76E4,
76E4,
76E4,
7304,
76E4,
76E4,
76E4,
72E4,
72E4,
76E4,
72E5,
6F07,
6AE8,
5266,
3582,
18E0,
0060,
0020,
0020,
0040,
0040,
0060,
04A0,
08A0,
1943,
3609,
468D,
428C,
3649,
21A5,
0D20,
0500,
1142,
15A3,
19C4,
1DE5,
2205,
1E04,
1E04,
1E24,
1E24,
1E24,
1E24,
1E24,
1E24,
1E24,
1E24,
1E24,
1E24,
1E24,
1E24,
1E24,
1E24,
1E24,
1E24,
1E24,
1E24,
1E24,
1E24,
1E24,
1E24,
1E24,
1E24,
1E24,
1E24,
1E24,
1E24,
1E24,
1E24,
1E24,
1E24,
1E24,
1E24,
1E24,
1E24,
1E24,
1E24,
1E24,
1E24,
1E24,
1E24,
1E24,
1E24,
1E24,
1E24,
1E24,
1E24,
1E24,
1E24,
1E24,
1E24,
1E24,
1E24,
1E24,
1E24,
1E24,
1E24,
1E24,
1E24,
1E24,
1E24,
1E24,
1E24,
1E24,
1E24,
1E24,
1E24,
1E24,
1E24,
1E24,
1E24,
1E24,
1E24,
1E24,
1E24,
1E24,
1E24,
1E24,
1E24,
1E24,
1E24,
1E24,
1E24,
1E24,
1E24,
1E24,
1E24,
1E24,
1E24,
1E24,
1E24,
1E24,
1E24,
1E24,
1E24,
1E24,
1E24,
1E24,
1E24,
1E24,
1E24,
1E24,
1E24,
1E24,
1E24,
1E24,
1E24,
1E24,
1E24,
1E24,
1E24,
1E24,
1E24,
1E24,
1E24,
1E24,
1E24,
1E24,
1E24,
1E24,
1E24,
1E24,
1E24,
1E24,
1E24,
1E24,
1E24,
1E24,
1E24,
1E24,
1E24,
1E24,
1E24,
1E24,
1E24,
1E24,
1E24,
1E24,
1E24,
1E24,
1E24,
1E24,
1E24,
1E24,
1E24,
1E24,
1E24,
1E24,
1E24,
1E24,
1E24,
1E24,
1E24,
1E24,
1E24,
1E24,
1E24,
1E24,
1E24,
1E24,
1E24,
1E24,
1E24,
1E24,
1E24,
1E24,
1E24,
1E24,
1E24,
1E24,
1E24,
1E24,
1E24,
1E24,
1E24,
1E24,
1E24,
1E24,
1E24,
1E24,
1E24,
1E24,
1E24,
1E24,
1E24,
1E04,
1E03,
1E03,
1E03,
1E03,
1E03,
1E03,
1E03,
1E03,
1E04,
1E04,
1E04,
1E04,
1E04,
1E03,
1E04,
1E04,
1E04,
1E04,
1E04,
1DE4,
21E5,
21E5,
21C4,
19A2,
1982,
1982,
1541,
0CE0,
0860,
0860,
18A0,
3582,
5244,
5EA5,
66C5,
6AC4,
72C3,
72C3,
72C3,
72C3,
72C3,
72E3,
72E3,
72E3,
72E4,
76E4,
76E4,
76E4,
76E4,
76E4,
76E4,
76E4,
76E4,
76E4,
76E4,
76E4,
76E4,
76E4,
76E4,
76E4,
76E4,
76E4,
76E4,
76E4,
76E4,
76E4,
76E4,
76E4,
76E4,
76E4,
76E4,
76E4,
76E4,
76E4,
76E4,
76E4,
76E4,
7304,
76E4,
76E4,
76E4,
76E4,
76E4,
76E4,
72E4,
6F05,
6F07,
66C8,
5A88,
4605,
2D63,
1D02,
14C2,
14C1,
1CE2,
2545,
3187,
39E9,
4A8D,
5AF0,
4AAD,
2DC6,
1542,
0D20,
0D20,
1562,
19C5,
1DE5,
21E5,
21E5,
1E05,
1E04,
1E04,
1E04,
1E24,
1E24,
1E24,
1E24,
1E24,
1E24,
1E24,
1E24,
1E24,
1E24,
1E24,
1E24,
1E24,
1E24,
1E24,
1E24,
1E24,
1E24,
1E24,
1E24,
1E24,
1E24,
1E24,
1E24,
1E24,
1E24,
1E24,
1E24,
1E24,
1E24,
1E24,
1E24,
1E24,
1E24,
1E24,
1E24,
1E24,
1E24,
1E24,
1E24,
1E24,
1E24,
1E24,
1E24,
1E24,
1E24,
1E24,
1E24,
1E24,
1E24,
1E24,
1E24,
1E24,
1E24,
1E24,
1E24,
1E24,
1E24,
1E24,
1E24,
1E24,
1E24,
1E24,
1E24,
1E24,
1E24,
1E24,
1E24,
1E24,
1E24,
1E24,
1E24,
1E24,
1E24,
1E24,
1E24,
1E24,
1E24,
1E24,
1E24,
1E24,
1E24,
1E24,
1E24,
1E24,
1E24,
1E24,
1E24,
1E24,
1E24,
1E24,
1E24,
1E24,
1E24,
1E24,
1E24,
1E24,
1E24,
1E24,
1E24,
1E24,
1E24,
1E24,
1E24,
1E24,
1E24,
1E24,
1E24,
1E24,
1E24,
1E24,
1E24,
1E24,
1E24,
1E24,
1E24,
1E24,
1E24,
1E24,
1E24,
1E24,
1E24,
1E24,
1E24,
1E24,
1E24,
1E24,
1E24,
1E24,
1E24,
1E24,
1E24,
1E24,
1E24,
1E24,
1E24,
1E24,
1E24,
1E24,
1E24,
1E24,
1E24,
1E24,
1E24,
1E24,
1E24,
1E24,
1E24,
1E24,
1E24,
1E24,
1E24,
1E24,
1E24,
1E24,
1E24,
1E24,
1E24,
1E24,
1E24,
1E24,
1E24,
1E24,
1E24,
1E24,
1E24,
1E24,
1E24,
1E24,
1E24,
1E24,
1E03,
1E03,
1E03,
1E03,
1E03,
1E03,
1E03,
1E03,
1E03,
1E03,
1E03,
1E03,
1E03,
1E04,
1E03,
1E03,
1E03,
1E03,
1E03,
1E03,
1E03,
1E03,
1E03,
1E03,
1E04,
1E04,
1E04,
1E04,
1E04,
1E24,
1E04,
1E04,
1E05,
1DE5,
1DC4,
1DC4,
1983,
1541,
0D00,
0D00,
1100,
10E0,
14E0,
1D00,
2D61,
45E5,
5A67,
66C7,
6AE5,
6AC4,
6EE3,
72C3,
72E3,
72E3,
72E3,
72E3,
72E3,
72E3,
72E3,
72E4,
76E4,
76E4,
76E4,
76E4,
76E4,
76E4,
76E4,
76E4,
76E4,
76E4,
76E4,
76E4,
76E4,
76E4,
76E4,
76E4,
76E4,
76E4,
76E4,
76E4,
76E4,
76E4,
76E4,
76E4,
76E4,
76E4,
76E4,
76E4,
76E4,
76E4,
76E4,
76E4,
7304,
76E4,
76E4,
76E4,
76E4,
76E4,
7704,
7304,
6F04,
6F05,
6F07,
6F08,
66C9,
5E89,
5A89,
5A68,
5668,
5669,
566A,
5A8B,
5ECD,
62EF,
56AC,
35E6,
1520,
00C0,
0D20,
19A3,
21C5,
21E5,
1DE5,
1DE5,
1DE5,
1E04,
1E04,
1E04,
1E04,
1E24,
1E24,
1E24,
1E24,
1E24,
1E24,
1E24,
1E24,
1E24,
1E24,
1E24,
1E24,
1E24,
1E24,
1E24,
1E24,
1E24,
1E24,
1E24,
1E24,
1E24,
1E24,
1E24,
1E24,
1E24,
1E24,
1E24,
1E24,
1E24,
1E24,
1E24,
1E24,
1E24,
1E24,
1E24,
1E24,
1E24,
1E24,
1E24,
1E24,
1E24,
1E24,
1E24,
1E24,
1E24,
1E24,
1E24,
1E24,
1E24,
1E24,
1E24,
1E24,
1E24,
1E24,
1E24,
1E24,
1E24,
1E24,
1E24,
1E24,
1E24,
1E24,
1E24,
1E24,
1E24,
1E24,
1E24,
1E24,
1E24,
1E24,
1E24,
1E24,
1E24,
1E24,
1E24,
1E24,
1E24,
1E24,
1E24,
1E24,
1E24,
1E24,
1E24,
1E24,
1E24,
1E24,
1E24,
1E24,
1E24,
1E24,
1E24,
1E24,
1E24,
1E24,
1E24,
1E24,
1E24,
1E24,
1E24,
1E24,
1E24,
1E24,
1E24,
1E24,
1E24,
1E24,
1E24,
1E24,
1E24,
1E24,
1E24,
1E24,
1E24,
1E24,
1E24,
1E24,
1E24,
1E24,
1E24,
1E24,
1E24,
1E24,
1E24,
1E24,
1E24,
1E24,
1E24,
1E24,
1E24,
1E24,
1E24,
1E24,
1E24,
1E24,
1E24,
1E24,
1E24,
1E24,
1E24,
1E24,
1E24,
1E24,
1E24,
1E24,
1E24,
1E24,
1E24,
1E24,
1E24,
1E24,
1E24,
1E24,
1E24,
1E24,
1E24,
1E24,
1E24,
1E24,
1E24,
1E24,
1E24,
1E24,
1E24,
1E24,
1E24,
1E24,
1E24,
1E24,
1E24,
1E24,
1E24,
1E03,
1E03,
1E03,
1E03,
1E03,
1E03,
1E03,
1E03,
1E03,
1E03,
1E03,
1E03,
1E03,
1E03,
1E03,
1E03,
1E03,
1E03,
1E03,
1E03,
1E03,
1E03,
1E03,
1E03,
1E04,
1E04,
1E04,
1E04,
1E04,
1E04,
19C3,
15A2,
1583,
1563,
1542,
0D21,
0CE0,
08A0,
08A0,
0CC0,
1900,
2541,
35A2,
4A24,
5686,
66C7,
6EE8,
6EE7,
6EE5,
6EE4,
6EC4,
72C4,
72E3,
76E3,
72E3,
72E3,
72E3,
72E3,
72E4,
72E4,
76E4,
76E4,
76E4,
76E4,
76E4,
76E4,
76E4,
76E4,
76E4,
76E4,
76E4,
76E4,
76E4,
76E4,
76E4,
76E4,
76E4,
76E4,
76E4,
76E4,
76E4,
76E4,
76E4,
76E4,
76E4,
76E4,
76E4,
76E4,
76E4,
76E4,
76E4,
76E4,
76E4,
76E4,
76E4,
76E4,
76E4,
76E4,
7704,
7704,
7304,
72E4,
6F05,
7306,
7306,
7307,
7308,
6F08,
6F09,
6F09,
66E8,
62E7,
66E8,
62CA,
4A47,
2582,
1100,
0900,
1582,
21C5,
21E5,
21E4,
1DE4,
1DE4,
1DE4,
1E04,
1E04,
1E04,
1E04,
1E24,
1E24,
1E24,
1E24,
1E24,
1E24,
1E24,
1E24,
1E24,
1E24,
1E24,
1E24,
1E24,
1E24,
1E24,
1E24,
1E24,
1E24,
1E24,
1E24,
1E24,
1E24,
1E24,
1E24,
1E24,
1E24,
1E24,
1E24,
1E24,
1E24,
1E24,
1E24,
1E24,
1E24,
1E24,
1E24,
1E24,
1E24,
1E24,
1E24,
1E23,
1E24,
1E24,
1E24,
1E24,
1E24,
1E24,
1E24,
1E24,
1E24,
1E24,
1E24,
1E24,
1E24,
1E24,
1E24,
1E24,
1E24,
1E24,
1E24,
1E24,
1E24,
1E24,
1E24,
1E24,
1E24,
1E24,
1E24,
1E24,
1E24,
1E24,
1E24,
1E24,
1E24,
1E24,
1E24,
1E24,
1E24,
1E24,
1E24,
1E24,
1E24,
1E24,
1E24,
1E24,
1E24,
1E24,
1E24,
1E24,
1E24,
1E24,
1E24,
1E24,
1E24,
1E24,
1E24,
1E24,
1E24,
1E24,
1E24,
1E24,
1E24,
1E24,
1E24,
1E24,
1E24,
1E24,
1E24,
1E24,
1E24,
1E24,
1E24,
1E24,
1E24,
1E24,
1E24,
1E24,
1E24,
1E24,
1E24,
1E24,
1E24,
1E24,
1E24,
1E24,
1E24,
1E24,
1E24,
1E24,
1E24,
1E24,
1E24,
1E24,
1E24,
1E24,
1E24,
1E24,
1E24,
1E24,
1E24,
1E24,
1E24,
1E24,
1E24,
1E24,
1E24,
1E24,
1E24,
1E24,
1E24,
1E24,
1E24,
1E24,
1E24,
1E24,
1E24,
1E24,
1E24,
1E24,
1E24,
1E24,
1E24,
1E24,
1E24,
1E24,
1E24,
1E24,
1E24,
1E24,
1E24,
1E24,
1E03,
1E03,
1E03,
1E03,
1E03,
1E03,
1E03,
1E03,
1E03,
1E03,
1E03,
1E03,
1E03,
1E03,
1E03,
1E03,
1E03,
1E03,
1E03,
1E03,
1E03,
1E03,
1E03,
1E03,
1E03,
1E04,
1E03,
1E03,
19E3,
15C2,
0D81,
0920,
04E0,
04C0,
04A0,
08A0,
10C0,
1900,
2541,
31A3,
3E04,
4E45,
5AA7,
62C7,
66C6,
6EE5,
72E5,
72E5,
72E4,
72E3,
72E4,
72E4,
72E3,
76E4,
76E4,
72E4,
72E3,
72E3,
72E4,
72E4,
76E4,
76E4,
76E4,
76E4,
76E4,
76E4,
76E4,
76E4,
76E4,
76E4,
76E4,
76E4,
76E4,
76E4,
76E4,
76E4,
76E4,
76E4,
76E4,
76E4,
76E4,
76E4,
76E4,
76E4,
76E4,
76E4,
76E4,
76E4,
76E4,
76E4,
76E4,
76E4,
76E4,
76E4,
76E4,
76E4,
76E4,
76E4,
76E4,
76E4,
76E4,
76E4,
76E4,
72E4,
72E4,
7304,
7304,
7304,
7305,
6EE5,
6EE5,
66C5,
66C5,
5A86,
3DE3,
1D20,
1100,
1561,
1DC4,
1DE4,
1DE4,
1E03,
1E03,
1E04,
1E04,
1E04,
1E04,
1E04,
1E04,
1E24,
1E24,
1E24,
1E24,
1E24,
1E24,
1E24,
1E24,
1E24,
1E24,
1E24,
1E24,
1E24,
1E24,
1E24,
1E24,
1E24,
1E24,
1E24,
1E24,
1E24,
1E24,
1E24,
1E24,
1E24,
1E24,
1E24,
1E24,
1E24,
1E24,
1E24,
1E24,
1E24,
1E24,
1E24,
1E24,
1E24,
1E24,
1E24,
1E24,
1E24,
1E24,
1E24,
1E24,
1E24,
1E24,
1E24,
1E24,
1E24,
1E24,
1E24,
1E24,
1E24,
1E24,
1E24,
1E24,
1E24,
1E24,
1E24,
1E24,
1E24,
1E24,
1E24,
1E24,
1E24,
1E24,
1E24,
1E24,
1E24,
1E24,
1E24,
1E24,
1E24,
1E24,
1E24,
1E24,
1E24,
1E24,
1E24,
1E24,
1E24,
1E24,
1E24,
1E24,
1E24,
1E24,
1E24,
1E24,
1E24,
1E24,
1E24,
1E24,
1E24,
1E24,
1E24,
1E24,
1E24,
1E24,
1E24,
1E24,
1E24,
1E24,
1E24,
1E24,
1E24,
1E24,
1E24,
1E24,
1E24,
1E24,
1E24,
1E24,
1E24,
1E24,
1E24,
1E24,
1E24,
1E24,
1E24,
1E24,
1E24,
1E24,
1E24,
1E24,
1E24,
1E24,
1E24,
1E24,
1E24,
1E24,
1E24,
1E24,
1E24,
1E24,
1E24,
1E24,
1E24,
1E24,
1E24,
1E24,
1E24,
1E24,
1E24,
1E24,
1E24,
1E24,
1E24,
1E24,
1E24,
1E24,
1E24,
1E24,
1E24,
1E24,
1E24,
1E24,
1E24,
1E24,
1E24,
1E24,
1E24,
1E24,
1E24,
1E24,
1E24,
1E24,
1E24,
1E24,
1E24,
1E24,
1E24,
1E03,
1E03,
1E03,
1E03,
1E03,
1E03,
1E03,
1E03,
1E03,
1E03,
1E03,
1E03,
1E03,
1E03,
1E03,
1E03,
1E03,
1E03,
1E03,
1E03,
1E03,
1E03,
1E03,
1E23,
1E23,
1E03,
1E03,
1E03,
19E2,
15C2,
11A2,
0D21,
04C0,
0060,
0040,
14C1,
2964,
39E6,
4A27,
5668,
5EA8,
66E8,
6AE8,
6EE6,
6EE4,
6EE4,
6EE4,
72E4,
72E3,
72E3,
72E3,
72E3,
72E3,
72E4,
76E4,
72E4,
72E4,
72E4,
72E4,
72E4,
76E4,
76E4,
76E4,
76E4,
76E4,
76E4,
76E4,
76E4,
76E4,
76E4,
76E4,
76E4,
76E4,
76E4,
76E4,
76E4,
76E4,
76E4,
76E4,
76E4,
76E4,
76E4,
76E4,
76E4,
76E4,
76E4,
76E4,
76E4,
76E4,
76E4,
76E4,
76E4,
76E4,
76E4,
76E4,
76E4,
76E4,
76E4,
76E4,
76E4,
76E4,
76E4,
76E4,
76E4,
76E3,
76E3,
76E3,
76E3,
76E4,
72E4,
72E4,
6EC3,
62A4,
5644,
3581,
1900,
1520,
1DA2,
21E4,
1DE4,
1DE3,
1E03,
1E04,
1E04,
1E04,
1E04,
1E04,
1E24,
1E04,
1E04,
1E24,
1E24,
1E24,
1E24,
1E24,
1E24,
1E24,
1E24,
1E24,
1E24,
1E24,
1E24,
1E24,
1E24,
1E24,
1E24,
1E24,
1E24,
1E24,
1E24,
1E24,
1E24,
1E24,
1E24,
1E24,
1E24,
1E24,
1E24,
1E24,
1E24,
1E24,
1E24,
1E24,
1E24,
1E24,
1E24,
1E24,
1E24,
1E24,
1E24,
1E24,
1E24,
1E24,
1E24,
1E24,
1E24,
1E24,
1E24,
1E24,
1E24,
1E24,
1E24,
1E24,
1E24,
1E24,
1E24,
1E24,
1E24,
1E24,
1E24,
1E24,
1E24,
1E24,
1E24,
1E24,
1E24,
1E24,
1E24,
1E24,
1E24,
1E24,
1E24,
1E24,
1E24,
1E24,
1E24,
1E24,
1E24,
1E24,
1E24,
1E24,
1E24,
1E24,
1E24,
1E24,
1E24,
1E24,
1E24,
1E24,
1E24,
1E24,
1E24,
1E24,
1E24,
1E24,
1E24,
1E24,
1E24,
1E24,
1E24,
1E24,
1E24,
1E24,
1E24,
1E24,
1E24,
1E24,
1E24,
1E24,
1E24,
1E24,
1E24,
1E24,
1E24,
1E24,
1E24,
1E24,
1E24,
1E24,
1E24,
1E24,
1E24,
1E24,
1E24,
1E24,
1E24,
1E24,
1E24,
1E24,
1E24,
1E24,
1E24,
1E24,
1E24,
1E24,
1E24,
1E24,
1E24,
1E24,
1E24,
1E24,
1E24,
1E24,
1E24,
1E24,
1E24,
1E24,
1E24,
1E24,
1E24,
1E24,
1E24,
1E24,
1E24,
1E24,
1E24,
1E24,
1E24,
1E24,
1E24,
1E24,
1E24,
1E24,
1E24,
1E24,
1E24,
1E24,
1E24,
1E24,
1E24,
1E03,
1E03,
1E03,
1E03,
1E03,
1E03,
1E03,
1E03,
1E03,
1E03,
1E03,
1E03,
1E03,
1E03,
1E03,
1E03,
1E03,
1E03,
1E03,
1E03,
1E03,
1E03,
1E03,
1E03,
1E23,
1E03,
1E03,
1E03,
19E3,
19C2,
1DA3,
1542,
08C0,
0060,
0C80,
2943,
4A08,
566A,
5E89,
66C9,
6AC8,
6AC7,
6EC6,
6EE5,
72E3,
72E3,
6EE3,
72E3,
72E3,
72E3,
72E3,
72E3,
72E3,
72E4,
72E4,
76E4,
76E4,
76E4,
76E4,
76E4,
76E4,
76E4,
76E4,
76E4,
76E4,
76E4,
76E4,
76E4,
76E4,
76E4,
76E4,
76E4,
76E4,
76E4,
76E4,
76E4,
76E4,
76E4,
76E4,
76E4,
76E4,
76E4,
76E4,
76E4,
76E4,
76E4,
76E4,
76E4,
76E4,
76E4,
76E4,
76E4,
76E4,
76E4,
76E4,
76E4,
76E4,
76E4,
76E4,
76E4,
76E4,
76E4,
76E4,
76E4,
76E4,
76E4,
76E3,
7703,
7704,
72E3,
72E3,
6EC3,
62A5,
5664,
3160,
14C0,
1941,
21C3,
2204,
1E04,
1E03,
1E03,
1E04,
1E04,
1E04,
1E04,
1E04,
1E04,
1E04,
1E04,
1E24,
1E24,
1E24,
1E24,
1E24,
1E24,
1E24,
1E24,
1E24,
1E24,
1E24,
1E24,
1E24,
1E24,
1E24,
1E24,
1E24,
1E24,
1E24,
1E24,
1E24,
1E24,
1E24,
1E24,
1E24,
1E24,
1E24,
1E24,
1E24,
1E24,
1E24,
1E24,
1E24,
1E24,
1E24,
1E24,
1E24,
1E24,
1E24,
1E24,
1E24,
1E24,
1E24,
1E24,
1E24,
1E24,
1E24,
1E24,
1E24,
1E24,
1E24,
1E24,
1E24,
1E24,
1E24,
1E24,
1E24,
1E24,
1E24,
1E24,
1E24,
1E24,
1E24,
1E24,
1E24,
1E24,
1E24,
1E24,
1E24,
1E24,
1E24,
1E24,
1E24,
1E24,
1E24,
1E24,
1E24,
1E24,
1E24,
1E24,
1E24,
1E24,
1E24,
1E24,
1E24,
1E24,
1E24,
1E24,
1E24,
1E24,
1E24,
1E24,
1E24,
1E24,
1E24,
1E24,
1E24,
1E24,
1E24,
1E24,
1E24,
1E24,
1E24,
1E24,
1E24,
1E24,
1E24,
1E24,
1E24,
1E24,
1E24,
1E24,
1E24,
1E24,
1E24,
1E24,
1E24,
1E24,
1E24,
1E24,
1E24,
1E24,
1E24,
1E24,
1E24,
1E24,
1E24,
1E24,
1E24,
1E24,
1E24,
1E24,
1E24,
1E24,
1E24,
1E24,
1E24,
1E24,
1E24,
1E24,
1E24,
1E24,
1E24,
1E24,
1E24,
1E24,
1E24,
1E24,
1E24,
1E24,
1E24,
1E24,
1E24,
1E24,
1E24,
1E24,
1E24,
1E24,
1E24,
1E24,
1E24,
1E24,
1E24,
1E24,
1E24,
1E24,
1E24,
1E04,
1E03,
1E03,
1E03,
1E03,
1E03,
1E03,
1E03,
1E03,
1E03,
1E03,
1E03,
1E03,
1E04,
1E04,
1E03,
1E03,
1E03,
1E03,
1E03,
1E03,
1E03,
1E03,
1E03,
1E03,
1E24,
1E03,
1E03,
1E03,
1E03,
1E04,
1DE3,
1DC2,
1D83,
1521,
08A0,
0880,
2122,
41E6,
5689,
5EA9,
62A8,
6AC7,
6AC6,
6EC6,
6EE5,
6EE5,
72E4,
72E3,
72E3,
72E3,
72E3,
72E3,
72E3,
72E4,
72E4,
72E3,
72E4,
76E4,
76E4,
76E4,
76E4,
76E4,
76E4,
76E4,
76E4,
76E4,
76E4,
76E4,
76E4,
76E4,
76E4,
76E4,
76E4,
76E4,
76E4,
76E4,
76E4,
76E4,
76E4,
76E4,
76E4,
76E4,
76E4,
76E4,
76E4,
76E4,
76E4,
76E4,
76E4,
76E4,
76E4,
76E4,
76E4,
76E4,
76E4,
76E4,
76E4,
76E4,
76E4,
76E4,
76E4,
76E4,
76E4,
76E4,
76E4,
76E4,
76E4,
76E4,
76E4,
76E3,
76E3,
72E3,
7703,
6EC3,
6AE6,
5E85,
3160,
1080,
1500,
21C3,
2205,
2205,
1E04,
1E04,
1E04,
1E04,
1E04,
1E04,
1E04,
1E04,
1E04,
1E04,
1E24,
1E24,
1E24,
1E24,
1E24,
1E24,
1E24,
1E24,
1E24,
1E24,
1E24,
1E24,
1E25,
1E24,
1E24,
1E24,
1E24,
1E24,
1E24,
1E24,
1E24,
1E24,
1E24,
1E24,
1E24,
1E24,
1E24,
1E24,
1E24,
1E24,
1E24,
1E24,
1E24,
1E24,
1E24,
1E24,
1E24,
1E24,
1E24,
1E24,
1E24,
1E24,
1E24,
1E24,
1E24,
1E24,
1E24,
1E24,
1E24,
1E24,
1E24,
1E24,
1E24,
1E24,
1E24,
1E24,
1E24,
1E24,
1E24,
1E24,
1E24,
1E24,
1E24,
1E24,
1E24,
1E24,
1E24,
1E24,
1E24,
1E24,
1E24,
1E24,
1E24,
1E24,
1E24,
1E24,
1E24,
1E24,
1E24,
1E24,
1E24,
1E24,
1E24,
1E24,
1E24,
1E24,
1E24,
1E24,
1E24,
1E24,
1E24,
1E24,
1E24,
1E24,
1E24,
1E24,
1E24,
1E24,
1E24,
1E24,
1E24,
1E24,
1E24,
1E24,
1E24,
1E24,
1E24,
1E24,
1E24,
1E24,
1E24,
1E24,
1E24,
1E24,
1E24,
1E24,
1E24,
1E24,
1E24,
1E24,
1E24,
1E24,
1E24,
1E24,
1E24,
1E24,
1E24,
1E24,
1E24,
1E24,
1E24,
1E24,
1E24,
1E24,
1E24,
1E24,
1E24,
1E24,
1E24,
1E24,
1E24,
1E24,
1E24,
1E24,
1E24,
1E24,
1E24,
1E24,
1E24,
1E24,
1E24,
1E24,
1E24,
1E24,
1E24,
1E24,
1E24,
1E24,
1E24,
1E24,
1E24,
1E24,
1E24,
1E24,
1E24,
1E24,
1E24,
1E04,
1E03,
1E03,
1E03,
1E03,
1E03,
1E03,
1E03,
1E03,
1E03,
1E03,
1E03,
1E04,
1E04,
1E04,
1E03,
1E03,
1E03,
1E03,
1E03,
1E03,
1E03,
1E03,
1E03,
1E04,
1E04,
1E03,
1E03,
1E03,
1A03,
1E04,
1DC3,
1581,
1121,
08C0,
0880,
1CE0,
35A5,
4E49,
5EA8,
62C7,
66C7,
6AC5,
6AC5,
6EE6,
6EE5,
72E5,
7304,
7304,
7704,
72E4,
72E3,
72E3,
72E3,
72E4,
72E4,
72E3,
72E3,
72E4,
76E4,
76E4,
76E4,
76E4,
76E4,
76E4,
76E4,
76E4,
76E4,
76E4,
76E4,
76E4,
76E4,
76E4,
76E4,
76E4,
76E4,
76E4,
76E4,
76E4,
76E4,
76E4,
76E4,
76E4,
76E4,
76E4,
76E4,
76E4,
76E4,
76E4,
76E4,
76E4,
76E4,
76E4,
76E4,
76E4,
76E4,
76E4,
76E4,
76E4,
76E4,
76E4,
76E4,
76E4,
76E4,
76E4,
76E4,
76E4,
76E4,
76E4,
76E4,
76E3,
76E3,
76E3,
76E3,
72E3,
6EE6,
5E85,
3140,
0C80,
0CE0,
1DC2,
2626,
2206,
2206,
1E06,
1E05,
1E05,
1E05,
1E05,
1E25,
1E24,
1E25,
1E25,
1E24,
1E24,
1E24,
1E24,
1E24,
1E24,
1E24,
1E24,
1E24,
1E24,
1E24,
1E25,
1E25,
1E24,
1E24,
1E24,
1E24,
1E24,
1E24,
1E24,
1E24,
1E24,
1E24,
1E24,
1E24,
1E24,
1E24,
1E24,
1E24,
1E24,
1E24,
1E24,
1E24,
1E24,
1E24,
1E24,
1E24,
1E24,
1E24,
1E24,
1E24,
1E24,
1E24,
1E24,
1E24,
1E24,
1E24,
1E24,
1E24,
1E24,
1E24,
1E24,
1E24,
1E24,
1E24,
1E24,
1E24,
1E24,
2224,
1E24,
1E24,
1E24,
1E24,
1E24,
1E24,
1E24,
1E24,
1E24,
1E24,
1E24,
1E24,
1E24,
1E24,
1E24,
1E24,
1E24,
1E24,
1E24,
1E24,
1E24,
1E24,
1E24,
1E24,
1E24,
1E24,
1E24,
1E24,
1E24,
1E24,
1E24,
1E24,
1E24,
1E24,
1E24,
1E24,
1E24,
1E24,
1E24,
1E24,
1E24,
1E24,
1E24,
1E24,
1E24,
1E24,
1E24,
1E24,
1E24,
1E24,
1E24,
1E24,
1E24,
1E24,
1E24,
1E24,
1E24,
1E24,
1E24,
1E24,
1E24,
1E24,
1E24,
1E24,
1E24,
1E24,
1E24,
1E24,
1E24,
1E24,
1E24,
1E24,
1E24,
1E24,
1E24,
1E24,
1E24,
1E24,
1E24,
1E24,
1E24,
1E24,
1E24,
1E24,
1E24,
1E24,
1E24,
1E24,
1E24,
1E24,
1E24,
1E24,
1E24,
1E24,
1E24,
1E24,
1E24,
1E24,
1E24,
1E24,
1E24,
1E24,
1E24,
1E24,
1E24,
1E24,
1E24,
1E24,
1E04,
1E03,
1E03,
1E03,
1E03,
1E03,
1E03,
1E03,
1E03,
1E04,
1E04,
1E04,
1E04,
1E04,
1E04,
1E04,
1E03,
1E03,
1E03,
1E03,
1E03,
1E04,
1E04,
1E03,
1E04,
1E03,
1A03,
1E03,
1DE3,
19E3,
19E3,
1581,
0900,
00A0,
0480,
18E0,
35A4,
4E28,
5A89,
62C8,
66E7,
6AE6,
6AE5,
6AE5,
6EE5,
6EE4,
6EE4,
72E4,
7304,
7304,
7304,
72E3,
72E3,
72E3,
72E4,
72E4,
72E3,
72E3,
72E4,
76E4,
76E4,
76E4,
76E4,
76E4,
76E4,
76E4,
76E4,
76E4,
76E4,
76E4,
76E4,
76E4,
76E4,
76E4,
76E4,
76E4,
76E4,
76E4,
76E4,
76E4,
76E4,
76E4,
76E4,
76E4,
76E4,
76E4,
76E4,
76E4,
76E4,
76E4,
76E4,
76E4,
76E4,
76E4,
76E4,
76E4,
76E4,
76E4,
76E4,
76E4,
76E4,
76E4,
76E4,
76E4,
76E4,
76E4,
76E4,
76E4,
76E4,
76E4,
76E4,
76E4,
76E3,
7703,
72E4,
7306,
5EA5,
39A1,
18C0,
0CC0,
1141,
19A4,
1DC5,
1DC5,
19C4,
19C5,
19E5,
19E5,
19E5,
19E5,
1A04,
1A04,
1A04,
19E4,
1A04,
1E24,
1E24,
1E24,
1E24,
1E24,
1E24,
1E24,
1E24,
1E24,
1E24,
1E24,
1E24,
1E24,
1E24,
1E24,
1E24,
1E24,
1E24,
1E24,
1E24,
1E24,
1E24,
1E24,
1E24,
1E24,
1E24,
1E24,
1E24,
1E24,
1E24,
1E24,
1E24,
1E24,
1E24,
1E24,
1E24,
1E24,
1E24,
1E24,
1E24,
1E24,
1E24,
1E24,
1E24,
1E24,
1E24,
1E24,
1E24,
1E24,
1E24,
1E24,
1E24,
1E24,
1E24,
1E24,
1E24,
1E24,
1E24,
1E24,
1E24,
1E24,
1E24,
1E24,
1E24,
1E24,
1E24,
1E24,
1E24,
1E24,
1E24,
1E24,
1E24,
1E24,
1E24,
1E24,
1E24,
1E24,
1E24,
1E24,
1E24,
1E24,
1E24,
1E24,
1E24,
1E04,
1E04,
1E04,
1E04,
1E24,
1E24,
1E24,
1E24,
1E24,
1E24,
1E24,
1E24,
1E24,
1E24,
1E24,
1E24,
1E24,
1E24,
1E24,
1E24,
1E24,
1E24,
1E24,
1E24,
1E24,
1E24,
1E24,
1E24,
1E24,
1E24,
1E24,
1E24,
1E24,
1E24,
1E24,
1E24,
1E24,
1E24,
1E24,
1E24,
1E24,
1E24,
1E24,
1E24,
1E24,
1E24,
1E24,
1E24,
1E24,
1E24,
1E24,
1E24,
1E24,
1E24,
1E24,
1E24,
1E24,
1E24,
1E24,
1E24,
1E24,
1E24,
1E24,
1E24,
1E24,
1E24,
1E24,
1E24,
1E24,
1E24,
1E24,
1E24,
1E24,
1E24,
1E24,
1E24,
1E24,
1E24,
1E04,
1E04,
1E04,
1E04,
1E03,
1E03,
1E03,
1E03,
1E03,
1E03,
1E03,
1E03,
1E04,
1A04,
1A24,
1A24,
1A24,
1E04,
1A04,
1A03,
1E03,
1E03,
1E03,
1E03,
1E04,
1E04,
1E04,
1E04,
1E04,
1A04,
19E3,
19E3,
19E3,
15C2,
0D40,
04A0,
0060,
10A0,
2963,
4627,
5669,
5EA9,
62C8,
6AE8,
6AE6,
6AE6,
6AE5,
6EE4,
6EE4,
6EE4,
6EE4,
72E4,
72E4,
72E4,
72E4,
72E4,
72E4,
72E4,
72E4,
72E4,
72E4,
72E4,
76E4,
76E4,
76E4,
76E4,
76E4,
76E4,
76E4,
76E4,
76E4,
76E4,
76E4,
76E4,
76E4,
76E4,
76E4,
76E4,
76E4,
76E4,
76E4,
76E4,
76E4,
72E4,
72E4,
76E4,
76E4,
76E4,
76E4,
76E4,
76E4,
76E4,
76E4,
76E4,
76E4,
76E4,
76E4,
76E4,
76E4,
76E4,
76E4,
76E4,
76E4,
76E4,
76E4,
76E4,
76E4,
76E4,
76E4,
76E4,
76E4,
76E4,
76E4,
76E4,
7304,
7303,
7303,
7304,
7305,
66E6,
4E44,
3580,
14C0,
0480,
08C0,
0901,
08E0,
04E0,
0100,
0120,
0521,
0521,
0521,
0560,
0960,
0980,
11A1,
15E3,
1E24,
1E24,
1E24,
1E24,
1E24,
1E24,
1E24,
1E24,
1E24,
1E24,
1E24,
1E24,
1E24,
1E24,
1E24,
1E24,
1E24,
1E24,
1E24,
1E24,
1E24,
1E24,
1E24,
1E24,
1E24,
1E24,
1E24,
1E24,
1E24,
1E24,
1E24,
1E24,
1E24,
1E24,
1E24,
1E24,
1E24,
1E24,
1E24,
1E24,
1E24,
1E24,
1E24,
1E24,
1E24,
1E24,
1E24,
1E24,
1E24,
1E24,
1E24,
1E24,
1E24,
1E24,
1E24,
1E24,
1E24,
1E24,
1E24,
1E24,
1E24,
1E24,
1E24,
1E24,
1E24,
1E24,
1E24,
1E24,
1E24,
1E24,
1E24,
1E24,
1E24,
1E24,
1E24,
1E24,
1A24,
1A24,
1A24,
1E24,
1E24,
1E24,
1E24,
1E24,
1E04,
1E04,
1E04,
1E04,
1E24,
1E24,
1E24,
1E24,
1E24,
1E24,
1E24,
1E24,
1E24,
1E24,
1E24,
1E24,
1E24,
1E24,
1E24,
1E24,
1E24,
1E24,
1E24,
1E24,
1E24,
1E24,
1E24,
1E24,
1E24,
1E24,
1E24,
1E24,
1E24,
1E24,
1E24,
1E24,
1E24,
1E24,
1E24,
1E24,
1E24,
1E24,
1E24,
1E24,
1E24,
1E24,
1E24,
1E24,
1E24,
1E24,
1E24,
1E24,
1E24,
1E24,
1E04,
1E04,
1E24,
1E24,
1E24,
1E24,
1E24,
1E24,
1E24,
1E24,
1E24,
1E24,
1E24,
1E24,
1E24,
1E24,
1E24,
1E24,
1E24,
1E24,
1E04,
1E24,
1E24,
1E24,
1E04,
1E04,
1E04,
1E04,
1E03,
1E03,
1E03,
1E03,
1E03,
1E03,
1E03,
1E03,
1E04,
1A04,
1A24,
1E04,
1E04,
1A04,
1A04,
1A04,
1E04,
1E03,
1E03,
1E03,
1E03,
1E03,
1E03,
1E04,
1E04,
1E04,
19E3,
19E3,
1DE4,
19C3,
1120,
08A0,
10A0,
2943,
4208,
4E69,
5689,
5EA9,
66C9,
6AEA,
6EE9,
6F08,
6F07,
6F06,
6F06,
6EE5,
6EE5,
72E5,
72E4,
6EE4,
72E4,
72E4,
72E4,
76E4,
76E4,
76E4,
72E4,
72E4,
76E4,
76E4,
76E4,
76E4,
76E4,
76E4,
76E4,
76E4,
76E4,
76E4,
76E4,
76E4,
76E4,
76E4,
76E4,
76E4,
76E4,
76E4,
76E4,
76E4,
76E4,
72E4,
72E4,
76E4,
76E4,
76E4,
76E4,
76E4,
76E4,
76E4,
76E4,
76E4,
76E4,
76E4,
76E4,
76E4,
76E4,
76E4,
76E4,
76E4,
76E4,
76E4,
76E4,
76E4,
76E4,
76E4,
76E4,
76E4,
76E4,
76E4,
76E4,
76E4,
72E4,
7304,
7303,
7303,
7304,
6AE5,
62C4,
5244,
39C1,
2120,
0CC0,
0CC0,
0CC0,
08A0,
08E0,
0501,
00C0,
00C0,
00E0,
0120,
0540,
0980,
11A2,
19E3,
1E04,
1E04,
1E24,
1E24,
1E24,
1E24,
1E24,
1E24,
1E24,
1E24,
1E24,
1E24,
1E24,
1E24,
1E24,
1E24,
1E24,
1E24,
1E24,
1E24,
1E24,
1E24,
1E24,
1E24,
1E24,
1E24,
1E24,
1E24,
1E24,
1E24,
1E24,
1E24,
1E24,
1E24,
1E24,
1E24,
1E24,
1E24,
1E24,
1E24,
1E24,
1E24,
1E24,
1E24,
1E24,
1E24,
1E24,
1E24,
1E24,
1E24,
1E24,
1E24,
1E24,
1E24,
1E24,
1E24,
1E24,
1E24,
1E24,
1E24,
1E24,
1E24,
1E24,
1E24,
1E24,
1E24,
1E24,
1E24,
1E24,
1E24,
1E24,
1E24,
1E24,
1E24,
1E24,
1E24,
1A24,
1A24,
1A24,
1E24,
1E24,
1E24,
1E24,
1E24,
1E04,
1E04,
1E04,
1E04,
1E04,
1E04,
1E04,
1E24,
1E24,
1E24,
1E24,
1E24,
1E24,
1E24,
1E24,
1E24,
1E24,
1E24,
1E24,
1E24,
1E24,
1E24,
1E24,
1E24,
1E24,
1E24,
1E24,
1E24,
1E24,
1E24,
1E24,
1E24,
1E24,
1E24,
1E24,
1E24,
1E24,
1E24,
1E24,
1E04,
1E04,
1E04,
1E04,
1E04,
1E04,
1E04,
1E04,
1E04,
1E04,
1E04,
1E04,
1E04,
1E04,
1E04,
1E04,
1E04,
1E04,
1E04,
1E04,
1E04,
1E04,
1E04,
1E04,
1E04,
1E04,
1E04,
1E04,
1E04,
1E04,
1E04,
1E04,
1E04,
1E04,
1E04,
1E04,
1E04,
1E04,
1E04,
1E04,
1E04,
1E04,
1E03,
1E03,
1E03,
1E03,
1E03,
1E03,
1E03,
1E03,
1E04,
1E04,
1E04,
1E04,
1E04,
1E04,
1E04,
1E04,
1E04,
1E04,
1E04,
1E04,
1E03,
1E03,
1E04,
1E03,
1E04,
1E04,
1E04,
1DE4,
19E3,
1DE4,
1DC3,
1120,
0CC0,
2121,
4208,
528B,
568A,
5EAA,
62AA,
66CB,
6ACB,
66A9,
6287,
62A8,
66A8,
6AC7,
6EE7,
72E8,
72E7,
72E6,
72E6,
72E5,
72E4,
72E4,
76E4,
76E4,
72E4,
72E3,
72E4,
72E4,
72E4,
72E4,
72E4,
72E4,
72E4,
72E4,
72E4,
72E4,
72E4,
72E4,
72E4,
72E4,
72E4,
72E4,
72E4,
72E4,
72E4,
72E4,
72E4,
72E4,
72E4,
72E4,
76E4,
76E4,
76E4,
76E4,
76E4,
76E4,
76E4,
76E4,
76E4,
76E4,
76E4,
76E4,
76E4,
76E4,
76E4,
76E4,
76E4,
76E4,
76E4,
76E4,
76E4,
76E4,
76E4,
76E4,
76E4,
76E4,
76E4,
76E4,
76E4,
76E3,
7703,
7303,
7303,
6F03,
6EE4,
6EC5,
66C7,
5A86,
4A24,
3181,
2981,
31E5,
2DC5,
25A4,
1944,
04C0,
00A0,
0100,
0540,
11A2,
19E4,
1A04,
1E04,
1E04,
1E04,
1E24,
1E24,
1E24,
1E24,
1E24,
1E24,
1E24,
1E24,
1E24,
1E24,
1E24,
1E24,
1E24,
1E24,
1E24,
1E24,
1E24,
1E24,
1E24,
1E24,
1E24,
1E24,
1E24,
1E24,
1E24,
1E24,
1E24,
1E24,
1E24,
1E24,
1E24,
1E24,
1E24,
1E24,
1E24,
1E24,
1E24,
1E24,
1E24,
1E24,
1E24,
1E24,
1E24,
1E24,
1E24,
1E24,
1E24,
1E24,
1E24,
1E24,
1E24,
1E24,
1E24,
1E24,
1E24,
1E24,
1E24,
1E24,
1E24,
1E24,
1E24,
1E24,
1E24,
1E24,
1E24,
1E24,
1E24,
1E24,
1E24,
1E24,
1E24,
1E24,
1A24,
1A24,
1A24,
1A24,
1A24,
1A24,
1E24,
1E24,
1E24,
1E24,
1E04,
1E04,
1E04,
1E04,
1E04,
1E04,
1E04,
1E24,
1E24,
1E24,
1E24,
1E24,
1E24,
1E24,
1E24,
1E24,
1E24,
1E24,
1E24,
1E24,
1E24,
1E24,
1E24,
1E24,
1E24,
1E24,
1E24,
1E24,
1E24,
1E24,
1E24,
1E24,
1E24,
1E24,
1E24,
1E24,
1E24,
1E24,
1E24,
1E04,
1E04,
1E04,
1E04,
1E04,
1E04,
1E04,
1E04,
1E04,
1E04,
1E04,
1E04,
1E04,
1E04,
1E04,
1E04,
1E04,
1E04,
1E04,
1E04,
1E04,
1E04,
1E04,
1E04,
1E04,
1E04,
1E04,
1E04,
1E04,
1E04,
1E04,
1E04,
1E04,
1E04,
1E04,
1E04,
1E04,
1E04,
1E04,
1E04,
1E04,
1E04,
1E03,
1E03,
1E03,
1E03,
1E03,
1E03,
1E03,
1A03,
1A04,
1E04,
1E04,
1E04,
1E04,
1E04,
1E04,
1E04,
1E04,
1E05,
1E05,
1DE5,
1DE4,
1DE4,
19E4,
19E3,
19E3,
19E4,
19E4,
19E4,
1DE4,
1DE5,
21C4,
1541,
10E0,
2983,
4A4B,
568D,
5A8B,
5A8A,
4E27,
45C5,
45A4,
4163,
3941,
3D62,
4163,
4583,
5606,
6288,
6266,
66A6,
6EE8,
72E7,
72E5,
72E5,
72C5,
72C4,
72E4,
72E4,
72E4,
72E4,
72E4,
72E4,
72E4,
72E4,
72E4,
72E4,
72E4,
72E4,
72E4,
72E4,
72E4,
72E4,
72E4,
72E4,
72E4,
72E4,
72E4,
72E4,
72E4,
72E4,
72E4,
72E4,
76E4,
76E4,
76E4,
76E4,
76E4,
76E4,
76E4,
76E4,
76E4,
76E4,
76E4,
76E4,
76E4,
76E4,
76E4,
76E4,
76E4,
76E4,
76E4,
76E4,
76E4,
76E4,
76E4,
76E4,
76E4,
76E4,
76E4,
76E4,
76E4,
76E3,
76E3,
76E3,
7303,
6EE4,
72E4,
6EC5,
6EC8,
6AEA,
62EB,
56A9,
4E88,
4A8A,
3A07,
2184,
1121,
08E0,
00E0,
0941,
15C3,
1E05,
1E05,
1E05,
1E04,
1E04,
1E04,
1E24,
1E24,
1E24,
1E24,
1E24,
1E24,
1E24,
1E24,
1E24,
1E24,
1E24,
1E24,
1E24,
1E24,
1E24,
1E24,
1E24,
1E24,
1E24,
1E24,
1E24,
1E24,
1E24,
1E24,
1E24,
1E24,
1E24,
1E24,
1E24,
1E24,
1E24,
1E24,
1E24,
1E24,
1E24,
1E24,
1E24,
1E24,
1E24,
1E24,
1E24,
1E24,
1E24,
1E24,
1E24,
1E24,
1E24,
1E24,
1E24,
1E24,
1E24,
1E24,
1E24,
1E24,
1E24,
1E24,
1E24,
1E24,
1E24,
1E24,
1E24,
1E24,
1E24,
1E24,
1E24,
1E24,
1E24,
1E24,
1E24,
1E24,
1E24,
1E24,
1E24,
1E24,
1A24,
1A24,
1A24,
1A24,
1E24,
1E24,
1E24,
1E24,
1E04,
1E04,
1E04,
1E04,
1E04,
1E04,
1E04,
1E24,
1E24,
1E24,
1E24,
1E24,
1E24,
1E24,
1E24,
1E24,
1E24,
1E24,
1E24,
1E24,
1E24,
1E24,
1E24,
1E24,
1E24,
1E24,
1E24,
1E24,
1E24,
1E24,
1E24,
1E24,
1E24,
1E24,
1E24,
1E24,
1E24,
1E24,
1E24,
1E04,
1E04,
1E04,
1E04,
1E04,
1E04,
1E04,
1E04,
1E04,
1E04,
1E04,
1E04,
1E04,
1E04,
1E04,
1E04,
1E04,
1E04,
1E04,
1E04,
1E04,
1E04,
1E04,
1E04,
1E04,
1E04,
1E04,
1E04,
1E04,
1E04,
1E04,
1E04,
1E04,
1E04,
1E04,
1E04,
1E04,
1E04,
1E04,
1E04,
1E04,
1E04,
1E03,
1E03,
1E03,
1E03,
1E03,
1E03,
1E03,
1E03,
1E04,
1E04,
1E04,
1E04,
1E03,
1E04,
1E04,
1E04,
1E04,
1E05,
2206,
1DE5,
15C4,
15A3,
15A3,
11A2,
1181,
1182,
15A3,
19A3,
1DC4,
21E6,
25E6,
2162,
1500,
2963,
4629,
4E2B,
45E8,
3564,
24E0,
1C80,
1840,
1C40,
1840,
1C40,
1C20,
1C40,
28C0,
3521,
3520,
3D61,
5624,
6686,
6AA6,
6EC6,
6EC5,
6EC4,
6EC4,
72E4,
72E4,
72E3,
72E3,
72E4,
72E4,
72E4,
72E4,
72E4,
72E4,
72E4,
72E4,
72E4,
72E4,
72E4,
72E4,
72E4,
72E4,
72E3,
72E3,
72E4,
72E4,
72E4,
72E4,
72E4,
72E4,
72E4,
72E4,
72E4,
72E4,
76E4,
76E4,
76E4,
76E4,
76E4,
76E4,
76E4,
76E4,
76E4,
76E4,
76E4,
76E4,
76E4,
76E4,
76E4,
76E4,
76E4,
76E4,
76E4,
76E4,
76E4,
76E4,
76E4,
76E4,
76E4,
76E4,
76E3,
7303,
6F03,
72E4,
6EE5,
6EE8,
6F0B,
670D,
630D,
56CB,
35E5,
1921,
0CE0,
0D00,
0D41,
1182,
19E4,
1E05,
1E05,
1E04,
1E04,
1E04,
1E04,
1E04,
1E24,
1E24,
1E24,
1E24,
1E24,
1E24,
1E24,
1E24,
1E24,
1E24,
1E24,
1E24,
1E24,
1E24,
1E24,
1E24,
1E24,
1E24,
1E24,
1E24,
1E24,
1E24,
1E24,
1E24,
1E24,
1E24,
1E24,
1E24,
1E24,
1E24,
1E24,
1E24,
1E24,
1E24,
1E24,
1E24,
1E24,
1E24,
1E24,
1E24,
1E24,
1E24,
1E24,
1E24,
1E24,
1E24,
1E24,
1E24,
1E24,
1E24,
1E24,
1E24,
1E24,
1E24,
1E24,
1E24,
1E24,
1E24,
1E24,
1E24,
1E24,
1E24,
1E24,
1E24,
1E24,
1E24,
1E24,
1E24,
1E24,
1E24,
1E24,
1E24,
1E24,
1E24,
1A24,
1A24,
1A24,
1A24,
1E24,
1E24,
1E24,
1E24,
1E04,
1E04,
1E04,
1E04,
1E04,
1E04,
1E04,
1E24,
1E24,
1E24,
1E24,
1E24,
1E24,
1E24,
1E24,
1E24,
1E24,
1E24,
1E24,
1E24,
1E24,
1E24,
1E24,
1E24,
1E24,
1E24,
1E24,
1E24,
1E24,
1E24,
1E24,
1E24,
1E24,
1E24,
1E24,
1E24,
1E24,
1E24,
1E24,
1E04,
1E04,
1E04,
1E04,
1E04,
1E04,
1E04,
1E04,
1E04,
1E04,
1E04,
1E04,
1E04,
1E04,
1E04,
1E04,
1E04,
1E04,
1E04,
1E04,
1E04,
1E04,
1E04,
1E04,
1E04,
1E04,
1E04,
1E04,
1E04,
1E04,
1E04,
1E04,
1E04,
1E04,
1E04,
1E04,
1E04,
1E04,
1E04,
1E04,
1E04,
1E04,
1E04,
1E24,
1E24,
1E03,
1E03,
1E03,
1E03,
1E03,
1E04,
1E04,
1E04,
1E04,
1E04,
1E04,
1E04,
1E05,
1DE5,
1DE5,
19C4,
1183,
0941,
0941,
0520,
0520,
0520,
0940,
1581,
1582,
19A4,
21E5,
25C6,
1D43,
18E0,
2122,
2D64,
2D24,
20C1,
1880,
1C80,
24C3,
28E4,
2D04,
3105,
3105,
2CE5,
28C4,
24A1,
1C80,
1860,
1860,
28C0,
3D41,
49C2,
5A23,
66A6,
6AA5,
6AC4,
6EC3,
72E3,
72E3,
72E3,
72E3,
72E4,
72E4,
72E4,
72E4,
72E4,
72E4,
72E4,
72E4,
72E4,
72E4,
72E4,
72E4,
72E4,
72E3,
72E3,
72E4,
72E4,
72E3,
72E3,
72E4,
72E4,
72E4,
72E3,
72E3,
72E4,
72E4,
72E4,
76E4,
72E4,
76E4,
76E4,
76E4,
76E4,
76E4,
76E4,
76E4,
76E4,
76E4,
76E4,
76E4,
76E4,
76E4,
76E4,
76E4,
76E4,
76E4,
76E4,
76E4,
76E4,
76E4,
76E4,
76E3,
72E3,
6EE4,
6EE5,
6EE7,
6F0A,
62EC,
52AA,
4A68,
31C4,
10E0,
04C0,
0900,
1182,
15A4,
1DE4,
1DE4,
1E04,
1E04,
1E04,
1E04,
1E04,
1E04,
1E04,
1E24,
1E24,
1E24,
1E24,
1E24,
1E24,
1E24,
1E24,
1E24,
1E24,
1E24,
1E24,
1E24,
1E24,
1E24,
1E24,
1E24,
1E24,
1E24,
1E24,
1E24,
1E24,
1E24,
1E24,
1E24,
1E24,
1E24,
1E24,
1E24,
1E24,
1E24,
1E24,
1E24,
1E24,
1E24,
1E24,
1E24,
1E24,
1E24,
1E24,
1E24,
1E24,
1E24,
1E24,
1A24,
1A24,
1A24,
1A24,
1A24,
1E24,
1E24,
1E24,
1E24,
1E24,
1E24,
1E24,
1E24,
1E24,
1E24,
1E24,
1E24,
1E24,
1E24,
1E24,
1E24,
1E24,
1E24,
1E24,
1E24,
1E24,
1E24,
1E24,
1E24,
1E24,
1E24,
1A24,
1A24,
1A24,
1E24,
1E24,
1E24,
1E24,
1E04,
1E04,
1E04,
1E04,
1E04,
1E04,
1E04,
1E24,
1E24,
1E24,
1E24,
1E24,
1E24,
1E24,
1E24,
1E24,
1E24,
1E24,
1E24,
1E24,
1E24,
1E24,
1E24,
1E24,
1E24,
1E24,
1E24,
1E24,
1E24,
1E24,
1E24,
1E24,
1E24,
1E24,
1E24,
1E24,
1E24,
1E24,
1E24,
1E04,
1E04,
1E04,
1E04,
1E04,
1E04,
1E04,
1E04,
1E04,
1E04,
1E04,
1E04,
1E04,
1E04,
1E04,
1E04,
1E04,
1E04,
1E04,
1E04,
1E04,
1E04,
1E04,
1E04,
1E04,
1E04,
1E04,
1E04,
1E04,
1E04,
1E04,
1E04,
1E04,
1E04,
1E04,
1E04,
1E04,
1E04,
1E04,
1E04,
1E04,
1E04,
1E04,
1E24,
1E24,
1E03,
1E03,
1E03,
1E03,
1E03,
1E04,
1E04,
1E04,
1E04,
1E05,
1E05,
1E06,
1DE6,
1DC5,
1584,
0D42,
00E0,
00E0,
00E0,
00E0,
00E0,
0500,
0920,
0D40,
1561,
1983,
21A5,
1D84,
1902,
10A0,
1080,
14A0,
1CC1,
2504,
2D46,
3DAA,
5670,
5ED3,
5EB3,
5EB3,
5EB3,
5E93,
5A72,
5230,
45CB,
3547,
20A2,
1460,
1C60,
24A0,
3520,
49C2,
5602,
6263,
6EC4,
72E4,
72E4,
72E3,
72E3,
72E3,
72E4,
72E4,
72E4,
72E4,
72E4,
72E4,
72E4,
72E4,
72E4,
72E4,
72E4,
72E4,
72E3,
72E3,
72E4,
72E4,
72E3,
72E3,
72E3,
72E3,
72E4,
72E3,
72E3,
72E3,
72E3,
72E4,
72E4,
72E4,
72E4,
76E4,
76E4,
76E4,
76E4,
76E4,
76E4,
76E4,
76E4,
76E4,
76E4,
76E4,
76E4,
76E4,
76E4,
76E4,
76E4,
76E4,
76E4,
76E4,
76E4,
76E3,
76E3,
72E3,
6EE4,
6EE6,
6B09,
62CB,
4E69,
31C4,
1D40,
0CE0,
08E0,
1141,
19C3,
1DE5,
1DE5,
1DE5,
1DE4,
1DE4,
1E04,
1E04,
1E04,
1E04,
1E04,
1E04,
1E24,
1E24,
1E24,
1E24,
1E24,
1E24,
1E24,
1E24,
1E24,
1E24,
1E24,
1E24,
1E24,
1E24,
1E24,
1E24,
1E24,
1E24,
1E24,
1E24,
1E24,
1E24,
1E24,
1E24,
1E24,
1E24,
1E24,
1E24,
1E24,
1E24,
1E24,
1E24,
1E24,
1E24,
1E24,
1E24,
1E24,
1E24,
1E24,
1E24,
1E24,
1E24,
1E24,
1E24,
1A24,
1A24,
1A24,
1A24,
1A24,
1E24,
1E24,
1E24,
1E24,
1E24,
1E24,
1E24,
1E24,
1E24,
1E24,
1E24,
1E24,
1E24,
1E24,
1E24,
1E24,
1E24,
1E24,
1E24,
1E24,
1E24,
1E24,
1E24,
1E24,
1E24,
1E24,
1A24,
1A24,
1A24,
1E24,
1E04,
1E04,
1E04,
1E04,
1E04,
1E04,
1E04,
1E04,
1E04,
1E04,
1E24,
1E24,
1E24,
1E24,
1E24,
1E24,
1E24,
1E24,
1E24,
1E24,
1E24,
1E24,
1E24,
1E24,
1E24,
1E24,
1E24,
1E24,
1E24,
1E24,
1E24,
1E24,
1E24,
1E24,
1E24,
1E24,
1E24,
1E24,
1E24,
1E24,
1E24,
1E24,
1E04,
1E04,
1E04,
1E04,
1E04,
1E04,
1E04,
1E04,
1E04,
1E04,
1E04,
1E04,
1E04,
1E04,
1E04,
1E04,
1E04,
1E04,
1E04,
1E04,
1E04,
1E04,
1E04,
1E04,
1E04,
1E24,
1E24,
1E24,
1E24,
1E24,
1E04,
1E04,
1E04,
1E04,
1E04,
1E04,
1E04,
1E04,
1E04,
1E04,
1E04,
1E04,
1E04,
1E04,
1E04,
1E04,
1E04,
1E04,
1E04,
1E04,
1E04,
1E04,
1E04,
1E04,
1E05,
1E06,
1DE6,
1DE6,
15A4,
0921,
00E0,
00C0,
00E0,
0500,
0D42,
1162,
1142,
0D20,
0D20,
1541,
1D83,
2185,
1943,
0CC0,
0860,
10A0,
2925,
3DCB,
4E50,
5ED3,
6716,
7379,
7379,
7359,
7359,
7359,
7359,
775A,
777A,
7338,
6AF5,
5670,
45EB,
3565,
28E2,
2080,
28C0,
3500,
4981,
5E44,
6AA4,
6EC4,
6EA3,
6EC2,
72E3,
72E4,
72E4,
72E4,
72E4,
72E3,
72E3,
72E3,
72E3,
72E3,
72E3,
72E3,
72E3,
72E4,
72E4,
72E4,
72E4,
72E4,
72E4,
72E4,
72E4,
72E4,
72E4,
72E3,
72E3,
72E3,
72E3,
72E3,
72E3,
72E3,
76E4,
76E4,
76E4,
76E4,
76E4,
76E4,
76E4,
76E4,
76E4,
76E4,
76E4,
76E4,
76E4,
76E4,
76E4,
76E4,
76E4,
76E4,
76E4,
76E3,
7AE3,
76E4,
76E5,
7307,
66E7,
5686,
4205,
2962,
10E0,
08E0,
0D20,
1982,
1DC4,
1DE4,
1E05,
1E05,
1E05,
1E04,
1E03,
1E04,
1E04,
1E04,
1E04,
1E04,
1E24,
1E24,
1E24,
1E24,
1E24,
1E24,
1E24,
1E24,
1E24,
1E24,
1E24,
1E24,
1E24,
1E24,
1E24,
1E24,
1E24,
1E24,
1E24,
1E24,
1E24,
1E24,
1E24,
1E24,
1E24,
1E24,
1E24,
1E24,
1E24,
1E24,
1E24,
1E24,
1E24,
1E24,
1E24,
1E24,
1E24,
1E24,
1E24,
1E24,
1E24,
1E24,
1E24,
1E24,
1E24,
1A24,
1A24,
1A24,
1A24,
1A24,
1E24,
1E24,
1E24,
1E24,
1E24,
1E24,
1E24,
1E24,
1E24,
1E24,
1E24,
1E24,
1E24,
1E24,
1E24,
1E24,
1E24,
1E24,
1E24,
1E24,
1E24,
1E24,
1E24,
1E24,
1A24,
1A24,
1A24,
1A24,
1A24,
1E24,
1E04,
1E04,
1E04,
1E04,
1E04,
1E04,
1E04,
1E04,
1E04,
1E04,
1E24,
1E24,
1E24,
1E24,
1E24,
1E24,
1E24,
1E24,
1E24,
1E24,
1E24,
1E24,
1E24,
1E24,
1E24,
1E24,
1E24,
1E24,
1E24,
1E24,
1E24,
1E24,
1E24,
1E24,
1E24,
1E24,
1E24,
1E24,
1E24,
1E24,
1E24,
1E24,
1E04,
1E04,
1E04,
1E04,
1E04,
1E04,
1E04,
1E04,
1E04,
1E04,
1E04,
1E04,
1E04,
1E04,
1E04,
1E04,
1E04,
1E04,
1E04,
1E04,
1E04,
1E04,
1E04,
1E04,
1E04,
1E24,
1E24,
1E24,
1E24,
1E24,
1E24,
1E24,
1E24,
1E24,
1E24,
1E24,
1E24,
1E24,
1E04,
1E04,
1E03,
1E04,
1E04,
1E04,
1E04,
1E03,
1E03,
1E03,
1E04,
1E04,
1E04,
1E04,
1E04,
1E05,
1DE5,
1DE5,
1DE6,
15A4,
0921,
00C0,
00E0,
0921,
1162,
19A4,
1DC5,
21E6,
1DA4,
1141,
0D00,
1542,
1D64,
1523,
08C1,
0CA1,
2105,
39CC,
5292,
6317,
6F5A,
6F5A,
737B,
737B,
735A,
735B,
735B,
735B,
737B,
777B,
777B,
777B,
777B,
779B,
7378,
66F3,
524E,
3987,
24C1,
2060,
2CC0,
3D61,
5203,
5E64,
6684,
66A3,
6EC2,
72E3,
72E4,
72E4,
72E4,
72E4,
72E3,
72E3,
72E3,
72E3,
72E3,
72E3,
72E4,
6EC4,
6EC5,
72E5,
72E6,
6EE5,
6EE5,
6F05,
7305,
7305,
72E5,
72E5,
72E4,
72E4,
72E4,
7304,
72E3,
72E3,
72E3,
76E4,
76E4,
76E4,
76E4,
76E4,
76E4,
76E4,
76E4,
76E4,
76E4,
76E4,
76E4,
76E4,
76E4,
76E4,
76E4,
76E4,
72E4,
76E4,
76C4,
72E5,
7308,
6AE9,
5265,
31A1,
1D00,
10C0,
08E0,
0D40,
19A2,
21E4,
1DE4,
1E03,
1E04,
1E04,
1E04,
1E04,
1E03,
1E04,
1E04,
1E04,
1E04,
1E24,
1E24,
1E24,
1E24,
1E24,
1E24,
1E24,
1E24,
1E24,
1E24,
1E24,
1E24,
1E24,
1E24,
1E24,
1E24,
1E24,
1E24,
1E24,
1E24,
1E24,
1E24,
1E24,
1E24,
1E24,
1E24,
1E24,
1E24,
1E24,
1E24,
1E24,
1E24,
1E24,
1E24,
1E24,
1E24,
1E24,
1E24,
1E24,
1E24,
1E24,
1E24,
1E24,
1E24,
1E24,
1E24,
1A24,
1A24,
1A24,
1A24,
1A24,
1E24,
1E24,
1E24,
1E24,
1E24,
1E24,
1E24,
1E24,
1E24,
1E24,
1E24,
1E24,
1E24,
1E24,
1E24,
1E24,
1E24,
1E24,
1E24,
1E24,
1E24,
1E24,
1E24,
1A24,
1A24,
1A24,
1A24,
1A24,
1A24,
1E24,
1E04,
1E04,
1E04,
1E04,
1E04,
1E04,
1E04,
1E04,
1E04,
1E04,
1E24,
1E24,
1E24,
1E24,
1E24,
1E24,
1E24,
1E24,
1E24,
1E24,
1E24,
1E24,
1E24,
1E24,
1E24,
1E24,
1E24,
1E24,
1E24,
1E24,
1E24,
1E24,
1E24,
1E24,
1E24,
1E24,
1E24,
1E24,
1E24,
1E24,
1E24,
1E24,
1E04,
1E04,
1E04,
1E04,
1E04,
1E04,
1E04,
1E04,
1E04,
1E04,
1E04,
1E04,
1E04,
1E04,
1E04,
1E04,
1E04,
1E04,
1E04,
1E04,
1E04,
1E04,
1E04,
1E04,
1E04,
1E24,
1E24,
1E24,
1E24,
1E24,
1E24,
1E24,
1E24,
1E24,
1E24,
1E24,
1E24,
1E24,
1E24,
1E03,
1E03,
1E03,
1E03,
1E03,
1E03,
1E03,
1E03,
1E03,
1E03,
1E03,
1E03,
1E03,
1E04,
1DE5,
1DE5,
1DE6,
19C5,
0921,
00C0,
00E0,
0941,
1584,
1DC4,
21E5,
25E5,
25E5,
21C5,
1962,
1120,
1522,
1123,
0480,
0480,
2568,
4A71,
6317,
6B5A,
6B5A,
737C,
737C,
737C,
737C,
735C,
735C,
737C,
737C,
737C,
737B,
6F7B,
737B,
737C,
779C,
77BC,
779B,
6F58,
62D3,
45EB,
30E4,
2080,
2080,
3100,
45A1,
5A44,
6684,
6AA3,
6AC3,
6EE3,
72E4,
72E4,
72E4,
72E3,
72E3,
72E3,
72E4,
72E4,
72E5,
72E6,
6EE6,
6EE7,
7307,
7328,
7327,
6F07,
6F07,
6F07,
6F07,
7308,
7307,
72E6,
7306,
7705,
7704,
7304,
72E3,
72E3,
72E4,
72E4,
72E4,
72E4,
76E4,
76E4,
76E4,
76E4,
76E4,
76E4,
76E4,
76E4,
76E4,
76E4,
76E4,
76E4,
72E4,
72E4,
72E5,
72E6,
6F07,
66C7,
4E25,
2D61,
14E0,
0CC0,
10E0,
1561,
19C3,
1E04,
1E04,
1E04,
1A03,
1E03,
1E04,
1E03,
1E04,
1E04,
1E04,
1E03,
1E04,
1E04,
1E24,
1E24,
1E24,
1E24,
1E24,
1E24,
1E24,
1E24,
1E24,
1E24,
1E24,
1E24,
1E24,
1E24,
1E24,
1E24,
1E24,
1E24,
1E24,
1E24,
1E24,
1E24,
1E24,
1E24,
1E24,
1E24,
1E24,
1E24,
1E24,
1E24,
1E24,
1E24,
1E24,
1E24,
1E24,
1E24,
1E24,
1E24,
1E24,
1E24,
1E24,
1E24,
1E24,
1E24,
1E24,
1E24,
1A24,
1A24,
1A24,
1A24,
1A24,
1E24,
1E24,
1E24,
1E24,
1E24,
1E24,
1E24,
1E24,
1E24,
1E24,
1E24,
1E24,
1E24,
1E24,
1E24,
1E24,
1E24,
1E24,
1E24,
1E24,
1E24,
1E24,
1E24,
1A24,
1A24,
1A24,
1A24,
1A24,
1A24,
1E24,
1E04,
1E04,
1E04,
1E04,
1E04,
1E04,
1E04,
1E04,
1E04,
1E04,
1E24,
1E24,
1E24,
1E24,
1E24,
1E24,
1E24,
1E24,
1E24,
1E24,
1E24,
1E24,
1E24,
1E24,
1E24,
1E24,
1E24,
1E24,
1E24,
1E24,
1E24,
1E24,
1E24,
1E24,
1E24,
1E24,
1E24,
1E24,
1E24,
1E24,
1E24,
1E24,
1E04,
1E04,
1E04,
1E04,
1E04,
1E04,
1E04,
1E04,
1E04,
1E04,
1E04,
1E04,
1E04,
1E04,
1E04,
1E04,
1E04,
1E04,
1E04,
1E04,
1E04,
1E04,
1E04,
1E04,
1E04,
1E24,
1E24,
1E24,
1E24,
1E24,
1E04,
1E04,
1E24,
1E24,
1E24,
1E24,
1E24,
1E04,
1E24,
1E04,
1E04,
1E04,
1E04,
1E04,
1E04,
1E04,
1E04,
1E03,
1E03,
1E04,
1E04,
1E04,
1DE4,
21E5,
2206,
1DE5,
0D42,
00C0,
00C0,
0D20,
1DC4,
21E6,
21E5,
21C4,
21C4,
25C5,
25C4,
1D83,
1101,
0CE1,
08C0,
08A2,
2569,
4A92,
6759,
6F7B,
6B5B,
6B5B,
6F7C,
6F7C,
737C,
737D,
737D,
737C,
737C,
737C,
737C,
6F7C,
6F7B,
6F7B,
6F7C,
739C,
739C,
779D,
7B9C,
777A,
6B16,
5A50,
3967,
24C0,
1C80,
20A0,
3D61,
5602,
6263,
6AA4,
6EC3,
6EE4,
6EE4,
72E4,
6EE3,
6EE3,
6EE5,
7306,
7307,
7308,
6F09,
66C6,
5E85,
5A66,
5A65,
5244,
4E04,
49E3,
49E3,
4DE4,
4E04,
5224,
5643,
5E63,
66A4,
6AC3,
6EE4,
6EE4,
72E5,
72E5,
72E4,
72E4,
72E4,
72E4,
76E4,
76E3,
76E4,
76E4,
76E4,
76E4,
76E4,
76E4,
76E4,
76E4,
76E3,
72E3,
72E4,
72E6,
6AC6,
5A86,
45E3,
2920,
14C0,
10E0,
1121,
1963,
21C4,
2204,
1E24,
1E04,
1E04,
1E04,
1E04,
1E04,
1E23,
1E03,
1A04,
1E03,
1E03,
1E04,
1E04,
1E24,
1E24,
1E24,
1E24,
1E24,
1E24,
1E24,
1E24,
1E24,
1E24,
1E24,
1E24,
1E24,
1E24,
1E24,
1E24,
1E24,
1E24,
1E24,
1E24,
1E24,
1E24,
1E24,
1E24,
1E24,
1E24,
1E24,
1E24,
1E24,
1E24,
1E24,
1E24,
1E24,
1E24,
1E24,
1E24,
1E24,
1E24,
1E24,
1E24,
1E24,
1E24,
1E24,
1E24,
1E24,
1A24,
1A24,
1A24,
1A24,
1A24,
1A24,
1E24,
1E24,
1E24,
1E24,
1E24,
1E24,
1E24,
1E24,
1E24,
1E24,
1E24,
1E24,
1E24,
1E24,
1E24,
1E24,
1E24,
1E24,
1E24,
1E24,
1E24,
1E24,
1E24,
1A24,
1A24,
1A24,
1A24,
1A24,
1A24,
1E24,
1E04,
1E04,
1E04,
1E04,
1E04,
1E04,
1E04,
1E04,
1E04,
1E04,
1E24,
1E24,
1E24,
1E24,
1E24,
1E24,
1E24,
1E24,
1E24,
1E24,
1E24,
1E24,
1E24,
1E24,
1E24,
1E24,
1E24,
1E24,
1E24,
1E24,
1E24,
1E24,
1E24,
1E24,
1E24,
1E24,
1E24,
1E24,
1E24,
1E24,
1E24,
1E24,
1E24,
1E04,
1E04,
1E04,
1E04,
1E04,
1E04,
1E04,
1E04,
1E04,
1E04,
1E04,
1E04,
1E04,
1E04,
1E04,
1E04,
1E04,
1E04,
1E04,
1E04,
1E04,
1E04,
1E04,
1E04,
1E24,
1E24,
1E24,
1E24,
1E24,
1E04,
1E04,
1E04,
1E24,
1E24,
1E24,
2224,
1E24,
1E04,
1E04,
1E04,
1E05,
1E05,
1E04,
1DE4,
1E04,
1E04,
1E04,
1E04,
1E05,
2205,
2205,
1DE5,
2206,
21E5,
1582,
00E0,
00A0,
0500,
19A4,
2606,
2206,
21E5,
21E4,
21C4,
25C5,
21C4,
1963,
04C0,
0060,
08C2,
29AB,
4EB5,
6339,
6B5B,
6F5C,
6F7D,
6F7D,
6F7D,
6F7D,
737D,
737D,
737D,
737D,
737C,
737C,
737C,
737C,
6F7C,
6F7C,
6F7C,
6F7C,
737C,
6F7C,
737C,
779C,
7BBC,
779B,
6B16,
5A8F,
41C7,
20C0,
2080,
3D41,
5202,
6263,
6AA4,
6EC4,
6EC4,
6EE4,
6EE4,
6EE5,
6EE6,
6F08,
6F09,
62A7,
5645,
41A2,
3120,
28E0,
24C0,
1CA0,
1880,
1880,
1C80,
20A0,
24C0,
24E0,
3120,
3960,
41A0,
49E0,
5A41,
66A3,
6AC4,
6EC5,
72E5,
6EC4,
72E4,
72E4,
76E4,
76E4,
76E4,
76E4,
76E4,
76E4,
76E4,
76E4,
76E4,
76E4,
72E3,
72E3,
72E4,
6EC4,
4E02,
2D41,
1480,
1080,
1901,
1D63,
1DA4,
21C4,
21E4,
1E04,
1E03,
1E03,
1E03,
1E03,
1E03,
1E03,
1E03,
1E23,
1A23,
1E03,
1E04,
1E04,
1E04,
1E24,
1E24,
1E24,
1E24,
1E24,
1E24,
1E24,
1E24,
1E24,
1E24,
1E24,
1E24,
1E24,
1E24,
1E24,
1E24,
1E24,
1E24,
1E24,
1E24,
1E24,
1E24,
1E24,
1E24,
1E24,
1E24,
1E24,
1E24,
1E24,
1E24,
1E24,
1E24,
1E24,
1E24,
1E24,
1E24,
1E24,
1E24,
1E24,
1E24,
1E24,
1E24,
1E24,
1E24,
1E24,
1A24,
1A24,
1A24,
1A24,
1A24,
1E24,
1E24,
1E24,
1E24,
1E24,
1E24,
1E24,
1E24,
1E24,
1E24,
1E24,
1E24,
1E24,
1E24,
1E24,
1E24,
1E24,
1E24,
1E24,
1E24,
1E24,
1E24,
1E24,
1E24,
1A24,
1A24,
1A24,
1A24,
1A24,
1A24,
1E24,
1E04,
1E04,
1E04,
1E04,
1E04,
1E04,
1E04,
1E04,
1E04,
1E04,
1E24,
1E24,
1E24,
1E24,
1E24,
1E24,
1E24,
1E24,
1E24,
1E24,
1E24,
1E24,
1E24,
1E24,
1E24,
1E24,
1E24,
1E24,
1E24,
1E24,
1E24,
1E24,
1E24,
1E24,
1E24,
1E24,
1E24,
1E24,
1E24,
1E24,
1E24,
1E24,
1E24,
1E24,
1E24,
1E24,
1E24,
1E24,
1E04,
1E04,
1E04,
1E24,
1E04,
1E04,
1E04,
1E04,
1E04,
1E04,
1E04,
1E04,
1E04,
1E04,
1E04,
1E04,
1E04,
1E04,
1E04,
1E24,
1E24,
1E24,
1E24,
1E24,
1E24,
1E24,
1E24,
1E24,
1E24,
1E04,
1E24,
1E04,
19E3,
11A2,
0D81,
0D61,
0D82,
15C4,
19E4,
1DE4,
1DE4,
1DE5,
1DE4,
1DE4,
1DE4,
1DC4,
1DE4,
21E5,
1DC5,
0920,
00A0,
00C0,
1563,
21C5,
21E6,
21E5,
21E5,
21E4,
25E4,
25E5,
21A5,
1543,
04A0,
0481,
2589,
4A94,
633A,
675B,
6B5C,
6F7D,
739E,
739E,
6F7D,
6F7D,
737D,
737D,
737D,
737D,
737D,
737D,
737C,
737C,
737C,
6F7C,
6F7C,
6F7C,
6F7C,
737C,
6F7C,
737C,
737C,
7B9C,
7FBC,
7B99,
6B13,
41E7,
2080,
2880,
4580,
5A22,
6683,
6EC5,
6EC5,
6EC5,
6EE6,
6EE8,
6AE8,
5E86,
4E04,
3D81,
2D00,
20A0,
20A0,
24E1,
3123,
3564,
3DA6,
41C7,
41C7,
41C7,
41C7,
3DA6,
3542,
2900,
2900,
2D00,
3940,
45A1,
5201,
5E63,
6AA5,
6EC5,
6EC4,
72E3,
76E4,
76E4,
76E4,
76E4,
76E4,
76E4,
76E4,
76E4,
76E4,
76E4,
76E3,
72E3,
66C4,
5643,
3140,
1460,
0840,
14E1,
25A4,
25C5,
21C5,
1DE4,
1DE4,
1E04,
1E04,
1E03,
1E03,
1E03,
1E03,
1E03,
1E03,
1E24,
1E24,
1E04,
1E04,
1E04,
1E04,
1E24,
1E24,
1E24,
1E24,
1E24,
1E24,
1E24,
1E24,
1E24,
1E24,
1E24,
1E24,
1E24,
1E24,
1E24,
1E24,
1E24,
1E24,
1E24,
1E24,
1E24,
1E24,
1E24,
1E24,
1E24,
1E24,
1E24,
1E24,
1E24,
1E24,
1E24,
1E24,
1E24,
1E24,
1E24,
1E24,
1E24,
1E24,
1E24,
1E24,
1E24,
1E24,
1E24,
1E24,
1E24,
1A24,
1E24,
1E24,
1E24,
1E24,
1E24,
1E24,
1E24,
1E24,
1E24,
1E24,
1E24,
1E24,
1E24,
1E24,
1E24,
1E24,
1E24,
1E24,
1E24,
1E24,
1E24,
1E24,
1E24,
1E24,
1E24,
1E24,
1E24,
1E24,
1E24,
1E24,
1A24,
1A24,
1A24,
1A24,
1E24,
1E04,
1E04,
1E04,
1E04,
1E04,
1E04,
1E04,
1E04,
1E04,
1E04,
1E24,
1E24,
1E24,
1E24,
1E24,
1E24,
1E24,
1E24,
1E24,
1E24,
1E24,
1E24,
1E24,
1E24,
1E24,
1E24,
1E24,
1E24,
1E24,
1E24,
1E24,
1E24,
1E24,
1E24,
1E24,
1E24,
1E24,
1E24,
1E24,
1E24,
1E24,
1E24,
1E24,
1E24,
1E24,
1E24,
1E24,
1E24,
1E24,
1E24,
1E24,
1E24,
1E24,
1E24,
1E24,
1E24,
1E04,
1E04,
1E04,
1E04,
1E04,
1E04,
1E04,
1E04,
1E04,
1E04,
1E04,
1E24,
1E24,
1E24,
1E24,
1E24,
1E24,
1E24,
1E24,
1E24,
1E04,
1E04,
19E3,
11A2,
0961,
0120,
00E0,
00E0,
0100,
0961,
15A3,
19C4,
1DE4,
19C4,
15A3,
0D62,
0941,
0D41,
1583,
19A4,
19A4,
0D21,
00C0,
0921,
1DA4,
21C5,
21E5,
21E5,
21E5,
21E4,
21E4,
25E5,
21A5,
1102,
04A0,
1525,
4250,
5B17,
633A,
675C,
6F7D,
6F7D,
6F7D,
6F7E,
6F7D,
737D,
737D,
737D,
737D,
737D,
737D,
737D,
737C,
737C,
737C,
6F7C,
6F7C,
6F7C,
6F7C,
737C,
6F7C,
6F7C,
737C,
737C,
779B,
7799,
6F56,
5AB0,
3564,
2080,
3100,
49E1,
5E63,
6AC6,
6EE7,
6F07,
6AE8,
5E87,
49E4,
3141,
20C0,
24E0,
2922,
3584,
45E9,
524E,
5ED1,
6B14,
6F56,
7356,
6F56,
6F55,
6F56,
6F55,
5AAF,
4A29,
41C5,
3141,
24A0,
20A0,
2D00,
45A1,
5E64,
6AC6,
6EC5,
72C4,
72E4,
72E4,
72E4,
72E4,
76E4,
76E4,
76E4,
76E4,
76E4,
76E4,
7704,
6EE3,
5642,
3560,
18A0,
1080,
14C1,
1D43,
29E6,
25E5,
21E5,
1E04,
1E04,
21E4,
1E03,
1E03,
1E03,
1E03,
1E03,
1E03,
1E03,
1E24,
1E24,
1E04,
1E04,
1E04,
1E04,
1E24,
1E24,
1E24,
1E24,
1E24,
1E24,
1E24,
1E24,
1E24,
1E24,
1E24,
1E24,
2224,
1E24,
1E24,
1E24,
1E24,
1E24,
1E24,
1E24,
1E24,
1E24,
1E24,
1E24,
1E24,
1E24,
1E24,
1E24,
1E24,
1E24,
1E24,
1E24,
1E24,
1E24,
1E24,
1E24,
1E24,
1E24,
1E24,
1E24,
1E24,
1E24,
1E24,
1E24,
1E24,
1E24,
1E24,
1E24,
1E24,
1E24,
1E24,
1E24,
1E25,
1E25,
1E24,
1E24,
1E24,
1E24,
1E24,
1E24,
1E24,
1E24,
1E24,
1E24,
1E24,
1E24,
1E24,
1E24,
1E24,
1E24,
1E24,
1E24,
1E24,
1E24,
1E24,
1E24,
1A24,
1A24,
1A24,
1A24,
1E24,
1E04,
1E04,
1E04,
1E24,
1E24,
1E24,
1E24,
1E24,
1E24,
1E24,
1E04,
1E04,
1E04,
1E04,
1E04,
1E04,
1E04,
1E04,
1E04,
1E04,
1E04,
1E24,
1E24,
1E24,
1E24,
1E24,
1E24,
1E24,
1E24,
1E24,
1E24,
1E24,
1E24,
1E24,
1E24,
1E24,
1E24,
1E24,
1E24,
1E24,
1E24,
1E24,
1E24,
1E24,
1E24,
1E24,
1E24,
1E24,
1E24,
1E24,
1E24,
1E24,
1E23,
1E24,
1E24,
1E24,
1E24,
1E24,
1E24,
1E24,
1E24,
1E24,
1E24,
1E24,
1E24,
1E24,
1E24,
1E24,
1E24,
1E24,
1E24,
1E24,
1E24,
1E24,
1E04,
1E04,
2204,
15C2,
0960,
0120,
00E0,
00E0,
0100,
0521,
0520,
0920,
0D61,
19C4,
1DC4,
15A2,
0940,
00E0,
00C0,
00C0,
0920,
1562,
19A3,
1583,
0921,
0D42,
19A4,
21E5,
21E5,
21E5,
21C4,
21C4,
21E4,
25C6,
1964,
08E0,
04A0,
2589,
52D4,
5F38,
633A,
6B5C,
6F7D,
6F7D,
6F5C,
6F7D,
6F7D,
6F7D,
6F7D,
6F7D,
737D,
737D,
737D,
737C,
737C,
737C,
737C,
6F7C,
6F7C,
6F7C,
6F7C,
6F7C,
6F7C,
6F7C,
737C,
6F9B,
6F9A,
739A,
7399,
6735,
4E4B,
2D21,
24C0,
3D80,
5643,
62C6,
6AE8,
6AE9,
5666,
3DA1,
24E0,
1CA0,
2D22,
41E8,
568F,
62F3,
6B56,
6F57,
6F79,
7399,
739A,
779A,
779A,
779A,
77BA,
77BA,
7798,
6F56,
6B32,
5AAD,
3DA6,
28E1,
20A0,
28E0,
3D81,
5623,
6A85,
6EC6,
72C5,
72E5,
72E4,
76E3,
76E4,
72E4,
72E4,
72E4,
72E4,
7705,
7704,
66C3,
4A01,
20E0,
0C60,
10C0,
1D44,
21A5,
21E5,
21E5,
1E04,
2204,
2204,
1E03,
1E03,
1E03,
1E03,
1E03,
1E03,
1E03,
1E04,
1E24,
1E24,
1E04,
1E04,
1E04,
1E04,
1E24,
1E24,
1E24,
1E24,
1E24,
1E24,
1E24,
1E24,
1E24,
1E24,
1E24,
1E24,
2224,
1E24,
1E24,
1E24,
1E24,
1E24,
1E24,
1E24,
1E24,
1E24,
1E24,
1E24,
1E24,
1E24,
1E24,
1E24,
1E24,
1E24,
1E24,
1E24,
1E24,
1E24,
1E24,
1E24,
1E24,
1E24,
1E24,
1E24,
1E24,
1E24,
1E24,
1E24,
1E24,
1E24,
1E24,
1E24,
1E24,
1E24,
1E24,
1E24,
1E24,
1E24,
1E24,
1E24,
1E24,
1E24,
1E24,
1E24,
1E24,
1E24,
1E24,
1E24,
1E24,
1E24,
1E24,
1E24,
1E24,
1E24,
1E24,
1E24,
1E24,
1E24,
1E24,
1E24,
1A24,
1A24,
1A24,
1A24,
1A24,
1E04,
1E04,
1E04,
1E24,
1E24,
1E24,
1E24,
1E24,
1E24,
1E24,
1E04,
1E04,
1E04,
1E04,
1E04,
1E04,
1E04,
1E04,
1E04,
1E04,
1E04,
1E04,
1E04,
1E04,
1E04,
1E04,
1E04,
1E04,
1E04,
1E04,
1E04,
1E24,
1E24,
1E24,
1E24,
1E24,
1E24,
1E24,
1E24,
1E24,
1E24,
1E24,
1E24,
1E24,
1E24,
1E24,
1E24,
1E24,
1E24,
1E24,
1E24,
1E24,
1E24,
1E24,
1E24,
1E24,
1E24,
1E24,
1E24,
1E24,
1E24,
1E24,
1E24,
1E24,
1E24,
1E24,
1E24,
1E24,
1E24,
1E24,
1E24,
1E24,
1E24,
1E04,
1E05,
1E05,
19C3,
0940,
00E0,
00E0,
0100,
0D41,
1183,
15A4,
1583,
0D41,
1162,
19A4,
15A4,
0941,
00E0,
00C0,
00E0,
0500,
0920,
1162,
1583,
1583,
1163,
1582,
1DC4,
21E5,
21E5,
1DE5,
1DE4,
21E4,
25E5,
21A6,
1123,
04A0,
0CE3,
3A0E,
5B17,
6339,
675A,
6B7B,
6F7C,
6F7C,
6F7C,
6F7D,
6F7D,
6F7D,
6F7D,
6F7D,
737D,
737D,
737D,
737C,
737C,
6F9C,
6F9C,
6F7C,
6F7C,
6F7C,
6F7C,
6F7C,
6F7C,
6F7C,
6F9C,
6F7B,
6F7A,
6F9A,
739A,
7398,
6B33,
45C8,
2CE0,
3940,
5205,
6288,
6288,
4E25,
3541,
28E0,
24E0,
3565,
566E,
66F3,
6F58,
739A,
6F9A,
6F7A,
6F7A,
6F7A,
737A,
737A,
737B,
737B,
737A,
737A,
737A,
777A,
7378,
7777,
6F55,
5A8D,
3DA5,
24C0,
1C80,
3520,
51E1,
6665,
6EC7,
72E6,
72E5,
72E4,
76E4,
72E4,
72E4,
72E4,
7304,
7305,
72E4,
66C4,
4A01,
20E0,
0C80,
1521,
25A5,
25C6,
1DC5,
1DE5,
1E04,
2203,
2203,
1E03,
1E03,
1E03,
1E03,
1E04,
1E04,
1E03,
1E04,
1E04,
1E04,
1E04,
1E04,
1E04,
1E04,
1E24,
1E24,
1E24,
1E24,
1E24,
1E24,
1E24,
1E24,
1E24,
1E24,
1E24,
1E24,
2224,
1E24,
1E24,
1E24,
1E24,
1E24,
1E24,
1E24,
1E24,
1E24,
1E24,
1E24,
1E24,
1E24,
1E24,
1E24,
1E24,
1E24,
1E24,
1E24,
1E24,
1E24,
1E24,
1E24,
1E24,
1E24,
1E24,
1E24,
1E24,
1E24,
1E24,
1E24,
1E24,
1E24,
1E24,
1E24,
1E24,
1E24,
1E24,
1E24,
1E24,
1E24,
1E24,
1E24,
1E24,
1E24,
1E24,
1E24,
1E24,
1E24,
1E24,
1E24,
1E24,
1E24,
1A24,
1A24,
1A24,
1A24,
1A24,
1A24,
1A24,
1A24,
1E24,
1E24,
1A24,
1A24,
1A24,
1A24,
1A24,
1E04,
1E04,
1E04,
1E24,
1E24,
1E24,
1E24,
1E24,
1E24,
1E24,
1E04,
1E04,
1E04,
1E04,
1E04,
1E04,
1E04,
1E04,
1E04,
1E04,
1E04,
1E04,
1E04,
1E04,
1E04,
1E04,
1E04,
1E04,
1E04,
1E04,
1E04,
1E24,
1E24,
1E24,
1E24,
1E24,
1E24,
1E24,
1E24,
1E24,
1E24,
1E24,
1E24,
1E24,
1E24,
1E24,
1E24,
1E24,
1E24,
1E24,
1E24,
1E24,
1E24,
1E24,
1E24,
1E24,
1E24,
1E24,
1E24,
1E24,
1E24,
1E24,
1E24,
1E24,
1E24,
1E24,
1E24,
1E24,
1E24,
1E24,
1E24,
1E24,
1E24,
1E04,
1E05,
19C4,
0941,
00E0,
00E0,
0101,
1183,
19C5,
1DC5,
1DC5,
19A5,
1584,
15A3,
1182,
0D41,
00E0,
00C0,
0100,
0D62,
1582,
1582,
1563,
1583,
1583,
1984,
1DA4,
21E5,
21E5,
21E5,
1DE5,
1DE4,
21E4,
25E5,
1D64,
08C1,
0480,
1D48,
4A94,
5F39,
633A,
675B,
6B5B,
6F7C,
6F7C,
6F7C,
6F7D,
6F7D,
6F7D,
6F7D,
6F7D,
737D,
737D,
737D,
737C,
737C,
6F9C,
6F9C,
6F7C,
6F7C,
6F7C,
6F7C,
6F7C,
6F7C,
6F7C,
6F9C,
6F7C,
6F7B,
6F7A,
6F79,
7399,
7798,
5A6F,
3521,
3100,
49C6,
5A49,
49C5,
3100,
24C0,
2903,
3DCA,
56B2,
6B36,
6F7A,
6F7B,
6F9B,
6F7B,
6F7B,
6F7B,
6F7C,
737C,
737C,
737C,
737C,
737B,
737B,
737B,
737B,
7379,
7399,
7BBB,
7798,
62F1,
3DC8,
24C1,
2CA0,
3D20,
55E3,
6AA7,
72C7,
72E6,
72C4,
72E5,
72E4,
72E4,
72E4,
72E4,
7305,
6EE5,
66C4,
4602,
1CE0,
10A0,
1D43,
25A5,
25C6,
1DC5,
1DE5,
1E04,
2203,
2203,
1E03,
1E03,
1E03,
1E03,
1E04,
1E04,
1E03,
1E24,
1E04,
1E04,
1E04,
1E04,
1E04,
1E04,
1E04,
1E04,
1E04,
1E24,
1E24,
1E24,
1E24,
1E24,
1E24,
1E24,
1E24,
1E24,
1E24,
1E24,
1E24,
1E24,
1E24,
1E24,
1E24,
1E24,
1E24,
1E24,
1E24,
1E24,
1E24,
1E24,
1E24,
1E24,
1E24,
1E24,
1E24,
1E24,
1E24,
1E24,
1E24,
1E24,
1E24,
1E24,
1E24,
1E24,
1E24,
1E24,
1E24,
1E24,
1E24,
1E24,
1E24,
1E24,
1E24,
1E24,
1E24,
1E24,
1E24,
1E24,
1E24,
1E24,
1E24,
1E24,
1E24,
1E24,
1E24,
1E24,
1E24,
1E24,
1E24,
1E24,
1A24,
1A24,
1A24,
1A24,
1A24,
1A24,
1A24,
1A24,
1E24,
1E24,
1A24,
1A24,
1A24,
1A24,
1A24,
1E04,
1E04,
1E04,
1E24,
1E24,
1E24,
1E24,
1E24,
1E24,
1E24,
1E04,
1E04,
1E04,
1E04,
1E04,
1E04,
1E04,
1E04,
1E04,
1E04,
1E04,
1E04,
1E04,
1E04,
1E04,
1E04,
1E04,
1E04,
1E04,
1E04,
1E24,
1E24,
1E24,
1E24,
1E24,
1E24,
1E24,
1E24,
1E24,
1E24,
1E24,
1E24,
1E24,
1E24,
1E24,
1E24,
1E24,
1E24,
1E24,
1E24,
1E24,
1E24,
1E24,
1E24,
1E24,
1E24,
1E24,
1E24,
1E24,
1E24,
1E24,
1E24,
1E24,
1E24,
1E24,
1E24,
1E24,
1E24,
1E24,
1E24,
1E24,
1E24,
1E24,
1E04,
19E4,
0961,
00E0,
00E0,
0521,
1184,
1DE6,
1DE6,
1DC6,
1DE6,
1DE6,
1DC5,
19A4,
0940,
00E0,
00C0,
00E0,
1163,
1DA5,
1DC5,
1DC4,
19A4,
1DA4,
1DC4,
1DC4,
21E5,
21E5,
2205,
21E5,
21E4,
21E4,
21E5,
25C5,
1543,
04A0,
0CC3,
31CD,
56F7,
635A,
675A,
675B,
6B5C,
6F7C,
6F7C,
6F7C,
6F7C,
6F7D,
6F7D,
6F7D,
6F7D,
737D,
737D,
6F7C,
6F7C,
6F7C,
6F7C,
6F7C,
6F7C,
6F7C,
6F7C,
6F7C,
6F7C,
6F7C,
6F7C,
6F7C,
6F7B,
6F7B,
6F9A,
6F7A,
7379,
7B9A,
6F15,
45A7,
3122,
45A7,
49C8,
30E3,
2480,
3547,
4E2F,
62F6,
6F59,
6F7A,
6F7B,
6F7B,
6F7B,
6F7C,
6F7C,
6F7C,
6F7C,
6F7C,
6F7C,
6F7C,
6F7C,
6F7C,
6F7B,
6F7B,
6F7B,
6F7B,
6F7A,
737A,
77BA,
77BA,
66F4,
49EA,
3503,
2CA0,
4120,
5E25,
6EC7,
72E6,
72C5,
72C5,
72E4,
72E4,
72E4,
7304,
7305,
6EE5,
62C4,
45E1,
1CC0,
10A0,
1D43,
25A6,
21C5,
1DC5,
1E05,
2204,
2203,
2203,
2204,
1E03,
1E03,
1E03,
1E04,
1E04,
1E04,
1E04,
1A04,
1A04,
1E04,
1E04,
1E04,
1E04,
1E04,
1E04,
1E04,
1E04,
1E24,
1E24,
1E24,
1E24,
1E24,
1E24,
1E24,
1E24,
1E24,
1E24,
1E24,
1E24,
1E24,
1E24,
1E24,
1E24,
1E24,
1E24,
1E24,
1E24,
1E24,
1E24,
1E24,
1E24,
1E24,
1E24,
1E24,
1E24,
1E24,
1E24,
1E24,
1E24,
1E24,
1E24,
1E24,
1E24,
1E24,
1E24,
1E24,
1E24,
1E24,
1E24,
1E24,
1E24,
1E24,
1E24,
1E24,
1E24,
1E24,
1E24,
1E24,
1E24,
1E24,
1E24,
1E24,
1E24,
1E24,
1E24,
1E24,
1E24,
1E24,
1E24,
1A24,
1A24,
1A24,
1A24,
1A24,
1A24,
1A24,
1A24,
1A24,
1A24,
1A24,
1A24,
1A24,
1A24,
1A24,
1E04,
1E04,
1E04,
1E24,
1E24,
1E24,
1E24,
1E24,
1E24,
1E24,
1E04,
1E04,
1E04,
1E04,
1E04,
1E04,
1E04,
1E04,
1E04,
1E04,
1E04,
1E04,
1E04,
1E04,
1E04,
1E04,
1E04,
1E04,
1E04,
1E04,
1E24,
1E24,
1E24,
1E24,
1E24,
1E24,
1E24,
1E24,
1E24,
1E24,
1E24,
1E24,
1E24,
1E24,
1E24,
1E24,
1E24,
1E24,
1E24,
1E24,
1E24,
1E24,
1E24,
1E24,
1E24,
1E24,
1E24,
1E24,
1E24,
1E24,
1E24,
1E24,
1E24,
1E24,
1E24,
1E24,
1E24,
1E24,
1E24,
1E24,
1E24,
1E24,
1E25,
1E25,
15E3,
0540,
0100,
0520,
11A3,
1DE5,
1DE6,
21E6,
21E6,
21E5,
21E6,
21E6,
15A3,
0520,
00C0,
00E0,
0D42,
19A5,
1DC6,
21E5,
1DE4,
1DE3,
21E4,
21E4,
21E4,
21E4,
21E4,
2204,
2204,
1E04,
21E4,
21E5,
21C5,
1523,
04A0,
1926,
4672,
5F19,
633B,
675B,
675B,
6B7C,
6F7D,
6F7D,
6F7D,
6F7C,
6F7D,
6F7D,
6F7D,
6F7D,
737D,
737D,
6F7D,
6F7C,
6F7C,
6F7C,
6F7C,
6F7C,
6F7C,
6F7C,
6F7C,
6F7C,
6F7C,
6F7C,
6F7C,
6F7B,
6F7B,
6F7A,
6F7B,
6F7B,
777A,
7758,
6291,
4589,
3967,
28E4,
24A4,
3528,
5251,
6719,
6B5B,
6B5B,
6B5B,
6B7B,
6B7B,
6F7B,
6F7C,
6F7C,
6F7D,
6F7D,
6F7C,
6F7C,
6F7C,
6F7C,
6F7C,
6F7C,
6F7C,
6F7C,
6F7C,
6F7B,
6F7A,
6F9A,
739B,
779A,
6B14,
4DEB,
30E1,
2CA0,
4562,
6265,
72C6,
6EC6,
72C5,
72C4,
72E3,
72E4,
72E4,
7305,
72E6,
6AC4,
4E01,
24E0,
10C0,
1D42,
25A5,
21C5,
1DE5,
1DE5,
1E03,
2203,
2203,
2203,
1E03,
1DE3,
1DE3,
1DE4,
1DE4,
15C3,
0D81,
11A2,
15C3,
19E4,
1E04,
1E04,
1E04,
1E04,
1E04,
1E04,
1E04,
1E24,
1E24,
1E24,
1E24,
1E24,
1E24,
1E24,
1E24,
1E24,
1E24,
1E24,
1E24,
1E24,
1E24,
1E24,
1E24,
1E24,
1E24,
1E24,
1E24,
1E24,
1E24,
1E24,
1E24,
1E24,
1E24,
1E24,
1E24,
1E24,
1E24,
1E24,
1E24,
1E24,
1E24,
1E24,
1E24,
1E24,
1E24,
1E24,
1E24,
1E24,
1E24,
1E24,
1E24,
1E24,
1E24,
1E24,
1E24,
1E24,
1E24,
1E24,
1E24,
1E24,
1E24,
1E24,
1E24,
1E24,
1E24,
1E24,
1E24,
1E24,
1E24,
1E24,
1A24,
1A24,
1A24,
1A24,
1A24,
1A24,
1A24,
1A24,
1A24,
1A24,
1A24,
1A24,
1A24,
1A24,
1E04,
1E04,
1E04,
1E24,
1E24,
1E24,
1E24,
1E24,
1E24,
1E24,
1E04,
1E04,
1E04,
1E04,
1E04,
1E04,
1E04,
1E04,
1E04,
1E04,
1E04,
1E04,
1E04,
1E04,
1E04,
1E04,
1E04,
1E04,
1E04,
1E04,
1E24,
1E24,
1E24,
1E24,
1E24,
1E24,
1E24,
1E24,
1E24,
1E24,
1E24,
1E24,
1E24,
1E24,
1E24,
1E24,
1E24,
1E24,
1E24,
1E24,
1E24,
1E24,
1E24,
1E24,
1E24,
1E24,
1E24,
1E24,
1E24,
1E24,
1E24,
1E24,
1E24,
1E24,
1E24,
1E24,
1E24,
1E24,
1E24,
1E24,
1E24,
1E24,
1E24,
1E24,
19E3,
0D81,
0960,
11A2,
1DE5,
1E05,
1DE5,
1DE5,
21E5,
21E5,
21E5,
21E6,
19A4,
0D41,
0921,
0921,
1584,
1DC6,
21C6,
21E5,
1DE4,
1DE3,
1DE3,
1DE3,
1DE3,
21E4,
2204,
2204,
2204,
1E04,
2204,
25E5,
21A5,
1102,
0480,
298A,
56F6,
5F3A,
633B,
675B,
6B7C,
6B7C,
6B5C,
6B5C,
6F7C,
6F7D,
6F7C,
6F7C,
6F7D,
6F7D,
737D,
737D,
737D,
6F7C,
6F7C,
6F7C,
6F7C,
6F7C,
6F7C,
6F7C,
6F7C,
6F7C,
6F7C,
6F7C,
6F7C,
6F7B,
6F7B,
6F7B,
6F7B,
6F7A,
735A,
777A,
7317,
4DEF,
28C6,
1442,
3109,
5232,
62F8,
675B,
675B,
6B5B,
6B5B,
6B7C,
6B7C,
6F7C,
6F7C,
6F7C,
6F7C,
6F7C,
6F7C,
6F7C,
6F7C,
6F7C,
6F7C,
6F7C,
6F7C,
6F7C,
6F7C,
6F7B,
6F7B,
6F9A,
6F7B,
779B,
779A,
6B15,
45A9,
28C0,
30E0,
4DA3,
6686,
6EC7,
6EC5,
72C4,
72C4,
72E4,
72E4,
72E4,
76E6,
72E6,
5E63,
3560,
18C0,
10E0,
1943,
1D84,
19C4,
15C3,
15C3,
19E3,
19E3,
15C2,
15A2,
19C3,
15A2,
0D61,
0961,
0520,
0100,
0120,
0980,
11C1,
1A04,
1E04,
1E04,
1E04,
1E04,
1E04,
1E04,
1E24,
1E24,
1E24,
1E24,
1E24,
1E24,
1E25,
1E24,
1E24,
1E24,
1E24,
1E24,
1E24,
1E24,
1E24,
1E24,
1E24,
1E24,
1E24,
1E24,
1E24,
1E24,
1E24,
1E24,
1E24,
1E24,
1E24,
1E24,
1E24,
1E24,
1E24,
1E24,
1E24,
1E24,
1E24,
1E24,
1E24,
1E24,
1E24,
1E24,
1E24,
1E24,
1E24,
1E24,
1E24,
1E24,
1E24,
1E24,
1E24,
1E24,
1E24,
1E24,
1E24,
1E24,
1E24,
1E24,
1E24,
1E24,
1E24,
1E24,
1E24,
1E24,
1E24,
1A24,
1A24,
1A24,
1A24,
1A24,
1A24,
1A24,
1A24,
1A24,
1A24,
1A24,
1A24,
1A24,
1A24,
1E04,
1E04,
1E04,
1E24,
1E24,
1E24,
1E24,
1E24,
1E24,
1E24,
1E04,
1E04,
1E04,
1E04,
1E04,
1E04,
1E04,
1E04,
1E04,
1E04,
1E04,
1E04,
1E04,
1E04,
1E04,
1E04,
1E04,
1E04,
1E04,
1E04,
1E24,
1E24,
1E24,
1E24,
1E24,
1E24,
1E24,
1E24,
1E24,
1E24,
1E24,
1E24,
1E24,
1E24,
1E24,
1E24,
1E24,
1E24,
1E24,
1E24,
1E24,
1E24,
1E24,
1E24,
1E24,
1E24,
1E24,
1E24,
1E24,
1E24,
1E24,
1E24,
1E24,
1E24,
1E24,
1E24,
1E24,
1E24,
1E24,
1E24,
1E24,
1E24,
1E24,
1E04,
1E04,
19E3,
15C3,
19E4,
1E04,
1E04,
1E04,
1DE4,
2204,
21E5,
21E4,
21E5,
1DE4,
1DC4,
19A4,
19C4,
1DE5,
21E5,
21E5,
21E4,
1E03,
1E03,
1E03,
1E03,
1E03,
1E03,
1E04,
1E04,
1E04,
1E03,
2204,
25E5,
1DA5,
0CC1,
08A1,
35ED,
5B17,
5F19,
633B,
6B5C,
633A,
56B6,
4A54,
5296,
5EF9,
6B5C,
6F7D,
6F7C,
6F7C,
6F7C,
6F7D,
737D,
737D,
6F7D,
6F7C,
6F7C,
6F7C,
6F7C,
6F7C,
6F7C,
6F7C,
6F7C,
6F7C,
6F7C,
6F7C,
6F7B,
6F7B,
6F7C,
737B,
6F7B,
737B,
7B9D,
6F3A,
49F0,
1C86,
1866,
49F2,
6AFA,
6B5C,
6B5C,
675B,
6B5B,
6B5B,
6B5C,
6B7C,
6F7C,
6F7C,
6F7C,
6F7C,
6F7C,
6F7C,
6F7C,
6F7C,
6F7C,
6F7C,
6F7C,
6F7C,
6F7C,
6F7C,
6F7B,
6F7A,
6F7B,
6F7A,
6F7A,
739A,
7378,
5E91,
3D67,
2CC0,
3500,
51C4,
6686,
6EC6,
6EC5,
6EC4,
72C4,
72C5,
72E4,
72E4,
7706,
6EE7,
5224,
2D20,
10A0,
0880,
08C0,
0922,
0521,
0921,
0D41,
0D41,
0920,
0920,
0920,
0500,
00E0,
00E0,
00E0,
00E0,
0100,
0560,
11C1,
1A03,
1A04,
1A04,
1E04,
1E04,
1E04,
1E04,
1E24,
1E24,
1E24,
1E24,
1E24,
1E24,
1E24,
1E24,
1E24,
1E24,
1E24,
1E24,
1E24,
1E24,
1E24,
1E24,
1E24,
1E24,
1E24,
1E24,
1E24,
1E24,
1E24,
1E24,
1E24,
1E24,
1E24,
1E23,
1E24,
1E24,
1E24,
1E24,
1E24,
1E24,
1E24,
1E24,
1E24,
1E24,
1E24,
1E24,
1E24,
1E24,
1E24,
1E24,
1E24,
1E24,
1E24,
1E24,
1E24,
1E24,
1E24,
1E24,
1E24,
1E24,
1E24,
1E24,
1E24,
1E24,
1E24,
1E24,
1E24,
1E24,
1E24,
1A24,
1A24,
1A24,
1A24,
1A24,
1A24,
1A24,
1A24,
1A24,
1A24,
1A24,
1A24,
1A24,
1A24,
1E04,
1E04,
1E04,
1E24,
1E24,
1E24,
1E24,
1E24,
1E24,
1E24,
1E04,
1E04,
1E04,
1E04,
1E04,
1E04,
1E04,
1E04,
1E04,
1E04,
1E04,
1E04,
1E04,
1E04,
1E04,
1E04,
1E04,
1E04,
1E04,
1E04,
1E24,
1E24,
1E24,
1E24,
1E24,
1E24,
1E24,
1E24,
1E24,
1E24,
1E24,
1E24,
1E24,
1E24,
1E24,
1E24,
1E24,
1E24,
1E24,
1E24,
1E24,
1E24,
1E24,
1E24,
1E24,
1E24,
1E24,
1E24,
1E24,
1E24,
1E24,
1E24,
1E24,
1E24,
1E24,
1E24,
1E24,
1E24,
1E24,
1E24,
1E24,
1E24,
1E24,
1E04,
1E04,
1E04,
1E04,
1E04,
1E04,
1E04,
1E04,
1E04,
1E04,
2204,
2204,
2204,
21E4,
2204,
2204,
2204,
2204,
2204,
2204,
2203,
1E03,
1E03,
1E03,
1E03,
1E03,
1E03,
1E03,
1E04,
1E04,
1E04,
2204,
21E6,
1D84,
04A0,
10C3,
4250,
5F18,
6319,
673B,
5F19,
4632,
252A,
14A7,
252B,
4A53,
673B,
6F7C,
6F7C,
6F7C,
6F7C,
6F7D,
6F7D,
6F7D,
6F7D,
6F7C,
6F7C,
6F7C,
6F7C,
6F7C,
6F7C,
6F7C,
6F7C,
6F7C,
6F7C,
6F7C,
6F7B,
6F7B,
737C,
737C,
737C,
777D,
7B9F,
62D9,
356E,
1887,
2D2D,
5EB9,
6F3D,
6B3D,
6B5C,
6B5C,
6B7C,
6B7C,
6B7C,
6B7C,
6F7C,
6F7C,
6F7C,
6F7C,
6F7C,
6F7C,
6F7C,
6F7C,
6F7C,
6F7C,
6F7C,
6F7C,
6F7C,
6F7C,
6F7B,
6F7B,
6F7B,
6F7A,
6F7A,
6F79,
7379,
7357,
5A6F,
3944,
30E0,
4161,
5A25,
6EA6,
6EC6,
6EC4,
6EC4,
72C4,
72E4,
72E4,
7705,
7307,
6AC7,
5245,
39A2,
2121,
0880,
0060,
0080,
0080,
00A0,
04E0,
0900,
0900,
00E0,
00C0,
00C0,
00E0,
0120,
0941,
0DA2,
11C2,
15E2,
19E3,
1A04,
1E03,
1E03,
1E04,
1E04,
1E04,
1E24,
1E24,
1E24,
1E24,
1E24,
1E24,
1E24,
1E24,
1E24,
1E24,
1E24,
1E24,
1E24,
1E24,
1E24,
1E24,
1E24,
1E24,
1E24,
1E24,
1E24,
1E24,
1E24,
1E24,
1E24,
1E24,
1E24,
1E24,
1E24,
1E24,
1E24,
1E24,
1E24,
1E24,
1E24,
1E24,
1E24,
1E24,
1E24,
1E24,
1E24,
1E04,
1E24,
1E24,
1E24,
1E24,
1E24,
1E24,
1E24,
1E24,
1E24,
1E24,
1E24,
1E24,
1E24,
1E24,
1E24,
1E24,
1E24,
1E24,
1E24,
1E24,
1E24,
1A24,
1A24,
1A24,
1A24,
1A24,
1A24,
1A24,
1A24,
1A24,
1A24,
1A24,
1A24,
1A24,
1A24,
1E04,
1E04,
1E04,
1E04,
1E04,
1E04,
1E04,
1E04,
1E04,
1E04,
1E04,
1E04,
1E04,
1E04,
1E04,
1E04,
1E04,
1E04,
1E04,
1E04,
1E04,
1E04,
1E04,
1E04,
1E04,
1E04,
1E04,
1E04,
1E04,
1E04,
1E24,
1E24,
1E24,
1E24,
1E24,
1E24,
1E24,
1E24,
1E24,
1E24,
1E24,
1E24,
1E24,
1E24,
1E24,
1E24,
1E24,
1E24,
1E24,
1E24,
1E24,
1E24,
1E24,
1E24,
1E24,
1E24,
1E24,
1E24,
1E24,
1E24,
1E24,
1E24,
1E24,
1E24,
1E24,
1E24,
1E24,
1E24,
1E24,
1E24,
1E24,
1E04,
1E04,
1E04,
1E04,
1E04,
1E04,
1E04,
1E04,
1E04,
1E04,
1E04,
1E04,
2203,
1E03,
2203,
2203,
2203,
2204,
2204,
2204,
2204,
2204,
1E03,
1E03,
1E03,
1E03,
1E03,
1E03,
1E03,
1E03,
1E04,
1E04,
1E04,
2204,
21E6,
1964,
04A0,
1505,
4A92,
6339,
633A,
5F19,
4E75,
252A,
0001,
0000,
0C64,
35AE,
5AD8,
673A,
6B5B,
6F7C,
6F7C,
6F7C,
6F7D,
6F7C,
6F7C,
6F7C,
6F7C,
6F7C,
6F7C,
6F7C,
6F7C,
6F7C,
6F7C,
6F7C,
6F7C,
6F7C,
6F7C,
6F7C,
6F7C,
6F7C,
6F7C,
777E,
6F5D,
4A34,
20EA,
24EB,
4A35,
62FB,
6B3D,
6B5D,
6B5C,
6B7C,
6B7C,
6B7C,
6B7C,
6B7C,
6F7C,
6F7C,
6F7C,
6F7C,
6F7C,
6F7C,
6F7C,
6F7C,
6F7C,
6F7C,
6F7C,
6F7C,
6F7C,
6F7C,
6F7C,
6F7B,
6F7B,
6F7B,
6F7B,
6F7A,
7379,
7799,
6F55,
4E0B,
3122,
3920,
55E4,
6EA7,
6EC6,
6EC4,
6EC4,
6EC4,
72E4,
72E4,
72E3,
6EE4,
6EE7,
6F09,
66E9,
5288,
35C4,
2122,
1D22,
1D43,
2163,
2164,
1D64,
1142,
0500,
00E0,
0520,
0D62,
15A3,
19E4,
1A04,
1A04,
19E3,
1A03,
1A04,
1E03,
1E04,
1E04,
1E04,
1E04,
1E04,
1E04,
1E24,
1E24,
1E24,
1E24,
1E24,
1E24,
1E24,
1E24,
1E24,
1E24,
1E24,
1E24,
1E24,
1E24,
1E24,
1E24,
1E24,
1E24,
1E24,
1E24,
1E24,
1E24,
1E24,
1E24,
1E24,
1E24,
1E24,
1E24,
1E24,
1E24,
1E24,
1E24,
1E24,
1E24,
1E24,
1E24,
1E24,
1E24,
1E24,
1E24,
1E24,
1E24,
1E24,
1E24,
1E24,
1E24,
1E24,
1E24,
1E24,
1E24,
1E24,
1E24,
1E24,
1E24,
1E24,
1E24,
1E24,
1E24,
1E24,
1A24,
1A24,
1A24,
1A24,
1A24,
1A24,
1A24,
1A24,
1A24,
1A24,
1A24,
1A24,
1A24,
1A24,
1A24,
1A24,
1E04,
1E04,
1E04,
1E04,
1E04,
1E04,
1E04,
1E04,
1E04,
1E04,
1E04,
1E04,
1E04,
1E04,
1E04,
1E04,
1E04,
1E04,
1E04,
1E04,
1E04,
1E04,
1E04,
1E04,
1E04,
1E04,
1E04,
1E04,
1E04,
1E04,
1E24,
1E24,
1E24,
1E24,
1E24,
1E24,
1E24,
1E24,
1E24,
1E24,
1E24,
1E24,
1E24,
1E24,
1E24,
1E24,
1E24,
1E24,
1E24,
1E24,
1E24,
1E24,
1E24,
1E24,
1E24,
1E24,
1E24,
1E24,
1E24,
1E24,
1E24,
1E24,
1E24,
1E24,
1E24,
1E24,
1E24,
1E24,
1E24,
1E24,
1E24,
1E24,
1E04,
1E04,
1E04,
1E04,
1E04,
1E04,
1E04,
1E04,
1E04,
1E04,
1E04,
1E03,
1E03,
1E03,
1E03,
1E03,
1E04,
1E04,
1E04,
1E04,
1E04,
1E04,
1E03,
1E03,
1E03,
1E03,
2203,
2203,
2204,
1E04,
1E04,
1E04,
2204,
21C5,
1544,
0480,
2127,
52D4,
6359,
633A,
5AF8,
4632,
14A6,
0000,
0000,
0C44,
2D6C,
5275,
62F9,
673A,
6B5C,
6F7C,
6F7C,
6F7D,
6F7C,
6F7C,
6F7C,
6F7C,
6F7C,
6F7C,
6F7C,
6F7C,
6F7C,
6F7C,
6F7C,
6F7C,
6F7C,
6F7C,
6F7C,
6F7C,
6F7C,
6F7C,
737E,
62DA,
356F,
20EB,
3DD2,
62FB,
6B3D,
6B3D,
6B5D,
6B7C,
6F7C,
6B7C,
6F7C,
6F7C,
6F7C,
6F7C,
6F7C,
6F7C,
6F7C,
6F7C,
6F7C,
6F7C,
6F7C,
6F7C,
6F7C,
6F7C,
6F7C,
6F7C,
6F7C,
6F7C,
6F7C,
6F7B,
6F7B,
6F7B,
737B,
7379,
7799,
7777,
62D0,
3D85,
3100,
4DA2,
6AA6,
6EC6,
6EC5,
6EC4,
6EC3,
72C3,
72E3,
72E2,
6EE3,
6EE4,
7307,
6F09,
6AE8,
62C9,
5AA9,
5289,
52A9,
52AA,
3E08,
2164,
1121,
0920,
0D41,
15A3,
19C4,
1DE5,
1E05,
1A04,
1A04,
1A03,
1A04,
1A03,
1E03,
1E04,
1E04,
1E04,
1E04,
1E04,
1E04,
1E24,
1E24,
1E24,
1E24,
1E24,
1E24,
1E24,
1E24,
1E24,
1E24,
1E24,
1E24,
1E24,
1E24,
1E24,
1E24,
1E24,
1E24,
1E24,
1E24,
1E24,
1E24,
1E24,
1E24,
1E24,
1E24,
1E24,
1E24,
1E24,
1E24,
1E24,
1E24,
1E24,
1E24,
1E24,
1E24,
1E24,
1E24,
1E24,
1E24,
1E24,
1E24,
1E24,
1E24,
1E24,
1E24,
1E24,
1E24,
1E24,
1E24,
1E24,
1E24,
1E24,
1E24,
1E24,
1E24,
1E24,
1E24,
1A24,
1A24,
1A24,
1A24,
1A24,
1A24,
1A24,
1A24,
1A24,
1A24,
1A24,
1A24,
1A24,
1A24,
1A24,
1A24,
1A24,
1E04,
1E04,
1E04,
1E04,
1E04,
1E04,
1E04,
1E04,
1E04,
1E04,
1E04,
1E04,
1E04,
1E04,
1E04,
1E04,
1E04,
1E04,
1E04,
1E04,
1E04,
1E04,
1E04,
1E04,
1E04,
1E04,
1E04,
1E04,
1E04,
1E04,
1E24,
1E24,
1E24,
1E24,
1E24,
1E24,
1E24,
1E24,
1E24,
1E24,
1E24,
1E24,
1E24,
1E24,
1E24,
1E24,
1E24,
1E24,
1E24,
1E24,
1E24,
1E24,
1E24,
1E24,
1E24,
1E24,
1E24,
1E24,
1E24,
1E24,
1E24,
1E24,
1E24,
1E24,
1E24,
1E24,
1E24,
1E24,
1E24,
1E24,
1E24,
1E24,
1E04,
1E04,
1E04,
1E04,
1E04,
1E04,
1E04,
1E04,
1E04,
1E04,
1E03,
1E03,
1E03,
1E03,
1E03,
1E03,
1E04,
1E04,
1E04,
1E04,
1E04,
1E04,
1E03,
1E03,
1E03,
1E03,
2204,
2204,
2204,
1E04,
1E04,
1E04,
2204,
1DC5,
1543,
0480,
2548,
56D5,
6359,
633A,
5F19,
4A53,
1CE8,
0000,
0000,
0843,
318D,
52B6,
5F19,
673A,
6B5C,
6F7C,
6F7C,
6F7D,
6F7C,
6F7C,
6F7C,
6F7C,
6F7C,
6F7C,
6F7C,
6F7C,
6F7C,
6F7C,
6F7C,
6F7C,
6F7C,
6F7C,
6F7C,
6F7C,
6F7C,
737D,
737D,
4E75,
252C,
2D4D,
5276,
6B5D,
6F5D,
6B5D,
6B5D,
6B7C,
6B7C,
6B7C,
6F7C,
6F7C,
6F7C,
6F7C,
6F7C,
6F7C,
6F7C,
6F7C,
6F7C,
6F7C,
6F7C,
6F7C,
6F7C,
6F7C,
6F7C,
6F7C,
6F7C,
6F7C,
6F7C,
6F7C,
6F7C,
6F7C,
6F7B,
6F7A,
7399,
7798,
7334,
4E0A,
2D00,
4160,
6266,
6AC6,
6EC5,
6EC4,
72C4,
72C3,
72E2,
72C1,
72E2,
6EE3,
6EE4,
6AC4,
6AC4,
6AE6,
6AE7,
66E9,
5EC9,
4E68,
2D83,
14E0,
08E0,
0D40,
19C3,
1DE4,
1DE4,
19E4,
19E4,
1A04,
1A04,
1A03,
1A03,
1E03,
1E03,
1E04,
1E04,
1E04,
1E04,
1E04,
1E04,
1E24,
1E24,
1E24,
1E24,
1E24,
1E24,
1E24,
1E24,
1E24,
1E24,
1E24,
1E24,
1E24,
1E24,
1E24,
1E24,
1E24,
1E24,
1E24,
1E24,
1E24,
1E24,
1E24,
1E24,
1E24,
1E24,
1E24,
1E24,
1E24,
1E24,
1E24,
1E24,
1E24,
1E24,
1E24,
1E24,
1E24,
1E24,
1E24,
1E24,
1E24,
1E24,
1E24,
1E24,
1E24,
1E24,
1E24,
1E24,
1E24,
1E24,
1E24,
1E24,
1E24,
1E24,
1E24,
1E24,
1E24,
1E24,
1A24,
1A24,
1A24,
1A24,
1A24,
1A24,
1A24,
1A24,
1A24,
1A24,
1A24,
1A24,
1A24,
1A24,
1A24,
1A24,
1A24,
1E04,
1E04,
1E04,
1E04,
1E04,
1E04,
1E04,
1E04,
1E04,
1E04,
1E04,
1E04,
1E04,
1E04,
1E04,
1E04,
1E04,
1E04,
1E04,
1E04,
1E04,
1E04,
1E04,
1E04,
1E04,
1E04,
1E04,
1E04,
1E04,
1E04,
1E24,
1E24,
1E24,
1E24,
1E24,
1E24,
1E24,
1E24,
1E24,
1E24,
1E24,
1E24,
1E24,
1E24,
1E24,
1E24,
1E24,
1E24,
1E24,
1E24,
1E24,
1E24,
1E24,
1E24,
1E24,
1E24,
1E24,
1E24,
1E24,
1E24,
1E24,
1E24,
1E24,
1E24,
1E24,
1E24,
1E24,
1E24,
1E24,
1E24,
1E24,
1E24,
1E04,
1E03,
1E03,
1E03,
1E03,
1E03,
1E03,
1E03,
1E03,
1E03,
1E03,
1E03,
1E03,
1E03,
1E03,
1E03,
1E03,
1E03,
1E03,
1E03,
1E04,
1E04,
1E03,
1E03,
1E03,
1E03,
2204,
2204,
2204,
1E04,
1E04,
1E04,
2204,
1DC5,
1543,
04A0,
2148,
52B4,
6339,
633A,
633A,
5AD7,
2D6C,
0001,
0000,
1486,
4632,
5F19,
5F19,
673A,
6B7C,
6F7C,
6F7C,
6F7D,
6F7C,
6F7C,
6F7C,
6F7C,
6F7C,
6F7C,
6F7C,
6F7C,
6F7C,
6F7C,
6F7C,
6F7C,
6F7C,
6F7C,
6F7C,
6F7C,
6F7C,
6F7D,
5EF9,
39D0,
294C,
4212,
5EFA,
6F7D,
6B5C,
6B5C,
6B7C,
6B7C,
6B7C,
6B7C,
6F7C,
6F7C,
6F7C,
6F7C,
6F7C,
6F7C,
6F7C,
6F7C,
6F7C,
6F7C,
6F7C,
6F7C,
6F7C,
6F7C,
6F7C,
6F7C,
6F7C,
6F7C,
6F7C,
6F7C,
6F7C,
6F7C,
6F7B,
6F7A,
7379,
7798,
7777,
5E8F,
3562,
3D61,
6247,
6AC8,
6EC6,
6EC5,
6EC4,
6EC3,
72C2,
72C1,
6EE2,
6EE2,
6EE2,
6AC2,
6AC3,
66E4,
6AE5,
66E7,
5285,
31A2,
14E0,
10E0,
1541,
19A3,
21E4,
2204,
1DE4,
19E3,
1A03,
1A03,
1E03,
1E03,
1E03,
1E03,
1E04,
1E04,
1E04,
1E04,
1E04,
1E04,
1E04,
1E24,
1E24,
1E24,
1E24,
1E24,
1E24,
1E24,
1E24,
1E24,
1E24,
1E24,
1E24,
1E24,
1E24,
1E24,
1E24,
1E24,
1E24,
1E24,
1E24,
1E24,
1E24,
1E24,
1E24,
1E23,
1E24,
1E24,
1E24,
1E24,
1E24,
1E24,
1E24,
1E24,
1E24,
1E24,
1E24,
1E24,
1E24,
1E24,
1E24,
1E24,
1E24,
1E24,
1E24,
1E24,
1E24,
1E24,
1E24,
1E24,
1E24,
1E24,
1E24,
1E24,
1E24,
1E24,
1E24,
1A24,
1A24,
1A24,
1A24,
1A24,
1A24,
1A24,
1A24,
1A24,
1A24,
1A24,
1A24,
1A24,
1A24,
1A24,
1A24,
1A24,
1A24,
1A24,
1E04,
1E04,
1E04,
1E04,
1E04,
1E04,
1E04,
1E04,
1E04,
1E04,
1E04,
1E04,
1E04,
1E04,
1E04,
1E04,
1E04,
1E04,
1E04,
1E04,
1E04,
1E04,
1E04,
1E04,
1E04,
1E04,
1E04,
1E04,
1E04,
1E04,
1E24,
1E24,
1E24,
1E24,
1E24,
1E24,
1E24,
1E24,
1E24,
1E24,
1E24,
1E24,
1E24,
1E24,
1E24,
1E24,
1E24,
1E24,
1E24,
1E24,
1E24,
1E24,
1E24,
1E24,
1E24,
1E24,
1E24,
1E24,
1E24,
1E24,
1E24,
1E24,
1E24,
1E24,
1E24,
1E24,
1E24,
1E24,
1E24,
1E24,
1E24,
1E24,
1E04,
1E03,
1E03,
1E03,
1E03,
1E03,
1E03,
1E03,
1E03,
1E03,
1E03,
1E03,
1E03,
1E03,
1E03,
1E03,
1E03,
1E03,
1E03,
1E03,
1E04,
1E04,
1E03,
1E03,
1E03,
1E03,
2204,
2204,
2204,
1E04,
1E04,
1E04,
2204,
1DC4,
1143,
04A0,
1D27,
4A52,
5F17,
6339,
675B,
6319,
4232,
294B,
2D6C,
4211,
5AD8,
6B5B,
675B,
675B,
6B7C,
6F7C,
6F7C,
6F7D,
6F7C,
6F7C,
6F7C,
6F7C,
6F7C,
6F7C,
6F7C,
6F7C,
6F7C,
6F7C,
6F7C,
6F7C,
6F7C,
6F7C,
6F7C,
6F7C,
737C,
6F7C,
4E75,
254C,
2D8E,
56B7,
673B,
6B5C,
6B5C,
6B7C,
6F7C,
6F7C,
6F7C,
6F7C,
6F7C,
6F7C,
6F7C,
6F7C,
6F7C,
6F7C,
6F7C,
6F7C,
6F7C,
6F7C,
6F7C,
6F7C,
6F7C,
6F7C,
6F7C,
6F7C,
6F7C,
6F7C,
6F7C,
6F7C,
6F7C,
6F7C,
6F7C,
6F7B,
737A,
7379,
7778,
6F13,
49E8,
3941,
5A27,
6AA9,
6AA6,
6EC5,
6EC4,
6EC3,
6EC2,
6EE2,
6EE2,
6EC1,
6AC1,
6AE2,
6AE3,
6B04,
6F25,
5AA3,
4200,
1D20,
0CE0,
1541,
21C4,
21E4,
1DE4,
1E04,
1E04,
1E03,
1A03,
1A03,
1A03,
1E03,
1E03,
1E03,
1E04,
1E04,
1E04,
1E04,
1E04,
1E04,
1E04,
1E24,
1E24,
1E24,
1E24,
1E24,
1E24,
1E24,
1E24,
1E24,
1E24,
1E24,
1E24,
1E24,
1E24,
1E24,
1E24,
1E24,
1E24,
1E24,
1E24,
1E24,
1E24,
1E24,
1E24,
1E24,
1E24,
1E24,
1E24,
1E24,
1E24,
1E24,
1E24,
1E24,
1E24,
1E24,
1E24,
1E24,
1E24,
1E24,
1E24,
1E24,
1E24,
1E24,
1E24,
1E24,
1E24,
1E24,
1E24,
1E24,
1E24,
1E24,
1E24,
1E24,
1E24,
1E24,
1E24,
1A24,
1A24,
1A24,
1A24,
1A24,
1A24,
1A24,
1A24,
1A24,
1A24,
1A24,
1A24,
1A24,
1A24,
1A24,
1A24,
1A24,
1A24,
1A24,
1E04,
1E04,
1E04,
1E04,
1E04,
1E04,
1E04,
1E04,
1E04,
1E04,
1E04,
1E04,
1E04,
1E04,
1E04,
1E04,
1E04,
1E04,
1E04,
1E04,
1E04,
1E04,
1E04,
1E04,
1E04,
1E04,
1E04,
1E04,
1E04,
1E04,
1E04,
1E04,
1E24,
1E24,
1E24,
1E24,
1E24,
1E24,
1E24,
1E24,
1E24,
1E24,
1E24,
1E24,
1E24,
1E24,
1E24,
1E24,
1E24,
1E24,
1E24,
1E24,
1E24,
1E24,
1E24,
1E24,
1E24,
1E24,
1E24,
1E24,
1E24,
1E24,
1E24,
1E24,
1E24,
1E24,
1E24,
1E24,
1E24,
1E24,
1E24,
1E24,
1E04,
1E03,
1E03,
1E03,
1E03,
1E03,
1E03,
1E03,
1E03,
1E03,
1E03,
1E03,
1E03,
1E03,
1E03,
1E03,
1E03,
1E03,
1E03,
1E03,
1E03,
1E03,
1E03,
1E03,
1E03,
1E03,
1E04,
1E04,
1E04,
1E04,
1E04,
1E04,
2204,
1DC4,
1543,
0080,
14E5,
4651,
5F18,
6339,
673A,
675B,
5F19,
5EF8,
6319,
673A,
6B5B,
6F7C,
6F7C,
6F7C,
6F7C,
6F7C,
6F7C,
6F7C,
6F7C,
6F7C,
6F7C,
6F7C,
6F7C,
6F7C,
6F7C,
6F7C,
6F7C,
6F7C,
6F7C,
6F7C,
6F7C,
6F7C,
6F7B,
6F7C,
739D,
6F7C,
4632,
1CE9,
35CF,
5EF9,
675B,
675B,
675C,
6B7C,
6F7C,
6F7C,
6F7C,
6F7C,
6F7C,
6F7C,
6F7C,
6F7C,
6F7C,
6F7C,
6F7C,
6F7C,
6F7C,
6B7C,
6B7C,
6B7C,
6F7C,
6F7C,
6F7C,
6F7C,
6F7C,
6F7C,
6F7C,
6F7C,
6F7C,
6F7C,
6F7B,
6F7B,
737A,
7379,
7778,
7376,
564C,
3963,
4DE6,
66A9,
6AA6,
6EA6,
6EC4,
72C3,
72C3,
6EC3,
6EC3,
6AC3,
6AC3,
6AC3,
6AE4,
6B04,
66E4,
4A20,
2540,
10E0,
1120,
1DA3,
25E5,
21E4,
1DE4,
1E04,
1E04,
1E04,
1A03,
1E03,
1E03,
1E03,
1E03,
1E03,
1E24,
1E04,
1E04,
1E04,
1E04,
1E04,
1E04,
1E24,
1E24,
1E24,
1E24,
1E24,
1E24,
1E24,
1E24,
1E24,
1E24,
1E24,
1E24,
1E24,
1E24,
1E24,
1E24,
1E24,
1E24,
1E24,
1E24,
1E24,
1E24,
1E24,
1E24,
1E24,
1E24,
1E24,
1E24,
1E24,
1E24,
1E24,
1E24,
1E24,
1E24,
1E24,
1E24,
1E24,
1E24,
1E24,
1E24,
1E24,
1E24,
1E24,
1E24,
1E24,
1E24,
1E24,
1E24,
1E24,
1E24,
1E24,
1E24,
1E24,
1E24,
1E24,
1E24,
1A24,
1A24,
1A24,
1A24,
1A24,
1A24,
1A24,
1A24,
1A24,
1A24,
1A24,
1A24,
1A24,
1A24,
1A24,
1A24,
1A24,
1A24,
1A24,
1E04,
1E04,
1E04,
1E04,
1E04,
1E04,
1E04,
1E04,
1E04,
1E04,
1E04,
1E04,
1E04,
1E04,
1E04,
1E04,
1E04,
1E04,
1E04,
1E04,
1E04,
1E04,
1E04,
1E04,
1E04,
1E04,
1E04,
1E04,
1E04,
1E04,
1E04,
1E04,
1E24,
1E24,
1E24,
1E24,
1E24,
1E24,
1E24,
1E24,
1E24,
1E24,
1E24,
1E24,
1E24,
1E24,
1E24,
1E24,
1E24,
1E24,
1E24,
1E24,
1E24,
1E24,
1E24,
1E24,
1E24,
1E24,
1E24,
1E24,
1E24,
1E24,
1E24,
1E24,
1E24,
1E24,
1E24,
1E24,
1E24,
1E24,
1E24,
1E24,
1E04,
1E03,
1E03,
1E03,
1E03,
1E03,
1E03,
1E03,
1E03,
1E03,
1E03,
1E03,
1E03,
1E03,
1E03,
1E03,
1E03,
1E03,
1E03,
1E03,
1E03,
1E03,
1E03,
1E03,
1E03,
1E03,
1E04,
2204,
1E04,
1E04,
1E04,
1E04,
2203,
1DC4,
1564,
0080,
10C4,
4230,
5F17,
6319,
633B,
6B7C,
6F7C,
6F7D,
739D,
6F7C,
6F7C,
6F7C,
6F7C,
6F7C,
6F7C,
6F7C,
6F7C,
6F7C,
6F7C,
6F7C,
6F7C,
6F7C,
6F7C,
6F7C,
6F7C,
6F7C,
6F7C,
6F7C,
6F7C,
6F7C,
6F7C,
6B7C,
6F7C,
6F7C,
737D,
6B5B,
39F0,
212A,
4653,
673B,
675B,
675B,
675C,
6B7C,
6B7C,
6F7C,
6F7C,
6F7C,
6F7C,
6F7C,
6F7C,
6F7D,
739D,
739D,
6F9D,
6F7C,
6F7C,
6F7C,
6B7C,
6F7C,
6F7C,
6F7C,
6F7C,
6F7C,
6F7C,
6F7C,
6F7C,
6F7C,
6F7C,
6F7C,
6F7C,
6F7B,
737A,
7379,
7379,
7778,
62B1,
45A7,
49E6,
6689,
6AA8,
6EA7,
6EC6,
72E4,
6EC4,
6EC3,
6AA3,
6683,
62A3,
66C5,
6AE6,
66E5,
5682,
35A0,
14E0,
10E0,
1962,
21C4,
21E5,
21E4,
1E04,
1E03,
1A03,
1E03,
1E03,
1E03,
1E03,
1E03,
1E03,
1E03,
1E24,
1E04,
1E04,
1E04,
1E04,
1E04,
1E04,
1E24,
1E24,
1E24,
1E24,
1E24,
1E24,
1E24,
1E24,
1E24,
1E24,
1E24,
1E24,
1E24,
1E24,
1E24,
1E24,
1E24,
1E24,
1E24,
1E24,
1E24,
1E24,
1E24,
1E24,
1E24,
1E24,
1E24,
1E24,
1E24,
1E24,
1E24,
1E24,
1E24,
1E24,
1E24,
1E24,
1E24,
1E24,
1E24,
1E24,
1E24,
1E24,
1E24,
1E24,
1E24,
1E24,
1E24,
1E24,
1E24,
1E24,
1E24,
1E24,
1E24,
1E24,
1E24,
1E24,
1A24,
1A24,
1A24,
1A24,
1A24,
1A24,
1A24,
1A24,
1A24,
1A24,
1A24,
1A24,
1A24,
1A24,
1A24,
1A24,
1A24,
1A24,
1A24,
1E04,
1E04,
1E04,
1E04,
1E04,
1E04,
1E04,
1E04,
1E04,
1E04,
1E04,
1E04,
1E04,
1E04,
1E04,
1E04,
1E04,
1E24,
1E24,
1E24,
1E24,
1E24,
1E24,
1E24,
1E24,
1E24,
1E24,
1E24,
1E24,
1E24,
1E24,
1E24,
1E24,
1E24,
1E24,
1E24,
1E24,
1E24,
1E24,
1E24,
1E24,
1E24,
1E24,
1E24,
1E24,
1E24,
1E24,
1E24,
1E24,
1E24,
1E24,
1E24,
1E24,
1E24,
1E24,
1E24,
1E24,
1E24,
1E24,
1E24,
1E24,
1E24,
1E24,
1E24,
1E24,
1E24,
1E24,
1E24,
1E24,
1E24,
1E24,
1E24,
1E24,
1E04,
1E04,
1E04,
1E24,
1E04,
1E04,
1E24,
1E24,
1E24,
1E24,
1E04,
1E24,
1E24,
1E24,
1E03,
1E03,
1E03,
1E03,
1E03,
1E03,
1E03,
1E03,
1E03,
1E03,
1E03,
1E03,
1E03,
1E03,
1E04,
1E04,
1E04,
2204,
21E5,
1564,
0080,
0CC3,
3E2F,
5F18,
633A,
631A,
6B5C,
6B7C,
739D,
73BE,
6F7C,
6B5B,
6F5C,
6F7C,
737C,
739D,
739D,
739D,
6F9C,
6F7C,
6F7C,
6F7C,
6F7D,
6F7C,
6B5B,
6F7C,
6F7C,
6F7C,
6F7C,
6F7C,
6F7C,
6F7C,
6F7C,
6F7C,
6F7C,
6F7C,
5EF8,
31AE,
2D8D,
56D6,
675B,
675B,
675B,
6B5B,
6B5C,
6F7C,
6F7C,
6F7C,
6F7C,
6F7C,
6F7C,
6F7C,
6F7C,
6F7D,
6F9D,
6F7C,
6F7C,
6F7C,
6F7C,
6B7C,
6B7C,
6F7C,
6F7C,
6F7C,
6F7C,
6F7C,
6F7C,
6F7C,
6F7C,
6F7C,
6F7B,
6F7B,
6F7B,
737B,
737A,
7379,
7798,
6B15,
520B,
49A7,
5E69,
6AA9,
6AA7,
6EE6,
72E5,
6EE4,
66A2,
5200,
49E1,
5A65,
66A6,
6AC7,
62E7,
4E63,
2560,
10C0,
1520,
21A4,
21E4,
21E4,
1DE4,
1E04,
1E03,
1A03,
1E03,
1E03,
1E03,
1E03,
1E03,
1E03,
1E03,
1E24,
1E24,
1E24,
1E24,
1E24,
1E24,
1E04,
1E04,
1E24,
1E24,
1E24,
1E24,
1E24,
1E24,
1E24,
1E24,
1E24,
1E24,
1E24,
1E24,
1E24,
1E24,
1E24,
1E24,
1E24,
1E24,
1E24,
1E24,
1E24,
1E24,
1E24,
1E24,
1E24,
1E24,
1E24,
1E24,
1E24,
1E24,
1E24,
1E24,
1E24,
1E24,
1E24,
1E24,
1E24,
1E24,
1E24,
1E24,
1E24,
1E24,
1E24,
1E24,
1E24,
1E24,
1E24,
1E24,
1E24,
1A24,
1A24,
1E24,
1E24,
1E24,
1A24,
1A24,
1A24,
1A24,
1A24,
1A24,
1A24,
1A24,
1A24,
1A24,
1A24,
1A24,
1A24,
1A24,
1A24,
1A24,
1A24,
1A24,
1E24,
1E24,
1E04,
1E04,
1E04,
1E04,
1E04,
1E04,
1E04,
1E04,
1E04,
1E04,
1E04,
1E04,
1E04,
1E04,
1E04,
1E04,
1E04,
1E24,
1E24,
1E24,
1E24,
1E24,
1E24,
1E24,
1E24,
1E24,
1E24,
1E24,
1E24,
1E24,
1E24,
1E24,
1E24,
1E24,
1E24,
1E24,
1E24,
1E24,
1E24,
1E24,
1E24,
1E24,
1E24,
1E24,
1E24,
1E24,
1E24,
1E24,
1E24,
1E24,
1E24,
1E24,
1E24,
1E24,
1E24,
1E24,
1E24,
1E24,
1E24,
1E24,
1E24,
1E24,
1E24,
1E24,
1E24,
1E24,
1E24,
1E24,
1E24,
1E24,
1E24,
1E24,
1E24,
1E24,
1E24,
1E24,
1E24,
1E24,
1E24,
1E24,
1E24,
1E24,
1E24,
1E24,
1E24,
1E24,
1E24,
1E03,
1E03,
1E03,
1E03,
1E03,
1E03,
1E03,
1E03,
1E03,
1E03,
1E03,
1E03,
1E03,
1E03,
1E03,
1E04,
1E03,
2204,
21E5,
1984,
00A0,
0881,
35ED,
5AF7,
633B,
633B,
673B,
6B5C,
6F7D,
6F7C,
6B5B,
6B5B,
6F7D,
739E,
77BE,
779D,
739C,
739D,
739D,
6F9C,
6F7D,
6F9D,
739D,
6F7C,
6F7C,
739D,
739D,
6F7C,
6F7C,
6F7C,
6F7C,
6F7C,
6F7C,
6F7C,
6F7D,
6F7C,
5295,
296B,
35CE,
5AF7,
675B,
675B,
675B,
6B5B,
6B7C,
6F7C,
6F7C,
6F7C,
6F7C,
6F7C,
6F9C,
6F7C,
5F19,
4E74,
4211,
4A74,
5EF8,
6B5B,
6B7C,
6B7B,
6F7C,
6F7C,
6F7C,
6F7C,
6F7C,
6F7C,
6F7C,
6F9C,
6F9C,
6F7C,
6F7B,
6F7B,
6F7B,
6F7B,
737A,
7379,
7799,
6F35,
522C,
4587,
5A4A,
66AA,
6AA8,
6EE6,
72E6,
7304,
5E61,
3D40,
3520,
5206,
62A8,
66C8,
62E8,
4A64,
2540,
10E0,
1941,
21C4,
1DC4,
1DE4,
1DE4,
1E04,
1E03,
1A03,
1A03,
1E03,
1E03,
1E03,
1E03,
1E03,
1E03,
1E24,
1E24,
1E24,
1E24,
1E24,
1E24,
1E04,
1E04,
1E24,
1E24,
1E24,
1E24,
1E24,
1E24,
1E24,
1E24,
1E24,
1E24,
1E24,
1E24,
1E24,
1E24,
1E24,
1E24,
1E24,
1E24,
1E24,
1E24,
1E24,
1E24,
1E24,
1E24,
1E24,
1E24,
1E24,
1E24,
1E24,
1E24,
1E24,
1E24,
1E24,
1E24,
1E24,
1E24,
1E24,
1E24,
1E24,
1E24,
1E24,
1E24,
1E24,
1E24,
1A24,
1A24,
1A24,
1A24,
1A24,
1A24,
1A24,
1A24,
1A24,
1A24,
1A24,
1A24,
1A24,
1A24,
1A24,
1A24,
1A24,
1A24,
1A24,
1A24,
1A24,
1A24,
1A24,
1A24,
1A24,
1A24,
1A24,
1A24,
1E24,
1E24,
1E04,
1E04,
1E04,
1E04,
1E04,
1E04,
1E04,
1E04,
1E04,
1E04,
1E04,
1E04,
1E04,
1E04,
1E04,
1E04,
1E04,
1E24,
1E24,
1E24,
1E24,
1E24,
1E24,
1E24,
1E24,
1E24,
1E24,
1E24,
1E24,
1E24,
1E24,
1E24,
1E24,
1E24,
1E24,
1E24,
1E24,
1E24,
1E24,
1E24,
1E24,
1E24,
1E24,
1E24,
1E24,
1E24,
1E24,
1E24,
1E24,
1E24,
1E24,
1E24,
1E24,
1E24,
1E24,
1E24,
1E24,
1E24,
1E24,
1E24,
1E24,
1E24,
1E24,
1E24,
1E24,
1E24,
1E24,
1E24,
1E24,
1E24,
1E24,
1E24,
1E24,
1E24,
1E24,
1E24,
1E04,
1E24,
1E24,
1E24,
1E24,
1E24,
1E24,
1E24,
1E24,
1E24,
1E04,
1E03,
1E03,
1E03,
1E03,
1E03,
1E03,
1E03,
1E03,
1E04,
1E04,
1E03,
1E03,
1E03,
1E03,
1E03,
1E03,
1E03,
1E03,
21E5,
1DA5,
04C0,
0460,
296A,
4EB5,
633B,
633B,
633B,
6B3B,
6F5C,
6F7D,
737E,
737D,
6F5C,
6B3B,
6319,
5AB6,
5295,
5295,
5295,
5295,
56B6,
5AD7,
5EF8,
6319,
6B3B,
6B5C,
6F7C,
739D,
739D,
6F7D,
6F7D,
6F7D,
6F7D,
6F7D,
739D,
6F7B,
4A52,
252A,
3DF0,
5F19,
675B,
675B,
675B,
6B7C,
6F7C,
6F7C,
6F7C,
6F7C,
6F7C,
6F7C,
6F7C,
6318,
3DF0,
18C7,
0843,
18C7,
3DF0,
5AF8,
673A,
6B5B,
6F7C,
6F7C,
6F7C,
6F7C,
6F7C,
6F7C,
6F7C,
6F7C,
6F7C,
6F7C,
6F7B,
6F7B,
6F7B,
6F7B,
6F7A,
7379,
7398,
6F56,
564D,
4188,
5A2A,
6AAB,
6AA9,
6EE7,
7306,
7325,
5A41,
2CE0,
24A0,
45C4,
62A9,
62A8,
5A87,
4643,
2560,
1900,
1942,
1DA5,
1DC5,
1DE5,
1DE4,
1E03,
1E03,
1A03,
1A03,
1E03,
1E03,
1E04,
1E03,
1E03,
1E03,
1E24,
1E24,
1E24,
1E24,
1E24,
1E24,
1E04,
1E04,
1E04,
1E04,
1E24,
1E24,
1E24,
1E24,
1E24,
1E24,
1E24,
1E24,
1E24,
1E24,
1E24,
1E24,
1E24,
1E24,
1E24,
1E24,
1E24,
1E24,
1E24,
1E24,
1E24,
1E24,
1E24,
1E24,
1E24,
1E24,
1E24,
1E24,
1E24,
1E24,
1E24,
1E24,
1E24,
1E24,
1E24,
1E24,
1E24,
1E24,
1E24,
1E24,
1E24,
1E24,
1A24,
1A24,
1A24,
1A24,
1A24,
1A24,
1A24,
1A24,
1A24,
1A24,
1A24,
1A24,
1A24,
1A24,
1A24,
1A24,
1A24,
1A24,
1A24,
1A24,
1A24,
1A24,
1A24,
1A24,
1A24,
1A24,
1A24,
1A24,
1E24,
1E24,
1E04,
1E04,
1E04,
1E04,
1E04,
1E04,
1E04,
1E04,
1E04,
1E04,
1E04,
1E04,
1E04,
1E04,
1E04,
1E04,
1E04,
1E24,
1E24,
1E24,
1E24,
1E24,
1E24,
1E24,
1E24,
1E24,
1E24,
1E24,
1E24,
1E24,
1E24,
1E24,
1E24,
1E24,
1E24,
1E24,
1E24,
1E24,
1E24,
1E24,
1E24,
1E24,
1E24,
1E24,
1E24,
1E24,
1E24,
1E24,
1E24,
1E24,
1E24,
1E24,
1E24,
1E24,
1E24,
1E24,
1E24,
1E24,
1E24,
1E24,
1E24,
1E24,
1E24,
1E24,
1E24,
1E24,
1E24,
1E24,
1E24,
1E24,
1E24,
1E24,
1E24,
1E04,
1E04,
1E04,
1E04,
1E04,
1E04,
1E04,
1E04,
1E04,
1E04,
1E04,
1E04,
1E04,
1E04,
1E03,
1E03,
1E03,
1E03,
1E03,
1E03,
1E03,
1E03,
1E04,
1E04,
1E03,
1E03,
1E03,
1E03,
1E03,
1E03,
1E03,
2203,
21E5,
21A6,
1103,
0481,
18E6,
3A10,
56D8,
633B,
631B,
673B,
737D,
737E,
671B,
5695,
41EF,
356B,
2508,
20C6,
20C6,
20E7,
20E7,
20E6,
2507,
2929,
2D4A,
358D,
3DCF,
45F1,
5674,
6719,
6B3B,
6B5B,
6F5C,
735D,
737E,
737D,
737D,
6F5B,
4631,
254A,
4632,
633A,
675B,
675B,
675B,
6B7C,
6B7C,
6F7C,
6F7C,
6F7C,
6F7C,
739C,
6F7B,
5274,
2109,
0001,
0000,
0002,
252A,
4A53,
5AD7,
673A,
6B5B,
6F7C,
6F7C,
6F7C,
6F7C,
6F7C,
6F7C,
6F7C,
6F7C,
6F7C,
6F7C,
6F7C,
6F7B,
6F7B,
737A,
7379,
7378,
7356,
564E,
4187,
5A2A,
6AAB,
6AA9,
6EE7,
7307,
6F05,
5200,
24A0,
1C60,
3D63,
5A69,
5E89,
5666,
4A44,
2DA0,
1D20,
1521,
1D84,
1DE4,
21E5,
1E05,
1E04,
1E03,
1A03,
1A03,
1E03,
1E03,
1E03,
1E04,
1E04,
1E03,
1E03,
1E04,
1E04,
1E04,
1E04,
1E04,
1A04,
1E04,
1E04,
1E04,
1E04,
1E04,
1E04,
1E04,
1E04,
1E04,
1E04,
1E24,
1E24,
1E24,
1E24,
1E24,
1E24,
1E24,
1E24,
1E24,
1E24,
1E24,
1E24,
1E24,
1E24,
1E24,
1E24,
1E24,
1E24,
1E24,
1E24,
1E24,
1E24,
1E24,
1E24,
1E24,
1E24,
1E24,
1E24,
1A24,
1A24,
1A24,
1A24,
1A24,
1A24,
1A24,
1A24,
1A24,
1A24,
1A24,
1A24,
1A24,
1A24,
1A24,
1A24,
1A24,
1A24,
1A24,
1A24,
1A24,
1A24,
1A24,
1A24,
1A24,
1A24,
1A24,
1A24,
1A24,
1A24,
1A24,
1A24,
1A24,
1A24,
1A24,
1A24,
1A24,
1E04,
1E04,
1E04,
1E04,
1E04,
1E04,
1E04,
1E04,
1E04,
1E04,
1E04,
1E04,
1E04,
1E04,
1E04,
1E04,
1E04,
1E24,
1E24,
1E24,
1E24,
1E24,
1E24,
1E24,
1E24,
1E24,
1E24,
1E24,
1E24,
1E24,
1E24,
1E24,
1E24,
1E24,
1E24,
1E24,
1E24,
1E24,
1E24,
1E24,
1E24,
1E24,
1E24,
1E24,
1E24,
1E24,
1E24,
1E24,
1E24,
1E24,
1E24,
1E24,
1E24,
1E24,
1E24,
1E24,
1E24,
1E24,
1E24,
1E24,
1E24,
1E24,
1E24,
1E24,
1E24,
1E24,
1E24,
1E24,
1E24,
1E24,
1E24,
1E24,
1E24,
1E04,
1E04,
1E04,
1E04,
1E04,
1E04,
1E04,
1E04,
1E04,
1E04,
1E04,
1E04,
1E04,
1E04,
1E03,
1E03,
1E03,
1E03,
1E03,
1E03,
1E03,
1E03,
1E04,
1E04,
1E04,
1E04,
1E03,
1E03,
1E03,
1E03,
1E03,
1E03,
21E5,
21A6,
1D66,
0CC3,
0482,
212A,
4655,
5F1B,
673C,
6B5C,
6F5C,
5A97,
39AE,
1CA5,
1021,
1000,
1440,
1C82,
24C4,
28E5,
28E4,
28E4,
24E3,
24C3,
20C3,
20C4,
20C5,
24C5,
2907,
398B,
41CE,
4A11,
5674,
5EB6,
66F8,
6739,
6739,
6719,
4631,
2D6C,
4A53,
673A,
673B,
673B,
675B,
6B7C,
6B7C,
6F7C,
6F7C,
6F7C,
6F7B,
739C,
6B5A,
4632,
1CE8,
0001,
0000,
0002,
2109,
4632,
5AD7,
6319,
6B5B,
6B5C,
6F7C,
6F7C,
6F7C,
6F7C,
6F7C,
6F7C,
6F7C,
6F7C,
6F7C,
6F7C,
6F7B,
6F7B,
6F7A,
6F79,
7378,
7356,
564D,
3D86,
5A2A,
6ECB,
6AA8,
6EC6,
7307,
66C4,
45C0,
28E0,
20A0,
3122,
5228,
5A69,
5AA8,
56A7,
39E2,
1920,
0D00,
1561,
19C4,
1DE5,
1DE4,
1DE4,
1E04,
1E04,
1A04,
1A04,
1A04,
1A04,
1E04,
1E04,
1E03,
1E03,
1E04,
1E04,
1E04,
1E04,
1E04,
1E04,
1E04,
1E04,
1E04,
1E04,
1E04,
1E04,
1E04,
1E04,
1E04,
1E04,
1E24,
1E24,
1E24,
1E24,
1E24,
1E24,
1E24,
1E24,
1E24,
1E24,
1E24,
1E24,
1E24,
1E24,
1E24,
1E24,
1E24,
1E24,
1E24,
1E24,
1E24,
1E24,
1E24,
1E24,
1E24,
1E24,
1E24,
1E24,
1A24,
1A24,
1A24,
1A24,
1A24,
1A24,
1A24,
1A24,
1A24,
1A24,
1A24,
1A24,
1A24,
1A24,
1A24,
1A24,
1A24,
1A24,
1A24,
1A24,
1A24,
1A24,
1A24,
1A24,
1A24,
1A24,
1A24,
1A24,
1A24,
1A24,
1A24,
1A24,
1A24,
1A24,
1A24,
1A24,
1A24,
1E04,
1E04,
1E04,
1E04,
1E04,
1E04,
1E04,
1E04,
1E04,
1E04,
1E04,
1E04,
1E04,
1E04,
1E04,
1E04,
1E04,
1E24,
1E24,
1E24,
1E24,
1E24,
1E24,
1E24,
1E24,
1E24,
1E24,
1E24,
1E24,
1E24,
1E24,
1E24,
1E24,
1E24,
1E24,
1E24,
1E24,
1E24,
1E24,
1E24,
1E24,
1E24,
1E24,
1E24,
1E24,
1E24,
1E24,
1E24,
1E24,
1E24,
1E24,
1E24,
1E24,
1E24,
1E24,
1E24,
1E24,
1E24,
1E24,
1E24,
1E24,
1E24,
1E24,
1E24,
1E24,
1E24,
1E24,
1E24,
1E24,
1E24,
1E24,
1E24,
1E24,
1E24,
1E24,
1E24,
1E04,
1E04,
1E04,
1E04,
1E04,
1E04,
1E04,
1E04,
1E24,
1E24,
1E24,
1E03,
1E03,
1E03,
1E03,
1E03,
1E03,
1E03,
1E03,
1E03,
1E03,
1E03,
1E03,
1E03,
1E03,
1E03,
1E03,
1E03,
1E03,
21E4,
21C5,
21A7,
1504,
0061,
10C6,
35F1,
56D8,
633B,
671A,
5695,
314A,
18A4,
1481,
20A2,
2D03,
41A8,
4E2A,
524A,
566B,
564B,
564A,
522A,
4A09,
4A08,
41C7,
3986,
3967,
2D05,
20A3,
20A4,
24C5,
24E7,
2D29,
356B,
3DAE,
45F1,
4A32,
39CE,
2D4A,
4A52,
6739,
673A,
673B,
6B5C,
6B7C,
6B7C,
6B7C,
6F7B,
6F7B,
6F7B,
6F7C,
6B5A,
4E74,
2509,
0422,
0000,
0001,
252A,
4E74,
5EF8,
673A,
6B5B,
6F7C,
6F7C,
6F7C,
6F7C,
6F7C,
6F7C,
6F7C,
6F7C,
6F7C,
6F7C,
6F7C,
6F7B,
6F7B,
6F7A,
6F99,
7398,
6F56,
522C,
3D65,
5A29,
6ACA,
66C8,
6AC6,
6AE6,
5A62,
41A0,
3120,
28E0,
2D01,
45C6,
5668,
5AA7,
5EE9,
4A46,
2540,
10E0,
0D00,
1141,
1582,
15A3,
19A4,
19E4,
19E3,
1A04,
19E3,
19E3,
1A04,
1E04,
1E04,
1E04,
1E04,
1A04,
1E04,
1E04,
1E04,
1E04,
1E04,
1E04,
1E04,
1E04,
1E04,
1E04,
1E04,
1E04,
1E04,
1E04,
1E04,
1E24,
1E24,
1E24,
1E24,
1E24,
1E24,
1E24,
1E24,
1E24,
1E24,
1E24,
1E24,
1E24,
1E24,
1E24,
1E24,
1E24,
1E24,
1E24,
1E24,
1E24,
1E24,
1E24,
1E24,
1E24,
1E24,
1E24,
1E24,
1A24,
1A24,
1A24,
1A24,
1A24,
1A24,
1A24,
1A24,
1A24,
1A24,
1A24,
1A24,
1A24,
1A24,
1A24,
1A24,
1A24,
1A24,
1A24,
1A24,
1A24,
1A24,
1A24,
1A24,
1A24,
1A24,
1A24,
1A24,
1A24,
1A24,
1A24,
1A24,
1A24,
1A24,
1A24,
1A24,
1A24,
1E04,
1E04,
1E04,
1E04,
1E04,
1E04,
1E04,
1E04,
1E04,
1E04,
1E04,
1E04,
1E04,
1E04,
1E04,
1E04,
1E04,
1E24,
1E24,
1E24,
1E24,
1E23,
1E24,
1E24,
1E24,
1E24,
1E24,
1E24,
1E24,
1E24,
1E24,
1E24,
1E24,
1E24,
1E24,
1E24,
1E24,
1E24,
1E24,
1E24,
1E24,
1E24,
1E24,
1E24,
1E24,
1E24,
1E24,
1E24,
1E24,
1E24,
1E24,
1E24,
1E24,
1E24,
1E24,
1E24,
1E24,
1E24,
1E24,
1E24,
1E24,
1E24,
1E24,
1E24,
1E24,
1E24,
1E24,
1E24,
1E24,
1E24,
1E24,
1E24,
1E24,
1E24,
1E24,
1E24,
1E24,
1E04,
1E04,
1E04,
1E04,
1E04,
1E04,
1E04,
1E24,
1E24,
1E24,
1E03,
1E03,
1E03,
1E03,
1E03,
1E03,
1E03,
1E03,
1E03,
1E03,
1E03,
1E03,
1E03,
1E03,
1E03,
1E03,
1E03,
1E03,
1DE4,
21E5,
21C6,
1965,
08C2,
0482,
214A,
4A94,
5AF7,
5294,
316A,
1881,
20C1,
3D86,
4E09,
5A6B,
66CC,
6AEC,
6AEA,
6AEA,
6F0B,
6F0B,
6AEB,
6AEB,
66CA,
66CA,
66CA,
5E6A,
5629,
45A7,
3966,
3125,
24C4,
1C83,
1882,
1863,
1CA5,
2908,
18A5,
18C5,
4631,
6319,
673A,
673B,
675B,
6B5C,
6B7C,
6B7C,
6F7C,
6F7B,
6F7B,
6F7B,
6F7B,
5EF8,
3DF0,
1CC8,
0843,
14A6,
3E11,
5EF8,
633A,
673B,
6B5B,
6F7C,
6F7C,
6F7C,
6F7C,
6F7C,
6F7C,
6F7C,
6F7C,
6F7C,
6F7C,
6F7C,
6F7B,
6F7B,
6F7A,
6F79,
7398,
6F35,
4E0B,
3964,
5E48,
6AC9,
66A7,
66C6,
66C6,
5241,
3DA0,
3982,
3122,
28E1,
41A4,
5267,
5266,
5EC9,
5ECA,
4226,
2541,
10E0,
08E0,
0900,
0900,
0921,
0941,
0980,
11A1,
11C2,
15C2,
1A03,
1E04,
1E04,
1E04,
1A24,
1A24,
1A24,
1E04,
1E04,
1E04,
1E04,
1A04,
1A04,
1A04,
1E04,
1E04,
1E04,
1E04,
1E04,
1E04,
1E04,
1E24,
1E24,
1E24,
1E24,
1E24,
1E24,
1E24,
1E24,
1E24,
1E24,
1E24,
1E24,
1E24,
1E24,
1E24,
1E24,
1E24,
1E24,
1E24,
1E24,
1E24,
1E24,
1E24,
1E24,
1E24,
1E24,
1E24,
1E24,
1E24,
1A24,
1A24,
1A24,
1A24,
1A24,
1A24,
1A24,
1A24,
1A24,
1A24,
1A24,
1A24,
1A24,
1A24,
1A24,
1A24,
1A24,
1A24,
1A24,
1A24,
1A24,
1A24,
1A24,
1A24,
1A24,
1A24,
1A24,
1A24,
1A24,
1A24,
1A24,
1A24,
1A24,
1A24,
1A24,
1A24,
1E04,
1E04,
1E04,
1E04,
1E04,
1E04,
1E04,
1E04,
1E04,
1E04,
1E04,
1E04,
1E04,
1E04,
1E04,
1E04,
1E04,
1E24,
1E24,
1E24,
1E24,
1E23,
1E24,
1E24,
1E24,
1E24,
1E24,
1E24,
1E24,
1E24,
1E24,
1E24,
1E24,
1E24,
1E24,
1E24,
1E24,
1E24,
1E24,
1E24,
1E24,
1E24,
1E24,
1E24,
1E24,
1E24,
1E24,
1E24,
1E24,
1E24,
1E24,
1E24,
1E24,
1E24,
1E24,
1E24,
1E24,
1E24,
1E24,
1E24,
1E24,
1E24,
1E24,
1E24,
1E24,
1E24,
1E24,
1E24,
1E24,
1E24,
1E24,
1E24,
1E24,
1E24,
1E24,
1E24,
1E24,
1E04,
1E04,
1E04,
1E04,
1E04,
1E04,
1E04,
1E24,
1E24,
1E24,
1E03,
1E03,
1E03,
1E03,
1E03,
1E03,
1E03,
1E03,
1E03,
1E03,
1E03,
1E03,
1E03,
1E03,
1E03,
1E03,
1E03,
1E03,
21E4,
21E5,
25E6,
21A6,
1123,
0481,
0CA4,
39EE,
52B3,
3DEE,
20E4,
28E3,
49C7,
5E6B,
66AC,
6ACB,
6EEA,
6EE8,
6EE7,
6EE6,
6EE7,
6EE7,
6EE7,
6EE7,
6EE6,
6F07,
6F07,
6AE7,
6AE8,
6AE9,
62A9,
5E69,
5228,
49E7,
41A5,
3986,
2D26,
20C5,
1062,
1084,
4231,
5F18,
6319,
633A,
675B,
6B5C,
6F7C,
6F7C,
6F7C,
6F7B,
6F7B,
6F7B,
6F7C,
6F7C,
5EF8,
4A53,
4211,
4632,
5EF8,
6B5B,
6B5B,
6B5B,
6B5B,
6F7C,
6F7C,
6F7C,
6F7C,
6F7C,
6F7C,
6F7C,
6F7C,
6F7C,
6F7C,
6F7C,
6F7B,
6F7B,
6F7A,
6F79,
7378,
6F35,
49EA,
4185,
5E48,
6AA9,
66A7,
6AC7,
66C6,
5221,
3980,
41A4,
3DA5,
28E0,
3141,
4E26,
5267,
5AA7,
630B,
56CA,
4227,
2984,
1102,
00A0,
0080,
00A0,
00E0,
0120,
0560,
0D80,
11C2,
19E3,
1A04,
1E04,
1E04,
1E04,
1E04,
1E04,
1E04,
1E04,
1E04,
1E04,
1A04,
1A04,
1E04,
1E04,
1E04,
1E04,
1E04,
1E04,
1E04,
1E04,
1E24,
1E24,
1E24,
1E24,
1E24,
1E24,
1E24,
1E24,
1E24,
1E24,
1E24,
1E24,
1E24,
1E24,
1E24,
1E24,
1E24,
1E24,
1E24,
1E24,
1E24,
1E24,
1E24,
1E24,
1E24,
1E24,
1E24,
1E24,
1E24,
1A24,
1A24,
1A24,
1A24,
1A24,
1A24,
1A24,
1A24,
1A24,
1A24,
1A24,
1A24,
1A24,
1A24,
1A24,
1A24,
1A24,
1A24,
1A24,
1A24,
1A24,
1A24,
1A24,
1A24,
1A24,
1A24,
1A24,
1A24,
1A24,
1A24,
1A24,
1A24,
1A24,
1A24,
1A24,
1A24,
1E04,
1E04,
1E04,
1E04,
1E04,
1E04,
1E04,
1E04,
1E04,
1E04,
1E04,
1E04,
1E04,
1E04,
1E04,
1E04,
1E04,
1E04,
1E24,
1E24,
1E24,
1E23,
1E24,
1E24,
1E24,
1E24,
1E24,
1E24,
1E24,
1E24,
1E24,
1E24,
1E24,
1E24,
1E24,
1E24,
1E24,
1E24,
1E24,
1E24,
1E24,
1E24,
1E24,
1E24,
1E24,
1E24,
1E24,
1E24,
1E24,
1E24,
1E24,
1E24,
1E24,
1E24,
1E24,
1E24,
1E24,
1E24,
1E24,
1E24,
1E24,
1E24,
1E24,
1E24,
1E24,
1E24,
1E24,
1E24,
1E24,
1E24,
1E24,
1E24,
1E24,
1E24,
1E24,
1E24,
1E24,
1E24,
1E04,
1E04,
1E04,
1E04,
1E04,
1E04,
1E04,
1E04,
1E04,
1E03,
1E03,
1E03,
1E03,
1E03,
1E03,
1E03,
1E03,
1E04,
1E04,
1E03,
1E03,
1E03,
1E03,
1E03,
1E03,
1E03,
1E03,
2204,
21E5,
25E6,
25E6,
1984,
0CE1,
0480,
1D05,
35AA,
2525,
20E2,
41A7,
5E4B,
6A8B,
6AAA,
66A8,
6AC7,
6EC5,
6EE4,
6EE4,
6EE4,
6EE4,
6EE4,
6EE4,
6EE4,
6EE4,
6EE4,
6F05,
6F06,
6F06,
6F06,
6F07,
6EE8,
6AE9,
6ACB,
66EE,
5A6F,
41CC,
2928,
1CC5,
41EF,
5EF6,
6319,
631A,
6B5B,
6B7C,
6B7C,
6F7B,
6F7B,
6F7B,
6F7B,
6F7C,
6F7C,
6F7C,
6F7C,
6F7C,
6B5B,
6F7B,
6F7C,
6F7C,
6F7B,
6F5B,
6F5B,
6F7B,
6F7C,
6F7C,
6F7C,
6F7C,
6F7C,
6F7C,
6F7C,
6F7C,
6F7C,
6F7C,
6F7B,
6F7B,
6F7A,
6F79,
7398,
6B14,
45C9,
45A6,
5E48,
6AA8,
66C7,
6AE8,
66C6,
49E0,
3980,
4605,
4A06,
28E0,
24E0,
4A25,
5EC9,
5A87,
5AC9,
4E89,
4227,
2DA5,
1502,
04A0,
00C0,
00C0,
00E0,
0120,
0980,
11A1,
15E3,
1A04,
1E04,
1E04,
1E04,
1E04,
1E04,
1E04,
1E04,
1E04,
1E04,
1E04,
1E04,
1E04,
1E04,
1E04,
1E04,
1E04,
1E04,
1E04,
1E04,
1E04,
1E04,
1E04,
1E04,
1E04,
1E04,
1E04,
1E04,
1E04,
1E04,
1E04,
1E24,
1E24,
1E24,
1E24,
1E24,
1E24,
1E24,
1E24,
1E24,
1E24,
1E24,
1E24,
1E24,
1E24,
1E24,
1E24,
1E24,
1A24,
1A24,
1A24,
1A24,
1A24,
1A24,
1A24,
1A24,
1A24,
1A24,
1A24,
1A24,
1A24,
1A24,
1A24,
1A24,
1A24,
1A24,
1A24,
1A24,
1A24,
1A24,
1A24,
1A24,
1A24,
1A24,
1A24,
1A24,
1A24,
1A24,
1A24,
1A24,
1A24,
1A24,
1A24,
1A24,
1A24,
1A24,
1E04,
1E04,
1E04,
1E04,
1E04,
1E04,
1E04,
1E04,
1E04,
1E04,
1E04,
1E04,
1E04,
1E04,
1E04,
1E04,
1E04,
1E04,
1E24,
1E24,
1E24,
1E24,
1E24,
1E24,
1E24,
1E24,
1E24,
1E24,
1E24,
1E24,
1E24,
1E24,
1E24,
1E24,
1E24,
1E24,
1E24,
1E24,
1E24,
1E24,
1E24,
1E24,
1E24,
1E24,
1E24,
1E24,
1E24,
1E24,
1E24,
1E24,
1E24,
1E24,
1E24,
1E24,
1E24,
1E24,
1E24,
1E24,
1E24,
1E24,
1E24,
1E24,
1E24,
1E24,
1E24,
1E24,
1E24,
1E24,
1E24,
1E24,
1E24,
1E24,
1E24,
1E24,
1E24,
1E24,
1E24,
1E24,
1E04,
1E04,
1E04,
1E04,
1E04,
1E04,
1E04,
1E04,
1E04,
1E03,
1E03,
1E03,
1E03,
1E03,
1E03,
1E03,
1E03,
1E04,
1E04,
1E04,
1E04,
1E03,
1E03,
1E03,
1E03,
1E03,
1E03,
1E04,
21E4,
25E5,
21E4,
1DA4,
1963,
10E1,
0CA0,
10A0,
1080,
2501,
4A08,
628B,
6EAB,
6EA8,
6AA7,
6EA5,
6EC4,
6EC3,
72E3,
72E3,
6EE2,
6EE2,
72E3,
72E3,
72E3,
72E3,
72E3,
7304,
72E4,
72E4,
6EE4,
6EE6,
6EE7,
6EE9,
6AEC,
6AD1,
66B3,
4A0E,
2506,
316A,
56B4,
6739,
633A,
6B5B,
6B7C,
6B5C,
6B7B,
6B7B,
6B7B,
6F7B,
6F7B,
6F7C,
6F7C,
6F7C,
6F7C,
737C,
737C,
6F7C,
6F7C,
6F7C,
6F7B,
6F7B,
6F7B,
6F7B,
6F7C,
6F7C,
6F7C,
6F7C,
6F7C,
6F7C,
6F7C,
6F7C,
6F7B,
6F7B,
6F7B,
6F7A,
6F79,
7399,
62D3,
3D87,
45A5,
6268,
66A7,
66A7,
6AC8,
5E65,
3D80,
3980,
4E45,
4E26,
2D21,
24E0,
4A04,
5EC9,
5266,
4204,
35A3,
2541,
1901,
10E1,
0CE0,
0D22,
1163,
0D62,
0D81,
11C2,
19E3,
1A04,
1A04,
1E04,
1E04,
1E04,
1E04,
1E04,
1E04,
1E04,
1E04,
1E04,
1E04,
1E04,
1E04,
1E04,
1E04,
1E04,
1E04,
1E04,
1E04,
1E04,
1E04,
1E04,
1E04,
1E04,
1E04,
1E04,
1E04,
1E04,
1E04,
1E04,
1E04,
1E24,
1E24,
1E24,
1E24,
1E24,
1E24,
1E24,
1E24,
1E24,
1E24,
1E24,
1E24,
1E24,
1E24,
1E24,
1E24,
1E24,
1A24,
1A24,
1A24,
1A24,
1A24,
1A24,
1A24,
1A24,
1A24,
1A24,
1A24,
1A24,
1A24,
1A24,
1A24,
1A24,
1A24,
1A24,
1A24,
1A24,
1A24,
1A24,
1A24,
1A24,
1A24,
1A24,
1A24,
1A24,
1A24,
1A24,
1A24,
1A24,
1A24,
1A24,
1A24,
1A24,
1A24,
1A24,
1E04,
1E04,
1E04,
1E04,
1E04,
1E04,
1E04,
1E04,
1E04,
1E04,
1E04,
1E04,
1E04,
1E04,
1E04,
1E04,
1E04,
1E04,
1E24,
1E24,
1E24,
1E24,
1E24,
1E24,
1E24,
1E24,
1E24,
1E24,
1E24,
1E24,
1E24,
1E24,
1E24,
1E24,
1E24,
1E24,
1E24,
1E24,
1E24,
1E24,
1E24,
1E24,
1E24,
1E24,
1E24,
1E24,
1E24,
1E24,
1E24,
1E24,
1E24,
1E24,
1E24,
1E24,
1E24,
1E24,
1E24,
1E24,
1E24,
1E24,
1E24,
1E24,
1E24,
1E24,
1E24,
1E24,
1E24,
1E24,
1E24,
1E24,
1E24,
1E24,
1E24,
1E24,
1E24,
1E24,
1E24,
1E03,
1E04,
1E04,
1E04,
1E04,
1E04,
1E04,
1E04,
1E04,
1E04,
1E03,
1E03,
1E03,
1E03,
1E03,
1E03,
1E03,
1E03,
1E03,
1E03,
1E03,
1E03,
1E03,
1E03,
1E03,
1E03,
1E03,
1E03,
1E03,
1E04,
2204,
1DE4,
1DC3,
21A3,
1D62,
1501,
0C80,
0C60,
3142,
5248,
66AA,
6EA9,
6EA7,
6EA6,
6EA5,
6EC3,
6EC2,
72C2,
72E3,
72C2,
72C2,
72C2,
72C2,
72C3,
72E3,
72E3,
72E3,
72E3,
72E3,
72E3,
72E4,
72C6,
72C7,
6EC9,
6ACD,
6AD2,
564F,
3147,
2D27,
5251,
6318,
673A,
675B,
6B5B,
6B5C,
6B7B,
6B7B,
6B7B,
6F7B,
6F7B,
6F7C,
6F7B,
6F5B,
6F5B,
6F7B,
6F7C,
6F7C,
6F7C,
6F7C,
6F7B,
6F7B,
6F7B,
6F7B,
6F7C,
6F7C,
6F7C,
6F7C,
6F7C,
6F7C,
6F7B,
6F7B,
6F7B,
6F7B,
6F7B,
6F7A,
6F99,
7378,
5670,
3966,
49E6,
6267,
66A7,
66C7,
66C8,
5223,
3540,
3DA1,
5667,
5A69,
39A3,
2900,
3DA1,
4E46,
3DC3,
2520,
14C0,
10C0,
1501,
1522,
1963,
19A5,
19C5,
15C4,
15E3,
19E4,
1A04,
1A04,
1A04,
1E04,
1E04,
1E04,
1E04,
1A04,
1E04,
1E04,
1E04,
1E04,
1E04,
1E04,
1E04,
1E04,
1E04,
1E04,
1E04,
1E04,
1E04,
1E04,
1E04,
1E24,
1E24,
1E24,
1E24,
1E24,
1E24,
1E24,
1E24,
1E24,
1E24,
1E24,
1E24,
1E24,
1E24,
1E24,
1E24,
1E24,
1E24,
1E24,
1E24,
1E24,
1E24,
1E24,
1E24,
1E04,
1E24,
1E24,
1E24,
1A24,
1A24,
1A24,
1A24,
1A24,
1A24,
1A24,
1A24,
1A24,
1A24,
1A24,
1A24,
1A24,
1A24,
1A24,
1A24,
1A24,
1A24,
1A24,
1A24,
1A24,
1A24,
1A24,
1A24,
1A24,
1A24,
1A24,
1A24,
1A24,
1A24,
1A24,
1A24,
1A24,
1A24,
1A24,
1A24,
1A24,
1E04,
1E04,
1E04,
1E04,
1E04,
1E04,
1E04,
1E04,
1E04,
1E04,
1E04,
1E04,
1E04,
1E04,
1E04,
1E04,
1E24,
1E24,
1E24,
1E24,
1E24,
1E24,
1E24,
1E24,
1E24,
1E24,
1E24,
1E24,
1E24,
1E24,
1E24,
1E24,
1E24,
1E24,
1E24,
1E24,
1E24,
1E24,
1E24,
1E24,
1E24,
1E24,
1E24,
1E24,
1E24,
1E24,
1E24,
1E24,
1E24,
1E24,
1E24,
1E24,
1E24,
1E24,
1E24,
1E24,
1E24,
1E24,
1E24,
1E24,
1E24,
1E24,
1E24,
1E24,
1E24,
1E24,
1E24,
1E24,
1E24,
1E24,
1E24,
1E24,
1E24,
1E24,
1E24,
1E24,
1E24,
1E03,
1E03,
1E03,
1E03,
1E03,
1E04,
1E04,
1E04,
1E04,
1E04,
1E03,
1E03,
1E03,
1E03,
1E03,
1E03,
1E03,
1E03,
1E03,
1E03,
1E03,
1E03,
1E03,
1E03,
1E03,
1E03,
1E03,
1E03,
1E03,
1E04,
1E04,
1E04,
1DE3,
21C4,
25C4,
1D63,
10C0,
1480,
3984,
5A68,
66A9,
6AA7,
6EA6,
6EC5,
6EC4,
72C3,
72C2,
72C2,
72C2,
72C2,
72C2,
72C2,
72C2,
72C3,
72E3,
72E3,
72E3,
72C3,
72C3,
72E3,
72C4,
72C5,
72C6,
6EC7,
6ACA,
6ACE,
566D,
3587,
2D05,
41CD,
5AD6,
633A,
675B,
6B5B,
6B5C,
6B5B,
6B7B,
6B7B,
6B7B,
6F7B,
6F7C,
6F7C,
6F5B,
6F5B,
6F7B,
6F7C,
6F7C,
6F7C,
6F7C,
6F7C,
6F7C,
6F7C,
6F7C,
6F7C,
6F7C,
6F7C,
6F7C,
6F7B,
6F7B,
6F7B,
6F7B,
6F7B,
6F7B,
6F7B,
6F7A,
6F79,
6B36,
4A0C,
3966,
5227,
6267,
6686,
6AC8,
66A7,
45A1,
3120,
45C3,
5E89,
62CA,
4A05,
2900,
3120,
3562,
1CE0,
0C60,
0480,
1100,
1961,
1983,
21C5,
1DE5,
19E4,
19E4,
1A04,
1A04,
1A04,
1A04,
1A04,
1E04,
1E04,
1E04,
1A04,
1A04,
1A04,
1E04,
1E04,
1E04,
1E04,
1E04,
1E04,
1E04,
1E04,
1E04,
1E04,
1E04,
1E04,
1E04,
1E04,
1E24,
1E24,
1E24,
1E24,
1E24,
1E24,
1E24,
1E24,
1E24,
1E24,
1E24,
1E24,
1E24,
1E24,
1E24,
1E24,
1E24,
1E24,
1E24,
1E24,
1E24,
1E24,
1E24,
1E24,
1E04,
1E24,
1E24,
1E24,
1A24,
1A24,
1A24,
1A24,
1A24,
1A24,
1A24,
1A24,
1A24,
1A24,
1A24,
1A24,
1A24,
1A24,
1A24,
1A24,
1A24,
1A24,
1A24,
1A24,
1A24,
1A24,
1A24,
1A24,
1A24,
1A24,
1A24,
1A24,
1A24,
1A24,
1A24,
1A24,
1A24,
1A24,
1A24,
1A24,
1A24,
1E04,
1E04,
1E04,
1E04,
1E04,
1E04,
1E04,
1E04,
1E04,
1E04,
1E04,
1E04,
1E04,
1E04,
1E04,
1E04,
1E04,
1E24,
1E24,
1E24,
1E24,
1E24,
1E24,
1E24,
1E24,
1E24,
1E24,
1E24,
1E24,
1E24,
1E24,
1E24,
1E24,
1E24,
1E24,
1E24,
1E24,
1E24,
1E24,
1E24,
1E24,
1E24,
1E24,
1E24,
1E24,
1E24,
1E24,
1E24,
1E24,
1E24,
1E24,
1E24,
1E24,
1E24,
1E24,
1E24,
1E24,
1E24,
1E24,
1E24,
1E24,
1E24,
1E24,
1E24,
1E24,
1E24,
1E24,
1E24,
1E24,
1E24,
1E24,
1E24,
1E24,
1E24,
1E24,
1E24,
1E24,
1E03,
1E03,
1E03,
1E03,
1E04,
1E04,
1E04,
1E04,
1E04,
1E04,
1E03,
1E03,
1E03,
1E03,
1E03,
1E03,
1E03,
1E03,
1E03,
1E03,
1E03,
1E03,
1E03,
1E03,
1E03,
1E03,
1E03,
1E03,
1E04,
1E03,
1E04,
1E04,
2204,
25E4,
25E5,
2184,
10C0,
14A0,
3DA5,
5E89,
66A8,
6AA6,
6EA5,
6EC4,
72C3,
72C3,
72C3,
72C3,
72C3,
72C2,
72C3,
72E3,
72E2,
72E3,
72E3,
72E4,
72E4,
72E3,
72E4,
72E4,
72C4,
72C5,
72C6,
6EC7,
6EE9,
6AEC,
5EAD,
45E9,
2903,
2D27,
4A31,
6319,
6B5B,
6B5B,
6B5C,
6B5B,
6B5B,
6B5B,
6B7B,
6F7B,
6F7B,
6F7C,
6F7B,
6F7B,
6F7B,
6F7C,
6F7C,
6F7B,
6F7B,
6F7C,
6F7C,
6F7C,
6F7C,
6F7C,
6F7C,
6F7C,
6F7B,
6F7B,
6F7B,
6F7B,
6F7B,
6F7B,
6F7A,
6F7A,
6F7A,
6F78,
5ED2,
3989,
3966,
5A48,
6287,
66A6,
6AC8,
5E66,
3D60,
3100,
4DE6,
62A9,
6AEA,
5225,
28E0,
24C0,
24C1,
0C60,
0880,
0CE0,
1941,
1DA3,
1DC3,
1DE4,
1A04,
1A03,
1E03,
1A04,
1A04,
1A04,
1E04,
1E04,
1E04,
1E04,
1E04,
1E04,
1E04,
1E04,
1E04,
1E04,
1E04,
1E04,
1E04,
1E04,
1E04,
1E04,
1E04,
1E04,
1E04,
1E04,
1E04,
1E04,
1E24,
1E24,
1E24,
1E24,
1E24,
1E24,
1E24,
1E24,
1E24,
1E24,
1E24,
1E24,
1E24,
1E24,
1E24,
1E24,
1E24,
1E24,
1E24,
1E24,
1E24,
1E24,
1E24,
1E24,
1E24,
1E24,
1E24,
1E24,
1A24,
1A24,
1E24,
1E24,
1E24,
1E24,
1E24,
1A24,
1A24,
1A24,
1A24,
1A24,
1A24,
1A24,
1A24,
1A24,
1A24,
1A24,
1A24,
1A24,
1A24,
1A24,
1A24,
1A24,
1A24,
1A24,
1A24,
1A24,
1A24,
1A24,
1A24,
1A24,
1A24,
1A24,
1A24,
1A24,
1A24,
1E04,
1E04,
1E04,
1E04,
1E04,
1E04,
1E04,
1E04,
1E04,
1E04,
1E04,
1E04,
1E04,
1E04,
1E04,
1E04,
1E04,
1E24,
1E24,
1E24,
1E24,
1E24,
1E24,
1E24,
1E24,
1E24,
1E24,
1E24,
1E24,
1E24,
1E24,
1E24,
1E24,
1E24,
1E24,
1E24,
1E24,
1E24,
1E24,
1E24,
1E24,
1E24,
1E24,
1E24,
1E24,
1E24,
1E24,
1E24,
1E24,
1E24,
1E24,
1E24,
1E24,
1E24,
1E24,
1E24,
1E24,
1E24,
1E24,
1E24,
1E24,
1E24,
1E24,
1E24,
1E24,
1E24,
1E24,
1E24,
1E24,
1E24,
1E24,
1E24,
1E04,
1E04,
1E04,
1E04,
1E04,
1E03,
1E03,
1E03,
1E03,
1E04,
1E04,
1E04,
1E04,
1E04,
1E04,
1E03,
1E03,
1E03,
1E03,
1E03,
1E03,
1E03,
1E03,
1E03,
1E03,
1E03,
1E03,
1E03,
1E03,
1E03,
1E03,
1E03,
1E03,
1E03,
1E03,
1E03,
1E03,
1E03,
25E4,
25E5,
2183,
10A0,
1480,
41C6,
62AA,
66A9,
6AA6,
6EA5,
6EC4,
6EC3,
72C3,
72C3,
72C3,
72C3,
72C3,
72E3,
72E3,
72E2,
72C3,
72E4,
72E4,
72E4,
72E4,
72E4,
72E4,
72E4,
72C4,
72C5,
6EC6,
6EE8,
6AEB,
66CE,
526B,
3144,
20C3,
39AC,
5AF7,
6B5C,
6B5B,
6B5B,
6B5B,
6B5B,
6B5B,
6B7B,
6F7B,
6F7B,
6F7B,
6F7B,
6F7B,
6F7B,
6F7B,
6F7B,
6F7B,
6F7B,
6F7C,
6F7C,
6F7C,
6F7C,
6F7C,
6F7B,
6F7B,
6F7B,
6F7B,
6F7B,
6F7B,
6F7B,
6F7B,
6F7A,
6F7A,
6F7A,
6F57,
524E,
2D04,
3924,
5A48,
66A8,
6AC7,
6AA7,
5624,
3920,
3D42,
5648,
62A9,
66C9,
5245,
24E0,
1880,
18A0,
0C80,
10C0,
1520,
1D83,
21C4,
1DE3,
19E3,
1A04,
1A03,
1E03,
1A03,
1A04,
1E04,
1E04,
1E04,
1E04,
1E04,
1E04,
1E04,
1E04,
1E04,
1E04,
1E04,
1E04,
1E04,
1E24,
1E24,
1E24,
1E24,
1E04,
1E04,
1E04,
1E04,
1E24,
1E24,
1E24,
1E24,
1E24,
1E24,
1E24,
1E24,
1E24,
1E24,
1E24,
1E24,
1E24,
1E24,
1E24,
1E24,
1E24,
1E24,
1E24,
1E24,
1E24,
1E24,
1E24,
1E24,
1E24,
1E24,
1E24,
1E24,
1E24,
1E24,
1A24,
1A24,
1E24,
1E24,
1E24,
1E24,
1E24,
1A24,
1A24,
1A24,
1A24,
1A24,
1A24,
1A24,
1A24,
1A24,
1A24,
1A24,
1A24,
1A24,
1A24,
1A24,
1A24,
1A24,
1A24,
1A24,
1A24,
1A24,
1A24,
1A24,
1A24,
1A24,
1A24,
1A24,
1A24,
1A24,
1A24,
1E04,
1E04,
1E04,
1E04,
1E04,
1E04,
1E04,
1E04,
1E04,
1E04,
1E04,
1E04,
1E04,
1E04,
1E04,
1E04,
1E04,
1E24,
1E24,
1E24,
1E24,
1E24,
1E24,
1E24,
1E24,
1E24,
1E24,
1E24,
1E24,
1E24,
1E24,
1E24,
1E24,
1E24,
1E24,
1E24,
1E24,
1E24,
1E24,
1E24,
1E24,
1E24,
1E24,
1E24,
1E24,
1E24,
1E24,
1E24,
1E24,
1E24,
1E24,
1E24,
1E24,
1E24,
1E24,
1E24,
1E24,
1E24,
1E24,
1E24,
1E24,
1E24,
1E24,
1E24,
1E24,
1E24,
1E24,
1E24,
1E24,
1E24,
1E24,
1E24,
1E04,
1E04,
1E04,
1E04,
1E04,
1E04,
1E04,
1E04,
1E04,
1E04,
1E04,
1E04,
1E04,
1E04,
1E04,
1E03,
1E03,
1E03,
1E03,
1E03,
1E03,
1E03,
1E03,
1E03,
1E03,
1E03,
1E03,
1E03,
1E03,
1E03,
1E03,
1E03,
1E03,
1E03,
1E03,
1E03,
1E03,
1E03,
21E4,
25E4,
2183,
10C0,
18A0,
3DA5,
5A69,
6288,
6AA6,
6EA5,
6EC4,
6EC3,
72C3,
72C3,
72C3,
72C3,
72C3,
72E3,
72E3,
72E3,
72E3,
72E4,
72E4,
72E4,
72E4,
72E4,
72E4,
72E4,
72C4,
72C4,
6EE5,
6EE6,
6AE9,
66EC,
5A8B,
45C6,
2904,
2928,
4A52,
673A,
6B5B,
6B5B,
6B5B,
6B5B,
6B5B,
6B5B,
6B7B,
6B7B,
6F7B,
6F7B,
6F7B,
6F7B,
6F7B,
6F7B,
6F7B,
6F7B,
6F7C,
6F7C,
6F7C,
6F7C,
6F7C,
6F7B,
6F7B,
6F7B,
6F7B,
6F7B,
6F7B,
6F7B,
6F7B,
6F7A,
6F7A,
6F79,
62F4,
39A8,
24E1,
3D64,
5E48,
6AC9,
6EE7,
66A6,
4DC2,
3520,
45A4,
5E69,
62A8,
66C8,
5645,
2900,
1060,
10A0,
10E0,
1542,
1983,
1DC4,
1DE4,
19E3,
1E04,
1A04,
1A04,
1E04,
1E04,
1A04,
1E04,
1E04,
1E04,
1E04,
1E04,
1E04,
1E04,
1E04,
1E04,
1E04,
1E04,
1E04,
1E04,
1E24,
1E24,
1E24,
1E24,
1E04,
1E04,
1E04,
1E04,
1E24,
1E24,
1E24,
1E24,
1E24,
1E24,
1E24,
1E24,
1E24,
1E24,
1E24,
1E24,
1E24,
1E24,
1E24,
1E24,
1E24,
1E24,
1E24,
1E24,
1E24,
1E24,
1E24,
1E24,
1E24,
1E24,
1E24,
1E24,
1E24,
1E24,
1E24,
1E24,
1E24,
1E24,
1E24,
1E24,
1E24,
1A24,
1A24,
1A24,
1A24,
1A24,
1A24,
1A24,
1A24,
1A24,
1A24,
1A24,
1A24,
1A24,
1A24,
1A24,
1A24,
1A24,
1A24,
1A24,
1A24,
1A24,
1A24,
1A24,
1A24,
1A24,
1A24,
1A24,
1A24,
1A24,
1A24,
1E04,
1E04,
1E04,
1E04,
1E04,
1E04,
1E04,
1E04,
1E04,
1E04,
1E04,
1E04,
1E04,
1E04,
1E04,
1E04,
1E04,
1E24,
1E24,
1E24,
1E24,
1E24,
1E24,
1E24,
1E24,
1E24,
1E24,
1E24,
1E24,
1E24,
1E24,
1E24,
1E24,
1E24,
1E24,
1E24,
1E24,
1E24,
1E24,
1E24,
1E24,
1E24,
1E24,
1E24,
1E24,
1E24,
1E24,
1E24,
1E24,
1E24,
1E24,
1E24,
1E04,
1E04,
1E04,
1E04,
1E04,
1E04,
1E04,
1E04,
1E04,
1E04,
1E24,
1E24,
1E24,
1E24,
1E24,
1E24,
1E24,
1E24,
1E24,
1E24,
1E04,
1E04,
1E04,
1E04,
1E04,
1E04,
1E04,
1E04,
1E04,
1E04,
1E04,
1E04,
1E04,
1E04,
1E04,
1E24,
1E24,
1E24,
1E24,
1E24,
1E24,
1E24,
1E24,
1E24,
1E24,
1E03,
1E03,
1E03,
1E03,
1E03,
1E03,
1E03,
1E03,
1E03,
1E03,
1E03,
1E03,
1E03,
2204,
21E4,
1D83,
14E1,
14A0,
3163,
5248,
6288,
6AA6,
6EA5,
6EC4,
72C3,
72C3,
72C3,
72C3,
72C3,
72E3,
72E3,
72E3,
72E3,
72E3,
72E4,
72E4,
72E4,
72E4,
72E4,
72E4,
72E4,
72E4,
72E4,
72C5,
72C5,
6EE7,
6AE9,
66AA,
5A6A,
3D86,
24E4,
358B,
56B5,
673A,
6F7C,
6B5B,
6B5B,
6B5B,
6B5B,
6B5B,
6B7B,
6B7B,
6F7B,
6F7B,
6F7B,
6F7B,
6F7B,
6F7B,
6F7B,
6F7C,
6F7C,
6F7C,
6F7C,
6F7C,
6F7B,
6F7B,
6F7B,
6F7B,
6F7B,
6F7A,
6F7B,
6F7A,
6F5A,
6F5A,
6717,
49EC,
28E3,
3103,
51E7,
6669,
6EC9,
6EE7,
6265,
4180,
30E0,
4DE6,
62AA,
62A7,
66C7,
5245,
2500,
0C40,
10C0,
1941,
1D84,
1DC4,
19E4,
19E4,
1A04,
1A03,
1A04,
1A04,
1E04,
1E04,
1E04,
1E04,
1E04,
1E04,
1E04,
1E04,
1E04,
1E04,
1A23,
1E24,
1E24,
1E24,
1E24,
1E24,
1E24,
1E24,
1E24,
1E24,
1E24,
1E24,
1E04,
1E24,
1E24,
1E24,
1E24,
1E24,
1E24,
1E24,
1E24,
1E24,
1E24,
1E24,
1E24,
1E24,
1E24,
1E24,
1E24,
1E24,
1E24,
1E24,
1E24,
1E24,
1E24,
1E24,
1E24,
1E24,
1E24,
1E24,
1E24,
1E24,
1E24,
1E24,
1E24,
1E24,
1E24,
1E24,
1E24,
1E24,
1E24,
1A24,
1A24,
1A24,
1A24,
1A24,
1A24,
1A24,
1A24,
1A24,
1A24,
1A24,
1A24,
1A24,
1A24,
1A24,
1A24,
1A24,
1A24,
1A24,
1A24,
1A24,
1A24,
1A24,
1A24,
1A24,
1A24,
1A24,
1A24,
1A24,
1A24,
1E04,
1E04,
1E04,
1E04,
1E04,
1E04,
1E04,
1E04,
1E04,
1E04,
1E04,
1E04,
1E04,
1E04,
1E04,
1E04,
1E04,
1E04,
1E24,
1E24,
1E24,
1E23,
1E24,
1E24,
1E24,
1E24,
1E24,
1E24,
1E23,
1E24,
1E24,
1E24,
1E24,
1E24,
1E24,
1E24,
1E24,
1E24,
1E24,
1E04,
1E24,
1E23,
1E24,
1E24,
1E24,
1E24,
1E04,
1E24,
1E24,
1E24,
1E24,
1E24,
1E04,
1E04,
1E04,
1E04,
1E04,
1E04,
1E04,
1E04,
1E04,
1E04,
1E24,
1E24,
1E24,
1E24,
1E24,
1E24,
1E24,
1E24,
1E24,
1E24,
1E04,
1E04,
1E04,
1E04,
1E04,
1E04,
1E04,
1E04,
1E04,
1E04,
1E04,
1E04,
1E04,
1E04,
1E04,
1E24,
1E24,
1E24,
1E24,
1E24,
1E24,
1E24,
1E24,
1E24,
1E24,
1E03,
1E03,
1E03,
1E03,
1E03,
1E03,
1E03,
1E03,
1E03,
1E03,
1E03,
1E02,
1E03,
21E4,
21E4,
1D83,
1923,
14A0,
2502,
4E08,
62A9,
6AA6,
6EC5,
6EC4,
6EC3,
72C3,
72E3,
72E3,
72E3,
72E3,
72E4,
72E4,
72E3,
72E4,
72E4,
72E4,
72E4,
72E4,
72E4,
72E4,
72E4,
72E3,
72E3,
72E4,
72C5,
6EE6,
6EE8,
6EC9,
628A,
4A07,
2923,
2505,
39CD,
5EF8,
6F7D,
6B7C,
6B5C,
6B5B,
675B,
6B5B,
6B7B,
6B7B,
6B7B,
6B7B,
6B7B,
6B7B,
6F7B,
6F7B,
6F7B,
6F7C,
6F7C,
6F7C,
6F7C,
6F7C,
6F7C,
6F7C,
6F7C,
6F7B,
6F7B,
6F7A,
6F7A,
737B,
6F5B,
6B19,
4E51,
2D05,
24A0,
4165,
5E49,
6AA9,
6EE7,
6EE6,
5A42,
3520,
3500,
5A28,
66CA,
66C7,
62A6,
4A03,
20E0,
0C80,
1521,
2183,
21A5,
1DC4,
19E4,
1DE5,
1E04,
1A03,
1A04,
1E04,
1E04,
1E04,
1E04,
1E04,
1E04,
1E04,
1E04,
1E04,
1E04,
1A24,
1E04,
1E04,
1E24,
1E24,
1E24,
1E24,
1E24,
1E24,
1E24,
1E24,
1E24,
1E24,
1E04,
1E24,
1E24,
1E24,
1E24,
1E24,
1E24,
1E24,
1E24,
1E24,
1E24,
1E24,
1E24,
1E24,
1E24,
1E24,
1E24,
1E24,
1E24,
1E24,
1E24,
1E24,
1E24,
1E24,
1E24,
1E24,
1E24,
1E24,
1E24,
1E24,
1E24,
1E24,
1E24,
1E24,
1E24,
1E24,
1E24,
1E24,
1E24,
1A24,
1A24,
1A24,
1A24,
1A24,
1A24,
1A24,
1A24,
1A24,
1A24,
1A24,
1A24,
1A24,
1A24,
1A24,
1A24,
1A24,
1A24,
1A24,
1A24,
1A24,
1A24,
1A24,
1A24,
1A24,
1A24,
1A24,
1A24,
1A24,
1A24,
1E04,
1E04,
1E04,
1E04,
1E04,
1E04,
1E04,
1E04,
1E04,
1E04,
1E04,
1E04,
1E04,
1E04,
1E04,
1E04,
1E04,
1E04,
1E24,
1E24,
1E24,
1E23,
1E24,
1E24,
1E24,
1E24,
1E24,
1E24,
1E24,
1E24,
1E24,
1E24,
1E24,
1E24,
1E24,
1E24,
1E24,
1E24,
1E24,
1E04,
1E24,
1E24,
1E24,
1E24,
1E24,
1E24,
1E04,
1E24,
1E24,
1E24,
1E24,
1E24,
1E04,
1E04,
1E04,
1E04,
1E04,
1E04,
1E04,
1E04,
1E04,
1E04,
1E04,
1E04,
1E24,
1E24,
1E24,
1E24,
1E24,
1E24,
1E24,
1E24,
1E04,
1E04,
1E04,
1E04,
1E04,
1E04,
1E04,
1E04,
1E04,
1E04,
1E04,
1E04,
1E04,
1E04,
1E04,
1E24,
1E24,
1E24,
1E24,
1E24,
1E24,
1E24,
1E24,
1E24,
1E24,
1E03,
1E03,
1E03,
1E03,
1E03,
1E03,
1E03,
1E03,
1E03,
1E03,
1E03,
1E03,
1E03,
2204,
21E4,
2184,
1D43,
14A0,
18A0,
3142,
5646,
66A7,
6EA5,
6EC4,
6EC3,
72C3,
72E3,
72E3,
72E3,
72E3,
72E4,
72E4,
72E4,
72E4,
72E4,
72E4,
72E4,
72E4,
72E4,
72E4,
72E4,
72E3,
72E3,
6EE4,
72E4,
6EE5,
6EE6,
6EE7,
66C8,
5A68,
3DC6,
2503,
20E6,
5294,
739D,
6F7D,
6B7C,
6B5B,
675B,
6B5B,
6B5B,
6B5B,
6B7B,
6B7B,
6B7B,
6B7B,
6B7B,
6F7B,
6F7B,
6F7B,
6F7C,
6F7C,
6F7C,
6F7C,
6F7B,
6B7B,
6F7B,
6F7B,
6F7B,
6F7A,
737B,
737C,
6F5B,
5A95,
314A,
20A2,
3503,
51E7,
6689,
6EC8,
6EE7,
6AC5,
4DE1,
30E0,
3D61,
5E69,
66CA,
6AE8,
62A5,
3DC0,
1CC0,
0C80,
1542,
21A4,
21C5,
1DC4,
1DE5,
1DE5,
1E04,
1A04,
1A04,
1A04,
1E04,
1E04,
1E04,
1E04,
1E04,
1E04,
1E04,
1E04,
1E04,
1E04,
1E04,
1E04,
1E24,
1E24,
1E24,
1E24,
1E24,
1E24,
1E24,
1E24,
1E24,
1E24,
1E04,
1E24,
1E24,
1E24,
1E24,
1E24,
1E24,
1E24,
1E24,
1E24,
1E24,
1E24,
1E24,
1E24,
1E24,
1E24,
1E24,
1E24,
1E24,
1E24,
1E24,
1E24,
1E24,
1E24,
1E24,
1E24,
1E24,
1E24,
1E24,
1E24,
1E24,
1E24,
1E24,
1E24,
1E24,
1E24,
1E24,
1E24,
1E24,
1E24,
1A24,
1A24,
1A24,
1A24,
1A24,
1A24,
1A24,
1A24,
1A24,
1A24,
1A24,
1A24,
1A24,
1A24,
1A24,
1A24,
1A24,
1A24,
1A24,
1A24,
1A24,
1A24,
1A24,
1A24,
1A24,
1A24,
1A24,
1A24,
1A24,
1E04,
1E04,
1E04,
1E04,
1E04,
1E04,
1E04,
1E04,
1E04,
1E04,
1E04,
1E04,
1E04,
1E04,
1E04,
1E04,
1E04,
1E04,
1E24,
1E24,
1E24,
1E23,
1E24,
1E24,
1E24,
1E24,
1E24,
1E24,
1E24,
1E24,
1E24,
1E24,
1E24,
1E24,
1E24,
1E24,
1E24,
1E24,
1E24,
1E24,
1E24,
1E24,
1E24,
1E24,
1E24,
1E24,
1E24,
1E24,
1E24,
1E24,
1E24,
1E24,
1E04,
1E04,
1E04,
1E04,
1E04,
1E04,
1E04,
1E04,
1E04,
1E04,
1E04,
1E04,
1E04,
1E24,
1E24,
1E24,
1E24,
1E24,
1E24,
1E24,
1E04,
1E04,
1E04,
1E04,
1E04,
1E04,
1E04,
1E04,
1E04,
1E04,
1E04,
1E04,
1E04,
1E04,
1E04,
1E04,
1E04,
1E24,
1E23,
1E23,
1E24,
1E24,
1E24,
1E24,
1E24,
1E03,
1E03,
1E03,
1E03,
1E03,
1E03,
1E03,
1E03,
1E03,
1E03,
1E03,
1E03,
1E03,
2204,
21E4,
2184,
1D43,
14A0,
1060,
1880,
3521,
5204,
6666,
6EC6,
6EC4,
6EC3,
6EC3,
72E3,
6EE3,
72E3,
72E3,
72E3,
72E4,
72E4,
72E4,
72E4,
72E4,
72E4,
72E4,
72E3,
72E3,
72E3,
6EE3,
6EE4,
72E4,
6EE4,
6EE5,
6EE6,
6AE8,
66C9,
5AAA,
3DC7,
2504,
39AD,
5295,
6319,
6B7B,
6B7C,
6B5C,
6B5B,
675B,
6B5B,
6B5B,
6B7B,
6B5B,
6B7B,
6B7B,
6B7B,
6B7B,
6B7B,
6F7C,
6F7C,
6F7C,
6F7C,
6B7B,
6B7B,
6B7B,
6F7B,
6F7B,
739B,
737B,
6718,
5252,
2929,
1462,
28E3,
49A7,
6269,
6EC9,
6EC8,
72E8,
6686,
4180,
3100,
49C3,
628A,
66CA,
6AE8,
62A6,
41E0,
2100,
10A0,
1942,
21A5,
21C5,
1DE5,
1E05,
1E05,
1E05,
1E04,
1A04,
1A04,
1E04,
1E04,
1E04,
1E04,
1E04,
1E04,
1E04,
1E04,
1E04,
1E04,
1E04,
1E04,
1E24,
1E24,
1E24,
1E24,
1E24,
1E24,
1E24,
1E24,
1E24,
1E24,
1E24,
1E24,
1E24,
1A24,
1E24,
1E24,
1E24,
1E24,
1E24,
1E24,
1E24,
1E24,
1E24,
1E24,
1E24,
1E24,
1E24,
1E24,
1E24,
1E24,
1E24,
1E24,
1E24,
1E24,
1E24,
1E24,
1E24,
1E24,
1E24,
1E24,
1E24,
1E24,
1E24,
1E24,
1E24,
1E24,
1E24,
1E24,
1E24,
1E24,
1A24,
1A24,
1A24,
1A24,
1A24,
1A24,
1A24,
1A24,
1A24,
1A24,
1A24,
1A24,
1A24,
1A24,
1A24,
1A24,
1A24,
1A24,
1A24,
1A24,
1A24,
1A24,
1A24,
1A24,
1A24,
1A24,
1A24,
1A24,
1A24,
1E04,
1E04,
1E04,
1E04,
1E04,
1E04,
1E04,
1E04,
1E04,
1E04,
1E04,
1E04,
1E04,
1E04,
1E04,
1E04,
1E04,
1E24,
1E24,
1E24,
1E24,
1E24,
1E24,
1E24,
1E24,
1E24,
1E24,
1E24,
1E24,
1E24,
1E24,
1E24,
1E24,
1E24,
1E24,
1E24,
1E24,
1E24,
1E24,
1E24,
1E24,
1E24,
1E24,
1E24,
1E24,
1E24,
1E24,
1E24,
1E24,
1E24,
1E24,
1E24,
1E04,
1E04,
1E04,
1E04,
1E04,
1E04,
1E04,
1E04,
1E04,
1E04,
1E04,
1E04,
1E04,
1E24,
1E24,
1E24,
1E24,
1E24,
1E24,
1E24,
1E04,
1E04,
1E04,
1E04,
1E04,
1E04,
1E04,
1E04,
1E04,
1E04,
1E04,
1E04,
1E04,
1E04,
1E04,
1E04,
1E04,
1E24,
1E24,
1E24,
1E24,
1E24,
1E24,
1E24,
1E24,
1E03,
1E03,
1E03,
1E03,
1E03,
1E03,
1E03,
1E03,
1E03,
1E03,
1E03,
1E03,
1E03,
21E4,
21C4,
1D84,
1923,
18E2,
1CC2,
1880,
1C80,
3921,
5A04,
6685,
6EC4,
6EC3,
6EC3,
6EE3,
6EE3,
72E3,
72E3,
72E3,
72E4,
72E4,
72E3,
72E3,
72E3,
72E3,
72E3,
72E3,
72E3,
72E3,
72E3,
72E3,
72E3,
72E3,
72E4,
6EC6,
6EC7,
6EE8,
6F0B,
5EAC,
41E9,
2947,
2529,
4211,
5AF7,
673A,
6B5B,
6B5B,
6B5B,
6B5B,
6B5B,
6B5B,
6B5B,
6B7B,
6B7B,
6B7B,
6B7B,
6B7B,
6B7B,
6B7B,
6B7B,
6F7B,
6B7B,
6B7B,
6B5B,
6B5A,
6F5B,
737B,
5EB6,
39AD,
1CA4,
0C41,
2905,
4DEA,
626B,
6AA9,
6EC8,
6EC8,
6EE8,
5624,
3500,
3521,
5606,
66AA,
66A9,
6AC7,
66C7,
4E43,
2D60,
14E0,
1521,
1D84,
1DC5,
1DE5,
19E5,
19E5,
19E4,
1A04,
1A04,
1E04,
1E04,
1E04,
1E04,
1E04,
1E04,
1E04,
1E04,
1E04,
1E04,
1E04,
1E04,
1E04,
1E24,
1E24,
1E24,
1E24,
1E24,
1E24,
1E24,
1E24,
1E24,
1E24,
1E24,
1E24,
1E24,
1A24,
1E24,
1E24,
1E24,
1E24,
1E24,
1E24,
1E24,
1E24,
1E24,
1E24,
1E24,
1E24,
1E24,
1E24,
1E24,
1E24,
1E24,
1E24,
1E24,
1E24,
1E24,
1E24,
1E24,
1E24,
1E24,
1E24,
1E24,
1E24,
1E24,
1E24,
1E24,
1E24,
1E24,
1E24,
1E24,
1E24,
1E24,
1A24,
1A24,
1A24,
1A24,
1A24,
1A24,
1A24,
1A24,
1A24,
1A24,
1A24,
1A24,
1A24,
1A24,
1A24,
1A24,
1A24,
1A24,
1A24,
1A24,
1A24,
1A24,
1A24,
1A24,
1A24,
1A24,
1A24,
1A24,
1E04,
1E04,
1E04,
1E04,
1E04,
1E04,
1E04,
1E04,
1E04,
1E04,
1E04,
1E04,
1E04,
1E04,
1E04,
1E04,
1E04,
1E24,
1E24,
1E24,
1E24,
1E24,
1E24,
1E24,
1E24,
1E24,
1E24,
1E24,
1E24,
1E24,
1E24,
1E24,
1E24,
1E24,
1E24,
1E24,
1E24,
1E24,
1E24,
1E24,
1E24,
1E24,
1E24,
1E24,
1E24,
1E24,
1E24,
1E24,
1E24,
1E24,
1E24,
1E24,
1E04,
1E04,
1E04,
1E04,
1E04,
1E04,
1E04,
1E04,
1E04,
1E04,
1E04,
1E04,
1E04,
1E24,
1E24,
1E24,
1E24,
1E24,
1E24,
1E24,
1E04,
1E04,
1E04,
1E04,
1E04,
1E04,
1E04,
1E04,
1E04,
1E04,
1E04,
1E04,
1E04,
1E04,
1E04,
1E04,
1E04,
1E04,
1E24,
1E24,
1E24,
1E24,
1E24,
1E24,
1E24,
1E03,
1E03,
1E03,
1E03,
1E03,
1E03,
1E03,
1E03,
1E03,
1E03,
1E03,
1E03,
1E03,
21E4,
21C4,
1D84,
1923,
1D24,
2525,
24E3,
1880,
24A0,
4161,
5202,
6263,
6AC4,
6EC4,
6EC4,
6EE4,
6EE3,
6EE3,
6EE3,
72E3,
72E3,
72E3,
72E3,
72E3,
72E3,
72E3,
72E3,
72E3,
72E3,
72E3,
72E2,
72E3,
72E2,
72E3,
72C5,
72C6,
6EC8,
6AEA,
6F2D,
5AAC,
35A7,
18E4,
2528,
3DEF,
4E94,
5AF7,
673A,
675B,
675A,
6B5A,
6B5A,
6B5B,
6B7B,
6B7B,
6B7B,
6F7B,
6F7B,
6F7B,
6F7B,
6F7B,
6F7B,
6F7B,
6F7B,
6B7B,
6F5A,
6B39,
5695,
316B,
1462,
1040,
28E4,
4E0B,
62AD,
6AAA,
6AA8,
6AC7,
6EC7,
6AA6,
49C1,
30E0,
4181,
5E47,
66A9,
66C7,
66C5,
66C5,
5A85,
3DC2,
1D00,
10C0,
1521,
1582,
15A3,
15A4,
15C4,
15E3,
1A04,
1A05,
1E04,
1E04,
1E04,
1E04,
1E04,
1E04,
1E04,
1E04,
1E04,
1E04,
1E04,
1A04,
1A04,
1E04,
1E04,
1E04,
1E04,
1E24,
1E24,
1E24,
1E24,
1E24,
1E24,
1E24,
1E24,
1A24,
1A24,
1A24,
1A24,
1A24,
1A24,
1E24,
1E24,
1E24,
1E24,
1E24,
1E24,
1E24,
1E24,
1E24,
1E24,
1E24,
1E24,
1E24,
1E24,
1E24,
1E24,
1E24,
1E24,
1E24,
1E24,
1E24,
1E24,
1E24,
1E24,
1E24,
1E24,
1E24,
1E24,
1E24,
1E24,
1E24,
1E24,
1E24,
1A24,
1A24,
1A24,
1A24,
1A24,
1A24,
1A24,
1A24,
1A24,
1A24,
1A24,
1A24,
1A24,
1A24,
1A24,
1A24,
1A24,
1A24,
1A24,
1A24,
1A24,
1A24,
1A24,
1A24,
1A24,
1A24,
1A24,
1A24,
1E04,
1E04,
1E04,
1E04,
1E04,
1E04,
1E04,
1E04,
1E04,
1E04,
1E24,
1E24,
1E04,
1E04,
1E24,
1E24,
1E24,
1E24,
1E24,
1E24,
1E24,
1E24,
1E24,
1E24,
1E24,
1E24,
1E24,
1E24,
1E24,
1E24,
1E24,
1E24,
1E24,
1E24,
1E24,
1E24,
1E24,
1E24,
1E24,
1E24,
1E24,
1E24,
1E24,
1E24,
1E24,
1E24,
1E24,
1E24,
1E24,
1E24,
1E24,
1E24,
1E04,
1E04,
1E04,
1E04,
1E04,
1E04,
1E04,
1E04,
1E04,
1E04,
1E04,
1E04,
1E04,
1E24,
1E24,
1E24,
1E24,
1E24,
1E24,
1E24,
1E04,
1E04,
1E04,
1E04,
1E04,
1E04,
1E04,
1E04,
1E04,
1E04,
1E04,
1E04,
1E04,
1E04,
1E04,
1E04,
1E04,
1E04,
1E04,
1E04,
1E24,
1E24,
1E24,
1E24,
1E24,
1E03,
1E03,
1E03,
1E03,
1E03,
1E03,
1E03,
1E03,
1E03,
1E03,
1E03,
1E03,
1E03,
21E4,
21C4,
1D84,
1502,
14E2,
2104,
24E3,
20A0,
2080,
24A0,
3120,
45A0,
5622,
6684,
6EC6,
6EC5,
72E4,
6EE3,
72E3,
72E3,
72E3,
72E3,
72E3,
72E3,
72E3,
72E3,
72E3,
6EE3,
6EE3,
6EE3,
72E3,
72E3,
72E3,
72E3,
72E4,
72C5,
72C6,
6EE7,
6F0A,
6B0C,
528B,
3587,
2925,
24E5,
2D48,
3DED,
4E72,
5AD5,
5F18,
6339,
6B5A,
6B5B,
6B5B,
6B7B,
6B7B,
6B7B,
6B7B,
6F7B,
6F7B,
6F7B,
6F9C,
739C,
6F7C,
6B5B,
5EF7,
4A11,
2908,
1020,
1020,
28E2,
45C8,
5E6B,
62AA,
66A7,
6AA6,
6AC6,
6EC7,
6685,
4580,
3520,
4DE3,
6288,
6AC8,
6AC7,
66C5,
66E4,
62C5,
5266,
3DC4,
2120,
10E0,
0900,
0501,
0901,
0D41,
0D81,
11A2,
15C3,
15E3,
19E3,
1A04,
1E04,
1E04,
1E04,
1E04,
1E04,
1E04,
1E04,
1A04,
1E04,
1E04,
1E04,
1E04,
1E04,
1E04,
1E24,
1E24,
1E24,
1E24,
1E24,
1E24,
1E24,
1E24,
1A24,
1A23,
1A24,
1A24,
1A24,
1A24,
1E24,
1E24,
1E24,
1E24,
1E24,
1E24,
1E24,
1E24,
1E24,
1E24,
1E24,
1E24,
1E24,
1E24,
1E24,
1E24,
1E24,
1E24,
1E24,
1E24,
1E24,
1E24,
1E24,
1E24,
1E24,
1E24,
1E24,
1E24,
1E24,
1E24,
1E24,
1E24,
1E24,
1A24,
1A24,
1A24,
1A24,
1A24,
1A24,
1A24,
1A24,
1A24,
1A24,
1A24,
1A24,
1A24,
1A24,
1A24,
1A24,
1A24,
1A24,
1A24,
1A24,
1A24,
1A24,
1A24,
1A24,
1A24,
1A24,
1A24,
1A24,
1E04,
1E04,
1E04,
1E04,
1E04,
1E04,
1E04,
1E04,
1E04,
1E04,
1E24,
1E24,
1E24,
1E24,
1E24,
1E24,
1E24,
1E24,
1E24,
1E24,
1E24,
1E24,
1E24,
1E24,
1E24,
1E24,
1E24,
1E24,
1E24,
1E24,
1E24,
1E24,
1E24,
1E24,
1E24,
1E24,
1E24,
1E24,
1E24,
1E24,
1E24,
1E24,
1E24,
1E24,
1E24,
1E24,
1E24,
1E24,
1E24,
1E24,
1E24,
1E24,
1E04,
1E04,
1E04,
1E04,
1E04,
1E04,
1E04,
1E04,
1E04,
1E04,
1E04,
1E04,
1E04,
1E24,
1E24,
1E24,
1E24,
1E24,
1E24,
1E24,
1E04,
1E04,
1E04,
1E04,
1E04,
1E04,
1E04,
1E04,
1E04,
1E04,
1E04,
1E04,
1E04,
1E04,
1E04,
1E04,
1E04,
1E04,
1E04,
1E04,
1E24,
1E24,
1E24,
1E24,
1E24,
1E03,
1E03,
1E03,
1E03,
1E03,
1E03,
1E03,
1E03,
1E03,
1E03,
1E03,
1E03,
1E04,
21E4,
1DC4,
1543,
0CC0,
0C80,
18C2,
2924,
3545,
3103,
20A0,
2080,
24A0,
3520,
4DC2,
5E43,
6683,
6EC3,
72E3,
72E4,
72E3,
72E2,
72E2,
72E3,
72E3,
6EE3,
6EE3,
6EE3,
6EE3,
6EE3,
6EE3,
72E3,
72E3,
72E3,
72E3,
72E3,
72E3,
72C4,
72C6,
6EE7,
6AE9,
66EB,
5EAC,
4A0A,
2D44,
1CE2,
1CE3,
2526,
35AB,
4210,
4A52,
4E94,
56B5,
5AD7,
6339,
675A,
675A,
6B5A,
6B7B,
6F7B,
6F9B,
6F7B,
6739,
5EF6,
5273,
316A,
1063,
0800,
1460,
3545,
5209,
5E8A,
6289,
62A7,
66A6,
66A5,
6AC6,
6EC6,
6264,
4160,
3920,
5204,
66A7,
6EC7,
6AE7,
6AC6,
6AE5,
6B07,
6AE9,
62CB,
4627,
1D00,
08A0,
0080,
0060,
00A0,
00E0,
0120,
0540,
0D81,
11C2,
15E3,
19E3,
1A04,
1E04,
1E04,
1E04,
1E04,
1E04,
1E04,
1E04,
1E04,
1E04,
1E04,
1E04,
1E04,
1E24,
1E24,
1E24,
1E24,
1E24,
1E24,
1E24,
1E24,
1A24,
1A24,
1A24,
1A24,
1A24,
1A24,
1E24,
1E24,
1E24,
1E24,
1E24,
1E24,
1E24,
1E24,
1E24,
1E24,
1E24,
1E24,
1E24,
1E24,
1E24,
1E24,
1E24,
1E24,
1E24,
1E24,
1E24,
1E24,
1E24,
1E24,
1E24,
1E24,
1E24,
1E24,
1E24,
1E24,
1E24,
1E24,
1E24,
1A24,
1A24,
1A24,
1A24,
1A24,
1A24,
1A24,
1A24,
1A24,
1A24,
1A24,
1A24,
1A24,
1A24,
1A24,
1A24,
1A24,
1A24,
1A24,
1A24,
1A24,
1A24,
1A24,
1A24,
1A24,
1A24,
1A24,
1A24,
1E04,
1E04,
1E04,
1E04,
1E04,
1E04,
1E04,
1E04,
1E04,
1E04,
1E24,
1E24,
1E24,
1E24,
1E24,
1E24,
1E24,
1E24,
1E24,
1E24,
1E24,
1E24,
1E24,
1E24,
1E24,
1E24,
1E24,
1E24,
1E24,
1E24,
1E24,
2224,
1E24,
1E24,
1E24,
1E24,
1E24,
1E24,
1E24,
1E24,
1E24,
1E24,
1E24,
1E24,
1E24,
1E24,
1E24,
1E24,
1E24,
1E24,
1E24,
1E24,
1E04,
1E04,
1E04,
1E04,
1E04,
1E04,
1E04,
1E04,
1E04,
1E04,
1E04,
1E04,
1E04,
1E24,
1E24,
1E24,
1E24,
1E24,
1E24,
1E24,
1E04,
1E04,
1E04,
1E04,
1E04,
1E04,
1E04,
1E04,
1E04,
1E04,
1E04,
1E04,
1E04,
1E04,
1E04,
1E04,
1E04,
1E04,
1E04,
1E04,
1E04,
1E04,
1E04,
1E04,
1E04,
1E03,
1E03,
1E03,
1E03,
1E04,
1E03,
1E03,
1E03,
1E03,
1E03,
1E03,
1E03,
1E04,
1DE4,
1983,
1101,
0460,
0880,
2103,
39A7,
4A0A,
49EA,
3545,
24A0,
1C60,
1C60,
24A0,
3520,
4180,
5602,
6284,
6AA5,
6EC4,
6EC3,
6EE2,
6EC2,
6EC2,
6EE3,
6EE3,
72E3,
72E3,
72E3,
72E3,
6EE3,
72E3,
72E3,
72E3,
72E2,
72E2,
72E3,
72C5,
6EC6,
6AC6,
6AE8,
66EA,
62CB,
566A,
4608,
3166,
2524,
20E4,
1CE5,
1CE6,
2107,
2D6A,
39CE,
4631,
4E73,
56B5,
56B6,
5AD6,
5AD6,
56B4,
4A30,
35AC,
2527,
18A3,
1040,
1020,
24C3,
3DA8,
564C,
628C,
6ACA,
66C8,
66A7,
66A5,
6AC5,
6EC6,
6AC6,
5A22,
3940,
3D61,
5626,
66A7,
6EC7,
6AE6,
6AE6,
6AE6,
6B07,
66C7,
5A88,
4A28,
2962,
10E0,
04C0,
00A0,
00E0,
0520,
0540,
0540,
0D80,
11C2,
15C2,
15E3,
1A04,
1E04,
1E04,
1E04,
1E04,
1E04,
1E04,
1E04,
1E04,
1E04,
1E04,
1E04,
1E04,
1E24,
1E24,
1E24,
1E24,
1E24,
1E24,
1E24,
1E24,
1E24,
1A24,
1A24,
1A24,
1E24,
1E24,
1E24,
1E04,
1E04,
1E04,
1E04,
1E04,
1E04,
1E04,
1E04,
1E04,
1E04,
1E04,
1E04,
1E04,
1E04,
1E04,
1E04,
1E04,
1E04,
1E04,
1E04,
1E24,
1E24,
1E24,
1E24,
1E24,
1E24,
1E24,
1E24,
1E24,
1E24,
1E24,
1E24,
1A24,
1A24,
1A24,
1A24,
1A24,
1A24,
1A24,
1A24,
1A24,
1A24,
1A24,
1A24,
1A24,
1A24,
1A24,
1A24,
1A24,
1A24,
1A24,
1A24,
1A24,
1A24,
1A24,
1A24,
1A24,
1A24,
1A24,
1A24,
1E04,
1E04,
1E04,
1E04,
1E04,
1E04,
1E04,
1E04,
1E04,
1E04,
1E24,
1E24,
1E24,
1E24,
1E24,
1E24,
1E24,
1E24,
1E24,
1E24,
1E24,
1E24,
1E24,
1E24,
1E24,
1E24,
1E24,
1E24,
1E24,
1E24,
1E24,
1E24,
1E24,
1E24,
1E24,
1E24,
1E24,
1E24,
1E24,
1E24,
1E24,
1E24,
1E24,
1E24,
1E24,
1E24,
1E24,
1E24,
1E24,
1E24,
1E24,
1E24,
1E04,
1E04,
1E04,
1E04,
1E04,
1E04,
1E04,
1E04,
1E04,
1E04,
1E04,
1E04,
1E04,
1E24,
1E24,
1E24,
1E24,
1E24,
1E24,
1E24,
1E04,
1E04,
1E04,
1E04,
1E04,
1E04,
1E04,
1E04,
1E04,
1E04,
1E04,
1E04,
1E04,
1E04,
1E04,
1E04,
1E04,
1E04,
1E04,
1E04,
1E04,
1E04,
1E04,
1E24,
1E24,
1E03,
1E03,
1E03,
1E03,
1E03,
1E03,
1E03,
1E03,
1E03,
1E03,
1E04,
1E04,
2204,
19A4,
1141,
08C0,
0460,
14C1,
35A8,
4A2B,
524C,
524B,
4E09,
45A6,
3523,
24A1,
1840,
1840,
1C60,
2CE0,
3D81,
4DE1,
5642,
5E62,
62A2,
6AC3,
6AE3,
6EE4,
6EE4,
72E4,
72E3,
72E3,
72E3,
72E3,
6EE3,
6EE2,
72E2,
72E2,
72E2,
72E3,
6EC4,
6EC4,
6EC4,
6AC5,
6AE6,
6AE8,
66EA,
62CD,
5A8C,
4A2A,
39A7,
2505,
18C2,
1482,
1482,
1482,
18A4,
20C6,
24E7,
24E7,
2508,
2507,
24E6,
18A3,
1061,
0C20,
1020,
24C2,
3946,
49C9,
5A4C,
668D,
6AAB,
6AC8,
6EC7,
6AC6,
6EC5,
6EC5,
72E6,
6AC6,
4DE1,
3500,
45A3,
5E47,
66A7,
6EC7,
6EE6,
6EE6,
66C4,
5E83,
5222,
41C3,
3162,
2121,
1921,
1542,
1562,
1582,
15A2,
15C2,
11A1,
11C2,
15E3,
1A03,
1A04,
1A04,
1E04,
1E04,
1E04,
1E04,
1E04,
1E04,
1E04,
1E04,
1E04,
1E04,
1E04,
1E04,
1E24,
1E24,
1E24,
1E24,
1E24,
1E24,
1E24,
1E24,
1E24,
1A24,
1A24,
1A24,
1E24,
1E24,
1E24,
1E04,
1E04,
1E04,
1E04,
1E04,
1E04,
1E04,
1E04,
1E04,
1E04,
1E04,
1E04,
1E04,
1E04,
1E04,
1E04,
1E04,
1E04,
1E04,
1E04,
1E24,
1E24,
1E24,
1E24,
1E24,
1E24,
1E24,
1E24,
1E24,
1E24,
1E24,
1E24,
1A24,
1A24,
1A24,
1A24,
1A24,
1A24,
1A24,
1A24,
1A24,
1A24,
1A24,
1A24,
1A24,
1A24,
1A24,
1A24,
1A24,
1A24,
1A24,
1A24,
1A24,
1A24,
1A24,
1A24,
1A24,
1A24,
1A24,
1A24,
1E04,
1E04,
1E04,
1E04,
1E04,
1E04,
1E04,
1E04,
1E04,
1E04,
1E24,
1E24,
1E24,
1E24,
1E24,
1E24,
1E24,
1E24,
1E24,
1E24,
1E24,
1E24,
1E24,
1E24,
1E24,
1E24,
1E24,
1E24,
1E24,
1E24,
1E24,
1E24,
1E24,
1E24,
1E24,
1E24,
1E24,
1E24,
1E24,
1E24,
1E24,
1E24,
1E24,
1E24,
1E24,
1E24,
1E24,
1E24,
1E24,
1E24,
1E24,
1E24,
1E04,
1E04,
1E04,
1E04,
1E04,
1E04,
1E04,
1E04,
1E04,
1E04,
1E04,
1E04,
1E04,
1E24,
1E24,
1E24,
1E24,
1E24,
1E24,
1E24,
1E04,
1E04,
1E04,
1E04,
1E04,
1E04,
1E04,
1E04,
1E04,
1E04,
1E04,
1E04,
1E04,
1E04,
1E04,
1E04,
1E04,
1E04,
1E04,
1E04,
1E04,
1E04,
1E24,
1E24,
1E24,
1E03,
1E03,
1E03,
1E03,
1E03,
1E03,
1E03,
1E03,
1E04,
1E04,
1E04,
1DE4,
1DC4,
1562,
0CE0,
08A0,
14C0,
2D86,
420A,
4E4B,
524B,
524A,
564A,
5A4A,
5229,
45C7,
3544,
24C1,
1840,
1840,
2080,
28C0,
2CE0,
3940,
45A0,
4E01,
5642,
5A62,
6282,
66A2,
6EC3,
72E3,
72E4,
72E3,
6EE3,
6EE3,
6EE3,
6EE3,
72E3,
72E3,
72E3,
6EE3,
6EE3,
6EE3,
6EE4,
6EC6,
6AC7,
66EA,
66EC,
66ED,
5ECD,
526B,
4A2A,
3DC9,
3146,
24E4,
1882,
1461,
1460,
1481,
1881,
1881,
1880,
20E3,
2D25,
3146,
3DA7,
4E09,
5E6B,
628C,
66AB,
6AAA,
6EA8,
6EC7,
6EC6,
6EC6,
6EC5,
6EE5,
7306,
6AC5,
49A0,
3D40,
51E5,
6689,
66A7,
6EE7,
72E7,
6AA5,
5641,
41A0,
3560,
2D20,
2100,
1D20,
1962,
1DA4,
21C4,
21E5,
1E04,
1A04,
19E4,
1A04,
1A04,
1A04,
1A04,
1A04,
1E04,
1E04,
1E04,
1E04,
1E04,
1A04,
1A04,
1E04,
1E24,
1E24,
1E24,
1E24,
1E24,
1E24,
1E24,
1E24,
1E24,
1E24,
1E24,
1E24,
1E24,
1A24,
1A24,
1E24,
1E24,
1E24,
1E24,
1E24,
1E24,
1E24,
1E24,
1E24,
1E24,
1E24,
1E24,
1E24,
1E24,
1E24,
1E24,
1E24,
1E24,
1E24,
1E24,
1E24,
1E24,
1E24,
1E24,
1E24,
1E24,
1E24,
1E24,
1E24,
1E24,
1E24,
1E24,
1E24,
1E24,
1E24,
1E24,
1A24,
1A24,
1A24,
1A24,
1A24,
1A24,
1A24,
1A24,
1A24,
1A24,
1A24,
1A24,
1A24,
1A24,
1A24,
1A24,
1A24,
1A24,
1A24,
1A24,
1A24,
1A24,
1A24,
1A24,
1A24,
1A24,
1A24,
1A24,
1E04,
1E04,
1E04,
1E04,
1E04,
1E04,
1E04,
1E04,
1E04,
1E04,
1E24,
1E24,
1E24,
1E24,
1E24,
1E24,
1E24,
1E24,
1E24,
1E24,
1E24,
1E24,
1E24,
1E04,
1E24,
1E24,
1E24,
1E24,
1E24,
1E24,
1E24,
1E24,
1E24,
1E24,
1E24,
1E24,
1E24,
1E24,
1E24,
1E24,
1E24,
1E24,
1E24,
1E24,
1E24,
1E24,
1E24,
1E24,
1E24,
1E24,
1E24,
1E24,
1E04,
1E04,
1E04,
1E04,
1E04,
1E04,
1E04,
1E04,
1E04,
1E04,
1E04,
1E04,
1E04,
1E24,
1E24,
1E24,
1E24,
1E24,
1E24,
1E24,
1E04,
1E04,
1E04,
1E04,
1E04,
1E04,
1E04,
1E04,
1E04,
1E04,
1E04,
1E04,
1E04,
1E04,
1E04,
1E04,
1E04,
1E04,
1E04,
1E04,
1E04,
1E04,
1E24,
1E24,
1E24,
1E03,
1E03,
1E03,
1E03,
1E03,
1E03,
1E03,
1E03,
1E04,
1E04,
1E04,
21E4,
1983,
0D20,
08C0,
10C0,
2965,
420A,
4A2B,
4E2B,
4E2B,
524A,
564A,
564A,
5A4B,
5A4B,
520A,
45A7,
3D65,
3102,
24A0,
1C60,
1C40,
2060,
2080,
28C0,
2CE0,
3120,
3960,
41A0,
49E1,
5621,
5A41,
5E61,
62A1,
6AC3,
6AC3,
6EE4,
72E4,
72E4,
72E4,
6EE3,
6EE3,
6EE3,
6EE3,
6EC4,
6AC6,
6AE7,
66E9,
6AEA,
6B0C,
670D,
66EE,
62CF,
5EAE,
566D,
4E2C,
45E9,
45E9,
49E9,
49E9,
45E8,
45E8,
524B,
5EAD,
5EAD,
62CD,
6ACD,
6AEC,
6EEB,
6AC9,
6AC8,
6EC7,
6EC6,
6EC4,
6EE4,
6EE4,
6EE4,
7305,
6AC4,
49C0,
49A1,
6267,
66A8,
66A7,
6AC6,
66A4,
5222,
3D81,
2D20,
20E0,
2100,
2961,
2582,
21A3,
21C5,
21E5,
1DE5,
1DE5,
1A05,
1A05,
1A04,
1A04,
1A04,
1A04,
1E04,
1E04,
1E04,
1E04,
1E04,
1E04,
1A04,
1A04,
1E04,
1E24,
1E24,
1E24,
1E24,
1E24,
1E24,
1E24,
1E24,
1E24,
1E24,
1E24,
1E24,
1E24,
1A24,
1A24,
1E24,
1E24,
1E24,
1E24,
1E24,
1E24,
1E24,
1E24,
1E24,
1E24,
1E24,
1E24,
1E24,
1E24,
1E24,
1E24,
1E24,
1E24,
1E24,
1E24,
1E24,
1E24,
1E24,
1E24,
1E24,
1E24,
1E24,
1E24,
1E24,
1E24,
1E24,
1E24,
1E24,
1E24,
1E24,
1E24,
1A24,
1A24,
1A24,
1A24,
1A24,
1A24,
1A24,
1A24,
1A24,
1A24,
1A24,
1A24,
1A24,
1A24,
1A24,
1A24,
1A24,
1A24,
1A24,
1A24,
1A24,
1A24,
1A24,
1A24,
1A24,
1A24,
1A24,
1A24,
1E04,
1E04,
1E04,
1E04,
1E04,
1E04,
1E04,
1E04,
1E04,
1E04,
1E24,
1E24,
1E24,
1E24,
1E24,
1E24,
1E24,
1E04,
1E24,
1E24,
1E24,
1E24,
1E24,
1E04,
1E24,
1E24,
1E24,
1E24,
1E24,
1E24,
1E24,
1E24,
1E24,
1E24,
1E24,
1E24,
1E24,
1E24,
1E24,
1E24,
1E24,
1E24,
1E24,
1E24,
1E24,
1E24,
1E24,
1E24,
1E24,
1E24,
1E24,
1E24,
1E04,
1E04,
1E04,
1E04,
1E04,
1E04,
1E04,
1E04,
1E04,
1E04,
1E04,
1E04,
1E04,
1E24,
1E24,
1E24,
1E24,
1E24,
1E24,
1E24,
1E04,
1E04,
1E04,
1E04,
1E04,
1E04,
1E04,
1E04,
1E04,
1E04,
1E04,
1E04,
1E04,
1E04,
1E04,
1E04,
1E04,
1E04,
1E04,
1E04,
1E04,
1E04,
1E04,
1E24,
1E24,
1E03,
1E03,
1E03,
1E03,
1E03,
1E03,
1E03,
1E03,
1E04,
1E04,
2205,
1DC4,
1141,
04E0,
0CC0,
2564,
39E9,
462B,
4E4C,
4E2B,
4E2A,
524A,
564A,
564A,
564A,
564A,
562A,
562A,
5A6B,
5229,
41A5,
3D63,
3522,
2D01,
28C1,
24A0,
20A0,
1C80,
2080,
24A0,
24A0,
28C0,
3100,
3940,
41A0,
4DE1,
5601,
5E62,
6AA3,
6EA3,
6AA2,
6EC2,
6AC2,
6AC3,
6AC2,
6AC3,
6AC4,
6AE5,
6AE6,
6AE8,
6AE9,
6AEA,
6AEB,
6AEC,
6AEC,
6AED,
6AEF,
6AEE,
66CD,
66CD,
6ACD,
66CD,
66CC,
66CC,
6AEC,
6AEC,
6ACB,
6ACA,
6EC9,
6EE8,
6EE7,
6EE6,
6EE6,
6EE4,
6EE3,
6EE3,
6EE3,
6EE3,
72E3,
6EE4,
5E42,
5A43,
6AA7,
6AA8,
6AA8,
5E64,
45A0,
3560,
2920,
2500,
2120,
2561,
29A3,
29C3,
25C4,
21C4,
1DE4,
1DE4,
1DE4,
1A04,
1A04,
1A04,
1A04,
1E04,
1E04,
1E04,
1E04,
1E04,
1E04,
1E04,
1E04,
1E04,
1E24,
1E24,
1E24,
1E24,
1E24,
1E24,
1E24,
1E24,
1E24,
1E24,
1E24,
1E24,
1E24,
1E24,
1E24,
1A24,
1A24,
1E24,
1E24,
1E24,
1E24,
1E24,
1E24,
1E24,
1E24,
1E24,
1E24,
1E24,
1E24,
1E24,
1E24,
1E24,
1E24,
1E24,
1E24,
1E24,
1E24,
1E24,
1E24,
1E24,
1E24,
1E24,
1E24,
1E24,
1E24,
1E24,
1E24,
1E24,
1E24,
1E24,
1E24,
1E24,
1E24,
1A24,
1A24,
1A24,
1A24,
1A24,
1A24,
1A24,
1A24,
1A24,
1A24,
1A24,
1A24,
1A24,
1E24,
1E24,
1E24,
1E24,
1E24,
1E24,
1E24,
1E24,
1E24,
1E24,
1A24,
1A24,
1A24,
1A24,
1A24,
1E04,
1E04,
1E04,
1E04,
1E04,
1E04,
1E04,
1E04,
1E04,
1E04,
1E24,
1E24,
1E24,
1E24,
1E24,
1E24,
1E24,
1E24,
1E24,
1E24,
1E24,
1E24,
1E24,
1E24,
1E24,
1E24,
1E24,
1E24,
1E24,
1E24,
1E24,
1E24,
1E24,
1E24,
1E24,
1E24,
1E24,
1E24,
1E24,
1E24,
1E24,
1E24,
1E24,
1E24,
1E24,
1E24,
1E24,
1E24,
1E24,
1E24,
1E24,
1E24,
1E04,
1E04,
1E04,
1E04,
1E04,
1E04,
1E04,
1E04,
1E04,
1E04,
1E04,
1E04,
1E04,
1E04,
1E04,
1E24,
1E24,
1E24,
1E24,
1E24,
1E04,
1E04,
1E04,
1E04,
1E04,
1E04,
1E04,
1E04,
1E04,
1E04,
1E04,
1E04,
1E04,
1E04,
1E04,
1E04,
1E04,
1E04,
1E04,
1E04,
1E04,
1E04,
1E04,
1E03,
1E03,
1E04,
1E04,
1E04,
1E04,
1E04,
1E04,
1E04,
1E04,
1E03,
2204,
1DC3,
1161,
08E0,
08C0,
1923,
35C8,
462B,
4E4C,
4E4A,
4E29,
5249,
5249,
5649,
5649,
5649,
5649,
5229,
564A,
5A6B,
5E6C,
5A6B,
5A4B,
5649,
5228,
49E7,
4185,
3D84,
3963,
3521,
3100,
28C0,
2080,
2080,
24A0,
28C0,
3100,
3520,
3D40,
49A1,
4DE0,
5200,
5E61,
6AC3,
6AC2,
6AC2,
6AC3,
6AC3,
6AE4,
6EE5,
6EE6,
6EE7,
6AE7,
6AE7,
6AE8,
6AE8,
6AE9,
6AEA,
6AEA,
6AC9,
6AC9,
6AEA,
6AEA,
6B0A,
6AEA,
6AE9,
6AE9,
6AE9,
6EE8,
6EE7,
6EE7,
6EE6,
6EE5,
6EE5,
6EE4,
6EE3,
6EE3,
6EE3,
6EE3,
6EE3,
6EE4,
6AA4,
66A4,
6AC7,
6EC8,
6EC8,
49C3,
24C0,
24E0,
2520,
2561,
2581,
29A2,
25C3,
25C3,
21C4,
21E4,
1DE4,
1DE4,
1E04,
1E04,
1E04,
1E04,
1E04,
1E04,
1E04,
1E04,
1E04,
1E04,
1E04,
1E04,
1E04,
1E04,
1E24,
1E24,
1E24,
1E24,
1E24,
1E24,
1E24,
1E24,
1E24,
1E24,
1E24,
1E24,
1E24,
1E24,
1E24,
1A24,
1E24,
1E24,
1E24,
1E24,
1E24,
1E24,
1E24,
1E24,
1E24,
1E24,
1E24,
1E24,
1E24,
1E24,
1E24,
1E24,
1E24,
1E24,
1E24,
1E24,
1E24,
1E24,
1E24,
1E24,
1E24,
1E24,
1E24,
1E24,
1E24,
1E24,
1E24,
1E24,
1E24,
1E24,
1E24,
1E24,
1E24,
1A24,
1A24,
1A24,
1A24,
1A24,
1A24,
1A24,
1A24,
1A24,
1A24,
1A24,
1A24,
1E24,
1E24,
1E24,
1E24,
1E24,
1E24,
1E24,
1E24,
1E24,
1E24,
1E24,
1A24,
1A24,
1A24,
1A24,
1A24,
1E04,
1E04,
1E04,
1E04,
1E04,
1E04,
1E04,
1E04,
1E04,
1E04,
1E24,
1E24,
1E24,
1E24,
1E24,
1E24,
1E24,
1E24,
1E24,
1E24,
1E24,
1E24,
1E24,
1E24,
1E24,
1E24,
1E24,
1E24,
1E24,
1E24,
1E24,
1E24,
1E24,
1E24,
1E24,
1E24,
1E24,
1E24,
1E24,
1E24,
1E24,
1E24,
1E24,
1E24,
1E24,
1E24,
1E24,
1E24,
1E24,
1E24,
1E24,
1E04,
1E04,
1E04,
1E04,
1E04,
1E04,
1E04,
1E04,
1E04,
1E04,
1E04,
1E04,
1E04,
1E04,
1E04,
1E04,
1E24,
1E24,
1E24,
1E24,
1E24,
1E04,
1E04,
1E04,
1E04,
1E04,
1E04,
1E04,
1E04,
1E04,
1E04,
1E04,
1E04,
1E04,
1E04,
1E04,
1E04,
1E04,
1E04,
1E04,
1E04,
1E04,
1E04,
1E04,
1E04,
1E04,
1E04,
1E04,
1E04,
1E04,
1E04,
1E04,
1E04,
1E04,
2204,
21E4,
1582,
0900,
0CC0,
2143,
35C8,
422B,
4A4B,
4E2A,
4E28,
4E48,
5248,
5248,
5648,
5648,
5648,
5648,
5248,
5649,
5A6A,
5A6B,
5A6B,
5A6C,
5A6B,
5A6B,
5A4B,
564B,
562A,
562A,
5229,
4DE7,
49C6,
41A4,
3D84,
3D83,
3941,
2CE0,
24A0,
24A0,
24A0,
28E0,
3100,
4161,
49C1,
5A41,
62A1,
66C2,
6AC2,
6AE3,
6AE4,
6AE3,
6AE3,
6EE4,
6EE5,
6EE5,
6EE5,
6EE5,
6EE5,
6EE5,
6AE5,
6AE5,
6EE5,
6AE6,
6AE6,
6AE6,
6AE6,
6AE6,
6EE7,
6EE6,
6EE6,
6EE6,
6EE5,
6EE4,
6EE4,
6EE3,
6EE3,
6EE3,
6EE3,
6EE3,
6EE3,
6EE4,
6EC5,
6EC6,
6EC7,
66A6,
49E2,
2D00,
20E0,
2120,
2560,
29A2,
25A3,
25C3,
21E4,
21E4,
1DE4,
1E04,
1E04,
1E04,
1E04,
1E04,
1E04,
1E04,
1E04,
1E04,
1E04,
1E04,
1E04,
1E04,
1E04,
1E04,
1E04,
1E04,
1E04,
1E04,
1E24,
1E24,
1E24,
1E24,
1E24,
1E24,
1E24,
1E24,
1E24,
1E24,
1E24,
1E24,
1E24,
1E24,
1E24,
1E24,
1E24,
1E24,
1E24,
1E24,
1E24,
1E24,
1E24,
1E24,
1E24,
1E24,
1E24,
1E24,
1E24,
1E24,
1E24,
1E24,
1E24,
1E24,
1E24,
1E24,
1E24,
1E24,
1E24,
1E24,
1E24,
1E24,
1E24,
1E24,
1E24,
1E24,
1E24,
1E24,
1E24,
1E24,
1E24,
1A24,
1A24,
1A24,
1A24,
1A24,
1A24,
1A24,
1A24,
1A24,
1A24,
1A24,
1E24,
1E24,
1E24,
1E24,
1E24,
1E24,
1E24,
1E24,
1E24,
1E24,
1E24,
1E24,
1A24,
1A24,
1A24,
1A24,
1E24,
1E04,
1E04,
1E04,
1E04,
1E04,
1E04,
1E04,
1E04,
1E04,
1E04,
1E24,
1E24,
1E24,
1E24,
1E24,
1E24,
1E24,
1E04,
1E04,
1E04,
1E04,
1E04,
1E24,
1E24,
1E24,
1E24,
1E24,
1E24,
1E24,
1E24,
1E24,
1E24,
1E24,
1E24,
1E24,
1E24,
1E24,
1E24,
1E24,
1E24,
1E24,
1E24,
1E24,
1E24,
1E24,
1E24,
1E24,
1E24,
1E04,
1E04,
1E24,
1E24,
1E04,
1E04,
1E04,
1E04,
1E04,
1E04,
1E04,
1E04,
1E04,
1E04,
1E04,
1E04,
1E04,
1E04,
1E04,
1E04,
1E04,
1E04,
1E04,
1E04,
1E04,
1E04,
1E04,
1E04,
1E04,
1E04,
1E04,
1E04,
1E04,
1E04,
1E04,
1E04,
1E04,
1E04,
1E04,
1E04,
1E04,
1E04,
1E04,
1E04,
1E04,
1E04,
1E04,
1E04,
1E04,
1E04,
1E04,
1E04,
1E04,
1E04,
1E04,
1E04,
1E04,
21E5,
1DA3,
0D20,
08C0,
1922,
39C8,
4A2B,
4A4B,
4E4A,
4E48,
4E48,
4E48,
5248,
5248,
5648,
5648,
5648,
5648,
5648,
5648,
5649,
5649,
564A,
564A,
564A,
564B,
564B,
5A4B,
5A4B,
564B,
564B,
564A,
564A,
5649,
5649,
5648,
5227,
49C5,
4184,
3522,
28C0,
24A0,
2480,
24A0,
2480,
30E0,
4181,
4DE0,
5A61,
62A2,
66C2,
6AE2,
6AE2,
6EE3,
6EE3,
6EC3,
6EC3,
6EC3,
6EE3,
6EE3,
6EE3,
6F03,
6F04,
6EE4,
6EE4,
6EE5,
6EE5,
6EE5,
6EE5,
6EE5,
6EE5,
6EE5,
6EE4,
6EE4,
6EE3,
72E3,
72E3,
72E3,
72E3,
6EE3,
6EE3,
6EE3,
72E4,
72C6,
66A5,
49E1,
2900,
1CE0,
2520,
2581,
29A2,
25A3,
25C3,
21C3,
21E3,
1A04,
1A04,
1A03,
1A04,
1E04,
1E04,
1E04,
1E04,
1E04,
1E04,
1E04,
1E04,
1E04,
1E04,
1E04,
1E04,
1E04,
1E04,
1E04,
1E04,
1E04,
1E24,
1E24,
1E24,
1E24,
1E24,
1E24,
1E24,
1E24,
1E24,
1E24,
1E24,
1E24,
1E24,
1E24,
1E24,
1E24,
1E24,
1E24,
1E24,
1E24,
1E24,
1E24,
1E24,
1E24,
1E24,
1E24,
1E24,
1E24,
1E24,
1E24,
1E24,
1E24,
1E24,
1E24,
1E24,
1E24,
1E24,
1E24,
1E24,
1E24,
1E24,
1E24,
1E24,
1E24,
1E24,
1E24,
1E24,
1E24,
1E24,
1E24,
1E24,
1A24,
1A24,
1A24,
1A24,
1A24,
1A24,
1A24,
1A24,
1A24,
1E24,
1E24,
1E24,
1E24,
1E24,
1E24,
1E24,
1E24,
1E24,
1E24,
1E24,
1E24,
1E24,
1A24,
1A24,
1E24,
1E24,
1E24,
1A24,
1E04,
1E04,
1E04,
1E04,
1E04,
1E04,
1E04,
1E04,
1E04,
1E04,
1E24,
1E24,
1E24,
1E24,
1E24,
1E24,
1E24,
1E04,
1E04,
1E04,
1E04,
1E04,
1E24,
1E24,
1E24,
1E24,
1E24,
1E24,
1E24,
1E24,
1E24,
1E24,
1E24,
1E24,
1E24,
1E24,
1E24,
1E24,
1E24,
1E24,
1E24,
1E24,
1E24,
1E24,
1E24,
1E24,
1E24,
1E24,
1E04,
1E04,
1E24,
1A04,
1E04,
1E04,
1E04,
1E04,
1E04,
1E04,
1E04,
1E04,
1E04,
1E04,
1E04,
1E04,
1E04,
1E04,
1E04,
1E04,
1E04,
1E04,
1E04,
1E04,
1E04,
1E04,
1E04,
1E04,
1E04,
1E04,
1E04,
1E04,
1E04,
1E04,
1E04,
1E04,
1E04,
1E04,
1E04,
1E04,
1E04,
1E04,
1E04,
1E04,
1E04,
1E04,
1E04,
1E04,
1E04,
1E04,
1E04,
1E03,
1E03,
1E03,
1E04,
1E04,
2204,
21C4,
1562,
08E0,
0CC0,
2965,
4209,
4A4B,
4E4A,
4E49,
4E49,
5249,
5248,
5249,
5648,
5648,
5648,
5648,
5648,
5649,
5648,
5649,
5649,
5649,
5649,
5649,
5649,
5649,
5649,
5649,
5649,
5649,
5649,
5649,
5649,
564A,
564A,
564A,
5A4A,
564A,
5209,
49E7,
45A5,
3943,
3101,
24A0,
2060,
2060,
28A0,
3940,
49C1,
5640,
62A0,
66C1,
6AC2,
6EE3,
6EC3,
6EC2,
6EC2,
6EC2,
72E2,
72E2,
72E3,
6EE3,
6EE4,
6EE4,
6EE4,
6EE4,
6EE5,
6EE5,
6EE4,
6EE4,
6EE5,
72E4,
6EE4,
72E3,
72E3,
72E4,
72E4,
72E4,
6EE4,
6EE3,
72E3,
72E4,
6684,
49E1,
2900,
18A0,
1D00,
2562,
25A3,
25C3,
25C3,
21E3,
1DE3,
1A04,
1A04,
1A04,
1A04,
1A04,
1E04,
1E04,
1E03,
1E04,
1E04,
1E04,
1E04,
1E04,
1E04,
1E04,
1E04,
1E04,
1E04,
1E04,
1E04,
1E04,
1E04,
1E24,
1E24,
1E24,
1E24,
1E24,
1E24,
1E24,
1E24,
1E24,
1E24,
1E24,
1E24,
1E24,
1E24,
1E24,
1E24,
1E24,
1E24,
1E24,
1E24,
1E24,
1E24,
1E24,
1E24,
1E24,
1E24,
1E24,
1E24,
1E24,
1E24,
1E24,
1E24,
1E24,
1E24,
1E24,
1E24,
1E24,
1E24,
1E24,
1E24,
1E24,
1E24,
1E24,
1E24,
1E24,
1E24,
1E24,
1E24,
1E24,
1E24,
1E24,
1A24,
1A24,
1A24,
1A24,
1A24,
1A24,
1A24,
1A24,
1A24,
1E24,
1E24,
1E24,
1E24,
1A24,
1A24,
1A24,
1E24,
1E24,
1A24,
1A04,
1A04,
1A04,
1A04,
1E24,
1E24,
1E24,
1E24,
1E24,
1E04,
1E04,
1E04,
1E04,
1E04,
1E04,
1E04,
1E04,
1E04,
1E04,
1E04,
1E24,
1E24,
1E24,
1E24,
1E24,
1E24,
1E04,
1E04,
1E04,
1E04,
1E04,
1E04,
1E24,
1E24,
1E24,
1E24,
1E24,
2224,
1E24,
1E24,
1E24,
1E24,
1E04,
1E04,
1E24,
1E24,
1E24,
1E24,
1E04,
1E04,
1E24,
1E24,
1E24,
1E24,
1E24,
1E24,
1E04,
1E04,
1E04,
1E04,
1E04,
1E04,
1E04,
1E04,
1E04,
1E04,
1E04,
1E04,
1E04,
1E04,
1E04,
1E04,
1E04,
1E04,
1E04,
1E04,
1E04,
1E04,
1E04,
1E04,
1E04,
1E04,
1E04,
1E04,
1E04,
1E04,
1E04,
1E04,
1E04,
1E04,
1E04,
1E04,
1E04,
1E04,
1E04,
1E04,
1E04,
1E04,
1E04,
1E04,
1E04,
1E04,
1E04,
1E04,
1E04,
1E04,
1E04,
1E04,
1E04,
1E04,
1E04,
1E04,
1E04,
1DE4,
1DA3,
1121,
08C0,
1501,
35C7,
462A,
4A2B,
4E4A,
5249,
5249,
5249,
5249,
5649,
5648,
5648,
5648,
5648,
5649,
5648,
5648,
5648,
5648,
5648,
5648,
5648,
5648,
5649,
5649,
5649,
5649,
5649,
5649,
5649,
5649,
5649,
5649,
564A,
564A,
564A,
5A4B,
5A4B,
5A4B,
562A,
4E07,
49C5,
3943,
2CE1,
2480,
2060,
28A0,
3520,
45A0,
5620,
5E82,
66C2,
6AC3,
6AC2,
6EC1,
6EC1,
72C2,
72C2,
72C3,
72C3,
72C3,
72E4,
6EE4,
6EE4,
6EC4,
6EC4,
6EC4,
6EC4,
6EE4,
72E4,
72E4,
72E3,
72E3,
72E3,
72E4,
72E4,
6EE4,
72E3,
72E4,
6AA3,
4E00,
2D20,
18A0,
18C0,
2562,
25A3,
21C3,
1DC3,
1DE3,
1DE4,
19E4,
1A04,
1A04,
1A04,
1A04,
1A04,
1A04,
1E04,
1E04,
1E04,
1E04,
1E04,
1E04,
1E04,
1E04,
1E04,
1E04,
1E04,
1E04,
1E04,
1E04,
1E04,
1E04,
1E04,
1E04,
1E04,
1E04,
1E04,
1E04,
1E04,
1E24,
1E24,
1E24,
1E24,
1E24,
1E24,
1E24,
1E24,
1E24,
1E24,
1E24,
1E24,
1E24,
1E24,
1E24,
1E24,
1E24,
1E24,
1E24,
1E24,
1E24,
1E24,
1E24,
1E24,
1E24,
1E24,
1E24,
1E24,
1E24,
1E24,
1E24,
1E24,
1E24,
1E24,
1E24,
1E24,
1E24,
1E24,
1E24,
1E24,
1E24,
1E24,
1E24,
1E24,
1E24,
1E24,
1E24,
1E24,
1E24,
1E24,
1E24,
1E24,
1A24,
1E24,
1E24,
1E24,
1E24,
1A04,
1A04,
1A04,
1E04,
1E04,
1A04,
1A04,
1A04,
1A04,
1E04,
1E04,
1E24,
1E24,
1E24,
1E24,
1E04,
1E04,
1E04,
1E04,
1E04,
1E04,
1E04,
1E04,
1E04,
1E04,
1E04,
1E04,
1E04,
1E04,
1E04,
1E04,
1E04,
1E04,
1E04,
1E04,
1E04,
1E04,
1E04,
1E04,
1E04,
1E24,
1E24,
1E24,
2224,
2224,
1E24,
1E24,
1E24,
1E04,
1E04,
1E04,
1E04,
1E04,
1E04,
1E04,
1E04,
1E04,
1E04,
1E04,
1E04,
1E04,
1E04,
1E04,
1E04,
1E04,
1E04,
1E04,
1E04,
1E04,
1E04,
1E04,
1E04,
1E04,
1E04,
1E04,
1E04,
1E04,
1E04,
1E04,
1E04,
1E04,
1E04,
1E04,
1E04,
1E04,
1E04,
1E04,
1E04,
1E04,
1E04,
1E04,
1E04,
1E04,
1E04,
1E04,
1E04,
1E04,
1E04,
1E04,
1E04,
1E04,
1E04,
1E04,
1E04,
1E04,
1E04,
1E04,
1E04,
1E04,
1E04,
1E04,
1E04,
1E04,
1E04,
1E04,
1E04,
1E04,
1E04,
2204,
1DE4,
1982,
0CE0,
08C0,
2564,
3E0A,
4A2B,
4E4B,
4E4A,
524A,
5249,
5249,
5248,
5648,
5648,
5648,
5648,
5648,
5649,
5648,
5648,
5A48,
5648,
5648,
5648,
5648,
5648,
5648,
5649,
5649,
5648,
5648,
5648,
5649,
5649,
5649,
5649,
5649,
5649,
5649,
564A,
564A,
5A4A,
5A4A,
5A4B,
5A4A,
5A4A,
5209,
45A6,
3501,
24A0,
2060,
2460,
30E0,
4580,
5620,
66A1,
6AC2,
6AC2,
6EC2,
6EC2,
6EC3,
6EC3,
72C3,
72C3,
6EC3,
72E4,
72E4,
72E4,
72E4,
72E4,
72E4,
72E4,
72E4,
72E4,
72E3,
72E3,
72E3,
72E3,
6EE3,
72E4,
7304,
6AC4,
5221,
3140,
1CC0,
18C0,
2121,
2583,
25C4,
21C4,
1DE4,
1DE4,
1DE4,
19E4,
1A04,
1A04,
1A04,
1A04,
1A04,
1A04,
1E04,
1E04,
1E04,
1E04,
1E04,
1E04,
1E04,
1E04,
1E04,
1E04,
1E04,
1E04,
1E04,
1E04,
1E04,
1E04,
1E04,
1E04,
1E04,
1E04,
1E04,
1E04,
1E04,
1E04,
1E04,
1E24,
1E24,
1E24,
1E24,
1E24,
1E24,
1E24,
1E24,
1E24,
1E24,
1E24,
1E24,
1E24,
1E24,
1E24,
1E24,
1E24,
1E24,
1E24,
1E24,
1E24,
1E24,
1E24,
1E24,
1E24,
1E24,
1E24,
1E24,
1E24,
1E24,
1E24,
1E24,
1E24,
1E24,
1E24,
1E24,
1E24,
1E24,
1E24,
1E24,
1E24,
1E24,
1E24,
1E24,
1E24,
1E24,
1E24,
1E24,
1E24,
1E24,
1E24,
1E24,
1E24,
1E24,
1E24,
1A04,
1E04,
1E04,
1E04,
1E04,
1E04,
1E04,
1E04,
1E04,
1E04,
1A04,
1E04,
1E04,
1E04,
1A04,
1E04,
1E04,
1E04,
1E04,
1E04,
1E04,
1E04,
1E04,
1E04,
1E04,
1E04,
1E04,
1E04,
1E04,
1E04,
1E04,
1E04,
1E04,
1E04,
1E04,
1E04,
1E04,
1E04,
1E04,
1E04,
1E24,
1E24,
1E24,
2224,
2224,
1E24,
1E24,
1E24,
1E04,
1E04,
1E04,
1E04,
1E04,
1E04,
1E04,
1E04,
1E04,
1E04,
1E04,
1E04,
1E04,
1E04,
1E04,
1E04,
1E04,
1E04,
1E04,
1E04,
1E04,
1E04,
1E04,
1E04,
1E04,
1E04,
1E04,
1E04,
1E04,
1E04,
1E04,
1E04,
1E04,
1E04,
1E04,
1E04,
1E04,
1E04,
1E04,
1E04,
1E04,
1E04,
1E04,
1E04,
1E04,
1E04,
1E04,
1E04,
1E04,
1E04,
1E04,
1E04,
1E04,
1E04,
1E04,
1E04,
1E04,
1E04,
1E04,
1E04,
1E04,
1E04,
1E04,
1E04,
1E04,
1E04,
1E04,
1E04,
1E04,
1E04,
2204,
21E4,
1541,
08C0,
14E0,
31A7,
462A,
4E4B,
4E2A,
524A,
524A,
5249,
5249,
5248,
5648,
5648,
5648,
5648,
5648,
5648,
5648,
5648,
5648,
5648,
5648,
5648,
5648,
5648,
5648,
5648,
5648,
5648,
5648,
5647,
5648,
5648,
5648,
5648,
5648,
5648,
5648,
5649,
5649,
5649,
5649,
5649,
564A,
5A4A,
5A4B,
5A4B,
5629,
49C6,
3943,
28A0,
2040,
2060,
3500,
49C0,
5A20,
6681,
6AA2,
6EC3,
6EC3,
6EC3,
6EC3,
6EC3,
6EC3,
6EC3,
72E4,
72E4,
72E4,
72E4,
72E4,
72E4,
72E3,
72E3,
72E3,
72E3,
72E4,
72E3,
6EE3,
7304,
6F04,
5A62,
3560,
1CC0,
18C0,
1D21,
2583,
25C4,
25C4,
21C4,
1DE4,
1DE4,
1DE4,
1E04,
1A04,
1A04,
1A04,
1A04,
1A04,
1A04,
1E04,
1E04,
1E04,
1E04,
1E04,
1E04,
1E04,
1E04,
1E04,
1E04,
1E04,
1E04,
1E04,
1E04,
1E04,
1E04,
1E04,
1E04,
1E04,
1E04,
1E04,
1E04,
1E04,
1E04,
1E04,
1E24,
1E24,
1E24,
1E24,
1E24,
1E24,
1E24,
1E24,
1E24,
1E24,
1E24,
1E24,
1E24,
1E24,
1E24,
1E24,
1E24,
1E24,
1E24,
1E24,
1E24,
1E24,
1E24,
1E24,
1E24,
1E24,
1E24,
1E24,
1E24,
1E24,
1E24,
1E24,
1E24,
1E24,
1E24,
1E24,
1E24,
1E24,
1E24,
1E24,
1E24,
1E24,
1E24,
1E24,
1E24,
1E24,
1E24,
1E24,
1E24,
1E24,
1E24,
1E24,
1E24,
1E24,
1E24,
1A04,
1E04,
1E04,
1E04,
1E04,
1E04,
1E04,
1E04,
1E04,
1E04,
1E04,
1E04,
1E04,
1E04,
1A04,
1E04,
1E04,
1E04,
1E04,
1E04,
1E04,
1E04,
1E04,
1E04,
1E04,
1E04,
1E04,
1E04,
1E04,
1E04,
1E04,
1E04,
1E04,
1E04,
1E04,
1E04,
1E04,
1E04,
1E04,
1E04,
1E24,
1E24,
1E24,
1E24,
1E24,
1E24,
1E24,
1E24,
1E04,
1E04,
1E04,
1E04,
1E04,
1E04,
1E04,
1E04,
1E04,
1E04,
1E04,
1E04,
1E04,
1E04,
1E04,
1E04,
1E04,
1E04,
1E04,
1E04,
1E04,
1E04,
1E04,
1E04,
1E04,
1E04,
1E04,
1E04,
1E04,
1E04,
1E04,
1E04,
1E04,
1E04,
1E04,
1E04,
1E04,
1E04,
1E04,
1E04,
1E04,
1E04,
1E04,
1E04,
1E04,
1E04,
1E04,
1E04,
1E04,
1E04,
1E04,
1E04,
1E04,
1E04,
1E04,
1E04,
1E04,
1E04,
1E04,
1E04,
1E04,
1E04,
1E04,
1E04,
1E04,
1E04,
1E04,
1E04,
1E04,
2204,
21E5,
1DA3,
1120,
08A0,
1D22,
3DE8,
4A4B,
4E4A,
524A,
524A,
564A,
5249,
5649,
5649,
5648,
5648,
5648,
5648,
5648,
5648,
5648,
5648,
5648,
5648,
5648,
5648,
5648,
5648,
5648,
5648,
5648,
5648,
5648,
5648,
5647,
5647,
5647,
5647,
5247,
5248,
5248,
5248,
5648,
5648,
5649,
5649,
5649,
5649,
5649,
564A,
5A4B,
5A4B,
5629,
49C6,
3523,
2060,
1C40,
28A0,
3920,
51E0,
6282,
6AA4,
6AA5,
6AA4,
6EC3,
6EC3,
6EC3,
6EC3,
6EC3,
72E4,
72E4,
72E4,
72E3,
72E3,
72E3,
72E3,
6EE3,
72E3,
72E4,
72E3,
72E3,
6F04,
66C3,
4E00,
2900,
18A0,
1D00,
2162,
25A3,
21C4,
21E5,
21E4,
1DE4,
1DE4,
2204,
1E04,
1A04,
1A04,
1A04,
1A04,
1A04,
1A04,
1E04,
1E04,
1E04,
1E04,
1E04,
1E04,
1E04,
1E04,
1E04,
1E04,
1E04,
1E04,
1E04,
1E04,
1E04,
1E04,
1E04,
1E04,
1E04,
1E04,
1E04,
1E04,
1E04,
1E04,
1E04,
1E04,
1E04,
1E04,
1E04,
1E04,
1E04,
1E04,
1E04,
1E04,
1E04,
1E04,
1E04,
1E04,
1E04,
1E04,
1E04,
1E04,
1E04,
1E04,
1E04,
1E04,
1E04,
1E04,
1E04,
1E24,
1E24,
1E24,
1E24,
1E04,
1E24,
1E24,
1E24,
1E24,
1E24,
1E24,
1E24,
1E24,
1E24,
1E24,
1E24,
1E24,
1E24,
1A24,
1A24,
1A24,
1A24,
1E24,
1E24,
1E24,
1E24,
1E24,
1E24,
1E24,
1E24,
1E24,
1E04,
1E04,
1E04,
1A04,
1A04,
1E04,
1E04,
1E04,
1E04,
1A04,
1A04,
1A04,
1A04,
1A04,
1A04,
1E04,
1E04,
1E04,
1E04,
1E04,
1E04,
1E04,
1E04,
1E04,
1E04,
1E04,
1E04,
1E04,
1E04,
1E04,
1E04,
1E04,
1E04,
1E04,
1E04,
1E04,
1E04,
1E04,
1E04,
1E04,
1E24,
1E24,
1E24,
1E24,
1E24,
1E24,
1E04,
1E04,
1E04,
1E04,
1E04,
1E04,
1E04,
1E04,
1E04,
1E04,
1E04,
1E04,
1E04,
1E04,
1E04,
1E04,
1E04,
1E04,
1E04,
1E04,
1E04,
1E04,
1E04,
1E04,
1E04,
1E04,
1E04,
1E04,
1E04,
1E04,
1E04,
1E04,
1E04,
1E04,
1E04,
1E04,
1E04,
1E04,
1E04,
1E04,
1E04,
1E04,
1E04,
1E04,
1E04,
1E04,
1E04,
1E04,
1E04,
1E04,
1E04,
1E04,
1E04,
1E04,
1E04,
1E04,
1E04,
1E04,
1E04,
1E04,
1E04,
1E04,
1E04,
1E04,
1E04,
1E04,
1E04,
1E04,
1E04,
1DE4,
1DE4,
21E5,
21C5,
1962,
0CE0,
0CC0,
2964,
462A,
4E4A,
4E4A,
524A,
564A,
5649,
5648,
5649,
5649,
5648,
5648,
5648,
5648,
5648,
5648,
5648,
5648,
5648,
5648,
5648,
5648,
5648,
5648,
5648,
5648,
5648,
5648,
5648,
5648,
5648,
5648,
5648,
5648,
5648,
5248,
5248,
5248,
5648,
5648,
5248,
5248,
5248,
5248,
5648,
5648,
5228,
5228,
5649,
5A49,
5208,
4184,
3101,
2080,
1C60,
28C0,
45A2,
5E44,
6685,
6AA5,
6AA4,
6EC3,
6EC3,
6EC3,
6EC3,
6EE3,
72E3,
72E3,
72E3,
72E3,
72E3,
72E3,
6EE3,
72E4,
72E4,
72E3,
72E3,
6EE4,
62A2,
45C0,
2500,
1CE0,
2142,
25A3,
25A3,
25C4,
21E5,
21E4,
1DE4,
1DE4,
19C4,
15C3,
11A2,
11A2,
11A2,
15C3,
1A04,
1A04,
1E04,
1E03,
1E04,
1E04,
1E04,
1E04,
1E04,
1E04,
1E04,
1E04,
1E04,
1E04,
1E04,
1E04,
1E04,
1E04,
1E04,
1E04,
1E04,
1E04,
1E04,
1E04,
1E04,
1E04,
1E04,
1E04,
1E04,
1E04,
1E04,
1E04,
1E04,
1E04,
1E04,
1E04,
1E04,
1E04,
1E04,
1E04,
1E04,
1E04,
1E04,
1E04,
1E04,
1E04,
1E04,
1E04,
1E04,
1E04,
1E04,
1E24,
1E24,
1E24,
1E24,
1E04,
1E24,
1E24,
1E24,
1E24,
1E24,
1E24,
1E24,
1E24,
1E24,
1E24,
1E24,
1E24,
1E24,
1A24,
1A24,
1A24,
1A24,
1A24,
1E24,
1E24,
1E24,
1E24,
1E24,
1E24,
1E24,
1E24,
1E04,
1E04,
1E04,
1A04,
1A04,
1E04,
1E04,
1E04,
1A04,
1A04,
1A04,
1A04,
1A04,
1A04,
1A04,
1E04,
1E04,
1E04,
1E04,
1E04,
1E04,
1E04,
1E04,
1E04,
1E04,
1E04,
1E04,
1E04,
1E04,
1E04,
1E04,
1E04,
1E04,
1E04,
1E04,
1E04,
1E04,
1E04,
1E04,
1E04,
1E24,
1E24,
1E04,
1E04,
1E04,
1E04,
1E04,
1E04,
1E04,
1E04,
1E04,
1E04,
1E04,
1E04,
1E04,
1E04,
1E04,
1E04,
1E04,
1E04,
1E04,
1E04,
1E04,
1E04,
1E04,
1E04,
1E04,
1E04,
1E04,
1E04,
1E04,
1E04,
1E04,
1E04,
1E04,
1E04,
1E04,
1E04,
1E04,
1E04,
1E04,
1E04,
1E04,
1E04,
1E04,
1E04,
1E04,
1E04,
1E04,
1E04,
1E04,
1E04,
1E04,
1E04,
1E04,
1E04,
1E04,
1E04,
1E04,
1E04,
1E04,
1E04,
1E04,
1E04,
1E04,
1E04,
1E04,
1E04,
1E04,
1E04,
1E04,
1E04,
1E04,
1E04,
1E04,
1DE4,
21E4,
21E5,
21C4,
1541,
08A0,
14E1,
35C7,
4A4A,
4E4A,
5249,
5249,
5649,
5648,
5648,
5649,
5648,
5648,
5648,
5648,
5648,
5648,
5648,
5648,
5648,
5648,
5648,
5648,
5648,
5648,
5648,
5648,
5648,
5648,
5648,
5648,
5648,
5648,
5648,
5648,
5648,
5648,
5648,
5648,
5648,
5648,
5648,
5648,
5648,
5648,
5648,
5648,
5648,
5648,
5648,
5648,
5648,
5A49,
5649,
4E08,
3D65,
28C2,
1840,
2480,
3D20,
5603,
6685,
6AA5,
6EC4,
6EC4,
6EC3,
6EC3,
6EE3,
6EE3,
6EE3,
72E3,
72E3,
72E3,
72E3,
72E3,
6EE3,
6EE4,
72E4,
72E4,
6EE4,
5EA3,
3DA0,
24E0,
2100,
29A3,
2DC4,
29C4,
25C4,
1DC4,
19A3,
15A2,
1582,
0D61,
0960,
0540,
0540,
0540,
0DA1,
15E3,
1A04,
1A04,
1E04,
1E04,
1E04,
1E04,
1E04,
1E04,
1E04,
1E04,
1E04,
1E04,
1E04,
1E04,
1E04,
1E04,
1E04,
1E04,
1E04,
1E04,
1E04,
1E04,
1E04,
1E04,
1E04,
1E04,
1E04,
1E04,
1E04,
1E04,
1E04,
1E04,
1E04,
1E04,
1E04,
1E04,
1E04,
1E04,
1E04,
1E04,
1E04,
1E04,
1E04,
1E04,
1E04,
1E04,
1E04,
1E04,
1E04,
1E04,
1E04,
1E04,
1E24,
1E24,
1E04,
1E24,
1E24,
1E24,
1E24,
1E24,
1E24,
1E24,
1E24,
1E24,
1E24,
1E24,
1E24,
1E24,
1A24,
1A24,
1A24,
1A24,
1E24,
1E24,
1E24,
1E24,
1E24,
1E24,
1E24,
1E24,
1E24,
1E04,
1E04,
1E04,
1E04,
1E04,
1A04,
1A04,
1A04,
1A04,
1A04,
1A04,
1A04,
1A04,
1A04,
1A04,
1E04,
1E04,
1E04,
1E04,
1E04,
1E04,
1E04,
1E04,
1E04,
1E04,
1E04,
1E04,
1E04,
1E04,
1E04,
1E04,
1E04,
1E04,
1E04,
1E04,
1E04,
1E04,
1E04,
1E04,
1E04,
1E04,
1E04,
1E04,
1E04,
1E04,
1E04,
1E04,
1E04,
1E04,
1E04,
1E04,
1E04,
1E04,
1E04,
1E04,
1E04,
1E04,
1E04,
1E04,
1E04,
1E04,
1E04,
1E04,
1E04,
1E04,
1E04,
1E04,
1E04,
1E04,
1E04,
1E04,
1E04,
1E04,
1E04,
1E04,
1E04,
1E04,
1E04,
1E04,
1E04,
1E04,
1E04,
1E04,
1E04,
1E04,
1E04,
1E04,
1E04,
1E04,
1E04,
1E04,
1E04,
1E04,
1E04,
1E04,
1E04,
1E04,
1E04,
1E04,
1E04,
1E04,
1E04,
1E04,
1E04,
1E04,
1E04,
1E04,
1E04,
1E04,
1E04,
1E04,
1E04,
1E04,
1E04,
1E04,
1DE4,
21E5,
21E5,
21C5,
1101,
08A0,
1D23,
3DE9,
4E4A,
4E4A,
5249,
5649,
5648,
5648,
5648,
5648,
5648,
5A48,
5648,
5648,
5648,
5648,
5648,
5648,
5648,
5648,
5648,
5648,
5648,
5648,
5648,
5648,
5648,
5648,
5648,
5648,
5648,
5648,
5648,
5648,
5648,
5648,
5648,
5648,
5648,
5648,
5648,
5648,
5648,
5648,
5648,
5648,
5648,
5648,
5648,
5648,
5648,
5648,
5648,
5649,
562A,
4DE9,
3524,
1C40,
1C40,
3100,
4DE4,
6286,
6AC5,
6EC5,
6EC4,
6EC3,
6EC3,
6EC3,
6EE3,
72E3,
6EE3,
6EE3,
72E3,
72E3,
6EE3,
6EE4,
72E4,
72E4,
6EE5,
62A3,
45E0,
2920,
2100,
2141,
2162,
1D62,
1562,
1161,
0D40,
0D40,
0940,
0520,
0120,
0120,
0520,
0960,
11A2,
15E3,
1A04,
1A04,
1E04,
1E04,
1E04,
1E04,
1E04,
1E04,
1E04,
1E04,
1E04,
1E05,
1E05,
1E05,
1E04,
1E04,
1E04,
1E04,
1E04,
1E04,
1E04,
1E04,
1E04,
1E04,
1E04,
1E04,
1E04,
1E04,
1E04,
1E04,
1E04,
1E04,
1E04,
1E04,
1E04,
1E04,
1E04,
1E04,
1E04,
1E04,
1E04,
1E04,
1E04,
1E04,
1E04,
1E04,
1E04,
1E04,
1E04,
1E04,
1E04,
1E04,
1E04,
1E24,
1E24,
1A24,
1A24,
1A24,
1A24,
1A24,
1E24,
1A24,
1A24,
1A24,
1A24,
1E24,
1A24,
1A24,
1A24,
1A24,
1A24,
1E24,
1E24,
1E24,
1E25,
1E25,
1E24,
1E24,
1E24,
1E24,
1E24,
1E04,
1E04,
1E04,
1E04,
1E04,
1A04,
1A04,
1A04,
1A04,
1A04,
1A04,
1A04,
1A04,
1A04,
1A04,
1E04,
1E04,
1E04,
1E04,
1E04,
1E04,
1E04,
1E04,
1E04,
1E04,
1E04,
1E04,
1E04,
1E04,
1E04,
1E04,
1E04,
1E04,
1E04,
1E04,
1E04,
1E04,
1E04,
1E04,
1E04,
1E04,
1E04,
1E04,
1E04,
1E04,
1E04,
1E04,
1E04,
1E04,
1E04,
1E04,
1E04,
1E04,
1E04,
1E04,
1E04,
1E04,
1E04,
1E04,
1E04,
1E04,
1E04,
1E04,
1E04,
1E04,
1E04,
1E04,
1E04,
1E04,
1E04,
1E04,
1E04,
1E04,
1E04,
1E04,
1E04,
1E04,
1E04,
1E04,
1E04,
1E04,
1E04,
1E04,
1E04,
1E04,
1E04,
1E04,
1E04,
1E04,
1E04,
1E04,
1E04,
1E04,
1E04,
1E04,
1E04,
1E04,
1E04,
1E04,
1E04,
1E04,
1E04,
1E04,
1E04,
1E04,
1E04,
1E04,
1E04,
1E04,
1E04,
1E04,
1E04,
1E04,
1E04,
1E04,
1DE4,
1DC4,
21C5,
2184,
0CE0,
10C0,
2D85,
462A,
4E4A,
5249,
5249,
5648,
5648,
5648,
5648,
5648,
5648,
5648,
5648,
5648,
5649,
5649,
5649,
5649,
5648,
5648,
5648,
5648,
5648,
5648,
5648,
5648,
5648,
5648,
5648,
5648,
5648,
5648,
5648,
5648,
5648,
5648,
5648,
5648,
5648,
5648,
5648,
5648,
5648,
5648,
5648,
5648,
5648,
5648,
5648,
5648,
5648,
5248,
5247,
5247,
5649,
562A,
4E08,
3122,
1440,
1440,
2D00,
5224,
6286,
6AA6,
6AC5,
6AC3,
6AC3,
6EE3,
6EE3,
6EE3,
6EE3,
6EE3,
72E3,
72E3,
6EE3,
72E3,
72E3,
72E3,
6F05,
66E4,
5663,
3DC1,
2100,
10A0,
08A0,
04A0,
04C0,
04E0,
04E0,
0900,
0920,
0D20,
0D41,
0D61,
1182,
15C3,
19E4,
1A04,
1A04,
1A04,
1E04,
1E04,
1E04,
1E04,
1E04,
1E04,
1E04,
1E04,
1E05,
1E05,
1E05,
1E05,
1E05,
1E05,
1E04,
1E04,
1E04,
1E04,
1E04,
1E04,
1E04,
1E04,
1E04,
1E04,
1E04,
1E04,
1E04,
1E04,
1E04,
1E04,
1E04,
1E04,
1E04,
1E04,
1E04,
1E04,
1E04,
1E04,
1E04,
1E04,
1E04,
1E04,
1E04,
1E04,
1E04,
1E04,
1E04,
1E04,
1E04,
1E04,
1E24,
1E24,
1E24,
1A24,
1A24,
1A24,
1A24,
1A24,
1E24,
1A24,
1A24,
1A24,
1A24,
1A24,
1A24,
1A24,
1A24,
1A24,
1A24,
1E24,
1E24,
1E24,
1E24,
1E24,
1E24,
1E24,
1E24,
1E24,
1E24,
1E04,
1E04,
1E04,
1E04,
1E04,
1A04,
1A04,
1A04,
1A04,
1A04,
1A04,
1A04,
1A04,
1A04,
1A04,
1E04,
1E04,
1E04,
1E04,
1E04,
1E04,
1E04,
1E04,
1E04,
1E04,
1E04,
1E04,
1E04,
1E04,
1E04,
1E04,
1E04,
1E04,
1E04,
1E04,
1E04,
1E04,
1E04,
1E04,
1E04,
1E04,
1E04,
1E04,
1E04,
1E04,
1E04,
1E04,
1E04,
1E04,
1E04,
1E04,
1E04,
1E04,
1E04,
1E04,
1E04,
1E04,
1E04,
1E04,
1E04,
1E04,
1E04,
1E04,
1E04,
1E04,
1E04,
1E04,
1E04,
1E04,
1E04,
1E04,
1E04,
1E04,
1E04,
1E04,
1E04,
1E04,
1E04,
1E04,
1E04,
1E04,
1E04,
1E04,
1E04,
1E04,
1E04,
1E04,
1E04,
1E04,
1E04,
1E04,
1E04,
1E04,
1E04,
1E04,
1E04,
1E04,
1E04,
1E04,
1E04,
1E04,
1E04,
1E04,
1E04,
1E04,
1E04,
1E04,
1E04,
1E04,
1E03,
1E03,
1E03,
1E04,
1E04,
1E04,
21E5,
21C5,
21C5,
1D63,
10C0,
18E0,
39C6,
4A4A,
4E49,
4E49,
5648,
5648,
5648,
5648,
5648,
5648,
5648,
5648,
5649,
5649,
5649,
5649,
5649,
5649,
5649,
5648,
5648,
5648,
5648,
5648,
5648,
5648,
5648,
5648,
5648,
5648,
5648,
5648,
5648,
5648,
5648,
5648,
5648,
5648,
5648,
5648,
5648,
5648,
5648,
5648,
5648,
5648,
5648,
5648,
5648,
5648,
5648,
5648,
5248,
5228,
5228,
5248,
5648,
4E08,
3544,
1C80,
1C80,
3541,
4E04,
5E85,
66C5,
6AC5,
6AC4,
6AC3,
6EE3,
6EE3,
6EE3,
6EE3,
6EE3,
6EE3,
72E3,
72E3,
72E3,
72E3,
6F04,
6F05,
66E5,
5683,
35C0,
1D20,
10E0,
08A0,
0CE0,
1100,
1120,
0D20,
0D41,
1582,
19A3,
19C3,
19C4,
1DE4,
1E05,
1E04,
1A04,
1E04,
1E04,
1E04,
1E04,
1E04,
1E04,
1E04,
1E04,
1E04,
1E05,
1E05,
1E06,
1E05,
1E05,
1E05,
1E04,
1E04,
1E04,
1E04,
1E04,
1E04,
1E04,
1E04,
1E04,
1E04,
1E04,
1E04,
1E04,
1E04,
1E04,
1E04,
1E04,
1E04,
1E04,
1E04,
1E04,
1E04,
1E04,
1E04,
1E04,
1E24,
1E24,
1E24,
1E24,
1E24,
1E24,
1E24,
1E24,
1E24,
1E24,
1E24,
1E24,
1E24,
1E24,
1E24,
1E24,
1E24,
1A24,
1A24,
1A24,
1A24,
1A24,
1A24,
1A24,
1A24,
1A24,
1A24,
1A24,
1A24,
1A24,
1E24,
1E24,
1E24,
1E24,
1E24,
1E24,
1E24,
1E24,
1E24,
1E24,
1E04,
1E04,
1E04,
1E04,
1E04,
1A04,
1A04,
1A04,
1A04,
1A04,
1A04,
1A04,
1A04,
1A04,
1A04,
1E04,
1E04,
1E04,
1E04,
1E04,
1E04,
1E04,
1E04,
1E04,
1E04,
1E04,
1E04,
1E04,
1E04,
1E04,
1E04,
1E04,
1E04,
1E04,
1E04,
1E04,
1E04,
1E04,
1E04,
1E04,
1E04,
1E04,
1E04,
1E04,
1E04,
1E04,
1E04,
1E04,
1E04,
1E04,
1E04,
1E04,
1E04,
1E04,
1E04,
1E04,
1E04,
1E04,
1E04,
1E04,
1E04,
1E04,
1E04,
1E04,
1E04,
1E04,
1E04,
1E04,
1E04,
1E04,
1E04,
1E04,
1E04,
1E04,
1E04,
1E04,
1E04,
1E04,
1E04,
1E04,
1E04,
1E04,
1E04,
1E04,
1E04,
1E04,
1E04,
1E04,
1E04,
1E04,
1E04,
1E04,
1E04,
1E04,
1E04,
1E04,
1E04,
1E04,
1E04,
1E04,
1E04,
1E04,
1E04,
1E04,
1E04,
1E04,
1E04,
1E04,
1E04,
1E03,
1E03,
1E03,
1E04,
1E04,
21E4,
25E6,
25C6,
21A4,
1501,
1080,
2502,
45E8,
4E4A,
4E49,
5248,
5248,
5648,
5648,
5648,
5648,
5648,
5648,
5648,
5649,
5649,
5649,
5649,
5649,
5649,
5649,
5648,
5648,
5648,
5648,
5648,
5648,
5648,
5648,
5648,
5648,
5648,
5648,
5648,
5648,
5648,
5648,
5648,
5648,
5648,
5648,
5648,
5648,
5648,
5648,
5648,
5648,
5648,
5648,
5648,
5648,
5648,
5648,
5648,
5648,
5648,
5248,
5248,
5649,
5A6A,
4E08,
3523,
1C80,
1C60,
3541,
4E04,
5E86,
66C6,
6AC5,
6AC4,
6AE3,
6EE3,
6EE3,
6EE3,
6EE3,
6EE3,
6EE3,
72E3,
72E3,
72E3,
6EE3,
6F04,
6F05,
6706,
5EC6,
5286,
4646,
3A05,
31E5,
25A4,
1D62,
1582,
1983,
1DA4,
1DC4,
1DE4,
1DE4,
1DE4,
1DE4,
1E04,
1E04,
1E04,
1E04,
1E04,
1E04,
1E04,
1E04,
1E04,
1E04,
1E05,
1E05,
1E05,
19C4,
11A3,
0D82,
1182,
15C3,
1A04,
1E04,
1E04,
1E04,
1E04,
1E04,
1E04,
1E04,
1E04,
1E04,
1E04,
1E04,
1E04,
1E04,
1E04,
1E04,
1E04,
1E04,
1E04,
1E04,
1E04,
1E04,
1E04,
1E04,
1E24,
1E24,
1E24,
1E24,
1E24,
1E24,
1E24,
1E24,
1E24,
1E24,
1E24,
1E24,
1E24,
1E24,
1E24,
1E24,
1E24,
1A24,
1A24,
1A24,
1A24,
1A24,
1A24,
1A24,
1A24,
1A24,
1A24,
1A24,
1A24,
1A24,
1E24,
1E24,
1E24,
1E24,
1E24,
1E24,
1E24,
1E24,
1E24,
1E24,
1E04,
1E04,
1E04,
1E04,
1E04,
1A04,
1A04,
1A04,
1A04,
1A04,
1A04,
1A04,
1A04,
1A04,
1A04,
1E04,
1E04,
1E04,
1E04,
1E04,
1E04,
1E04,
1E04,
1E04,
1E04,
1E04,
1E04,
1E04,
1E04,
1E04,
1E04,
1E04,
1E04,
1E04,
1E04,
1E04,
1E04,
1E04,
1E04,
1E04,
1E04,
1E04,
1E04,
1E04,
1E04,
1E04,
1E04,
1E04,
1E04,
1E04,
1E04,
1E04,
1E04,
1E04,
1E04,
1E04,
1E04,
1E04,
1E04,
1E04,
1E04,
1E04,
1E04,
1E04,
1E04,
1E04,
1E04,
1E04,
1E04,
1E04,
1E04,
1E04,
1E04,
1E04,
1E04,
1E04,
1E04,
1E04,
1E04,
1E04,
1E04,
1E04,
1E04,
1E04,
1E04,
1E04,
1E04,
1E04,
1E04,
1E04,
1E04,
1E04,
1E04,
1E04,
1E04,
1E04,
1E04,
1E04,
1E04,
1E04,
1E04,
1E04,
1E04,
1E04,
1E04,
1E04,
1E04,
1E04,
1E04,
1E03,
1E04,
1E04,
1E04,
1E04,
2204,
25E5,
2184,
1100,
0880,
1080,
2D43,
4A09,
522A,
5249,
5249,
5649,
5649,
5648,
5648,
5648,
5648,
5648,
5648,
5649,
5649,
5649,
5649,
5649,
5649,
5649,
5649,
5648,
5648,
5648,
5648,
5648,
5648,
5648,
5648,
5648,
5648,
5648,
5648,
5648,
5648,
5648,
5648,
5648,
5648,
5648,
5648,
5648,
5648,
5648,
5648,
5648,
5648,
5648,
5648,
5648,
5648,
5648,
5648,
5248,
5248,
5648,
5649,
5649,
5649,
5248,
45C6,
2D01,
1420,
20A0,
4183,
5627,
6287,
6AA5,
6AC4,
6AC3,
6EC3,
6EC3,
6EE3,
6EE3,
6EE3,
72E3,
72E3,
72E3,
72E3,
6EE3,
6EE4,
6F04,
6F26,
6B28,
6709,
5F0A,
5AEA,
4246,
25A3,
1D83,
1DA3,
21C4,
21C4,
1DE4,
1DE4,
1DE5,
1E04,
1E04,
1E04,
1E04,
1E04,
1E04,
1E04,
1E04,
1E04,
1E04,
1E04,
1E05,
1E05,
19E4,
11A2,
0540,
0100,
0100,
0520,
0D81,
15E4,
1E04,
1E04,
1E04,
1E04,
1E04,
1E04,
1E04,
1E04,
1E04,
1E04,
1E04,
1E04,
1E04,
1E04,
1E04,
1E04,
1E04,
1E04,
1E04,
1E04,
1E04,
1E24,
1E24,
1E24,
1E24,
1E24,
1E24,
1E24,
1E24,
1E24,
1E24,
1E24,
1E24,
1E24,
1E24,
1E24,
1E24,
1E24,
1E24,
1E24,
1A24,
1A24,
1A24,
1E24,
1E24,
1E24,
1E24,
1E24,
1E24,
1E24,
1E24,
1E24,
1E24,
1E24,
1E24,
1E24,
1E24,
1E04,
1E04,
1E04,
1E04,
1E24,
1E24,
1E04,
1E04,
1E04,
1E04,
1E04,
1E04,
1A04,
1A04,
1A04,
1A04,
1A04,
1A04,
1A04,
1A04,
1A04,
1E04,
1E04,
1E04,
1E04,
1E04,
1E04,
1E04,
1E04,
1E04,
1E04,
1E04,
1E04,
1E04,
1E04,
1E04,
1E04,
1E04,
1E04,
1E04,
1E04,
1E04,
1E04,
1E04,
1E04,
1E04,
1E04,
1E04,
1E04,
1E04,
1E04,
1E04,
1E04,
1E04,
1E04,
1E04,
1E04,
1E04,
1E04,
1E04,
1E04,
1E04,
1E04,
1E04,
1E04,
1E04,
1E04,
1E04,
1E04,
1E04,
1E04,
1E04,
1E04,
1E04,
1E04,
1E04,
1E04,
1E04,
1E04,
1E04,
1E04,
1E04,
1E04,
1E04,
1E04,
1E04,
1E04,
1E04,
1E04,
1E04,
1E04,
1E04,
1E04,
1E04,
1E04,
1E04,
1E04,
1E04,
1E04,
1E04,
1E04,
1E04,
1E04,
1E04,
1E04,
1E04,
1E04,
1E04,
1E04,
1E04,
1E04,
1E04,
1E04,
1E04,
1E04,
1E04,
1E04,
1E04,
1E04,
2204,
21E5,
1964,
0CE0,
0460,
0860,
18E1,
39A6,
4E2A,
522A,
5249,
5249,
5649,
5649,
5649,
5648,
5648,
5648,
5648,
5648,
5649,
5649,
5649,
5649,
5649,
5649,
5649,
5649,
5649,
5649,
5649,
5649,
5649,
5648,
5648,
5648,
5648,
5648,
5648,
5648,
5648,
5648,
5648,
5648,
5648,
5648,
5648,
5648,
5648,
5648,
5648,
5648,
5648,
5648,
5648,
5648,
5648,
5248,
5248,
5248,
5248,
5248,
5648,
5648,
5649,
5249,
5649,
4E27,
41C4,
2D01,
1C80,
2CE1,
45A5,
5E68,
6686,
66A5,
6AC4,
6EC3,
6EC3,
72E3,
72E4,
72E3,
72E3,
6EE3,
6EE3,
72E3,
72E3,
6EE3,
6EE4,
6B05,
66E5,
5EC5,
5285,
4666,
29A2,
1940,
1982,
1DC4,
21E5,
21E5,
1DE5,
1DE5,
1E04,
1E04,
1E04,
1E04,
1E04,
1E04,
1E04,
1E04,
1E04,
1E05,
1E05,
1E05,
1E05,
19E5,
11A3,
0941,
0100,
00E0,
0100,
0540,
0D60,
15A2,
1A04,
1E04,
1E04,
1E04,
1E04,
1E04,
1E04,
1E04,
1E04,
1E04,
1E04,
1E04,
1E04,
1E04,
1E04,
1E04,
1E04,
1E04,
1E04,
1E04,
1E04,
1E24,
1E24,
1E24,
1E24,
1E24,
1E24,
1E24,
1E24,
1E24,
1E24,
1E24,
1E24,
1E24,
1E24,
1E24,
1E24,
1E24,
1A24,
1A24,
1E24,
1E24,
1E24,
1E24,
1E24,
1E24,
1E24,
1E24,
1E24,
1E24,
1E24,
1E24,
1E24,
1E24,
1E04,
1E04,
1E04,
1E04,
1E04,
1E04,
1E04,
1E04,
1E04,
1E04,
1E04,
1E04,
1E04,
1E04,
1E04,
1A04,
1A04,
1A04,
1A04,
1A04,
1A04,
1A04,
1A04,
1A24,
1E04,
1E04,
1E04,
1E04,
1E04,
1E04,
1E04,
1E04,
1E04,
1E04,
1E04,
1E04,
1E04,
1E04,
1E04,
1E04,
1E04,
1E04,
1E04,
1E04,
1E04,
1E04,
1E04,
1E04,
1E04,
1E04,
1E04,
1E04,
1E04,
1E04,
1E04,
1E04,
1E04,
1E04,
1E04,
1E04,
1E04,
1E04,
1E04,
1E04,
1E04,
1E04,
1E04,
1E04,
1E04,
1E04,
1E04,
1E04,
1E04,
1E04,
1E04,
1E04,
1E04,
1E04,
1E04,
1E04,
1E04,
1E04,
1E04,
1E04,
1E04,
1E04,
1E04,
1E04,
1E04,
1E04,
1E04,
1E04,
1E04,
1E04,
1E04,
1E04,
1E04,
1E04,
1E04,
1E04,
1E04,
1E04,
1E04,
1E04,
1E04,
1E04,
1E04,
1E04,
1E04,
1E04,
1E04,
1E04,
1E04,
1E04,
1E04,
1E04,
1E04,
1E04,
1E04,
1E04,
1E04,
2204,
21E5,
19A4,
08E1,
0060,
0C80,
20E1,
35A6,
4E2A,
5229,
524A,
5249,
5649,
5649,
5649,
5649,
5648,
5648,
5648,
5648,
5648,
5649,
5649,
5649,
5649,
5649,
5649,
5649,
5649,
5648,
5648,
5648,
5648,
5649,
5648,
5648,
5648,
5648,
5648,
5648,
5648,
5648,
5648,
5648,
5648,
5648,
5648,
5648,
5648,
5648,
5648,
5648,
5648,
5648,
5648,
5648,
5648,
5648,
5648,
5648,
5648,
5248,
5248,
5248,
5248,
5228,
5249,
5249,
5249,
5229,
41A6,
24A0,
1840,
3522,
5A47,
6287,
6285,
6AC6,
6EC4,
6EC3,
6EE3,
72C3,
6EC3,
72E3,
6EE3,
6EE3,
72E3,
72E4,
72E3,
6EE4,
6AE5,
66C5,
5684,
39E1,
2560,
1520,
1520,
1982,
1DC4,
21E5,
21E5,
1DE5,
1DE4,
1E04,
1E04,
1E04,
1E04,
1E04,
1E04,
1E04,
1E04,
1E05,
1E05,
1E05,
1E05,
1E05,
19E4,
1182,
0120,
0100,
0941,
0D62,
1182,
0D81,
11A2,
19E4,
1A04,
1E04,
1E04,
1E04,
1E04,
1E04,
1E04,
1E04,
1E04,
1E04,
1E04,
1E04,
1E04,
1E04,
1E04,
1E04,
1E04,
1E04,
1E04,
1E04,
1E24,
1E24,
1E24,
1E24,
1E24,
1E24,
1E24,
1E24,
1E24,
1E24,
1E24,
1E24,
1E24,
1E24,
1E24,
1E24,
1E24,
1E24,
1E24,
1E24,
1E24,
1E24,
1E24,
1E24,
1E24,
1E24,
1E24,
1E24,
1E24,
1E24,
1E24,
1E24,
1E24,
1E04,
1E04,
1E04,
1E04,
1E04,
1E04,
1E04,
1E04,
1E04,
1E04,
1E04,
1E04,
1E04,
1E04,
1E04,
1A04,
1A04,
1A04,
1A04,
1A04,
1A04,
1A04,
1A04,
1A24,
1E04,
1E04,
1E04,
1E04,
1E04,
1E04,
1E04,
1E04,
1E04,
1E04,
1E04,
1E04,
1E04,
1E04,
1E04,
1E04,
1E04,
1E04,
1E04,
1E04,
1E04,
1E04,
1E04,
1E04,
1E04,
1E04,
1E04,
1E04,
1E04,
1E04,
1E04,
1E04,
1E04,
1E04,
1E04,
1E04,
1E04,
1E04,
1E04,
1E04,
1E04,
1E04,
1E04,
1E04,
1E04,
1E04,
1E04,
1E04,
1E04,
1E04,
1E04,
1E04,
1E04,
1E04,
1E04,
1E04,
1E04,
1E04,
1E04,
1E04,
1E04,
1E04,
1E04,
1E04,
1E04,
1E04,
1E04,
1E04,
1E04,
1E04,
1E04,
1E04,
1E04,
1E04,
1E04,
1E04,
1E04,
1E04,
1E04,
1E04,
1E24,
1E04,
1E04,
1E04,
1E04,
1E04,
1E04,
1E04,
1E04,
1E04,
1E04,
1E04,
1E04,
1E04,
1E03,
1E04,
1E04,
2204,
1DA4,
0D21,
00A0,
08A0,
2522,
3DC7,
4E0A,
524A,
5249,
5249,
5249,
5249,
5649,
5649,
5649,
5648,
5648,
5648,
5648,
5648,
5648,
5648,
5648,
5649,
5649,
5649,
5648,
5648,
5648,
5648,
5648,
5648,
5648,
5648,
5648,
5648,
5648,
5648,
5648,
5648,
5648,
5648,
5648,
5648,
5648,
5648,
5648,
5648,
5648,
5648,
5648,
5648,
5648,
5648,
5648,
5648,
5648,
5648,
5648,
5648,
5248,
5248,
5248,
5248,
5248,
5249,
5249,
5249,
5649,
4E09,
3123,
1840,
24A0,
45A4,
5A46,
6286,
6AC7,
6EC5,
6AC4,
6EC3,
6EE3,
6EE4,
72E4,
6EE3,
6EE3,
6EE3,
6EE3,
72E3,
72E4,
6EE5,
62C5,
4A22,
2960,
1500,
1500,
1941,
1DA3,
1DC4,
1DE4,
1DE4,
1DE4,
1DE4,
1DE4,
1E04,
1E04,
1E04,
1E04,
1E24,
1E04,
1E04,
1E05,
1E05,
1E05,
1E04,
1DE4,
19C4,
0D61,
0520,
0961,
19C4,
1DE6,
19A4,
1182,
11A2,
15C4,
1E04,
1E04,
1E24,
1E04,
1E04,
1E04,
1E04,
1E04,
1E04,
1E04,
1E24,
1E04,
1E04,
1E04,
1E04,
1E04,
1E04,
1E04,
1E04,
1E04,
1E24,
1E24,
1E24,
1E24,
1E24,
1E24,
1E24,
1E24,
1E24,
1E24,
1E24,
1E24,
1E24,
1E24,
1E24,
1E24,
1E24,
1E24,
1E24,
1E24,
1E24,
1E24,
1E24,
1E24,
1E24,
1E24,
1E24,
1E24,
1E24,
1E24,
1E24,
1E24,
1E04,
1E04,
1E04,
1E24,
1E24,
1E04,
1E04,
1E04,
1E04,
1E04,
1E04,
1E04,
1E04,
1E04,
1E24,
1E24,
1A04,
1A04,
1A04,
1A04,
1A04,
1A04,
1A04,
1A04,
1A24,
1E04,
1E04,
1E04,
1E04,
1E04,
1E04,
1E04,
1E04,
1E04,
1E04,
1E04,
1E04,
1E04,
1E04,
1E04,
1E04,
1E04,
1E04,
1E04,
1E04,
1E04,
1E04,
1E04,
1E04,
1E04,
1E04,
1E04,
1E04,
1E04,
1E04,
1E04,
1E04,
1E04,
1E04,
1E04,
1E04,
1E04,
1E04,
1E04,
1E04,
1E04,
1E04,
1E04,
1E04,
1E04,
1E04,
1E04,
1E04,
1E04,
1E04,
1E04,
1E04,
1E04,
1E04,
1E04,
1E04,
1E04,
1E04,
1E04,
1E04,
1E04,
1E04,
1E04,
1E04,
1E04,
1E04,
1E04,
1E04,
1E04,
1E04,
1E04,
1E04,
1E04,
1E04,
1E04,
1E04,
1E04,
1E04,
1E04,
1E04,
1E04,
1E04,
1E04,
1E04,
1E04,
1E04,
1E04,
1E04,
1E04,
1E04,
1E04,
1E04,
1E04,
1E04,
1E03,
1E04,
2204,
21E4,
1963,
0CC0,
0880,
1D22,
39C8,
4A2A,
524B,
524A,
5249,
5249,
5249,
5649,
5649,
5649,
5649,
5648,
5648,
5648,
5648,
5648,
5648,
5648,
5649,
5649,
5649,
5649,
5648,
5648,
5648,
5648,
5648,
5648,
5648,
5648,
5648,
5648,
5648,
5648,
5648,
5648,
5648,
5648,
5648,
5648,
5648,
5648,
5648,
5648,
5648,
5648,
5648,
5648,
5648,
5648,
5648,
5648,
5648,
5648,
5648,
5648,
5248,
5248,
5249,
5249,
5249,
5249,
5249,
5249,
5649,
522A,
41A6,
24A0,
1C60,
3101,
4DE6,
6287,
6AC6,
6AC5,
6AC4,
6EC3,
6EE3,
6EE4,
72E4,
72E4,
72E4,
72E4,
72E4,
72E4,
72E5,
6EE6,
5E85,
3DC1,
1D00,
10E0,
1521,
1D63,
21C4,
1DC4,
1DE5,
1DE4,
19E4,
19E4,
1E04,
1E04,
1E04,
1E04,
1E04,
1E24,
1E04,
1E05,
1E05,
1E05,
1E05,
19E4,
19E4,
15A3,
0961,
0520,
1182,
1DE5,
2206,
19C4,
0D62,
1182,
19C4,
1E04,
1E05,
1E04,
1E04,
1E04,
1E04,
1E04,
1E04,
1E04,
1E04,
1E24,
1E04,
1E04,
1E04,
1E04,
1E04,
1E04,
1E04,
1E04,
1E04,
1E24,
1E24,
1E24,
1E24,
1E24,
1E24,
1E24,
1E24,
1E24,
1E24,
1E24,
1E24,
1E24,
1E24,
1E24,
1E24,
1E24,
1E24,
1E24,
1E24,
1E24,
1E24,
1E24,
1E24,
1E24,
1E24,
1E24,
1E24,
1E04,
1E24,
1E24,
1E04,
1E04,
1E04,
1E04,
1E24,
1E24,
1E04,
1E04,
1E04,
1E04,
1E04,
1E04,
1E04,
1E04,
1E04,
1E24,
1E24,
1A04,
1A04,
1A04,
1A04,
1A04,
1A04,
1A04,
1A24,
1A24,
1E04,
1E04,
1E04,
1E04,
1E04,
1E04,
1E04,
1E04,
1E04,
1E04,
1E04,
1E04,
1E04,
1E04,
1E04,
1E04,
1E04,
1E04,
1E04,
1E04,
1E04,
1E04,
1E04,
1E04,
1E04,
1E04,
1E04,
1E04,
1E04,
1E04,
1E04,
1E04,
1E04,
1E04,
1E04,
1E04,
1E04,
1E04,
1E04,
1E04,
1E04,
1E04,
1E04,
1E04,
1E04,
1E04,
1E04,
1E04,
1E04,
1E04,
1E04,
1E04,
1E04,
1E04,
1E04,
1E04,
1E04,
1E04,
1E04,
1E04,
1E04,
1E04,
1E04,
1E04,
1E04,
1E04,
1E04,
1E04,
1E04,
1E04,
1E04,
1E04,
1E04,
1E04,
1E04,
1E04,
1E04,
1E04,
1E04,
1E04,
1E04,
1E04,
1E04,
1E04,
1E04,
1E04,
1E04,
1E04,
1E04,
1E04,
1E04,
1E04,
1E04,
1E04,
1E03,
1E03,
2204,
21E4,
1962,
0CC0,
10A0,
2D86,
4A2B,
4E4B,
522A,
524A,
5249,
5249,
5649,
5649,
5648,
5649,
5649,
5648,
5648,
5648,
5648,
5648,
5648,
5648,
5648,
5648,
5648,
5648,
5648,
5648,
5648,
5648,
5648,
5648,
5648,
5648,
5648,
5648,
5648,
5648,
5648,
5648,
5648,
5648,
5648,
5648,
5648,
5648,
5648,
5648,
5648,
5648,
5648,
5648,
5648,
5648,
5648,
5648,
5648,
5648,
5648,
5648,
5648,
5248,
5248,
5249,
5249,
5249,
5249,
5249,
5249,
522A,
4E09,
3965,
20A0,
24A0,
3D63,
5A47,
66A7,
6AC5,
6AC4,
6EC3,
6EE3,
6EE4,
72E4,
72E4,
72E4,
72E4,
72E4,
72E4,
72E5,
6EE6,
5E65,
3561,
14C0,
14E0,
1942,
2184,
21C5,
1DC5,
1DE5,
1DE4,
19E4,
1E04,
1E04,
1E04,
1E04,
1E04,
1E04,
1E04,
1E04,
1E05,
1E05,
1E05,
1E05,
1E05,
19E4,
0D61,
0520,
0920,
1583,
1DE5,
21E6,
19C4,
0D61,
0D62,
19C4,
1E04,
1E04,
1E04,
1E04,
1E04,
1E04,
1E04,
1E04,
1E04,
1E04,
1E04,
1E04,
1E04,
1E04,
1E04,
1E04,
1E04,
1E04,
1E04,
1E04,
1E04,
1E04,
1E04,
1E04,
1E04,
1E04,
1E04,
1E04,
1E04,
1E04,
1E04,
1E04,
1E24,
1E24,
1E24,
1E24,
1E24,
1E24,
1E24,
1E24,
1E24,
1E24,
1E24,
1E24,
1E24,
1E24,
1E24,
1E04,
1E04,
1E04,
1E24,
1E24,
1E04,
1E04,
1E04,
1E04,
1E04,
1E04,
1E04,
1E04,
1E04,
1E04,
1E04,
1E04,
1E04,
1E04,
1E04,
1E04,
1A04,
1A04,
1A04,
1A04,
1A24,
1A24,
1A24,
1A24,
1A24,
1E04,
1E04,
1E04,
1E04,
1E04,
1E04,
1E04,
1E04,
1E04,
1E04,
1E04,
1E04,
1E04,
1E04,
1E04,
1E04,
1E04,
1E04,
1E04,
1E04,
1E04,
1E04,
1E04,
1E04,
1E04,
1E04,
1E04,
1E04,
1E04,
1E04,
1E04,
1E04,
1E04,
1E04,
1E04,
1E04,
1E04,
1E04,
1E04,
1E04,
1E04,
1E04,
1E04,
1E04,
1E04,
1E04,
1E04,
1E04,
1E04,
1E04,
1E04,
1E04,
1E04,
1E04,
1E04,
1E04,
1E04,
1E04,
1E04,
1E04,
1E04,
1E04,
1E04,
1E04,
1E04,
1E04,
1E04,
1E04,
1E04,
1E04,
1E04,
1E04,
1E04,
1E04,
1E04,
1E04,
1E04,
1E04,
1E04,
1E04,
1E04,
1E04,
1E04,
1E04,
1E04,
1E04,
1E04,
1E04,
1E04,
1E04,
1E04,
1E04,
1E04,
1E04,
1E03,
1E03,
2204,
21E4,
1962,
0CC0,
14C1,
35A8,
4A2C,
4E2B,
4E2A,
524A,
5249,
5649,
5649,
5649,
5648,
5648,
5648,
5648,
5648,
5648,
5648,
5648,
5648,
5648,
5648,
5648,
5648,
5648,
5648,
5648,
5648,
5648,
5648,
5648,
5648,
5649,
5649,
5649,
5649,
5648,
5649,
5649,
5649,
5649,
5649,
5648,
5648,
5648,
5649,
5648,
5648,
5648,
5648,
5648,
5648,
5648,
5648,
5648,
5648,
5648,
5648,
5648,
5648,
5248,
5248,
5249,
5249,
5249,
5249,
5229,
5229,
5229,
562A,
4E09,
3102,
1C60,
2CE0,
4DE5,
6288,
6AC6,
6AC4,
6EC4,
6EE4,
6EC4,
72C4,
72C4,
72C4,
72E4,
72E4,
72E4,
72E5,
6EE6,
5623,
2900,
10A0,
1500,
1D63,
21A5,
21C5,
1DC5,
1DE5,
19E4,
1A03,
1E04,
1E03,
1E04,
1E04,
1E04,
1E24,
1E04,
1E04,
1E05,
1E04,
1E04,
1E05,
1E05,
19C4,
0961,
0520,
0941,
19C4,
21E6,
1DE5,
1DE5,
0D61,
0D61,
19C4,
1DE4,
1E04,
1E04,
1E04,
1E04,
1E04,
1E04,
1E04,
1E04,
1E04,
1E04,
1E04,
1E04,
1E04,
1E04,
1E04,
1E04,
1E04,
1E04,
1E04,
1E04,
1E04,
1E04,
1E04,
1E04,
1E04,
1E04,
1E04,
1E04,
1E04,
1E04,
1E04,
1E24,
1E24,
1E24,
1E24,
1E24,
1E24,
1E24,
1E24,
1E24,
1E24,
1E24,
1E24,
1E24,
1E04,
1E04,
1E04,
1E04,
1E04,
1E24,
1E24,
1E04,
1E04,
1E04,
1E04,
1E04,
1E04,
1E04,
1E04,
1E04,
1E04,
1E04,
1E04,
1E04,
1E04,
1E04,
1E04,
1E04,
1A04,
1A04,
1A24,
1A24,
1A24,
1A24,
1A24,
1A24,
1E04,
1E04,
1E04,
1E04,
1E03,
1E03,
1E03,
1E04,
1E04,
1E04,
1E04,
1E04,
1E04,
1E04,
1E04,
1E04,
1E04,
1E04,
1E04,
1E04,
1E04,
1E04,
1E04,
1E04,
1E04,
1E04,
1E04,
1E04,
1E04,
1E04,
1E04,
1E04,
1E04,
1E04,
1E04,
1E04,
1E04,
1E04,
1E04,
1E04,
1E04,
1E04,
1E04,
1E04,
1E04,
1E04,
1E04,
1E04,
1E04,
1E04,
1E04,
1E04,
1E04,
1E04,
1E04,
1E04,
1E04,
1E04,
1E04,
1E04,
1E04,
1E04,
1E04,
1E04,
1E04,
1E04,
1E04,
1E04,
1E04,
1E04,
1E04,
1E04,
1E04,
1E04,
1E04,
1E04,
1E04,
1E04,
1E04,
1E04,
1E04,
1E04,
1E04,
1E04,
1E04,
1E04,
1E04,
1E04,
1E04,
1E04,
1E04,
1E04,
1E04,
1E04,
1E03,
1E04,
2204,
21E4,
1962,
0CC0,
10C0,
2D86,
460B,
522A,
524A,
524A,
5249,
5649,
5649,
5648,
5648,
5648,
5649,
5648,
5648,
5648,
5648,
5648,
5648,
5648,
5648,
5648,
5648,
5648,
5648,
5648,
5648,
5648,
5648,
5648,
5648,
5648,
5648,
5648,
5648,
5648,
5648,
5648,
5648,
5648,
5648,
5648,
5648,
5648,
5649,
5648,
5648,
5648,
5648,
5648,
5648,
5648,
5648,
5648,
5648,
5648,
5648,
5648,
5648,
5648,
5648,
5249,
5249,
5649,
5649,
5229,
5229,
5229,
5629,
5229,
3D84,
20A0,
20A0,
3D63,
5A47,
66A7,
6AC5,
6EC5,
6EC4,
6EE4,
72C4,
72E4,
72C4,
72E4,
72E4,
72C4,
72E6,
6AE6,
4E02,
2500,
14C0,
1921,
2184,
21A5,
21C4,
1DE4,
1DE4,
1A03,
1A03,
1A03,
1E04,
1E04,
1E04,
1E04,
1E24,
1E04,
1E04,
1E05,
1E04,
1E05,
1E05,
1E05,
15C4,
0940,
0100,
1162,
1DE5,
21E5,
1DE5,
1DE5,
0D61,
0D61,
19C4,
1DE4,
1DE4,
1DE4,
1E03,
1E03,
1E03,
1E04,
1E04,
1E04,
1E04,
1E04,
1E03,
1E04,
1E04,
1E04,
1E04,
1E04,
1E04,
1E04,
1E04,
1E04,
1E04,
1E04,
1E04,
1E04,
1E04,
1E04,
1E04,
1E04,
1E04,
1E04,
1E04,
1E24,
1E24,
1E24,
1E24,
1E24,
1E24,
1E24,
1E24,
1E24,
1E24,
1E24,
1E24,
1E24,
1E04,
1E04,
1E04,
1E04,
1E04,
1E04,
1E04,
1E04,
1E04,
1E04,
1E04,
1E04,
1E04,
1E04,
1E04,
1E04,
1E04,
1E04,
1E04,
1E04,
1E04,
1E04,
1E04,
1E04,
1E04,
1E04,
1A04,
1A24,
1A24,
1A24,
1A24,
1A24,
1E04,
1E04,
1E04,
1E04,
1E03,
1E03,
1E03,
1E04,
1E04,
1E04,
1E04,
1E04,
1E04,
1E04,
1E04,
1E04,
1E04,
1E04,
1E04,
1E04,
1E04,
1E04,
1E04,
1E04,
1E04,
1E04,
1E04,
1E04,
1E04,
1E04,
1E04,
1E04,
1E04,
1E04,
1E04,
1E04,
1E04,
1E04,
1E04,
1E04,
1E04,
1E04,
1E04,
1E04,
1E04,
1E04,
1E04,
1E04,
1E04,
1E04,
1E04,
1E04,
1E04,
1E04,
1E04,
1E04,
1E04,
1E04,
1E04,
1E04,
1E04,
1E04,
1E04,
1E04,
1E04,
1E04,
1E04,
1E04,
1E04,
1E04,
1E04,
1E04,
1E04,
1E04,
1E04,
1E04,
1E04,
1E04,
1E04,
1E04,
1E04,
1E04,
1E04,
1E04,
1E04,
1E24,
1E24,
1E04,
1E04,
1E04,
1E04,
1E04,
1E04,
1E04,
1E04,
1E04,
2204,
21E4,
1D83,
1100,
0CA0,
1D23,
35A8,
4A09,
524A,
524A,
524A,
5649,
5649,
5649,
5648,
5649,
5648,
5648,
5648,
5648,
5649,
5649,
5649,
5648,
5648,
5648,
5648,
5648,
5648,
5648,
5648,
5648,
5648,
5648,
5648,
5648,
5648,
5648,
5648,
5648,
5648,
5648,
5648,
5648,
5648,
5648,
5648,
5648,
5649,
5648,
5648,
5648,
5648,
5648,
5648,
5648,
5648,
5648,
5648,
5648,
5648,
5648,
5648,
5648,
5648,
5649,
5649,
5649,
5649,
5648,
5648,
5248,
5228,
5648,
4A06,
2D21,
1C80,
2D01,
49E4,
6286,
6AC6,
6EC5,
6EE4,
6EE4,
6EE4,
6EE4,
6EE4,
72E4,
72E4,
72E4,
72E6,
6AC6,
4E02,
2500,
14C0,
1D42,
2184,
21A5,
1DC4,
1DE3,
1DE3,
1A03,
1A03,
1A03,
1E03,
1E04,
1E04,
1E04,
1E04,
1E04,
1E04,
1E05,
1E05,
1E05,
1E05,
1DE5,
15A3,
0940,
0520,
1583,
21E6,
21E6,
1DE6,
1DE5,
0D61,
0940,
19C4,
1DE4,
1DE4,
1DE4,
1DE4,
1DE4,
1DE3,
1DE4,
1DE4,
1E04,
1E04,
1E04,
1E04,
1E04,
1E04,
1E04,
1E04,
1E04,
1E04,
1E04,
1E04,
1E04,
1E04,
1E04,
1E04,
1E04,
1E04,
1E04,
1E04,
1E04,
1E04,
1E04,
1E04,
1E04,
1E04,
1E04,
1E04,
1E04,
1E24,
1E24,
1E24,
1E24,
1E24,
1E24,
1E24,
1E24,
1E04,
1E04,
1E04,
1E04,
1E04,
1E04,
1E04,
1E04,
1E04,
1E04,
1E04,
1E04,
1E04,
1E04,
1E04,
1E04,
1E04,
1E04,
1E04,
1E04,
1E04,
1E04,
1E04,
1E04,
1E04,
1E24,
1A24,
1A24,
1A24,
1A24,
1A24,
1A24,
1E04,
1E04,
1E04,
1E04,
1E03,
1E03,
1E03,
1E03,
1E03,
1E04,
1E04,
1E04,
1E04,
1E04,
1E04,
1E04,
1E04,
1E04,
1E04,
1E04,
1E04,
1E04,
1E04,
1E04,
1E04,
1E04,
1E04,
1E04,
1E04,
1E04,
1E04,
1E04,
1E04,
1E04,
1E04,
1E04,
1E04,
1E04,
1E04,
1E04,
1E04,
1E04,
1E04,
1E04,
1E04,
1E04,
1E04,
1E04,
1E04,
1E04,
1E04,
1E04,
1E04,
1E04,
1E04,
1E04,
1E04,
1E04,
1E04,
1E04,
1E04,
1E04,
1E04,
1E04,
1E04,
1E04,
1E04,
1E04,
1E04,
1E04,
1E04,
1E04,
1E04,
1E04,
1E04,
1E04,
1E04,
1E04,
1E04,
1E04,
1E04,
1E04,
1E04,
1E04,
1E04,
1E04,
1E04,
1E04,
1E04,
1E04,
1E04,
1E04,
1E04,
1E24,
1E04,
1E04,
2204,
1DE4,
21A4,
1941,
0CC0,
10A0,
1D22,
35A5,
4A08,
524A,
564A,
564A,
5649,
5649,
5649,
5649,
5648,
5648,
5648,
5648,
5648,
5649,
5649,
5649,
5649,
5649,
5648,
5648,
5648,
5648,
5648,
5648,
5648,
5648,
5648,
5648,
5648,
5648,
5648,
5648,
5648,
5648,
5648,
5648,
5648,
5648,
5648,
5648,
5649,
5648,
5648,
5648,
5648,
5648,
5648,
5648,
5648,
5648,
5648,
5648,
5648,
5648,
5648,
5648,
5648,
5648,
5648,
5648,
5648,
5648,
5648,
5648,
5628,
5648,
5228,
3D84,
24C0,
20A0,
3962,
5A66,
6AC7,
6AC6,
6AC5,
6EC4,
6EE4,
6EE4,
72E4,
72E4,
72E4,
72E4,
6EE5,
66C5,
4A01,
2920,
1900,
1D41,
2184,
21A5,
1DC4,
1DE3,
1DE3,
1A03,
1A03,
1A03,
1A04,
1E04,
1E04,
1E04,
1E04,
1E04,
1E04,
1E05,
1E05,
1E05,
1E05,
19C5,
11A3,
0940,
0940,
19A4,
1DC5,
1DC5,
1DE5,
1DC4,
0940,
0940,
19A3,
1DC4,
1DE4,
1DE4,
1DE4,
1DE4,
1DE4,
1DE3,
1DE4,
1DE4,
1E04,
1E04,
2204,
1E04,
1E04,
1E04,
1E04,
1E04,
1E04,
1E24,
1E04,
1E04,
1E04,
1E04,
1E04,
1E04,
1E04,
1E04,
1E04,
1E04,
1E04,
1E04,
1E04,
1E04,
1E04,
1E04,
1E04,
1E04,
1E24,
1E24,
1E24,
1E24,
1E24,
1E24,
1E24,
1E24,
1E04,
1E04,
1E04,
1E04,
1E04,
1E04,
1E05,
1E04,
1E04,
1E04,
1E04,
1E04,
1E04,
1E04,
1E04,
1E04,
1E04,
1E04,
1E04,
1E04,
1E04,
1E04,
1E04,
1E04,
1E04,
1E24,
1E24,
1E24,
1A24,
1A24,
1A24,
1A24,
1E04,
1E04,
1E04,
1E04,
1E03,
1E03,
1E03,
1E03,
1E03,
1E03,
1E04,
1E04,
1E04,
1E04,
1E04,
1E04,
1E04,
1E04,
1E04,
1E04,
1E04,
1E04,
1E04,
1E04,
1E04,
1E04,
1E04,
1E04,
1E04,
1E04,
1E04,
1E04,
1E04,
1E04,
1E04,
1E04,
1E04,
1E04,
1E04,
1E04,
1E04,
1E04,
1E04,
1E04,
1E04,
1E04,
1E04,
1E04,
1E04,
1E04,
1E04,
1E04,
1E04,
1E04,
1E04,
1E04,
1E04,
1E04,
1E04,
1E04,
1E04,
1E04,
1E04,
1E04,
1E04,
1E04,
1E04,
1E04,
1E04,
1E04,
1E04,
1E04,
1E04,
1E04,
1E04,
1E04,
1E04,
1E04,
1E04,
1E04,
1E04,
1E04,
1E04,
1E04,
1E04,
1E04,
1E04,
1E04,
1E04,
1E04,
1E04,
1E04,
1E04,
1E04,
1E04,
1E04,
1E04,
1DE4,
21C4,
2183,
1521,
0CA0,
0CA0,
1CE0,
2D63,
41E8,
524A,
564B,
564B,
5249,
5249,
5248,
5248,
5248,
5248,
5248,
5649,
5649,
5649,
5649,
5649,
5649,
5648,
5648,
5648,
5A48,
5648,
5648,
5648,
5648,
5648,
5648,
5648,
5648,
5648,
5648,
5648,
5648,
5648,
5648,
5648,
5648,
5648,
5648,
5649,
5648,
5648,
5648,
5648,
5648,
5648,
5648,
5648,
5648,
5648,
5648,
5648,
5648,
5648,
5648,
5648,
5648,
5648,
5648,
5648,
5648,
5648,
5648,
5648,
5248,
5248,
45E6,
2D01,
1C80,
3101,
5226,
66A7,
66C5,
6AC5,
6AC4,
6EC4,
6EC4,
72E4,
72C4,
72E4,
6EE4,
6EC5,
66A5,
4E22,
3160,
2120,
2161,
21A4,
21C5,
1DC4,
19E3,
1A02,
1A03,
1A03,
1A04,
1A04,
1E04,
1E04,
1A04,
1A04,
1E04,
1E04,
1E05,
1E05,
1DE6,
21E6,
1DE5,
15A3,
0941,
0941,
19A4,
1DE5,
1DC4,
1DE5,
1DC4,
0920,
0941,
15A3,
19A3,
15A3,
1583,
19C4,
21E5,
2205,
2205,
2205,
2205,
2205,
2205,
2205,
2205,
1E04,
1E04,
2204,
1E04,
1E04,
1E04,
1E04,
1E04,
1E24,
1E04,
1E04,
1E04,
1E04,
1E04,
1E04,
1E04,
1E04,
1E04,
1E04,
1E04,
1E04,
1E04,
1E04,
1E04,
1E04,
1E04,
1E04,
1E04,
1E04,
1E04,
1E04,
1E04,
1E04,
1E04,
1E04,
1E04,
1E04,
1E04,
1E04,
1E04,
1E04,
1E04,
1E04,
1E04,
1E04,
1E04,
1E04,
1E04,
1E04,
1E04,
1E04,
1E04,
1E04,
1E04,
1E04,
1E04,
1E04,
1E24,
1E24,
1A24,
1A24,
1A24,
1A24,
1A24,
1E04,
1E04,
1E04,
1E04,
1E03,
1E03,
1E03,
1E03,
1E03,
1E03,
1E04,
1E04,
1E04,
1E04,
1E04,
1E04,
1E04,
1E04,
1E04,
1E04,
1E04,
1E04,
1E04,
1E04,
1E04,
1E04,
1E04,
1E04,
1E04,
1E04,
1E04,
1E04,
1E04,
1E04,
1E04,
1E04,
1E04,
1E04,
1E04,
1E04,
1E04,
1E04,
1E04,
1E04,
1E04,
1E04,
1E04,
1E04,
1E04,
1E04,
1E04,
1E04,
1E04,
1E04,
1E04,
1E04,
1E04,
1E04,
1E04,
1E04,
1E04,
1E04,
1E04,
1E04,
1E04,
1E04,
1E04,
1E04,
1E04,
1E04,
1E04,
1E04,
1E04,
1E04,
1E04,
1E04,
1E04,
1E04,
1E04,
1E04,
1E04,
1E04,
1E04,
1E04,
1E04,
1E04,
1E04,
1E04,
1E04,
1E04,
1E04,
1E04,
1E04,
1E04,
1E04,
1E04,
1E04,
1E04,
21E5,
21E5,
21A4,
1521,
0480,
0880,
0CA0,
1D02,
35A6,
49E9,
522B,
566C,
566B,
564A,
564A,
564A,
5649,
5249,
5249,
5649,
5649,
5649,
5649,
5649,
5648,
5648,
5649,
5A49,
5648,
5648,
5648,
5648,
5648,
5648,
5648,
5648,
5648,
5648,
5648,
5648,
5648,
5648,
5648,
5648,
5648,
5648,
5649,
5648,
5648,
5648,
5648,
5648,
5648,
5648,
5648,
5648,
5648,
5648,
5648,
5648,
5648,
5648,
5648,
5648,
5648,
5648,
5648,
5648,
5648,
5648,
5648,
5248,
5248,
4E28,
3543,
1C80,
28C0,
49E4,
5E87,
6285,
66A4,
6AC4,
6EC4,
6EC4,
72C4,
72C4,
72C4,
6EE5,
6AE7,
66E8,
5286,
35A2,
1D21,
1941,
21A4,
25C6,
21E6,
1E04,
1E04,
1E03,
1A04,
1A04,
1E04,
1E04,
1A04,
1A03,
1A04,
1E04,
1E04,
1E04,
1E05,
2206,
2206,
21E6,
1583,
0941,
0940,
15A3,
1DE5,
1DC4,
1DC5,
19A4,
0500,
0D41,
15A4,
1182,
1161,
0D61,
1583,
19C4,
1DE5,
21E6,
2206,
21E5,
1DE5,
1DE4,
1DE4,
1DE4,
1DE4,
1DE4,
1E04,
1E04,
1E04,
1E04,
1E04,
1E04,
1E04,
1E04,
1E04,
1E04,
1E04,
1E04,
1E04,
1E04,
1E04,
1E04,
1E04,
1E04,
1E04,
1E04,
1E04,
1E04,
1E04,
1E04,
1E04,
1E04,
1E04,
1E04,
1E04,
1E04,
1E04,
1E04,
1E04,
1E04,
1E04,
1E04,
1E04,
1E04,
1E04,
1E04,
1E04,
1E04,
1E04,
1E04,
1E04,
1E04,
1E04,
1E04,
1E04,
1E04,
1E04,
1E04,
1E04,
1E04,
1E04,
1E24,
1E24,
1A04,
1A24,
1A24,
1A24,
1A24,
1E04,
1E04,
1E04,
1E04,
1E03,
1E03,
1E03,
1E03,
1E03,
1E03,
1E04,
1E04,
1E04,
1E04,
1E04,
1E04,
1E04,
1E04,
1E04,
1E04,
1E04,
1E04,
1E04,
1E04,
1E04,
1E04,
1E04,
1E04,
1E04,
1E04,
1E04,
1E04,
1E04,
1E04,
1E04,
1E04,
1E04,
1E04,
1E04,
1E04,
1E04,
1E04,
1E04,
1E04,
1E04,
1E04,
1E04,
1E04,
1E04,
1E04,
1E04,
1E04,
1E04,
1E04,
1E04,
1E04,
1E04,
1E04,
1E04,
1E04,
1E04,
1E04,
1E04,
1E04,
1E04,
1E04,
1E04,
1E04,
1E04,
1E04,
1E04,
1E04,
1E04,
1E04,
1E04,
1E04,
1E04,
1E04,
1E04,
1E04,
1E04,
1E04,
1E04,
1E04,
1E04,
1E04,
1E04,
1E04,
1E04,
1E04,
1E04,
1E04,
1E04,
1E04,
1E04,
1E04,
1E04,
1E04,
21E4,
21E5,
25E5,
21C4,
1962,
10E1,
0CC0,
0CA0,
14A0,
18A1,
2D24,
3DC7,
49E9,
4E0A,
4E2A,
564B,
564B,
564A,
564A,
5649,
5649,
5649,
5648,
5648,
5648,
5648,
5649,
5649,
5648,
5648,
5648,
5648,
5648,
5648,
5648,
5648,
5648,
5648,
5648,
5648,
5648,
5648,
5648,
5648,
5648,
5648,
5649,
5648,
5648,
5648,
5648,
5648,
5648,
5648,
5648,
5648,
5648,
5648,
5648,
5648,
5648,
5648,
5648,
5648,
5648,
5648,
5648,
5648,
5648,
5648,
5648,
5648,
5648,
5248,
45C6,
24C0,
1C80,
3962,
5646,
5E66,
6284,
6AA4,
6EC4,
6EC3,
6EC4,
72C5,
6EC5,
6EE6,
6AE8,
5EC8,
4224,
2541,
10C0,
0CC0,
0D02,
1544,
19A4,
19E4,
19E3,
19E4,
19E4,
19E4,
1E04,
1E04,
1E04,
1A04,
1A04,
1A04,
19E4,
1DE4,
19E4,
19C4,
19C4,
1163,
0921,
0100,
0520,
1162,
19C4,
1DC4,
1DC5,
19A3,
0500,
0941,
15A3,
1583,
1583,
1183,
1162,
1162,
1162,
1163,
1162,
0941,
0920,
0920,
0D20,
1161,
19A3,
1DE4,
1DE4,
1DE4,
1DE4,
1DE4,
1E04,
1E04,
1E03,
1E04,
1E04,
1E04,
1E04,
1E04,
1E04,
1E04,
1E04,
1E04,
1E04,
1E04,
1E04,
1E04,
1E04,
1E04,
1E04,
1E04,
1E04,
1E04,
1E04,
1E04,
1E04,
1E04,
1E04,
1E04,
1E04,
1E04,
1E04,
1E04,
1E04,
1E04,
1E04,
1E04,
1E04,
1E04,
1E04,
1E04,
1E04,
1E04,
1E04,
1E04,
1E04,
1E04,
1E04,
1E04,
1E04,
1E04,
1E04,
1E24,
1E24,
1A04,
1A24,
1A24,
1A24,
1A24,
1E04,
1E04,
1E04,
1E04,
1E03,
1E03,
1E03,
1E03,
1E03,
1E04,
1E04,
1E04,
1E04,
1E04,
1E04,
1E04,
1E04,
1E04,
1E04,
1E04,
1E04,
1E04,
1E04,
1E04,
1E04,
1E04,
1E04,
1E04,
1E04,
1E04,
1E04,
1E04,
1E04,
1E04,
1E04,
1E04,
1E04,
1E04,
1E04,
1E04,
1E04,
1E04,
1E04,
1E04,
1E04,
1E04,
1E04,
1E04,
1E04,
1E04,
1E04,
1E04,
1E04,
1E04,
1E03,
1E04,
1E04,
1E04,
1E04,
1E04,
1E04,
1E04,
1E04,
1E04,
1E04,
1E04,
1E04,
1E04,
1E04,
1E04,
1E04,
1E04,
1E04,
1E04,
1E04,
1E04,
1E04,
1E04,
1E04,
1E04,
1E04,
1E04,
1E04,
1E04,
1E04,
1E04,
1E04,
1E04,
1E04,
1E04,
1E04,
1E04,
1E24,
1E04,
1E04,
1E24,
1E04,
1E04,
1E04,
2204,
21E5,
2605,
25E5,
25C5,
2184,
1902,
1080,
0840,
0820,
1060,
1CC1,
2D23,
3564,
3DA6,
4A09,
524B,
564B,
564B,
564A,
5649,
5249,
5649,
5649,
5649,
5648,
5648,
5648,
5648,
5648,
5648,
5648,
5648,
5648,
5648,
5648,
5648,
5648,
5648,
5648,
5648,
5648,
5648,
5648,
5648,
5649,
5648,
5648,
5648,
5648,
5648,
5648,
5648,
5648,
5648,
5648,
5648,
5648,
5648,
5648,
5648,
5648,
5648,
5648,
5648,
5648,
5648,
5648,
5648,
5648,
5247,
5668,
5668,
4E28,
3142,
1C80,
3121,
5225,
5E66,
6284,
66A4,
6AA4,
6AC3,
6EC4,
6EC5,
6EC6,
66C7,
5665,
35A1,
18E0,
10C0,
0CA0,
0080,
0060,
0080,
00C0,
0100,
0540,
1182,
15C3,
19E3,
19E4,
19E4,
1E04,
1E04,
1A04,
19E4,
19E4,
19E4,
1182,
0940,
0100,
00E0,
00E0,
00E0,
0100,
0940,
1583,
19C4,
1DC5,
19A4,
0D61,
0D61,
19A3,
1DC5,
1DE5,
19C4,
1162,
0500,
00E0,
00E0,
00C0,
00C0,
00E0,
04E0,
0500,
0D20,
1182,
19C3,
1DC4,
19C3,
19C3,
19C3,
19E3,
1E03,
1E04,
1E04,
1E04,
1E04,
1E04,
1E03,
1E03,
1E04,
1E04,
1E04,
1E04,
1E04,
1E04,
1E04,
1E04,
1E04,
1E04,
1E04,
1E04,
1E04,
1E04,
1E04,
1E04,
1E04,
1E04,
1E04,
1E04,
1E04,
1E04,
1E04,
1E04,
1E04,
1E04,
1E04,
1E04,
1E04,
1E04,
1E04,
1E04,
1E04,
1E04,
1E04,
1E04,
1E04,
1E04,
1E04,
1E04,
1E04,
1E04,
1E24,
1E24,
1A04,
1A24,
1A24,
1A24,
1A24,
1E04,
1E04,
1E04,
1E04,
1E03,
1E03,
1E03,
1E04,
1E04,
1E04,
1E04,
1E04,
1E04,
1E04,
1E04,
1E04,
1E04,
1E04,
1E04,
1E04,
1E04,
1E04,
1E04,
1E04,
1E04,
1E04,
1E04,
1E04,
1E04,
1E04,
1E04,
1E04,
1E04,
1E04,
1E04,
1E04,
1E04,
1E04,
1E04,
1E04,
1E04,
1E04,
1E04,
1E04,
1E04,
1E04,
1E04,
1E04,
1E04,
1E04,
1E04,
1E04,
1E04,
1E04,
1E04,
1E04,
1E04,
1E04,
1E04,
1E04,
1E04,
1E04,
1E04,
1E04,
1E04,
1E04,
1E04,
1E04,
1E04,
1E04,
1E04,
1E04,
1E04,
1E04,
1E04,
1E04,
1E04,
1E04,
1E04,
1E04,
1E04,
1E04,
1E04,
1E04,
1E04,
1E04,
1E04,
1E04,
1E04,
1E04,
1E04,
1E04,
1E24,
1E04,
1E04,
1E24,
1E04,
1E04,
1E04,
2204,
2204,
21E4,
21E5,
21E5,
25E6,
25A6,
2144,
1D22,
0C80,
0420,
0840,
0C60,
1060,
1480,
24E2,
3565,
41C8,
49E9,
4E2A,
522A,
5229,
5249,
5649,
5649,
5649,
5648,
5648,
5648,
5648,
5648,
5648,
5648,
5648,
5648,
5648,
5648,
5648,
5648,
5648,
5648,
5648,
5648,
5648,
5648,
5648,
5648,
5648,
5648,
5648,
5648,
5648,
5648,
5648,
5648,
5648,
5648,
5648,
5648,
5648,
5648,
5648,
5648,
5648,
5648,
5648,
5648,
5648,
5648,
5647,
5247,
5648,
5669,
5228,
3563,
20A0,
3122,
5226,
5E66,
6285,
6AA5,
6AC4,
6EC4,
6EC4,
6EC5,
6AC6,
5A64,
3160,
14A0,
0C80,
10E0,
1101,
1101,
08E1,
04C0,
00C0,
0100,
0940,
1182,
15C3,
15C3,
19E3,
1A04,
1A04,
1A04,
1A04,
1A04,
15C3,
0961,
0100,
00E0,
00E0,
0520,
0D41,
0941,
0940,
0920,
0D61,
19C4,
19C4,
19C4,
19A4,
15A3,
1DE4,
21E5,
21E5,
1DE5,
15A3,
0941,
0100,
00E0,
0500,
1162,
19A4,
19A4,
19A4,
1583,
1161,
0D61,
0D61,
1181,
15A2,
15C2,
19E3,
19E3,
1DE4,
1E04,
1E04,
1E04,
1E04,
1E04,
1E04,
1E04,
1E04,
1E04,
1E04,
1E04,
1E04,
1E04,
1E04,
1E04,
1E04,
1E04,
1E04,
1E04,
1E04,
1E04,
1E04,
1E04,
1E04,
1E04,
1E04,
1E04,
1E04,
1E04,
1E04,
1E04,
1E04,
1E04,
1E04,
1E04,
1E04,
1E04,
1E04,
1E04,
1E04,
1E04,
1E04,
1E04,
1E04,
1E04,
1E04,
1E04,
1E04,
1E04,
1E04,
1A04,
1A24,
1A24,
1A24,
1A24,
1E04,
1E04,
1E04,
1E04,
1E04,
1E04,
1E04,
1E04,
1E24,
1E04,
1E04,
1E04,
1E04,
1E04,
1E04,
1E04,
1E04,
1E04,
1E04,
1E04,
1E04,
1E04,
1E04,
1E04,
1E04,
1E04,
1E04,
1E04,
1E04,
1E04,
1E04,
1E04,
1E04,
1E04,
1E04,
1E04,
1E04,
1E04,
1E04,
1E04,
1E04,
1E04,
1E04,
1E04,
1E04,
1E04,
1E04,
1E04,
1E04,
1E04,
1E04,
1E04,
1E04,
1E04,
1E04,
1E04,
1E04,
1E04,
1E04,
1E04,
1E04,
1E04,
1E04,
1E04,
1E04,
1E04,
1E04,
1E04,
1E04,
1E04,
1E04,
1E04,
1E04,
1E04,
1E04,
1E04,
1E04,
1E04,
1E04,
1E04,
1E04,
1E04,
1E04,
1E04,
1E04,
1E04,
1E04,
1E04,
1E04,
1E04,
1E04,
1E04,
1E04,
1E04,
1E04,
1E04,
1E04,
1E04,
1E04,
1E04,
2204,
2204,
21E4,
21E4,
21E5,
25C6,
29C6,
29A6,
2144,
10E1,
0C80,
0820,
0400,
0400,
0C20,
1460,
20A1,
28E3,
3545,
41A7,
4E09,
522A,
564B,
564A,
5649,
5649,
5649,
5649,
5649,
5648,
5648,
5649,
5649,
5649,
5648,
5648,
5648,
5648,
5648,
5648,
5648,
5648,
5648,
5648,
5648,
5648,
5648,
5648,
5648,
5648,
5648,
5648,
5648,
5648,
5648,
5648,
5648,
5648,
5648,
5648,
5648,
5648,
5648,
5648,
5648,
5648,
5648,
5648,
5648,
5248,
5648,
5669,
5249,
3DA5,
20A0,
2D01,
4E05,
5E66,
6285,
6AA5,
6EC4,
6EC4,
6EC4,
6EC5,
6EC6,
4E22,
1CE0,
1080,
10E0,
1541,
1982,
1D63,
1D84,
1963,
1563,
1182,
15A3,
19C4,
19C3,
15E3,
19E4,
1E04,
1A04,
1A04,
1A04,
19E4,
0D81,
0100,
00E0,
0521,
0D83,
19C5,
1DE5,
19C4,
11A2,
0960,
0D61,
19C4,
1DC5,
1DC5,
1DE5,
1DE5,
21E5,
21E5,
1DE4,
1DE5,
1DE5,
19C5,
19C4,
15A4,
19A4,
21E6,
25E7,
25E6,
21E6,
1DC4,
1161,
0920,
0940,
0D80,
15A2,
19C3,
19E3,
1DE4,
1E04,
1E04,
1E04,
1E04,
1E04,
1E04,
1E04,
1E04,
1E04,
1E04,
1E04,
1E04,
1E04,
1E04,
1E04,
1E04,
1E04,
1E04,
1E04,
1E04,
1E04,
1E04,
1E04,
1E04,
1E04,
1E04,
1E04,
1E04,
1E04,
1E04,
1E04,
1E04,
1E04,
1E24,
1E24,
1E24,
1E04,
1E04,
1E04,
1E04,
1E04,
1E04,
1E04,
1E04,
1E04,
1E24,
1E24,
1E24,
1E24,
1E04,
1E24,
1E24,
1A24,
1A24,
1A24,
1A24,
1E04,
1E04,
1E04,
1E04,
1E04,
1E04,
1E04,
1E04,
1E24,
1E04,
1E04,
1E04,
1E04,
1E04,
1E04,
1E04,
1E04,
1E04,
1E04,
1E04,
1E04,
1E04,
1E04,
1E04,
1E04,
1E04,
1E04,
1E04,
1E04,
1E04,
1E04,
1E04,
1E04,
1E04,
1E04,
1E04,
1E04,
1E04,
1E04,
1E04,
1E04,
1E04,
1E04,
1E04,
1E04,
1E04,
1E04,
1E04,
1E04,
1E04,
1E04,
1E04,
1E04,
1E04,
1E04,
1E04,
1E04,
1E04,
1E04,
1E04,
1E04,
1E04,
1E04,
1E04,
1E04,
1E04,
1E04,
1E04,
1E04,
1E04,
1E04,
1E04,
1E24,
1E24,
1E24,
1E24,
1E24,
1E24,
1E24,
1E24,
1E24,
1E24,
1E24,
1E24,
1E24,
1E04,
1E04,
1E04,
1E04,
1E04,
1E04,
1E04,
1E04,
1E04,
1E04,
1E04,
1E04,
1E04,
1E04,
1E04,
1E04,
1E04,
21E4,
21E4,
21E4,
21C5,
25C6,
25C7,
21A6,
1522,
10A1,
14A1,
1CE3,
20E3,
1CA1,
1040,
1020,
1440,
1860,
20A1,
2D03,
3544,
3D85,
41A6,
45C7,
4E08,
5229,
5229,
564A,
5649,
5649,
5649,
5649,
5649,
5649,
5648,
5648,
5648,
5648,
5648,
5649,
5648,
5648,
5648,
5648,
5648,
5648,
5648,
5648,
5648,
5648,
5648,
5648,
5648,
5648,
5648,
5648,
5648,
5648,
5648,
5648,
5648,
5648,
5648,
5648,
5648,
5648,
5648,
5648,
5248,
5649,
5669,
566A,
49E8,
28E0,
24C0,
49C4,
6286,
6685,
6AA5,
6EC4,
6EC4,
6EC4,
6EE6,
66C5,
45E1,
14E0,
10C1,
1521,
1D83,
21A4,
21A5,
21C5,
21C5,
1DC5,
1DE5,
1DC4,
19E4,
19E4,
1A04,
1A04,
1A04,
1A04,
1A04,
1A04,
15C3,
0960,
0120,
0961,
15A4,
1E06,
2206,
1E06,
1DE5,
19C4,
11A2,
11A2,
19C4,
1DE5,
1DE5,
1DE5,
1E05,
1E05,
1E04,
1DE5,
1DE5,
1DE5,
2206,
2206,
2606,
2206,
2206,
2206,
21E6,
2205,
1DE4,
15A3,
1181,
1181,
15A2,
19E3,
1DE4,
1E04,
1E04,
1E04,
1E04,
1E04,
1E04,
1E04,
1E04,
1E04,
1E04,
1E04,
1E04,
1E04,
1E04,
1E04,
1E04,
1E04,
1E04,
1E04,
1E04,
1E04,
1E04,
1E04,
1E04,
1E04,
1E04,
1E04,
1E04,
1E04,
1E04,
1E04,
1E04,
1E04,
1E04,
1E04,
1E24,
1E24,
1E24,
1E04,
1E04,
1E04,
1E04,
1E04,
1E04,
1E04,
1E04,
1E04,
1E24,
1E24,
1E24,
1E24,
1E24,
1E24,
1E24,
1E24,
1E24,
1E24,
1E24,
1E04,
1E04,
1E04,
1E04,
1E04,
1E04,
1E04,
1E04,
1E04,
1E04,
1E04,
1E04,
1E04,
1E04,
1E04,
1E04,
1E04,
1E04,
1E04,
1E04,
1E04,
1E04,
1E04,
1E04,
1E04,
1E04,
1E04,
1E04,
1E04,
1E04,
1E04,
1E04,
1E04,
1E04,
1E04,
1E04,
1E04,
1E04,
1E04,
1E04,
1E04,
1E04,
1E04,
1E04,
1E04,
1E04,
1E04,
1E04,
1E04,
1E04,
1E04,
1E04,
1E04,
1E04,
1E04,
1E04,
1E04,
1E04,
1E04,
1E04,
1E04,
1E04,
1E24,
1E24,
1E24,
1E24,
1E24,
1E24,
1E24,
1E24,
1E24,
1E24,
1E24,
1E24,
1E24,
1E24,
1E24,
1E24,
1E24,
1E24,
1E24,
1E24,
1E24,
1E24,
1E24,
1E04,
1E04,
1E24,
1E04,
1E04,
1E04,
1E04,
1E04,
1E04,
1E04,
1E04,
1E04,
1E04,
1E04,
1E04,
1E04,
1E04,
1E04,
1E04,
1E04,
21E5,
25C6,
21C6,
1964,
0CE0,
10C0,
2545,
3DEA,
460B,
3DA9,
3145,
24E2,
20A1,
1C80,
1860,
1440,
1440,
1860,
2080,
28C1,
3122,
3D84,
45C7,
49E9,
522A,
564A,
564A,
564A,
564A,
5649,
5649,
5649,
5648,
5648,
5648,
5649,
5648,
5648,
5648,
5648,
5648,
5648,
5648,
5648,
5648,
5648,
5648,
5648,
5648,
5648,
5648,
5648,
5648,
5648,
5648,
5648,
5648,
5648,
5648,
5648,
5648,
5648,
5648,
5648,
5648,
5648,
5649,
566A,
4E08,
28E1,
1C80,
4183,
5E66,
66A5,
6AA5,
6EC4,
6EC4,
6EC4,
6EE6,
62A5,
41C1,
14E0,
1101,
1D82,
21A4,
21C5,
21E5,
1DE4,
1DE4,
1E04,
1E04,
1DE4,
1E04,
1E04,
1A04,
1A04,
1A04,
1A04,
1A04,
1A04,
15E4,
0D81,
0960,
0D81,
15C3,
19E5,
1E05,
1DE5,
1DE4,
1DE4,
19E4,
19E4,
19E4,
1DE5,
1E04,
1E05,
1E04,
1E04,
1E04,
1E04,
1E04,
1E04,
1E05,
2225,
2205,
1E05,
1E04,
2204,
1E04,
1E04,
1E04,
1DE4,
19E4,
19E3,
1E04,
1E04,
1E04,
1E04,
1E04,
1E04,
1E04,
1E04,
1E04,
1E04,
1E04,
1E04,
1E04,
1E04,
1E04,
1E04,
1E04,
1E04,
1E04,
1E04,
1E04,
1E04,
1E04,
1E04,
1E04,
1E04,
1E04,
1E04,
1E04,
1E04,
1E04,
1E04,
1E04,
1E04,
1E04,
1E04,
1E04,
1E04,
1E24,
1E24,
1E24,
1E24,
1E04,
1E04,
1E04,
1E04,
1E04,
1E24,
1E24,
1E24,
1E24,
1E24,
1E24,
1E24,
1E24,
1A24,
1A24,
1E24,
1E24,
1E24,
1E24,
1E04,
1E04,
1E04,
1E04,
1E04,
1E04,
1E04,
1E04,
1E04,
1E04,
1E04,
1E04,
1E04,
1E04,
1E04,
1E04,
1E04,
1E04,
1E04,
1E04,
1E04,
1E04,
1E04,
1E04,
1E04,
1E04,
1E04,
1E04,
1E04,
1E04,
1E04,
1E04,
1E04,
1E04,
1E04,
1E04,
1E04,
1E04,
1E04,
1E04,
1E04,
1E04,
1E04,
1E04,
1E04,
1E04,
1E04,
1E04,
1E04,
1E04,
1E04,
1E04,
1E04,
1E04,
1E04,
1E04,
1E04,
1E04,
1E04,
1E04,
1E04,
1E04,
1E24,
1E24,
1E24,
1E24,
1E24,
1E24,
1E24,
1E24,
1E24,
1E24,
1E24,
1E24,
1E24,
1E24,
1E24,
1E24,
1E24,
1E24,
1E24,
1E24,
1E24,
1E24,
1E24,
1E24,
1E24,
1E03,
1E03,
1E03,
1E03,
1E03,
1E03,
1E03,
1E03,
1E03,
1E03,
1E03,
1E03,
1E03,
1E04,
1E04,
1E04,
1E04,
1E04,
21E5,
25E6,
21C5,
1563,
0CE0,
14E1,
2D86,
464C,
526D,
4E4C,
4E2A,
4A0A,
45C8,
3DA6,
3544,
2D02,
24C1,
1860,
1440,
1440,
1840,
1C60,
24C1,
3524,
41A6,
49E8,
522A,
564B,
564A,
5649,
5649,
5649,
5649,
5248,
5228,
5649,
5649,
5649,
5648,
5648,
5648,
5648,
5648,
5648,
5648,
5648,
5648,
5648,
5648,
5648,
5648,
5648,
5648,
5648,
5648,
5648,
5648,
5648,
5648,
5648,
5648,
5648,
5648,
5648,
5648,
5648,
5649,
5669,
4E07,
2CE1,
1C60,
3D63,
5E66,
6284,
6AA4,
6EC4,
6EC4,
6EC4,
6EE5,
62C5,
41E1,
18C0,
1121,
1DA2,
1DC3,
21C4,
1DE4,
1DE4,
1A03,
1A04,
1A04,
1A04,
1E04,
1E04,
1A04,
1A04,
1A04,
1A04,
1A04,
1A04,
1A04,
15C3,
0D80,
0D80,
0D81,
15C3,
19E4,
19E4,
1DE4,
19E4,
1DE4,
1E05,
1A05,
1A04,
1A04,
1E04,
1E04,
1E04,
1A04,
1A04,
1A04,
1E04,
1E04,
1E04,
1E04,
1E04,
1E04,
1E04,
1E04,
1E04,
1E04,
1E04,
1E04,
1E24,
1E24,
1E04,
1E04,
1E04,
1E04,
1E04,
1E04,
1E04,
1E04,
1E04,
1E04,
1E04,
1E04,
1E04,
1E04,
1E04,
1E04,
1E04,
1E04,
1E04,
1E04,
1E04,
1E04,
1E04,
1E04,
1E04,
1E04,
1E04,
1E04,
1E04,
1E04,
1E04,
1E04,
1E04,
1E04,
1E04,
1E04,
1E04,
1E24,
1E24,
1E24,
1E24,
1E24,
1E24,
1E24,
1E24,
1E24,
1E24,
1E24,
1E24,
1E24,
1E24,
1E24,
1E24,
1E24,
1A24,
1A24,
1A24,
1A24,
1A24,
1E24,
1E04,
1E04,
1E04,
1E04,
1E04,
1E04,
1E04,
1E04,
1E04,
1E04,
1E04,
1E04,
1E04,
1E04,
1E04,
1E04,
1E04,
1E04,
1E04,
1E04,
1E04,
1E04,
1E04,
1E04,
1E04,
1E04,
1E04,
1E04,
1E04,
1E04,
1E04,
1E04,
1E04,
1E04,
1E04,
1E04,
1E04,
1E04,
1E04,
1E04,
1E04,
1E04,
1E04,
1E04,
1E04,
1E04,
1E04,
1E04,
1E04,
1E04,
1E04,
1E04,
1E04,
1E04,
1E04,
1E04,
1E04,
1E04,
1E04,
1E04,
1E04,
1E04,
1E24,
1E24,
1E24,
1E24,
1E24,
1E24,
1E24,
1E24,
1E24,
1E24,
1E24,
1E24,
1E24,
1E24,
1E24,
1E24,
1E24,
1E24,
1E24,
1E24,
1E24,
1E24,
1E24,
1E24,
1E03,
1E03,
1E03,
1E03,
1E03,
1E03,
1E03,
1E03,
1E03,
1E03,
1E03,
1E03,
1E03,
1E03,
1E04,
1E04,
1E04,
1E04,
1E04,
1E04,
2205,
25C5,
1562,
08E0,
10E0,
2984,
462A,
4E4B,
4E4A,
524A,
526A,
524A,
5249,
4E29,
4E09,
45E8,
3D85,
3123,
28C2,
1C60,
1020,
1020,
1840,
24A0,
2D02,
3544,
41A6,
49E7,
4E08,
5649,
5649,
5649,
5228,
5229,
5629,
5629,
5649,
5649,
5649,
5648,
5648,
5648,
5648,
5648,
5648,
5648,
5648,
5648,
5648,
5648,
5648,
5648,
5648,
5648,
5648,
5648,
5649,
5649,
5648,
5648,
5648,
5648,
5648,
5648,
5648,
5648,
5669,
4E08,
2D02,
1C60,
3D63,
5A66,
6284,
6AA4,
6EC3,
6EC4,
6EC4,
6AC5,
66C5,
45E1,
18E0,
1101,
19A2,
1DC3,
21C4,
1DC4,
1DE3,
1A03,
1A04,
1A03,
1A04,
1A04,
1E04,
1E04,
1E04,
1E04,
1E04,
1E04,
1E04,
1E04,
19E4,
0D81,
0960,
0D80,
15C2,
1A04,
19E4,
1DE4,
1E04,
19E4,
1A04,
1A04,
1A04,
1A04,
1E04,
1E04,
1E04,
1A04,
1A04,
1A04,
1E04,
1E04,
1E04,
1E04,
1E04,
1E04,
1E04,
1E04,
1E04,
1E04,
1E04,
1E04,
1E04,
1E04,
1E04,
1E04,
1E04,
1E04,
1E04,
1E24,
1E24,
1E24,
1E24,
1E24,
1E24,
1E24,
1E24,
1E24,
1E24,
1E04,
1E04,
1E04,
1E04,
1E04,
1E04,
1E04,
1E04,
1E04,
1E04,
1E04,
1E04,
1E04,
1E04,
1E04,
1E04,
1E04,
1E04,
1E04,
1E04,
1E04,
1E24,
1E24,
1E24,
1E24,
1E24,
1E24,
1E24,
1E24,
1E24,
1E24,
1E24,
1E24,
1E24,
1E24,
1E24,
1E24,
1E24,
1E24,
1A24,
1A24,
1A24,
1A24,
1A24,
1E24,
1E04,
1E04,
1E04,
1E04,
1E04,
1E04,
1E04,
1E04,
1E04,
1E04,
1E04,
1E04,
1E04,
1E04,
1E04,
1E04,
1E04,
1E04,
1E04,
1E04,
1E04,
1E04,
1E04,
1E04,
1E04,
1E04,
1E04,
1E04,
1E04,
1E04,
1E04,
1E04,
1E04,
1E04,
1E04,
1E04,
1E04,
1E04,
1E04,
1E04,
1E04,
1E04,
1E04,
1E04,
1E04,
1E04,
1E04,
1E04,
1E04,
1E04,
1E04,
1E04,
1E04,
1E04,
1E04,
1E04,
1E04,
1E04,
1E04,
1E04,
1E04,
1E04,
1E04,
1E04,
1E24,
1E24,
1E24,
1E24,
1E24,
1E24,
1E24,
1E24,
1E24,
1E24,
1E24,
1E24,
1E24,
1E24,
1E24,
1E24,
1E24,
1E24,
1E24,
1E24,
1E24,
1E24,
1E03,
1E03,
1E03,
1E03,
1E03,
1E03,
1E03,
1E03,
1E03,
1E03,
1E03,
1E03,
1E04,
1E04,
1E04,
1E04,
1E04,
1E04,
1E04,
1E04,
21E5,
21E6,
1983,
0D00,
0CC0,
1D21,
39C6,
4A08,
4E29,
524A,
5249,
5249,
5249,
524A,
564A,
564B,
564B,
524A,
4A09,
3DA7,
3124,
24A1,
1C60,
1840,
1440,
1840,
2080,
28C0,
3543,
45A5,
49E7,
4E08,
5229,
5229,
5229,
5629,
5649,
5649,
5649,
5648,
5648,
5648,
5648,
5648,
5648,
5648,
5648,
5648,
5648,
5648,
5648,
5648,
5648,
5648,
5648,
5648,
5648,
5648,
5648,
5648,
5648,
5648,
5648,
5648,
5648,
5648,
5649,
5228,
2D02,
1C60,
3D63,
5A46,
6284,
66A3,
6EC4,
6EC4,
6EC5,
6EC6,
66E6,
4A01,
1D00,
1101,
19A2,
1DC2,
1DC4,
1DC4,
1DE3,
1A03,
1A03,
1A04,
1A04,
1E04,
1E04,
1E04,
1E04,
1E04,
1E04,
1E04,
1E04,
1E04,
1A04,
15C3,
11C2,
15C2,
19E4,
1A04,
1A04,
1A04,
1A04,
1A04,
1A04,
1E04,
1E04,
1E04,
1E04,
1A04,
1A04,
1A04,
1A04,
1A04,
1A04,
1E04,
1E04,
1E04,
1E04,
1E04,
1E04,
1E04,
1E04,
1E04,
1E04,
1E04,
1E04,
1E04,
1E04,
1E04,
1E04,
1E04,
1E04,
1E24,
1E24,
1E24,
1E24,
1E24,
1E24,
1E24,
1E24,
1E24,
1E24,
1E24,
1E24,
1E24,
1E24,
1E24,
1E24,
1E24,
1E24,
1E24,
1E24,
1E04,
1E04,
1E04,
1E04,
1E04,
1E04,
1E04,
1E04,
1E04,
1E24,
1E24,
1E24,
1E24,
1E24,
1E24,
1E24,
1E24,
1E24,
1E24,
1E24,
1E24,
1E24,
1E24,
1E24,
1E24,
1E24,
1E24,
1E24,
1A24,
1A24,
1A24,
1A24,
1A24,
1A24,
1A24,
1E04,
1E04,
1E04,
1E04,
1E04,
1E04,
1E04,
1E04,
1E04,
1E04,
1E04,
1E04,
1E04,
1E04,
1E04,
1E04,
1E04,
1E04,
1E04,
1E04,
1E04,
1E04,
1E04,
1E04,
1E04,
1E04,
1E04,
1E04,
1E04,
1E04,
1E04,
1E04,
1E04,
1E04,
1E04,
1E04,
1E04,
1E04,
1E04,
1E04,
1E04,
1E04,
1E04,
1E04,
1E04,
1E04,
1E04,
1E04,
1E04,
1E04,
1E04,
1E04,
1E04,
1E04,
1E04,
1E04,
1E04,
1E04,
1E04,
1E04,
1E04,
1E04,
1E04,
1E04,
1E24,
1E24,
1E24,
1E24,
1E24,
1E24,
1E24,
1E24,
1E24,
1E24,
1E24,
1E24,
1E24,
1E24,
1E24,
1E24,
1E24,
1E24,
1E24,
1E04,
1E24,
1E24,
1E03,
1E03,
1E03,
1E03,
1E03,
1E03,
1E03,
1E03,
1E03,
1E03,
1E03,
1E03,
1E04,
1E04,
1E04,
1E04,
1E04,
1A04,
1E04,
1E04,
21E5,
21E5,
21C5,
1542,
0CC0,
0CA0,
1D01,
3565,
45E9,
4E2A,
524A,
524A,
522A,
524A,
524A,
524A,
564A,
566B,
566B,
564B,
5229,
45C7,
3D85,
3524,
24C1,
2080,
1860,
1840,
1C60,
24A0,
2CE1,
3543,
41A6,
49E8,
4E08,
5229,
5229,
5229,
5649,
5648,
5648,
5648,
5648,
5648,
5648,
5648,
5648,
5648,
5648,
5648,
5648,
5648,
5648,
5648,
5648,
5648,
5648,
5648,
5648,
5648,
5648,
5648,
5648,
5648,
5648,
5648,
5A69,
5228,
2CE1,
1C60,
4585,
5A66,
5E83,
66A3,
6EC3,
6EC4,
6EC4,
6EE5,
6EE6,
5243,
2120,
1120,
1981,
1DA2,
1DC4,
1DE4,
1DE3,
1A03,
1A03,
1A03,
1A04,
1E04,
1E04,
1E04,
1E04,
1E04,
1E04,
1E04,
1E04,
1E04,
1E04,
1A04,
1E04,
1A04,
1A04,
1A04,
1E04,
1A04,
1A04,
1A04,
1E04,
1E04,
1E04,
1E04,
1E04,
1A04,
1A04,
1A04,
1A04,
1A04,
1A04,
1A04,
1A04,
1A04,
1E04,
1E04,
1E24,
1E24,
1E24,
1E04,
1E04,
1E04,
1E04,
1E04,
1E04,
1E04,
1E04,
1E04,
1E04,
1E24,
1E24,
1E24,
1E24,
1E24,
1E24,
1E24,
1E24,
1E24,
1E24,
1E24,
1E24,
1E24,
1E24,
1E24,
1E24,
1E24,
1E24,
1E24,
1E24,
1E04,
1E04,
1E04,
1E04,
1E04,
1E04,
1E04,
1E04,
1E04,
1E24,
1E24,
1E24,
1E24,
1E24,
1E24,
1E24,
1E24,
1E24,
1E24,
1E24,
1E24,
1E24,
1E24,
1E24,
1E24,
1E24,
1E24,
1E24,
1A24,
1A24,
1A24,
1A24,
1A24,
1A24,
1A24,
1E04,
1E04,
1E04,
1E04,
1E04,
1E04,
1E04,
1E04,
1E04,
1E04,
1E04,
1E04,
1E04,
1E04,
1E04,
1E04,
1E04,
1E04,
1E04,
1E04,
1E04,
1E04,
1E04,
1E04,
1E04,
1E04,
1E04,
1E04,
1E04,
1E04,
1E04,
1E04,
1E04,
1E04,
1E04,
1E04,
1E04,
1E04,
1E04,
1E04,
1E04,
1E04,
1E04,
1E04,
1E04,
1E04,
1E04,
1E04,
1E04,
1E04,
1E04,
1E04,
1E04,
1E04,
1E04,
1E04,
1E04,
1E04,
1E04,
1E04,
1E04,
1E04,
1E04,
1E04,
1E24,
1E24,
1E24,
1E24,
1E24,
1E24,
1E24,
1E24,
1E24,
1E24,
1E24,
1E24,
1E24,
1E24,
1E24,
1E24,
1E24,
1E24,
1E24,
1E04,
1E24,
1E24,
1E03,
1E03,
1E03,
1E03,
1E03,
1E03,
1E03,
1E03,
1E03,
1E03,
1E03,
1E03,
1E04,
1E04,
1E04,
1E04,
1E04,
1E04,
1E04,
1E04,
21E4,
21E5,
2205,
1DA4,
1101,
0880,
0880,
14A1,
2924,
41C8,
4A09,
522A,
524A,
524A,
522A,
522A,
522A,
5249,
5249,
5649,
566A,
564A,
564A,
564A,
4E09,
45C6,
3964,
3102,
24A0,
1C60,
1840,
1840,
24A0,
3102,
3D84,
49E7,
4E08,
5228,
5648,
5648,
5649,
5648,
5648,
5648,
5648,
5648,
5648,
5648,
5648,
5648,
5648,
5648,
5648,
5648,
5648,
5648,
5648,
5648,
5648,
5648,
5648,
5648,
5648,
5648,
5648,
5648,
5A69,
4E08,
28E1,
2080,
49A6,
5A66,
5EA3,
66A3,
6EC3,
6EC3,
6EC3,
6EE4,
6EE6,
5663,
2960,
1100,
1560,
1DA2,
21E4,
21E4,
1DE3,
1A03,
1A03,
1A03,
1A04,
1E04,
1E04,
1E04,
1E04,
1E04,
1E04,
1E04,
1E04,
1A04,
1A04,
1A04,
1E04,
1A04,
1A04,
1A04,
1A04,
1A04,
1A04,
1A04,
1A04,
1A04,
1A04,
1A04,
1A04,
1A04,
1A04,
1A04,
1A04,
1A04,
1A04,
1A04,
1A04,
1A04,
1E04,
1E04,
1E04,
1E24,
1E24,
1E24,
1E24,
1E24,
1E24,
1E04,
1E04,
1E24,
1E24,
1E24,
1E24,
1E24,
1E24,
1E24,
1E24,
1E24,
1E24,
1E24,
1E24,
1E24,
1E24,
1E24,
1E24,
1E24,
1E24,
1E24,
1E24,
1E24,
1E24,
1E24,
1E24,
1E04,
1E04,
1E04,
1E04,
1E04,
1E04,
1E04,
1E04,
1E04,
1E24,
1E24,
1E24,
1E24,
1E24,
1E24,
1E24,
1E24,
1E24,
1E24,
1E24,
1E24,
1E24,
1E24,
1E24,
1E24,
1E24,
1E24,
1E24,
1A24,
1A24,
1A24,
1A24,
1A24,
1A24,
1E24,
1E04,
1E04,
1E04,
1E04,
1E04,
1E04,
1E04,
1E04,
1E04,
1E04,
1E04,
1E04,
1E04,
1E04,
1E04,
1E04,
1E04,
1E04,
1E04,
1E04,
1E04,
1E04,
1E04,
1E04,
1E04,
1E04,
1E04,
1E04,
1E04,
1E04,
1E04,
1E04,
1E04,
1E04,
1E04,
1E04,
1E04,
1E04,
1E04,
1E04,
1E04,
1E04,
1E04,
1E04,
1E04,
1E04,
1E04,
1E04,
1E04,
1E04,
1E04,
1E04,
1E04,
1E04,
1E04,
1E04,
1E04,
1E04,
1E04,
1E04,
1E24,
1E24,
1E04,
1E04,
1E24,
1E24,
1E24,
1E24,
1E24,
1E24,
1E24,
1E24,
1E24,
1E24,
1E24,
1E24,
1E24,
1E24,
1E24,
1E24,
1E24,
1E24,
1E24,
1E04,
1E24,
1E24,
1E03,
1E03,
1E03,
1E03,
1E03,
1E03,
1E03,
1E03,
1E03,
1E03,
1E03,
1E03,
1E03,
1E03,
1E04,
1E04,
1E04,
1E04,
1E04,
1E04,
1E04,
1E04,
2205,
21C5,
1963,
10E1,
0480,
0440,
0C80,
2122,
39A6,
4A09,
4E2A,
524A,
524A,
524A,
564A,
524A,
5249,
5249,
5249,
5649,
566A,
5A6B,
5A6B,
5A6B,
564A,
5209,
49C7,
3D64,
2CE1,
24A0,
20A0,
24C0,
3542,
45C6,
5208,
5649,
5649,
5649,
5649,
5649,
5648,
5648,
5648,
5648,
5648,
5648,
5648,
5648,
5648,
5648,
5648,
5648,
5648,
5648,
5648,
5648,
5648,
5648,
5648,
5648,
5648,
5648,
5648,
5648,
5A69,
4E08,
28E1,
2080,
49A6,
5E66,
62A4,
6AC3,
6EC3,
6EC3,
72C3,
6EE3,
6AE5,
5A63,
39C1,
1920,
1520,
1980,
21C3,
21E4,
1DE3,
1A03,
19E4,
1E04,
1A04,
1E04,
1E04,
1E04,
1E04,
1E04,
1E04,
1E04,
1A04,
1A04,
1A04,
1A04,
1A04,
1A04,
1A04,
1A04,
1A04,
1A04,
1A04,
1A04,
1A04,
1A04,
1A04,
1A04,
1A04,
1A04,
1A04,
1A04,
1A04,
1A04,
1A04,
1A04,
1A04,
1A04,
1E04,
1E04,
1E04,
1E04,
1E24,
1E24,
1E24,
1E24,
1E24,
1E24,
1E24,
1E24,
1E24,
1E24,
1E24,
1E24,
1E24,
1E24,
1E24,
1E24,
1E24,
1E24,
1E24,
1E24,
1E24,
1E24,
1E24,
1E24,
1E24,
1E24,
1E24,
1E24,
1E24,
1E24,
1E24,
1E04,
1E04,
1E04,
1E04,
1E04,
1E04,
1E04,
1E04,
1E04,
1E04,
1E04,
1E24,
1E24,
1E24,
1E24,
1E24,
1E24,
1E24,
1E24,
1E24,
1E24,
1E24,
1E24,
1E24,
1E24,
1E24,
1E24,
1E24,
1A24,
1A24,
1A24,
1E24,
1E24,
1E24,
1E24,
1E04,
1E04,
1E04,
1E04,
1E04,
1E04,
1E04,
1E04,
1E04,
1E04,
1E04,
1E04,
1E04,
1E04,
1E04,
1E04,
1E04,
1E04,
1E04,
1E04,
1E04,
1E04,
1E04,
1E04,
1E04,
1E04,
1E04,
1E04,
1E04,
1E04,
1E04,
1E04,
1E04,
1E04,
1E04,
1E04,
1E04,
1E04,
1E04,
1E04,
1E04,
1E04,
1E04,
1E04,
1E04,
1E04,
1E04,
1E04,
1E04,
1E04,
1E04,
1E04,
1E04,
1E04,
1E04,
1E04,
1E04,
1E04,
1E04,
1E04,
1E04,
1E04,
1E04,
1E04,
1E24,
1E24,
1E24,
1E24,
1E24,
1E24,
1E24,
1E24,
1E24,
1E24,
1E24,
1E24,
1E24,
1E24,
1E04,
1E24,
1E24,
1E24,
1E24,
1E04,
1E24,
1E24,
1E03,
1E03,
1E03,
1E03,
1E03,
1E03,
1E03,
1E03,
1E03,
1E03,
1E03,
1E03,
1E03,
1E03,
1E04,
1E04,
1E04,
1E04,
1E04,
1E04,
1E04,
1E04,
1E04,
21E5,
21C6,
1D84,
1121,
08A0,
0060,
0880,
18C1,
2944,
39A7,
4A29,
524A,
564A,
564B,
564B,
564A,
5249,
5249,
5649,
5649,
5249,
564A,
564A,
564A,
564A,
5A4B,
564B,
5229,
49E7,
45A6,
41A5,
41A5,
49E7,
5229,
5649,
5649,
5649,
5649,
5649,
5649,
5648,
5648,
5648,
5648,
5648,
5648,
5648,
5648,
5648,
5648,
5648,
5649,
5648,
5648,
5648,
5649,
5649,
5648,
5648,
5648,
5648,
5648,
5648,
5A6A,
49E8,
28C0,
28C1,
49C6,
5E86,
66C4,
6AC4,
6EC3,
6EC2,
72C2,
6EE3,
6AE4,
62A5,
4A44,
2981,
1920,
1540,
1DA2,
21E4,
1DE3,
19E4,
1DE4,
1E04,
1A04,
1E04,
1E04,
1E04,
1E04,
1E04,
1E04,
1E04,
1A04,
1A04,
1A04,
1A04,
1A04,
1A04,
1A04,
1A04,
1E04,
1E04,
1E04,
1A04,
1A04,
1A04,
1A04,
1A04,
1A04,
1A04,
1A04,
1A04,
1A04,
1A04,
1A04,
1A04,
1E04,
1E04,
1E04,
1E04,
1E04,
1E04,
1E24,
1E24,
1E24,
1E24,
1E24,
1E24,
1E24,
1E24,
1E24,
1E24,
1E24,
1E24,
1E24,
1E24,
1E24,
1E24,
1E24,
1E24,
1E24,
1E24,
1E24,
1E24,
1E24,
1E24,
1E24,
1E24,
1E24,
1E24,
1E24,
1E24,
1E24,
1E04,
1E04,
1E04,
1E04,
1E04,
1E04,
1E04,
1E04,
1E04,
1E04,
1E04,
1E04,
1E24,
1E24,
1E24,
1E24,
1E24,
1E24,
1E24,
1E24,
1E24,
1E24,
1E24,
1E24,
1E24,
1E24,
1E24,
1E24,
1E24,
1E24,
1E24,
1E24,
1E24,
1E24,
1E24,
1E04,
1E04,
1E04,
1E04,
1E04,
1E04,
1E04,
1E04,
1E04,
1E04,
1E04,
1E04,
1E04,
1E04,
1E04,
1E04,
1E04,
1E04,
1E04,
1E04,
1E04,
1E04,
1E04,
1E04,
1E04,
1E04,
1E04,
1E04,
1E04,
1E04,
1E04,
1E04,
1E04,
1E04,
1E04,
1E04,
1E04,
1E04,
1E04,
1E04,
1E04,
1E04,
1E04,
1E04,
1E04,
1E04,
1E04,
1E04,
1E04,
1E04,
1E04,
1E04,
1E04,
1E04,
1E04,
1E04,
1E04,
1E04,
1E04,
1E04,
1E04,
1E04,
1E04,
1E04,
1E24,
1E24,
1E24,
1E24,
1E24,
1E24,
1E24,
1E24,
1E24,
1E24,
1E24,
1E24,
1E04,
1E24,
1E24,
1E24,
1E24,
1E24,
1E24,
1E24,
1E24,
1E04,
1E03,
1E03,
1E03,
1E03,
1E03,
1E03,
1E03,
1E03,
1E03,
1E03,
1E03,
1E03,
1E03,
1E03,
1E04,
1E04,
1E04,
1E04,
1E04,
1E04,
1E04,
1E04,
1E04,
1E04,
25E6,
25E6,
1D84,
1522,
0CE1,
0480,
0440,
0C80,
1CC1,
3165,
45E8,
4E09,
524A,
566B,
566B,
524A,
5249,
5649,
5649,
5649,
564A,
564A,
524A,
564A,
564A,
564A,
564B,
564B,
564A,
522A,
5229,
5229,
564A,
5649,
5649,
5649,
5649,
5649,
5649,
5648,
5648,
5648,
5648,
5648,
5648,
5648,
5648,
5648,
5648,
5648,
5648,
5648,
5649,
5649,
5649,
5649,
5649,
5648,
5648,
5648,
5648,
5649,
5A4A,
45A6,
24A0,
2CE2,
51E7,
6286,
66C4,
6AC4,
6EC3,
6EC2,
6EC2,
6EE2,
6EE4,
6B08,
5AA8,
3E24,
2180,
1540,
1981,
1DC3,
1DE4,
19E4,
1DE4,
1E04,
1E04,
1E04,
1E04,
1E04,
1E04,
1E04,
1E04,
1E04,
1E04,
1A04,
1E04,
1A04,
1A04,
1A04,
1A04,
1E04,
1E04,
1E04,
1E04,
1E04,
1E04,
1E04,
1A04,
1A04,
1A04,
1A04,
1A04,
1A04,
1A04,
1E04,
1E04,
1E04,
1E04,
1E04,
1E04,
1E04,
1E04,
1E24,
1E24,
1E24,
1E24,
1E24,
1E24,
1E24,
1E24,
1E24,
1E24,
1E24,
1E24,
1E24,
1E24,
1E24,
1E24,
1E24,
1E24,
1E24,
1E24,
1E24,
1E24,
1E24,
1E24,
1E24,
1E24,
1E24,
1E24,
1E24,
1E24,
1E24,
1E24,
1E04,
1E04,
1E04,
1E04,
1E04,
1E04,
1E04,
1E04,
1E04,
1E04,
1E04,
1E04,
1E24,
1A24,
1E24,
1E24,
1E24,
1E24,
1E24,
1E24,
1E24,
1E24,
1E24,
1E24,
1E24,
1E24,
1E24,
1E24,
1E24,
1E24,
1E24,
1E24,
1E24,
1E24,
1E24,
1E04,
1E04,
1E04,
1E04,
1E04,
1E04,
1E04,
1E04,
1E04,
1E04,
1E04,
1E04,
1E04,
1E04,
1E04,
1E04,
1E04,
1E04,
1E04,
1E04,
1E04,
1E04,
1E04,
1E04,
1E04,
1E04,
1E04,
1E04,
1E04,
1E04,
1E04,
1E04,
1E04,
1E04,
1E04,
1E04,
1E04,
1E04,
1E04,
1E04,
1E04,
1E04,
1E04,
1E04,
1E04,
1E04,
1E04,
1E04,
1E04,
1E04,
1E04,
1E04,
1E04,
1E04,
1E04,
1E04,
1E04,
1E04,
1E04,
1E04,
1E04,
1E04,
1E04,
1E04,
1E24,
1E24,
1E24,
1E24,
1E24,
1E24,
1E24,
1E24,
1E24,
1E24,
1E24,
1E24,
1E04,
1E24,
1E24,
1E24,
1E24,
1E24,
1E24,
1E24,
1E24,
1E04,
1E03,
1E03,
1E03,
1E03,
1E03,
1E03,
1E03,
1E03,
1E03,
1E03,
1E03,
1E03,
1E03,
1E03,
1E04,
1E04,
1E04,
1E04,
1E04,
1E04,
1E04,
1E04,
1E04,
1E04,
21E5,
21E6,
21E6,
21A6,
1D85,
1522,
08A0,
0460,
0440,
1080,
2903,
3565,
41C7,
4E09,
564B,
564A,
5249,
5649,
5649,
5649,
564A,
564A,
524A,
524A,
524A,
5229,
564A,
564A,
5A4A,
564A,
564A,
564A,
564A,
5649,
5649,
5649,
5649,
5649,
5649,
5648,
5648,
5648,
5648,
5648,
5648,
5648,
5648,
5648,
5648,
5648,
5648,
5648,
5649,
5649,
5649,
5649,
5649,
5649,
5649,
5649,
5648,
5649,
5649,
3964,
1C80,
3103,
5629,
62A6,
66C4,
6AC4,
6EC2,
6EC2,
6EC1,
6EC2,
6AC5,
66E8,
56A7,
4224,
2581,
1520,
1121,
1581,
19C3,
19E4,
19E4,
1DE4,
1E04,
1E04,
1E04,
1E04,
1E04,
1E04,
1E04,
1E04,
1E24,
1E04,
1E04,
1A04,
1A04,
1E04,
1E04,
1E04,
1E04,
1E04,
1E04,
1E04,
1E04,
1E04,
1E04,
1E04,
1E04,
1E04,
1E04,
1E04,
1E04,
1E04,
1E04,
1E04,
1E04,
1E04,
1E04,
1E04,
1E04,
1E24,
1E24,
1E24,
1E24,
1E24,
1E24,
1E24,
1E24,
1E24,
1E24,
1E24,
1E24,
1E24,
1E24,
1E24,
1E24,
1E24,
1E24,
1E24,
1E24,
1E24,
1E24,
1E24,
1E24,
1E24,
1E24,
1E24,
1E24,
1E24,
1E24,
1E24,
1E24,
1E04,
1E04,
1E04,
1E04,
1E04,
1E04,
1E04,
1E04,
1E04,
1E04,
1E04,
1E04,
1E24,
1A24,
1E24,
1E24,
1E24,
1E24,
1E24,
1E24,
1E24,
1E24,
1E24,
1E24,
1E24,
1E24,
1E24,
1E24,
1E24,
1E24,
1E24,
1E24,
1E24,
1E24,
1E24,
1E04,
1E04,
1E04,
1E04,
1E04,
1E04,
1E04,
1E04,
1E04,
1E04,
1E04,
1E04,
1E04,
1E04,
1E04,
1E04,
1E04,
1E04,
1E04,
1E04,
1E04,
1E04,
1E04,
1E04,
1E04,
1E04,
1E04,
1E04,
1E04,
1E04,
1E04,
1E04,
1E04,
1E04,
1E04,
1E04,
1E04,
1E04,
1E04,
1E04,
1E04,
1E04,
1E04,
1E04,
1E04,
1E04,
1E04,
1E04,
1E04,
1E04,
1E04,
1E04,
1E04,
1E04,
1E04,
1E04,
1E04,
1E04,
1E04,
1E04,
1E04,
1E04,
1E04,
1E04,
1E24,
1E24,
1E24,
1E24,
1E24,
1E24,
1E24,
1E24,
1E24,
1E24,
1E24,
1E24,
1E24,
1E24,
1E24,
1E24,
1E24,
1E24,
1E24,
1E24,
1E24,
1E24,
1E03,
1E03,
1E03,
1E03,
1E03,
1E03,
1E03,
1E03,
1E03,
1E03,
1E03,
1E03,
1E04,
1E04,
1E04,
1E04,
1E04,
1E04,
1E04,
1E04,
1E04,
1E04,
1E04,
1A04,
1DE5,
1DE6,
21E6,
25E7,
25C6,
25A6,
1D63,
10E1,
0880,
0420,
0C20,
1CA0,
2D22,
3985,
45C8,
4E09,
5229,
5249,
5649,
5649,
5649,
5649,
5249,
5249,
5249,
5649,
564A,
564A,
564A,
564A,
564A,
564A,
564A,
5649,
5649,
5649,
5649,
5649,
5649,
5648,
5648,
5648,
5648,
5648,
5648,
5648,
5648,
5648,
5648,
5648,
5648,
5648,
5649,
5649,
5649,
5649,
5649,
5649,
5649,
5649,
5649,
5A6A,
4E09,
2D02,
1C60,
3945,
5A49,
66C6,
66C3,
6AC3,
6AC2,
6EC2,
6EC2,
66C3,
5A64,
4A03,
39E2,
2981,
1920,
0CE0,
08E0,
0920,
0D81,
15C3,
19C3,
19E3,
19E3,
1E04,
1E04,
1E04,
1E04,
1E04,
1E04,
1E04,
1E04,
1A04,
1A04,
1A04,
1A04,
1E04,
1E04,
1E04,
1E04,
1E04,
1E04,
1E04,
1E04,
1E04,
1E04,
1E04,
1E04,
1E04,
1E04,
1E04,
1E04,
1E04,
1E04,
1E04,
1E04,
1A24,
1E04,
1E04,
1E04,
1E24,
1E24,
1E24,
1E24,
1E24,
1E24,
1E24,
1E24,
1E24,
1E24,
1E24,
1E24,
1E24,
1E24,
1E24,
1E24,
1E24,
1E24,
1E24,
1E24,
1E24,
1E24,
1E24,
1E24,
1E24,
1E24,
1E24,
1E24,
1E24,
1E24,
1E24,
1E24,
1E04,
1E04,
1E04,
1E04,
1E04,
1E04,
1E04,
1E04,
1E04,
1E04,
1E04,
1E04,
1E24,
1A24,
1E24,
1E24,
1E24,
1E24,
1E24,
1E24,
1E24,
1E24,
1E24,
1E24,
1E24,
1E24,
1E24,
1E24,
1E24,
1E24,
1E24,
1E24,
1E24,
1E24,
1E24,
1E04,
1E04,
1E04,
1E04,
1E04,
1E04,
1E04,
1E04,
1E04,
1E04,
1E04,
1E04,
1E04,
1E04,
1E04,
1E04,
1E04,
1E04,
1E04,
1E04,
1E04,
1E04,
1E04,
1E04,
1E04,
1E04,
1E04,
1E04,
1E04,
1E04,
1E04,
1E04,
1E04,
1E04,
1E04,
1E04,
1E04,
1E04,
1E04,
1E04,
1E04,
1E04,
1E04,
1E04,
1E04,
1E04,
1E04,
1E04,
1E04,
1E04,
1E04,
1E04,
1E04,
1E04,
1E04,
1E04,
1E04,
1E04,
1E04,
1E04,
1E04,
1E04,
1E04,
1E04,
1E24,
1E24,
1E24,
1E24,
1E24,
1E24,
1E24,
1E24,
1E24,
1E24,
1E24,
1E24,
1E24,
1E24,
1E24,
1E24,
1E24,
1E24,
1E24,
1E24,
1E24,
1E24,
1E03,
1E03,
1E03,
1E03,
1E03,
1E03,
1E03,
1E03,
1E03,
1E03,
1E03,
1E03,
1E04,
1E04,
1E04,
1E04,
1E04,
1E04,
1E04,
1E04,
1E04,
1E04,
1E04,
1E04,
1E04,
1DE5,
21E5,
21E6,
25E6,
25E7,
25C6,
2184,
1901,
0860,
0400,
1460,
24E1,
3144,
3D86,
45C7,
5229,
5249,
5249,
5249,
5249,
5649,
5649,
5649,
5649,
5649,
5649,
564A,
5649,
5649,
5649,
5649,
5649,
5649,
5649,
5649,
5649,
5649,
5649,
5648,
5648,
5648,
5648,
5648,
5648,
5648,
5648,
5648,
5648,
5648,
5648,
5648,
5649,
5649,
5649,
5649,
5649,
5649,
5649,
5649,
5A69,
5A6A,
45C7,
24A0,
2480,
4586,
6289,
66C6,
66C2,
66E3,
6AC3,
6AC3,
62A4,
5243,
3DC1,
2940,
1D20,
1520,
1100,
08E0,
04E0,
0100,
0540,
0D80,
11A1,
15C2,
19E3,
1E04,
1E04,
1E04,
1E04,
1E04,
1E04,
1A04,
1A04,
1A04,
1A04,
1E04,
1E04,
1E04,
1E04,
1E04,
1E04,
1E04,
1E04,
1E04,
1E04,
1E04,
1E04,
1E04,
1E04,
1E04,
1E04,
1E04,
1E04,
1E04,
1E05,
1E24,
1A24,
1A24,
1E24,
1E24,
1E24,
1E24,
1E24,
1E24,
1E24,
1E24,
1E24,
1E24,
1E24,
1E24,
1E24,
1E24,
1E24,
1E24,
1E24,
1E24,
1E24,
1E24,
1E24,
1E24,
1E24,
1E24,
1E24,
1E24,
1E24,
1E24,
1E24,
1E24,
1E24,
1E24,
1E24,
1E24,
1E24,
1E04,
1E04,
1E04,
1E04,
1E04,
1E04,
1E04,
1E04,
1E04,
1E04,
1E04,
1E04,
1E24,
1A24,
1E24,
1E24,
1E24,
1E24,
1E24,
1E24,
1E24,
1E24,
1E24,
1E24,
1E24,
1E24,
1E24,
1E24,
1E24,
1E24,
1E24,
1E24,
1E24,
1A24,
1A24,
1E04,
1E04,
1E04,
1E04,
1E04,
1E04,
1E04,
1E04,
1E04,
1E04,
1E04,
1E04,
1E04,
1E04,
1E04,
1E04,
1E04,
1E04,
1E04,
1E04,
1E04,
1E04,
1E04,
1E04,
1E04,
1E04,
1E04,
1E04,
1E04,
1E04,
1E04,
1E04,
1E04,
1E04,
1E04,
1E04,
1E04,
1E04,
1E04,
1E04,
1E04,
1E04,
1E04,
1E04,
1E04,
1E04,
1E04,
1E04,
1E04,
1E04,
1E04,
1E04,
1E04,
1E04,
1E04,
1E04,
1E04,
1E04,
1E04,
1E04,
1E04,
1E04,
1E04,
1E04,
1E24,
1E24,
1E24,
1E24,
1E24,
1E24,
1E24,
1E24,
1E24,
1E24,
1E24,
1E24,
1E24,
1E24,
1E24,
1E24,
1E24,
1E24,
1E24,
1E24,
1E24,
1E24,
1E03,
1E03,
1E03,
1E03,
1E03,
1E03,
1E03,
1E03,
1E03,
1E03,
1E03,
1E03,
1E04,
1E04,
1E04,
1E04,
1E04,
1E04,
1E04,
1E04,
1E03,
1E04,
1E04,
1E04,
1E04,
1E04,
2204,
21E5,
21E5,
21E5,
21E6,
21C5,
1D83,
0CC0,
0860,
18C0,
2D24,
3987,
41A8,
45E7,
4E08,
5229,
5249,
5229,
5249,
5249,
5649,
5649,
5649,
5649,
5649,
5649,
5649,
5648,
5649,
5649,
5649,
5649,
5649,
5649,
5649,
5649,
5649,
5648,
5648,
5648,
5648,
5648,
5648,
5648,
5648,
5648,
5648,
5648,
5648,
5648,
5649,
5649,
5649,
5649,
5649,
5649,
5649,
5648,
5669,
5649,
3944,
2080,
2CE0,
51E6,
66C9,
6AC6,
66C4,
6AE5,
6AC5,
5E64,
4A02,
3580,
2520,
1D00,
1920,
1980,
1982,
1582,
1161,
0D40,
0960,
0D80,
11A1,
15E2,
1A03,
1E04,
1E04,
1E04,
1E04,
1E04,
1A04,
1A04,
1A04,
1A04,
1A04,
1E04,
1E04,
1E04,
1E04,
1E04,
1E04,
1E04,
1E04,
1E04,
1E04,
1E04,
1E04,
1E04,
1E04,
1E04,
1E04,
1E04,
1E04,
1E04,
1E04,
1E24,
1E24,
1E24,
1E24,
1E24,
1E24,
1E24,
1E24,
1E24,
1E24,
1E24,
1E24,
1E24,
1E24,
1E24,
1E24,
1E24,
1E24,
1E24,
1E24,
1E24,
1E24,
1E24,
1E24,
1E24,
1E24,
1E24,
1E24,
1E24,
1E24,
1E24,
1E24,
1E24,
1E24,
1E24,
1E24,
1E24,
1E24,
1E04,
1E04,
1E04,
1E04,
1E04,
1E04,
1E04,
1E04,
1E04,
1E04,
1E04,
1E04,
1E24,
1E24,
1E24,
1E24,
1E24,
1E24,
1E24,
1E24,
1E24,
1E24,
1E24,
1E24,
1E24,
1E24,
1E24,
1E24,
1E24,
1E24,
1E24,
1E24,
1E24,
1E24,
1E24,
1E04,
1E04,
1E04,
1E04,
1E04,
1E04,
1E04,
1E04,
1E04,
1E04,
1E04,
1E04,
1E04,
1E04,
1E04,
1E04,
1E04,
1E24,
1E24,
1E24,
1E24,
1E24,
1E24,
1E24,
1E24,
1E24,
1E24,
1E24,
1E24,
1E24,
1E24,
1E24,
1E04,
1E04,
1E04,
1E04,
1E04,
1E04,
1E04,
1E04,
1E04,
1E04,
1E04,
1E04,
1E04,
1E04,
1E04,
1E04,
1E04,
1E04,
1E04,
1E04,
1E04,
1E04,
1E04,
1E04,
1E04,
1E04,
1E04,
1E04,
1E04,
1E04,
1E04,
1E04,
1E04,
1E04,
1E04,
1E04,
1E04,
1E04,
1E04,
1E04,
1E04,
1E04,
1E04,
1E04,
1E04,
1E24,
1E04,
1E04,
1E04,
1E04,
1E04,
1E04,
1E04,
1E04,
1E04,
1E04,
1E04,
1E04,
1E04,
1E04,
1E04,
1E04,
1E04,
1E04,
1E04,
1E03,
1E03,
1E03,
1E03,
1E03,
1E03,
1E03,
1E03,
1E03,
1E04,
1E03,
1E03,
1E03,
1E03,
1E04,
1E04,
1E04,
1E04,
1DE4,
21E4,
21C4,
1DA4,
1521,
0CA0,
1CE1,
3186,
45EA,
4A0B,
4A09,
4E29,
5229,
5229,
5229,
5249,
5249,
5649,
5649,
5649,
5649,
5649,
5649,
5649,
5648,
5648,
5649,
5649,
5649,
5649,
5649,
5649,
5649,
5648,
5648,
5648,
5648,
5648,
5648,
5648,
5648,
5648,
5648,
5648,
5648,
5648,
5648,
5648,
5648,
5648,
5649,
5649,
5649,
5649,
5648,
5649,
4E07,
2CE0,
2080,
3D43,
5A47,
66A7,
6AC5,
6AC5,
6AE6,
62C6,
4A22,
3160,
1D00,
1900,
1D41,
1DA2,
1DE3,
2204,
2204,
1DE4,
1DE3,
19E3,
19E3,
19E3,
19E3,
1A04,
1E04,
1E04,
1E04,
1E04,
1E04,
1E04,
1A04,
1A04,
1A04,
1E04,
1E04,
1E04,
1E04,
1E04,
1E04,
1E04,
1E04,
1E04,
1E04,
1E04,
1E04,
1E04,
1E04,
1E04,
1E04,
1E04,
1E04,
1E04,
1E24,
1E24,
1E24,
1E24,
1E24,
1E24,
1E24,
1E24,
1E24,
1E24,
1E24,
1E24,
1E24,
1E24,
1E24,
1E24,
1E24,
1E24,
1E24,
1E24,
1E24,
1E24,
1E24,
1E24,
1E24,
1E24,
1E24,
1E24,
1E24,
1E24,
1E24,
1E24,
1E24,
1E24,
1E24,
1E24,
1E24,
1E24,
1E24,
1E24,
1E24,
1E24,
1E24,
1E24,
1E24,
1E24,
1E24,
1E24,
1E24,
1E24,
1E24,
1E24,
1E24,
1A24,
1A24,
1A24,
1A24,
1A24,
1A04,
1E24,
1E24,
1E24,
1E24,
1E24,
1E24,
1E24,
1E24,
1E24,
1E24,
1E24,
1E24,
1E24,
1E24,
1E24,
1E24,
1E04,
1E04,
1E04,
1E04,
1E04,
1E04,
1E04,
1E04,
1E04,
1E04,
1E04,
1E04,
1E04,
1E04,
1E04,
1E04,
1E04,
1E24,
1E24,
1E24,
1E24,
1E24,
1E24,
1E24,
1E24,
1E24,
1E24,
1E24,
1E24,
1E24,
1E24,
1E24,
1E04,
1E04,
1E04,
1E04,
1E04,
1E04,
1E04,
1E04,
1E04,
1E04,
1E04,
1E04,
1E04,
1E04,
1E04,
1E04,
1E04,
1E04,
1E04,
1E04,
1E04,
1E04,
1E04,
1E04,
1E04,
1E04,
1E04,
1E04,
1E04,
1E04,
1E04,
1E04,
1E04,
1E04,
1E04,
1E04,
1E04,
1E04,
1E04,
1E04,
1E04,
1E04,
1E04,
1E04,
1E04,
1E04,
1E04,
1E04,
1E04,
1E04,
1E04,
1E04,
1E04,
1E04,
1E04,
1E04,
1E04,
1E04,
1E04,
1E04,
1E04,
1E04,
1E04,
1E04,
1E04,
1E03,
1E03,
1E03,
1E03,
1E03,
1E03,
1E03,
1E03,
1E03,
1E03,
1E03,
1E03,
1E03,
1E04,
1E04,
1E04,
1A04,
1A04,
1DE4,
21E4,
21E5,
21C5,
1522,
08A0,
14E0,
2D86,
41EA,
4E2C,
522B,
4E2A,
5229,
5229,
5229,
5249,
5249,
5649,
5649,
5649,
5649,
5648,
5648,
5648,
5648,
5648,
5648,
5648,
5649,
5649,
5649,
5649,
5649,
5648,
5648,
5648,
5648,
5648,
5648,
5648,
5648,
5648,
5648,
5648,
5648,
5648,
5648,
5648,
5648,
5648,
5649,
5649,
5649,
5649,
5228,
5248,
41A4,
24A0,
28A0,
49C4,
6287,
6AA6,
6AC5,
6AC5,
6AE6,
5AA5,
3DE2,
2120,
1500,
1D61,
21C3,
21E3,
1E03,
1E04,
1E04,
1E04,
1E04,
1E04,
1E04,
1A04,
1A04,
1E04,
1E04,
1E04,
1E04,
1E04,
1E04,
1E04,
1A04,
1E04,
1E04,
1E04,
1E04,
1E04,
1E04,
1E04,
1E04,
1E04,
1E04,
1E04,
1E04,
1E04,
1E04,
1E04,
1E04,
1E04,
1E04,
1E04,
1E04,
1E04,
1E24,
1E24,
1E24,
1E24,
1E24,
1E24,
1E24,
1E24,
1E24,
1E24,
1E24,
1E24,
1E24,
1E24,
1E24,
1E24,
1E24,
1E24,
1E24,
1E24,
1E24,
1E24,
1E24,
1E24,
1E24,
1E24,
1E24,
1E24,
1E24,
1E24,
1E24,
1E24,
1E24,
1E24,
1E24,
1E24,
1E24,
1E24,
1E24,
1E24,
1E24,
1E24,
1E24,
1E24,
1E24,
1E24,
1E24,
1E24,
1E24,
1E24,
1E24,
1E24,
1E24,
1A24,
1A24,
1A24,
1A24,
1A24,
1A04,
1E24,
1E24,
1E24,
1E24,
1E24,
1E24,
1E24,
1E24,
1E24,
1E24,
1E24,
1E24,
1E24,
1E24,
1E24,
1E24,
1E04,
1E04,
1E04,
1E04,
1E04,
1E04,
1E04,
1E04,
1E04,
1E04,
1E04,
1E04,
1E04,
1E04,
1E04,
1E04,
1E04,
1E24,
1E24,
1E24,
1E24,
1E24,
1E24,
1E24,
1E24,
1E24,
1E24,
1E24,
1E24,
1E24,
1E24,
1E24,
1E04,
1E04,
1E04,
1E04,
1E04,
1E04,
1E04,
1E04,
1E04,
1E04,
1E04,
1E04,
1E04,
1E04,
1E04,
1E04,
1E04,
1E04,
1E04,
1E04,
1E04,
1E04,
1E04,
1E04,
1E04,
1E04,
1E04,
1E04,
1E04,
1E04,
1E04,
1E04,
1E04,
1E04,
1E04,
1E04,
1E04,
1E04,
1E04,
1E04,
1E04,
1E04,
1E04,
1E04,
1E04,
1E04,
1E04,
1E04,
1E04,
1E04,
1E04,
1E04,
1E04,
1E04,
1E04,
1E04,
1E04,
1E04,
1E04,
1E04,
1E04,
1E04,
1E04,
1E04,
1E04,
1E03,
1E03,
1E03,
1E03,
1E03,
1E03,
1E03,
1E03,
1E03,
1E03,
1E03,
1E03,
1E03,
1E04,
1E04,
1E04,
1A04,
1A04,
1DE4,
1DE4,
1DE4,
21E5,
1162,
04C0,
0CC0,
2123,
35A8,
4A0B,
4E2B,
522A,
522A,
5229,
5229,
5249,
5249,
5249,
5249,
5648,
5648,
5248,
5248,
5248,
5248,
5248,
5648,
5648,
5648,
5648,
5248,
5648,
5648,
5648,
5648,
5648,
5648,
5648,
5648,
5648,
5648,
5648,
5648,
5648,
5648,
5648,
5648,
5648,
5648,
5648,
5649,
5649,
5649,
564A,
5228,
49E6,
3522,
24A0,
3922,
5A26,
66A7,
6AC6,
6EC6,
6EC5,
6AE6,
5AA5,
39C2,
1920,
1120,
1982,
21E4,
1E03,
1A03,
1A03,
1A03,
1A04,
1A04,
1A04,
1A04,
1A03,
1A04,
1E04,
1E04,
1E04,
1E04,
1E04,
1E04,
1E04,
1E04,
1A04,
1E04,
1E04,
1E04,
1E04,
1E04,
1E04,
1E04,
1E04,
1E04,
1E04,
1E04,
1E04,
1E04,
1E04,
1E04,
1E04,
1E04,
1E04,
1E04,
1E04,
1E24,
1E24,
1E24,
1E24,
1E24,
1E24,
1E24,
1E24,
1E24,
1E24,
1E24,
1E24,
1E24,
1E24,
1E24,
1E24,
1E24,
1E24,
1E24,
1E24,
1E24,
1E24,
1E24,
1E24,
1E24,
1E24,
1E24,
1E24,
1E24,
1E24,
1E24,
1E24,
1E24,
1E24,
1E24,
1E24,
1E24,
1E24,
1E24,
1E24,
1E24,
1E24,
1E24,
1E24,
1E24,
1E24,
1E24,
1E24,
1E24,
1E24,
1E24,
1E24,
1A24,
1A24,
1A24,
1A24,
1A24,
1A24,
1A24,
1A24,
1E24,
1E24,
1E24,
1E24,
1E24,
1E24,
1E24,
1E24,
1E24,
1E24,
1E24,
1E24,
1E24,
1E24,
1E24,
1E04,
1E04,
1E04,
1E04,
1E04,
1E04,
1E04,
1E04,
1E04,
1E04,
1E04,
1E04,
1E04,
1E04,
1E04,
1E04,
1E24,
1E24,
1E24,
1E24,
1E24,
1E24,
1E24,
1E24,
1E24,
1E24,
1E24,
1E24,
1E24,
1E24,
1E24,
1E24,
1E04,
1E04,
1E04,
1E04,
1E04,
1E04,
1E04,
1E04,
1E04,
1E04,
1E04,
1E04,
1E03,
1E03,
1E04,
1E04,
1E04,
1E04,
1E04,
1E04,
1E04,
1E04,
1E04,
1E04,
1E04,
1E04,
1E04,
1E04,
1E04,
1E04,
1E04,
1E04,
1E04,
1E04,
1E04,
1E04,
1E04,
1E04,
1E04,
1E04,
1E04,
1E04,
1E04,
1E04,
1E04,
1E04,
1E04,
1E04,
1E04,
1E04,
1E04,
1E04,
1E04,
1E04,
1E04,
1E04,
1E04,
1E04,
1E04,
1E04,
1E04,
1E04,
1E04,
1E04,
1E04,
1E03,
1E03,
1E03,
1E03,
1E03,
1E03,
1E03,
1E03,
1E03,
1E03,
1A03,
1A03,
1A03,
1E04,
1E04,
1A04,
1A04,
19E3,
19E3,
19E3,
1DE4,
1DE4,
19A4,
1121,
08C0,
10C0,
2523,
39C8,
4A2B,
524B,
524B,
524A,
564A,
5249,
5249,
5649,
5649,
5669,
5668,
5648,
5248,
5247,
5247,
5247,
5248,
5648,
5248,
5248,
5248,
5248,
5648,
5648,
5648,
5648,
5648,
5648,
5648,
5648,
5648,
5648,
5648,
5648,
5648,
5648,
5648,
5648,
5648,
5648,
5649,
5649,
564A,
564A,
49E7,
3522,
24A0,
3100,
4DE5,
6287,
6AA5,
6AC4,
6EC5,
6EE6,
6AE7,
5A85,
35C1,
1920,
1120,
1982,
1DE4,
1A04,
1A03,
1A03,
1A03,
1A03,
1A03,
1A04,
1A03,
1A03,
1A03,
1E03,
1E04,
1E04,
1E04,
1E04,
1E04,
1E04,
1E04,
1A04,
1E04,
1E04,
1E04,
1E04,
1E04,
1E04,
1E04,
1E04,
1E04,
1E04,
1E04,
1E04,
1E04,
1E04,
1E04,
1E04,
1E04,
1E04,
1E04,
1E04,
1E24,
1E24,
1E24,
1E24,
1E24,
1E24,
1E24,
1E24,
1E24,
1E24,
1E24,
1E24,
1E24,
1E24,
1E24,
1E24,
1E24,
1E24,
1E24,
1E24,
1E24,
1E24,
1E24,
1E24,
1E24,
1E24,
1E24,
1E24,
1E24,
1E24,
1E24,
1E24,
1E24,
1E24,
1E24,
1E24,
1E24,
1E24,
1E24,
1E24,
1E24,
1E24,
1E24,
1E24,
1E24,
1E24,
1E24,
1E24,
1E24,
1E24,
1E24,
1A24,
1A24,
1A24,
1A24,
1A24,
1A24,
1A24,
1A24,
1A24,
1A24,
1E24,
1A24,
1A24,
1A24,
1E24,
1E24,
1E24,
1E24,
1E24,
1E24,
1E24,
1E24,
1E24,
1E24,
1E04,
1E04,
1E04,
1E04,
1E04,
1E04,
1E04,
1E04,
1E04,
1E04,
1E04,
1E04,
1E04,
1E04,
1E04,
1E04,
1E24,
1E24,
1E24,
1E24,
1E24,
1E24,
1E24,
1E24,
1E24,
1E24,
1E24,
1E24,
1E24,
1E24,
1E24,
1E24,
1E04,
1E04,
1E04,
1E04,
1E04,
1E04,
1E04,
1E04,
1E04,
1E04,
1E04,
1E04,
1E03,
1E03,
1E04,
1E04,
1E04,
1E04,
1E04,
1E04,
1E04,
1E04,
1E04,
1E04,
1E04,
1E04,
1E04,
1E04,
1E04,
1E04,
1E04,
1E04,
1E04,
1E04,
1E04,
1E04,
1E04,
1E04,
1E04,
1E04,
1E04,
1E04,
1E04,
1E04,
1E04,
1E04,
1E04,
1E04,
1E04,
1E04,
1E04,
1E04,
1E04,
1E04,
1E04,
1E04,
1E04,
1E04,
1E04,
1E04,
1E04,
1E04,
1E04,
1E04,
1E04,
1E03,
1E03,
1E03,
1E03,
1E03,
1E03,
1E03,
1E03,
1E03,
1E03,
1A03,
1A03,
1A03,
1A04,
1E04,
1E04,
1E04,
1A04,
19E3,
19E3,
19E4,
1DE4,
21E5,
1983,
0D00,
08A0,
14E0,
31A6,
4A4B,
4E6C,
4E4B,
524A,
5249,
5228,
4E27,
4A07,
4A06,
4E26,
5648,
5668,
5668,
5248,
5247,
5247,
5247,
5248,
5248,
5248,
5248,
5248,
5648,
5648,
5648,
5648,
5648,
5648,
5648,
5648,
5648,
5648,
5648,
5648,
5648,
5648,
5648,
5648,
5648,
5248,
5248,
5649,
5649,
4A08,
3964,
24C0,
24C0,
41A3,
5A47,
66A7,
6AA4,
6EC4,
6EE4,
6EE5,
6B06,
5EC6,
3E02,
1D40,
1120,
1982,
21E4,
1E04,
1A04,
1A03,
1A03,
1A03,
1A03,
1A04,
1A03,
1A03,
1A03,
1E03,
1E04,
1E04,
1E04,
1E04,
1E04,
1E04,
1E04,
1E04,
1E04,
1E04,
1E04,
1E04,
1E04,
1E04,
1E04,
1E04,
1E04,
1E04,
1E04,
1E04,
1E04,
1E04,
1E04,
1E04,
1E04,
1E04,
1E04,
1E04,
1E24,
1E24,
1E24,
1E24,
1E24,
1E24,
1E24,
1E24,
1E24,
1E24,
1E24,
1E24,
1E24,
1E24,
1E24,
1E24,
1E24,
1E24,
1E24,
1E24,
1E24,
1E24,
1E24,
1E24,
1E24,
1E24,
1E24,
1E24,
1E24,
1E24,
1E24,
1E24,
1E24,
1E24,
1E24,
1E24,
1E24,
1E24,
1E24,
1E24,
1E24,
1E24,
1E24,
1E24,
1E24,
1E24,
1E24,
1E24,
1E24,
1E24,
1E24,
1A24,
1A24,
1A24,
1A24,
1A24,
1A24,
1A24,
1A24,
1A24,
1A24,
1E24,
1A24,
1A24,
1A24,
1E24,
1E24,
1E24,
1E24,
1E24,
1E24,
1E24,
1E24,
1E24,
1E24,
1E04,
1E04,
1E04,
1E04,
1E04,
1E04,
1E04,
1E04,
1E04,
1E04,
1E04,
1E04,
1E04,
1E04,
1E04,
1E24,
1E24,
1E24,
1E24,
1E24,
1E24,
1E24,
1E24,
1E24,
1E24,
1E24,
1E24,
1E24,
1E24,
1E24,
1E24,
1E24,
1E24,
1E04,
1E04,
1E04,
1E04,
1E04,
1E04,
1E04,
1E04,
1E04,
1E04,
1E04,
1E03,
1E03,
1E03,
1E04,
1E04,
1E04,
1E04,
1E04,
1E04,
1E04,
1E04,
1E04,
1E04,
1E04,
1E04,
1E04,
1E04,
1E04,
1E04,
1E04,
1E04,
1E04,
1E04,
1E04,
1E04,
1E04,
1E04,
1E04,
1E04,
1E04,
1E04,
1E04,
1E04,
1E04,
1E04,
1E04,
1E04,
1E04,
1E04,
1E04,
1E04,
1E04,
1E04,
1E04,
1E04,
1E04,
1E04,
1E04,
1E04,
1E04,
1E04,
1E04,
1E04,
1E03,
1E03,
1E03,
1E03,
1E03,
1E03,
1E03,
1E03,
1E23,
1E03,
1E04,
1E04,
1E03,
1E03,
1A04,
1A04,
1E04,
1A03,
1A04,
19E4,
19E4,
1DE4,
2205,
21C5,
1983,
1522,
1D22,
2964,
3DE8,
3DE8,
35A6,
39A5,
3584,
3142,
3142,
2D21,
2900,
2D21,
3562,
3DA4,
41C5,
4E27,
5248,
5248,
5248,
5248,
5248,
5248,
5248,
5248,
5248,
5648,
5648,
5648,
5648,
5648,
5648,
5648,
5648,
5648,
5648,
5648,
5648,
5648,
5648,
5648,
5648,
5248,
5248,
5669,
4E29,
3DA6,
2901,
20A0,
3542,
5627,
6288,
6AA7,
6AC5,
6EE4,
6EE4,
6EE4,
66E5,
6707,
4A64,
2180,
1120,
1561,
1DE4,
1E04,
19E3,
19E3,
19E3,
19E3,
1A03,
1A04,
1A04,
1E04,
1E04,
1E04,
1E04,
1E04,
1E04,
1E04,
1E04,
1E04,
1E04,
1E04,
1E04,
1E04,
1E04,
1E04,
1E04,
1E04,
1E04,
1E04,
1E04,
1E04,
1E04,
1E04,
1E04,
1E04,
1E04,
1E04,
1E04,
1E04,
1E04,
1E04,
1E24,
1E24,
1E24,
1E24,
1E24,
1E24,
1E24,
1E24,
1E24,
1E24,
1E24,
1E24,
1E24,
1E24,
1E24,
1E24,
1E24,
1E24,
1E24,
1E24,
1E24,
1E24,
1E24,
1E24,
1E24,
1E24,
1E24,
1E24,
1E24,
1E24,
1E24,
1E24,
1E24,
1E24,
1E24,
1E24,
1E24,
1E24,
1E24,
1E24,
1E24,
1E24,
1E24,
1E24,
1E24,
1E24,
1E24,
1E24,
1E24,
1E24,
1E24,
1E24,
1E24,
1E24,
1E24,
1A24,
1A24,
1A24,
1A24,
1A24,
1A24,
1A24,
1A24,
1A24,
1A24,
1E24,
1E24,
1E24,
1E24,
1E24,
1E24,
1E24,
1E24,
1E24,
1E24,
1E04,
1E04,
1E04,
1E04,
1E04,
1E04,
1E04,
1E04,
1E04,
1E04,
1E04,
1E04,
1E04,
1E04,
1E04,
1E24,
1E24,
1E24,
1E24,
1E24,
1E24,
1E24,
1E24,
1E24,
1E24,
1E24,
1E24,
1E24,
1E24,
1E24,
1E24,
1E24,
1E24,
1E04,
1E04,
1E04,
1E04,
1E04,
1E04,
1E04,
1E04,
1E04,
1E04,
1E04,
1E03,
1E03,
1E03,
1E04,
1E04,
1E04,
1E04,
1E04,
1E04,
1E04,
1E04,
1E04,
1E04,
1E04,
1E04,
1E04,
1E04,
1E04,
1E04,
1E04,
1E04,
1E04,
1E04,
1E04,
1E04,
1E04,
1E04,
1E04,
1E04,
1E04,
1E04,
1E04,
1E04,
1E04,
1E04,
1E04,
1E04,
1E04,
1E04,
1E04,
1E04,
1E04,
1E04,
1E04,
1E04,
1E04,
1E04,
1E04,
1E04,
1E04,
1E04,
1E04,
1E04,
1E03,
1E03,
1E03,
1E03,
1E04,
1E03,
1E03,
1E04,
1E23,
1E03,
1E04,
1E04,
1E03,
1E03,
1E04,
1A04,
1E04,
1E04,
1A04,
1E04,
1E04,
1E04,
2205,
21E5,
21C5,
1D84,
1922,
14E1,
18E1,
18E1,
18E0,
18C0,
14A0,
14A0,
14A0,
1480,
1080,
1080,
1060,
1480,
1CC0,
2D42,
3DA4,
49E6,
5228,
5648,
5248,
5248,
5248,
5248,
5247,
5247,
5247,
5247,
5247,
5648,
5648,
5648,
5648,
5648,
5648,
5648,
5648,
5648,
5648,
5648,
5248,
5247,
5268,
526A,
45E9,
2D24,
1CA0,
24E0,
45E5,
5E88,
66A7,
6AC6,
6AC4,
6EE3,
6EE3,
6AE3,
66E4,
6707,
52A6,
2DC2,
1520,
1140,
1DC3,
1E04,
19E3,
19E3,
19E3,
19E3,
19E3,
1A03,
1A04,
1E04,
1E04,
1E04,
1E04,
1E04,
1E04,
1E04,
1E04,
1E04,
1E04,
1E04,
1E04,
1E04,
1E04,
1E04,
1E03,
1E04,
1E04,
1E04,
1E04,
1E04,
1E04,
1E04,
1E04,
1E04,
1E04,
1E04,
1E04,
1E04,
1E04,
1E04,
1E24,
1E24,
1E24,
1E24,
1E24,
1E24,
1E24,
1E24,
1E24,
1E24,
1E24,
1E24,
1E24,
1E24,
1E24,
1E24,
1E24,
1E24,
1E24,
1E24,
1E24,
1E24,
1E24,
1E24,
1E24,
1E24,
1E24,
1E24,
1E24,
1E24,
1E24,
1E24,
1E24,
1E24,
1E24,
1E24,
1E24,
1E24,
1E24,
1E24,
1E24,
1E24,
1E24,
1E24,
1E24,
1E24,
1E24,
1E24,
1E24,
1E24,
1E24,
1E24,
1E24,
1E24,
1E24,
1A24,
1A24,
1A24,
1A24,
1A24,
1A24,
1A24,
1A24,
1A24,
1A24,
1E24,
1E24,
1E24,
1E24,
1E24,
1E24,
1E24,
1E24,
1E24,
1E24,
1E04,
1E04,
1E04,
1E04,
1E04,
1E04,
1E04,
1E04,
1E04,
1E04,
1E04,
1E04,
1E04,
1E04,
1E04,
1E24,
1E24,
1E24,
1E24,
1E24,
1E24,
1E24,
1E24,
1E24,
1E24,
1E24,
1E24,
1E24,
1E24,
1E24,
1E24,
1E24,
1E24,
1E04,
1E04,
1E04,
1E04,
1E04,
1E04,
1E04,
1E04,
1E04,
1E04,
1E03,
1E03,
1E03,
1E03,
1E04,
1E04,
1E04,
1E04,
1E04,
1E04,
1E04,
1E04,
1E04,
1E04,
1E04,
1E04,
1E04,
1E04,
1E04,
1E04,
1E04,
1E04,
1E04,
1E04,
1E04,
1E04,
1E04,
1E04,
1E04,
1E04,
1E04,
1E04,
1E04,
1E04,
1E04,
1E04,
1E04,
1E04,
1E04,
1E04,
1E04,
1E04,
1E04,
1E04,
1E04,
1E04,
1E04,
1E04,
1E04,
1E04,
1E04,
1E04,
1E04,
1E04,
1E03,
1E03,
1E03,
1E03,
1E03,
1E03,
1E03,
1E03,
1E23,
1E04,
1E04,
1E04,
1E03,
1E03,
1E04,
1E04,
1E04,
1E04,
1A04,
1E04,
1E04,
1E04,
19C3,
15A3,
1162,
0921,
04A0,
0080,
0060,
0880,
10C0,
14E1,
1901,
1D01,
1D01,
1D21,
1D21,
1901,
10C0,
0C80,
0C60,
1460,
20C0,
3141,
41C5,
4E27,
4E27,
4E27,
5227,
5247,
5247,
5247,
5247,
5247,
5247,
5648,
5648,
5648,
5648,
5648,
5648,
5648,
5648,
5648,
5247,
5247,
5248,
5248,
4E49,
45E8,
2924,
1CA0,
20C0,
3583,
5248,
62A7,
66A6,
6AC4,
6AC3,
6AE2,
6EE2,
6AE3,
66E4,
6706,
5AC7,
3E23,
1D80,
1140,
15A2,
1DE4,
1DE4,
19E3,
19E3,
19E3,
1A03,
1A03,
1A04,
1E04,
1E04,
1E04,
1E04,
1E04,
1E04,
1E04,
1E04,
1E04,
1E04,
1A04,
1A24,
1E24,
1E24,
1E24,
1E24,
1E24,
1E24,
1E24,
1E24,
1E24,
1A24,
1A24,
1E04,
1E04,
1E04,
1E04,
1E04,
1E04,
1E04,
1E04,
1E24,
1E24,
1E24,
1E24,
1E24,
1E24,
1E24,
1E24,
1E24,
1E24,
1E24,
1E24,
1E24,
1E24,
1E24,
1E24,
1E24,
1E24,
1E24,
1E24,
1E24,
1E24,
1E24,
1E24,
1E24,
1E24,
1E24,
1E24,
1E24,
1E24,
1E24,
1E24,
1E24,
1E24,
1E24,
1E24,
1E24,
1E24,
1E24,
1E24,
1E24,
1E24,
1E24,
1E24,
1E24,
1E24,
1E24,
1E24,
1E24,
1E24,
1E24,
1E24,
1E24,
1E24,
1E24,
1A24,
1A24,
1A24,
1A24,
1A24,
1A24,
1A24,
1A24,
1A24,
1A24,
1A24,
1A24,
1A24,
1E24,
1E24,
1E24,
1E24,
1E24,
1E24,
1E24,
1E04,
1E04,
1E04,
1E04,
1E04,
1E04,
1E04,
1E04,
1E04,
1E04,
1E04,
1E04,
1E04,
1E04,
1E04,
1E24,
1E24,
1E24,
1E24,
1E24,
1E24,
1E24,
1E24,
1E24,
1E24,
1E24,
1E24,
1E24,
1E24,
1E24,
1E24,
1E24,
1E24,
1E04,
1E04,
1E04,
1E04,
1E04,
1E04,
1E04,
1E24,
1E24,
1E04,
1E03,
1E03,
1E03,
1E03,
1E04,
1E04,
1E04,
1E04,
1E04,
1E04,
1E04,
1E04,
1E04,
1E04,
1E04,
1E04,
1E04,
1E04,
1E04,
1E04,
1E04,
1E04,
1E04,
1E04,
1E04,
1E04,
1E04,
1E04,
1E04,
1E04,
1E04,
1E04,
1E04,
1E04,
1E04,
1E04,
1E04,
1E04,
1E04,
1E04,
1E04,
1E04,
1E04,
1E04,
1E04,
1E04,
1E04,
1E04,
1E04,
1E04,
1E04,
1E04,
1E04,
1E04,
1E03,
1E03,
1E03,
1E03,
1E03,
1E03,
1E03,
1E03,
1E03,
1E04,
1E03,
1E04,
1E03,
1E03,
1E04,
1E04,
1E04,
1A04,
1A04,
1A03,
19E4,
15C2,
1181,
0940,
0500,
00C0,
00C0,
04C0,
08C0,
1122,
1943,
2184,
25A5,
25A5,
25A5,
29A5,
29A5,
29A5,
2584,
1D43,
1D02,
18A0,
1460,
18A0,
2500,
3983,
4A05,
4E26,
5228,
5247,
5247,
5247,
5247,
5247,
5247,
5648,
5648,
5648,
5648,
5648,
5648,
5648,
5248,
5248,
5248,
5248,
5248,
524A,
41E8,
2922,
1880,
1CA0,
3563,
4E47,
5EA9,
66A7,
6AA5,
6AC3,
6AC2,
6AE3,
6EE3,
6F04,
6F06,
6B28,
6309,
4EA7,
2DE3,
1961,
1161,
15A2,
19C3,
1DE4,
19E4,
1A04,
1A03,
1A03,
1A04,
1E04,
1E04,
1E04,
1E04,
1E04,
1E04,
1E04,
1E04,
1E04,
1A03,
1A03,
1A24,
1A24,
1A24,
1A24,
1A24,
1A24,
1A24,
1A24,
1A24,
1A24,
1A24,
1A23,
1A24,
1A24,
1E04,
1E04,
1E04,
1E04,
1E04,
1E04,
1E24,
1E24,
1E24,
1E24,
1E24,
1E24,
1E24,
1E24,
1E24,
1E24,
1E24,
1E24,
1E24,
1E24,
1E24,
1E24,
1E24,
1E24,
1E24,
1E24,
1E24,
1E24,
1E24,
1E24,
1E24,
1E24,
1E24,
1E24,
1E24,
1E24,
1E24,
1E24,
1E24,
1E24,
1E24,
1E24,
1E24,
1E24,
1E24,
1E24,
1E24,
1E24,
1E24,
1E24,
1E24,
1E24,
1E24,
1E24,
1E24,
1E24,
1E24,
1E24,
1E24,
1E24,
1E24,
1A24,
1A24,
1A24,
1A24,
1A24,
1A24,
1A24,
1A24,
1A24,
1A24,
1A24,
1A24,
1A24,
1A24,
1E24,
1E24,
1E24,
1A24,
1A24,
1E24,
1E04,
1E04,
1E04,
1E04,
1E04,
1E04,
1E04,
1E04,
1E04,
1E04,
1E04,
1E04,
1E04,
1E04,
1E04,
1E24,
1E24,
1E24,
1E24,
1E24,
1E24,
1E24,
1E24,
1E24,
1E24,
1E24,
1E24,
1E24,
1E24,
1E24,
1E24,
1E24,
1E24,
1E04,
1E04,
1E04,
1E04,
1E04,
1E04,
1E04,
1E04,
1E04,
1E04,
1E03,
1E03,
1E03,
1E03,
1E04,
1E04,
1E04,
1E04,
1E04,
1E04,
1E04,
1E04,
1E04,
1E04,
1E04,
1E04,
1E04,
1E04,
1E04,
1E04,
1E04,
1E04,
1E04,
1E04,
1E04,
1E04,
1E04,
1E04,
1E04,
1E04,
1E04,
1E04,
1E04,
1E04,
1E04,
1E04,
1E04,
1E04,
1E04,
1E04,
1E04,
1E04,
1E04,
1E04,
1E04,
1E04,
1E04,
1E04,
1E04,
1E04,
1E04,
1E04,
1E04,
1E04,
1E03,
1E03,
1E03,
1E03,
1E03,
1E03,
1E03,
1E03,
1E03,
1E03,
1E03,
1E04,
1E03,
1E04,
1E04,
1E04,
1E04,
1E04,
1A04,
15E2,
11A1,
0960,
0940,
0940,
0940,
0D40,
1162,
1563,
1984,
1DA5,
21A5,
25C6,
25C6,
25C5,
25C5,
25C5,
25C5,
25C6,
25C6,
25A6,
29A6,
2544,
14A1,
1060,
14A0,
2D22,
41C5,
4E27,
5228,
5248,
5248,
5247,
5247,
5247,
5247,
5648,
5648,
5648,
5648,
5647,
5647,
5647,
5247,
5248,
5249,
5249,
4E49,
41E8,
2904,
1460,
1880,
3143,
4E07,
5A88,
62A7,
66C5,
6AC4,
6AC4,
6AC3,
6AC3,
66A3,
66A4,
62C5,
5EC7,
5AA8,
4A67,
31E5,
1982,
0D20,
0940,
11A1,
19E3,
1A04,
1A04,
1A04,
1A03,
1A04,
1E04,
1E04,
1E04,
1E04,
1E04,
1E04,
1E04,
1E04,
1E04,
1A04,
1A04,
1A24,
1A24,
1A24,
1A24,
1A24,
1A24,
1A24,
1A24,
1A24,
1A24,
1A24,
1A23,
1A24,
1A24,
1E04,
1E04,
1E04,
1E04,
1E04,
1E04,
1E24,
1E24,
1E24,
1E24,
1E24,
1E24,
1E24,
1E24,
1E24,
1E24,
1E24,
1E24,
1E24,
1E24,
1E24,
1E24,
1E24,
1E24,
1E24,
1E24,
1E24,
1E24,
1E24,
1E24,
1E24,
1E24,
1E24,
1E24,
1E24,
1E24,
1E24,
1E24,
1E24,
1E24,
1E24,
1E24,
1E24,
1E24,
1E24,
1E24,
1E24,
1E24,
1E24,
1E24,
1E24,
1E24,
1E24,
1E24,
1E24,
1E24,
1E24,
1E24,
1E24,
1E24,
1E24,
1A24,
1A24,
1A24,
1A24,
1A24,
1A24,
1A24,
1A24,
1A24,
1A24,
1A24,
1A24,
1A24,
1A24,
1E24,
1E24,
1E24,
1A24,
1A24,
1E24,
1E04,
1E04,
1E04,
1E04,
1E04,
1E04,
1E04,
1E04,
1E04,
1E04,
1E04,
1E04,
1E04,
1E04,
1E04,
1E24,
1E24,
1E24,
1E24,
1E24,
1E24,
1E24,
1E24,
1E24,
1E24,
1E24,
1E24,
1E24,
1E23,
1E24,
1E24,
1E24,
1E24,
1E04,
1E04,
1E04,
1E04,
1E04,
1E04,
1E04,
1E04,
1E04,
1E04,
1E03,
1E03,
1E03,
1E03,
1E04,
1E04,
1E04,
1E04,
1E04,
1E04,
1E04,
1E04,
1E04,
1E04,
1E04,
1E04,
1E04,
1E04,
1E04,
1E04,
1E04,
1E04,
1E04,
1E04,
1E04,
1E04,
1E04,
1E04,
1E04,
1E04,
1E04,
1E04,
1E04,
1E04,
1E04,
1E04,
1E04,
1E04,
1E04,
1E04,
1E04,
1E04,
1E04,
1E04,
1E04,
1E04,
1E04,
1E04,
1E04,
1E04,
1E04,
1E04,
1E04,
1E04,
1E03,
1E03,
1E03,
1E03,
1E03,
1E03,
1E03,
1E03,
1E23,
1E03,
1E03,
1E03,
1E03,
1E04,
1E04,
1E04,
1E04,
1E04,
1A03,
15C2,
0D80,
0960,
0D80,
1181,
1582,
19A3,
1DC4,
1DC5,
21E6,
21E6,
21C5,
21C5,
21C5,
21C5,
21C4,
21C4,
21E4,
21E4,
21C5,
21C5,
25C6,
29A6,
1D23,
10A0,
1080,
2501,
41C6,
4E27,
5248,
5248,
5248,
5248,
5248,
5248,
5248,
5248,
5248,
5248,
5247,
5247,
5247,
5247,
5248,
5649,
564A,
4A09,
3585,
24E1,
1880,
1460,
2901,
49E6,
5A67,
5A66,
62C5,
6AC5,
6EC5,
6AA5,
6284,
5642,
4E01,
49C2,
45C2,
3DC2,
39C2,
31A3,
25A3,
1962,
0D20,
0520,
0960,
11A1,
19E3,
1A04,
1A03,
1A04,
1A04,
1E04,
1E04,
1E04,
1E04,
1E04,
1E04,
1E04,
1E04,
1E04,
1A04,
1A24,
1A24,
1A04,
1A04,
1A04,
1A24,
1A03,
1A23,
1A24,
1A24,
1A24,
1A24,
1A24,
1E04,
1E04,
1E04,
1E04,
1E04,
1E04,
1E04,
1E04,
1E24,
1E24,
1E24,
1E24,
1E24,
1E24,
1E24,
1E24,
1E24,
1E24,
1E24,
1E24,
1E24,
1E24,
1E24,
1E24,
1E24,
1E24,
1E24,
1E24,
1E24,
1E24,
1E24,
1E24,
1E24,
1E24,
1E24,
1E24,
1E24,
1E24,
1E24,
1E24,
1E24,
1E24,
1E24,
1E24,
1E24,
1E24,
1E24,
1E24,
1E24,
1E24,
1E24,
1E24,
1E24,
1E24,
1E24,
1E24,
1E24,
1E24,
1E24,
1E24,
1E24,
1A24,
1A24,
1A24,
1A24,
1A24,
1A24,
1A24,
1A24,
1A24,
1A24,
1A24,
1A24,
1A24,
1A24,
1E24,
1A24,
1A24,
1E24,
1A24,
1A24,
1A24,
1E24,
1E04,
1E04,
1E04,
1E04,
1E04,
1E04,
1E04,
1E04,
1E04,
1E04,
1E04,
1E04,
1E04,
1E04,
1E04,
1E24,
1E24,
1E24,
1E24,
1E24,
1E24,
1E24,
1E24,
1E24,
1E24,
1E24,
1E24,
1E24,
1E23,
1E24,
1E24,
1E24,
1E24,
1E04,
1E04,
1E04,
1E04,
1E04,
1E04,
1E04,
1E04,
1E04,
1E04,
1E04,
1E03,
1E03,
1E03,
1E04,
1E04,
1E04,
1E04,
1E04,
1E04,
1E04,
1E04,
1E04,
1E04,
1E04,
1E04,
1E04,
1E04,
1E04,
1E04,
1E04,
1E04,
1E04,
1E04,
1E04,
1E04,
1E04,
1E04,
1E04,
1E04,
1E04,
1E04,
1E04,
1E04,
1E04,
1E04,
1E04,
1E04,
1E04,
1E04,
1E04,
1E04,
1E04,
1E04,
1E04,
1E04,
1E04,
1E04,
1E04,
1E04,
1E04,
1E04,
1E04,
1E04,
1E03,
1E03,
1E03,
1E03,
1E04,
1E03,
1E03,
1E04,
1E23,
1E03,
1E03,
1E03,
1E03,
1E04,
1E04,
1E04,
1E04,
1E04,
1A03,
15C2,
11A1,
15C2,
15C2,
19C3,
19C3,
1DE4,
21E4,
1DE4,
1DE5,
1DE4,
1DE4,
1DE4,
1DE4,
1DE3,
1DE4,
1DE4,
1DE4,
1DE4,
1DC5,
21C5,
25C6,
29A7,
2144,
14C0,
1080,
24E1,
41C6,
4E28,
5228,
5248,
5248,
5248,
5248,
5247,
5248,
5248,
5247,
5248,
5227,
5228,
5228,
5649,
564A,
564B,
49E9,
3124,
1C81,
1440,
1CA0,
3143,
45E6,
5667,
5E86,
6285,
66C5,
66A5,
6283,
5623,
49C2,
3960,
3120,
3120,
2900,
2520,
2540,
2162,
2183,
1D82,
1140,
0940,
0960,
0D81,
15C3,
19E3,
1A03,
1A04,
1A04,
1E04,
1E04,
1E04,
1E04,
1E04,
1E04,
1E04,
1E04,
1E04,
1A04,
1A04,
1A04,
1A04,
1A04,
1A04,
1A04,
1A04,
1A24,
1A04,
1A04,
1E04,
1E04,
1E04,
1E04,
1E04,
1E04,
1E04,
1E04,
1E04,
1E04,
1E04,
1E24,
1E24,
1E24,
1E24,
1E24,
1E24,
1E24,
1E24,
1E24,
1E24,
1E24,
1E24,
1E24,
1E24,
1E24,
1E24,
1E24,
1E24,
1E24,
1E24,
1E24,
1E24,
1E24,
1E24,
1E24,
1E24,
1E24,
1E24,
1E24,
1E24,
1E24,
1E24,
1E24,
1E24,
1E24,
1E24,
1E24,
1E24,
1E24,
1E24,
1E24,
1E24,
1E24,
1E24,
1E24,
1E24,
1E24,
1E24,
1E24,
1E24,
1E24,
1E24,
1E24,
1A24,
1A24,
1A24,
1A24,
1A24,
1A24,
1A24,
1A24,
1A24,
1A24,
1A24,
1A24,
1A24,
1A24,
1E24,
1E24,
1A24,
1A24,
1A24,
1A24,
1A24,
1E24,
1E04,
1E04,
1E04,
1E04,
1E04,
1E04,
1E04,
1E04,
1E04,
1E04,
1E04,
1E04,
1E04,
1E04,
1E04,
1E24,
1E24,
1E24,
1E24,
1E24,
1E24,
1E24,
1E24,
1E24,
1E24,
1E24,
1E24,
1E24,
1E23,
1E24,
1E24,
1E24,
1E24,
1E04,
1E04,
1E04,
1E04,
1E04,
1E04,
1E04,
1E04,
1E04,
1E04,
1E04,
1E03,
1E03,
1E04,
1E04,
1E04,
1E04,
1E04,
1E04,
1E04,
1E04,
1E04,
1E04,
1E04,
1E04,
1E04,
1E04,
1E04,
1E04,
1E04,
1E04,
1E04,
1E04,
1E04,
1E04,
1E04,
1E04,
1E04,
1E04,
1E04,
1E04,
1E04,
1E04,
1E04,
1E04,
1E04,
1E04,
1E04,
1E04,
1E04,
1E04,
1E04,
1E04,
1E04,
1E04,
1E04,
1E04,
1E04,
1E04,
1E04,
1E04,
1E04,
1E04,
1E04,
1E03,
1E03,
1E03,
1E03,
1E03,
1E03,
1E03,
1E03,
1E03,
1E03,
1E03,
1E03,
1E03,
1E04,
1E04,
1E04,
1E04,
1E04,
1A03,
15E3,
19E3,
1A03,
19E4,
1DE4,
1DE4,
1DE4,
1DE4,
19E4,
1A04,
1A04,
1A03,
1E03,
1E03,
1A03,
1A03,
1A04,
1A04,
1DE4,
1DC5,
21C5,
25C6,
2585,
1922,
10A0,
1480,
2D23,
45E7,
4E28,
5229,
5248,
5248,
5248,
5227,
5227,
5248,
5248,
5248,
5248,
5229,
5229,
5229,
5A4B,
522A,
3D86,
28E2,
1840,
1020,
20A1,
3564,
4A07,
5A69,
66A8,
66A6,
62A4,
6284,
4E01,
3980,
3560,
2D20,
2500,
2500,
2500,
2520,
2520,
2161,
2183,
2183,
21A3,
1582,
0D81,
0DA2,
11A2,
15E3,
19E3,
1A03,
1A04,
1A04,
1E04,
1E04,
1E04,
1E04,
1E04,
1E04,
1E04,
1E04,
1E04,
1E04,
1A04,
1A04,
1A04,
1A04,
1A04,
1A04,
1A04,
1A24,
1E04,
1E04,
1E04,
1E04,
1E04,
1E04,
1E04,
1E04,
1E04,
1E04,
1E04,
1E04,
1E04,
1E24,
1E24,
1E24,
1E24,
1E24,
1E24,
1E24,
1E24,
1E24,
1E24,
1E24,
1E24,
1E24,
1E24,
1E24,
1E24,
1E24,
1E24,
1E24,
1E24,
1E24,
1E24,
1E24,
1E24,
1E24,
1E24,
1E24,
1E24,
1E24,
1E24,
1E24,
1E24,
1E24,
1E24,
1E24,
1E24,
1E24,
1E24,
1E24,
1E24,
1E24,
1E24,
1E24,
1E24,
1E24,
1E24,
1E24,
1E24,
1E24,
1E24,
1E24,
1E24,
1E24,
1A24,
1A24,
1A24,
1A24,
1A24,
1A24,
1A24,
1A24,
1A24,
1A24,
1A24,
1A24,
1A24,
1A24,
1A24,
1E24,
1A24,
1A24,
1A24,
1A24,
1E24,
1E24,
1E04,
1E04,
1E04,
1E04,
1E04,
1E04,
1E04,
1E04,
1E04,
1E04,
1E04,
1E04,
1E04,
1E04,
1E04,
1E24,
1E24,
1E24,
1E24,
1E24,
1E24,
1E24,
1E24,
1E24,
1E24,
1E24,
1E24,
1E24,
1E24,
1E24,
1E24,
1E24,
1E24,
1E04,
1E04,
1E04,
1E04,
1E04,
1E04,
1E04,
1E04,
1E04,
1E04,
1E04,
1E03,
1E03,
1E04,
1E04,
1E04,
1E04,
1E04,
1E04,
1E04,
1E04,
1E04,
1E04,
1E04,
1E04,
1E04,
1E04,
1E04,
1E04,
1E04,
1E04,
1E04,
1E04,
1E04,
1E04,
1E04,
1E04,
1E04,
1E04,
1E04,
1E04,
1E04,
1E04,
1E04,
1E04,
1E04,
1E04,
1E04,
1E04,
1E04,
1E04,
1E04,
1E04,
1E04,
1E04,
1E04,
1E04,
1E04,
1E04,
1E04,
1E04,
1E04,
1E04,
1E04,
1E03,
1E03,
1E03,
1E03,
1E03,
1E03,
1E03,
1E03,
1E03,
1E03,
1E03,
1E04,
1E03,
1E03,
1E04,
1E04,
1E04,
1E04,
1A04,
1A03,
1A03,
1A04,
1A04,
1E04,
1E04,
1E04,
1A04,
1E04,
1A04,
1A04,
1A04,
1A04,
1A04,
1A04,
1A04,
1A04,
1A03,
1DE4,
1DE4,
21C5,
25A6,
2164,
10E1,
0C80,
1CE1,
39A6,
4A09,
4E29,
5229,
5228,
5228,
5228,
5228,
5228,
5228,
5229,
5649,
564A,
564B,
520A,
49C9,
49C8,
3124,
1860,
1020,
1860,
28E1,
3D85,
5228,
5A89,
62A8,
66A7,
62A5,
5663,
45E1,
3140,
2100,
2540,
2961,
2961,
2562,
2582,
2583,
2583,
25A3,
21C3,
21C4,
21C4,
19C4,
15C3,
15E3,
15E3,
15E3,
1A04,
1A03,
1A04,
1A04,
1E04,
1E04,
1E04,
1E04,
1E04,
1E04,
1E04,
1E04,
1E04,
1E04,
1A04,
1A04,
1A04,
1A04,
1A04,
1A04,
1A04,
1A24,
1E04,
1E04,
1E04,
1E04,
1E04,
1E04,
1E04,
1E04,
1E04,
1E04,
1E04,
1E04,
1E04,
1E24,
1E24,
1E24,
1E24,
1E24,
1E24,
1E24,
1E24,
1E24,
1E24,
1E24,
1E24,
1E24,
1E24,
1E24,
1E24,
1E24,
1E24,
1E24,
1E24,
1E24,
1E24,
1E24,
1E24,
1E24,
1E24,
1E24,
1E24,
1E24,
1E24,
1E24,
1E24,
1E24,
1E24,
1E24,
1E24,
1E24,
1E24,
1E24,
1E24,
1E24,
1E24,
1E24,
1E24,
1E24,
1E24,
1E24,
1E24,
1E24,
1E24,
1E24,
1E24,
1E24,
1A24,
1A24,
1A24,
1A24,
1A24,
1A24,
1A24,
1A24,
1A24,
1A24,
1A24,
1A24,
1A24,
1A24,
1A24,
1E24,
1E24,
1E24,
1E24,
1E24,
1E24,
1E24,
1E04,
1E04,
1E04,
1E04,
1E04,
1E04,
1E04,
1E04,
1E04,
1E04,
1E04,
1E04,
1E04,
1E04,
1E04,
1E04,
1E04,
1E24,
1E24,
1E24,
1E24,
1E24,
1E24,
1E24,
1E24,
1E24,
1E24,
1E24,
1E24,
1E24,
1E24,
1E24,
1E24,
1E04,
1E04,
1E04,
1E04,
1E04,
1E04,
1E04,
1E04,
1E04,
1E04,
1E04,
1E03,
1E03,
1E04,
1E04,
1E04,
1E04,
1E04,
1E04,
1E04,
1E04,
1E04,
1E04,
1E04,
1E04,
1E04,
1E04,
1E04,
1E04,
1E04,
1E04,
1E04,
1E04,
1E04,
1E04,
1E04,
1E04,
1E04,
1E04,
1E04,
1E04,
1E04,
1E04,
1E04,
1E04,
1E04,
1E04,
1E04,
1E04,
1E04,
1E04,
1E04,
1E04,
1E04,
1E04,
1E04,
1E04,
1E04,
1E04,
1E04,
1E04,
1E04,
1E04,
1E04,
1E03,
1E03,
1E03,
1E03,
1E03,
1E03,
1E03,
1E03,
1E03,
1E04,
1E04,
1E04,
1E03,
1E03,
1E04,
1E04,
1E04,
1E04,
1A04,
1A04,
1A04,
1A04,
1A04,
1A04,
1E04,
1E04,
1E04,
1E04,
1E04,
1A04,
1A04,
1A04,
1A04,
1A04,
19E3,
19E3,
1A04,
1E04,
21E5,
1DA5,
1D64,
1502,
08A0,
0C60,
2503,
41C8,
45E9,
45E8,
4E28,
5249,
5249,
5249,
5649,
564A,
524A,
5229,
5229,
4E08,
41A6,
3544,
2CE3,
2481,
1440,
1420,
1C80,
3542,
4E06,
5647,
5E88,
62A9,
66A7,
66C5,
5AA4,
4201,
2540,
1900,
1920,
1D41,
25A4,
25C4,
25A4,
21C4,
21C4,
21C4,
21C3,
1DE3,
1DE4,
1DE4,
1A04,
1A04,
19E4,
19E3,
19E3,
1A04,
1A03,
1A04,
1A04,
1E04,
1E04,
1E04,
1E04,
1E04,
1E04,
1E04,
1E04,
1A04,
1A04,
1A04,
1A04,
1A04,
1A04,
1A04,
1A04,
1A04,
1A04,
1E04,
1E04,
1E04,
1E04,
1E04,
1E04,
1E04,
1E04,
1E04,
1E04,
1E04,
1E04,
1E04,
1E24,
1E24,
1E24,
1E24,
1E24,
1E24,
1E24,
1E24,
1E24,
1E24,
1E24,
1E24,
1E24,
1E24,
1E24,
1E24,
1E24,
1E24,
1E24,
1E24,
1E24,
1E24,
1E24,
1E24,
1E24,
1E24,
1E24,
1E24,
1E24,
1E24,
1E24,
1E24,
1E24,
1E24,
1E24,
1E24,
1E24,
1E24,
1E24,
1E24,
1E24,
1E24,
1E24,
1E24,
1E24,
1E24,
1E24,
1E24,
1E24,
1E24,
1E24,
1E24,
1E24,
1A24,
1A24,
1A24,
1A24,
1A24,
1A24,
1A24,
1A24,
1A24,
1A24,
1A24,
1A24,
1A24,
1A24,
1A24,
1E24,
1E24,
1E24,
1E24,
1E24,
1E24,
1E24,
1E04,
1E04,
1E04,
1E04,
1E04,
1E04,
1E04,
1E04,
1E04,
1E04,
1E04,
1E04,
1E04,
1E04,
1E04,
1E04,
1E04,
1E04,
1E24,
1E24,
1E24,
1E24,
1E24,
1E24,
1E24,
1E24,
1E24,
1E24,
1E24,
1E24,
1E04,
1E04,
1E24,
1E24,
1E24,
1E24,
1E24,
1E24,
1E04,
1E04,
1E04,
1E24,
1E24,
1E24,
1E24,
1E24,
1E24,
1E24,
1E24,
1E24,
1E24,
1E24,
1E24,
1E24,
1E24,
1E24,
1E24,
1E24,
1E24,
1E24,
1E24,
1E24,
1E24,
1E24,
1E24,
1E24,
1E24,
1E24,
1E24,
1E24,
1E24,
1E24,
1E24,
1E24,
1E24,
1E24,
1E24,
1E24,
1E24,
1E24,
1E04,
1E04,
1E04,
1E04,
1E04,
1E04,
1E04,
1E04,
1E04,
1E04,
1E04,
1E04,
1E03,
1E03,
1E03,
1E03,
1E03,
1E03,
1E03,
1E03,
1E03,
1E03,
1E03,
1E03,
1E03,
1E03,
1E03,
1E03,
1E04,
1E03,
1E03,
1E04,
1E04,
1E04,
1E04,
1E04,
1E04,
1E04,
1A04,
1A04,
1A04,
1A04,
1A04,
1A04,
1A04,
1A04,
1A03,
19E3,
19E4,
19E4,
1E04,
1E04,
1E04,
1E04,
1DE4,
1DA3,
1543,
10E1,
0880,
0860,
1040,
1CA1,
28E3,
2D04,
3565,
41A6,
49E7,
4A08,
4E08,
4E29,
4E09,
49E8,
41C6,
3984,
2D02,
24C0,
2080,
1C60,
1840,
24A0,
3541,
45C3,
5647,
5668,
5A86,
62A6,
66C7,
6AC6,
66C6,
5AA4,
39E0,
1920,
1100,
1541,
1983,
1DC4,
1DC4,
1DC4,
1DC4,
1DC3,
1DC3,
1DC3,
1DE3,
1DE4,
1DE4,
19E4,
1A04,
1A04,
1A04,
1A03,
1A03,
1A04,
1A04,
1A04,
1E04,
1E04,
1E04,
1E04,
1E04,
1A04,
1A04,
1A04,
1A04,
1A04,
1A04,
1A04,
1A04,
1A04,
1A04,
1A04,
1A04,
1E04,
1E04,
1E04,
1E04,
1E04,
1E04,
1E04,
1E24,
1E24,
1E24,
1E24,
1E24,
1E24,
1E24,
1E24,
1E24,
1E24,
1E24,
1E24,
1E24,
1E24,
1E24,
1E24,
1E24,
1E24,
1E24,
1E24,
1E24,
1E24,
1E24,
1E24,
1E24,
1E24,
1E24,
1E24,
1E24,
1E24,
1E24,
1E24,
1E24,
1E24,
1E24,
1E24,
1E24,
1E24,
1E24,
1E24,
1E24,
1E24,
1E24,
1E24,
1E24,
1E24,
1E24,
1E24,
1E24,
1E24,
1E24,
1E24,
1E24,
1E24,
1E24,
1E24,
1E24,
1E24,
1E24,
1E24,
1A24,
1A24,
1E24,
1E24,
1E24,
1E24,
1A24,
1A24,
1A24,
1A24,
1A24,
1A24,
1A24,
1A24,
1A24,
1A24,
1A25,
1E24,
1E24,
1E24,
1E24,
1E24,
1E04,
1E04,
1E04,
1E04,
1E04,
1E04,
1E04,
1E04,
1E04,
1E04,
1E04,
1E04,
1E04,
1E04,
1E04,
1E04,
1E04,
1E04,
1E24,
1E24,
1E24,
1E24,
1E24,
1E24,
1E24,
1E24,
1E24,
1E04,
1E04,
1E04,
1E04,
1E04,
1E24,
1E24,
1E24,
1E24,
1E24,
1E24,
1E04,
1E24,
1E24,
1E24,
1E24,
1E24,
1E24,
1E24,
1E24,
1E24,
1E24,
1E24,
1E24,
1E24,
1E24,
1E24,
1E24,
1E24,
1E24,
1E24,
1E24,
1E24,
1E24,
1E24,
1E24,
1E24,
1E24,
1E24,
1E24,
1E24,
1E24,
1E24,
1E24,
1E24,
1E24,
1E24,
1E24,
1E24,
1E24,
1E24,
1E24,
1E24,
1E24,
1E24,
1E04,
1E04,
1E04,
1E04,
1E04,
1E04,
1E04,
1E04,
1E04,
1E04,
1E03,
1E03,
1E03,
1E03,
1E03,
1E03,
1E03,
1E03,
1E03,
1E03,
1E03,
1E03,
1E03,
1E03,
1E04,
1E04,
1E04,
1E03,
1E03,
1E04,
1E04,
1E04,
1E04,
1E04,
1E04,
1E04,
1A04,
1A04,
1A04,
1A04,
1A04,
1A04,
1A04,
1A04,
1A04,
19E3,
19E3,
19E3,
1DE3,
1E04,
2225,
1DE4,
1561,
0D00,
10E0,
14E0,
18C1,
18A1,
1840,
0C20,
0800,
1020,
1C81,
24E2,
2D22,
3564,
3544,
3123,
2902,
24E1,
24C0,
20A0,
2080,
20A0,
20A0,
24C0,
3943,
49C4,
5646,
62A8,
62A8,
5E87,
5EA6,
62C5,
66C5,
6AC5,
66C6,
5EC5,
3DE1,
1920,
1100,
1542,
1DC4,
19E4,
15E4,
19E4,
19E4,
19E3,
19E3,
19E3,
19E3,
19E4,
19E4,
1A04,
1A04,
1A04,
1A04,
1A03,
1A03,
1A04,
1A04,
1A04,
1E04,
1E04,
1E04,
1E04,
1E04,
1A04,
1A04,
1A04,
1A04,
1A04,
1A04,
1A04,
1A04,
1A04,
1A04,
1A04,
1A04,
1E04,
1E04,
1E04,
1E04,
1E04,
1E04,
1E04,
1E24,
1E24,
1E24,
1E24,
1E24,
1E24,
1E24,
1E24,
1E24,
1E24,
1E24,
1E24,
1E24,
1E24,
1E24,
1E24,
1E24,
1E24,
1E24,
1E24,
1E24,
1E24,
1E24,
1E24,
1E24,
1E24,
1E24,
1E24,
1E24,
1E24,
1E24,
1E24,
1E24,
1E24,
1E24,
1E24,
1E24,
1E24,
1E24,
1E24,
1E24,
1E24,
1E24,
1E24,
1E24,
1E24,
1E24,
1E24,
1E24,
1E24,
1E24,
1E24,
1E24,
1E24,
1E24,
1E24,
1E24,
1E24,
1E24,
1E24,
1E24,
1E24,
1E24,
1E24,
1E24,
1E24,
1A24,
1E24,
1A24,
1A24,
1A24,
1A24,
1A24,
1A24,
1A24,
1A24,
1A25,
1E24,
1E24,
1E24,
1E24,
1E24,
1E04,
1E04,
1E04,
1E04,
1E04,
1E04,
1E04,
1E04,
1E04,
1E04,
1E04,
1E04,
1E04,
1E04,
1E04,
1E24,
1E24,
1E24,
1E24,
1E24,
1E24,
1E24,
1E24,
1E24,
1E24,
1E24,
1E24,
1E04,
1E04,
1E04,
1E04,
1E04,
1E24,
1E24,
1E24,
1E24,
1E24,
1E24,
1E24,
1E24,
1E24,
1E24,
1E24,
1E24,
1E24,
1E24,
1E24,
1E24,
1E24,
1E24,
1E24,
1E24,
1E24,
1E24,
1E24,
1E24,
1E24,
1E24,
1E24,
1E24,
1E24,
1E24,
1E24,
1E24,
1E24,
1E24,
1E24,
1E24,
1E24,
1E24,
1E24,
1E24,
1E24,
1E24,
1E24,
1E24,
1E24,
1E24,
1E24,
1E24,
1E24,
1E24,
1E03,
1E03,
1E04,
1E04,
1E04,
1E04,
1E04,
1E04,
1E04,
1E04,
1E03,
1E03,
1E03,
1E03,
1E03,
1E03,
1E03,
1E03,
1E03,
1E03,
1E03,
1E03,
1E03,
1E03,
1E03,
1E04,
1E04,
1E03,
1E03,
1E04,
1E04,
1E04,
1E04,
1E04,
1E04,
1E04,
1A04,
1A04,
1A04,
1A04,
1A04,
1A04,
1E04,
1A04,
1A04,
1A04,
19E4,
19E4,
1DE4,
1DE4,
1DC3,
1582,
08E0,
08A0,
1901,
3185,
41E7,
41C7,
3544,
24C1,
1C60,
1440,
1040,
1040,
1460,
1880,
1460,
1880,
1880,
20A0,
24C0,
24C0,
3121,
41A3,
45C4,
4E06,
5A68,
6288,
6286,
66C6,
6AC6,
6AC6,
6AC6,
6AE6,
6AE5,
6AE5,
6AE6,
5EC5,
3DE1,
1900,
1120,
1983,
19C4,
15E4,
15E4,
15E3,
19E3,
19E3,
19E3,
19E3,
19E3,
1A03,
1A03,
1A04,
1A03,
1A03,
1A03,
1A03,
1A03,
1A04,
1A04,
1A04,
1E04,
1E04,
1E04,
1E04,
1E04,
1A04,
1A04,
1A04,
1A04,
1A04,
1A04,
1A04,
1A04,
1A04,
1A04,
1A04,
1A04,
1E04,
1E04,
1E04,
1E04,
1E04,
1E04,
1E04,
1E24,
1E24,
1E24,
1E24,
1E24,
1E24,
1E24,
1E24,
1E24,
1E24,
1E24,
1E24,
1E24,
1E24,
1E24,
1E24,
1E24,
1E24,
1E24,
1E24,
1E24,
1E24,
1E24,
1E24,
1E24,
1E24,
1E24,
1E24,
1E24,
1E24,
1E24,
1E24,
1E24,
1E24,
1E24,
1E24,
1E24,
1E24,
1E24,
1E24,
1E24,
1E24,
1E24,
1E24,
1E24,
1E24,
1E24,
1E24,
1E24,
1E24,
1E24,
1E24,
1E24,
1E24,
1E24,
1E24,
1E24,
1E24,
1E24,
1E24,
1E24,
1E24,
1E24,
1E24,
1E24,
1E24,
1E24,
1E24,
1A24,
1A24,
1A24,
1A24,
1A24,
1A24,
1A24,
1A24,
1A24,
1E24,
1E24,
1E24,
1E24,
1E24,
1E04,
1E04,
1E04,
1E04,
1E04,
1E04,
1E04,
1E04,
1E04,
1E04,
1E04,
1E04,
1E04,
1E04,
1E24,
1E24,
1E24,
1E24,
1E24,
1E24,
1E24,
1E24,
1E24,
1E24,
1E24,
1E24,
1E24,
1E04,
1E04,
1E04,
1E04,
1E04,
1E24,
1E24,
1E24,
1E24,
1E24,
1E24,
1E24,
1E24,
1E24,
1E24,
1E24,
1E24,
1E24,
1E24,
1E24,
1E24,
1E24,
1E24,
1E24,
1E24,
1E24,
1E24,
1E24,
1E24,
1E24,
1E24,
1E24,
1E24,
1E24,
1E24,
1E24,
1E24,
1E24,
1E24,
1E24,
1E24,
1E24,
1E24,
1E24,
1E24,
1E24,
1E24,
1E24,
1E24,
1E24,
1E24,
1E24,
1E24,
1E24,
1E24,
1E03,
1E03,
1E03,
1E04,
1E04,
1E04,
1E04,
1E04,
1E04,
1E04,
1E03,
1E03,
1E03,
1E03,
1E03,
1E03,
1E03,
1E03,
1E03,
1E03,
1E03,
1E03,
1E03,
1E04,
1E04,
1E04,
1E04,
1E03,
1E03,
1E04,
1E04,
1E04,
1E04,
1E04,
1E04,
1E04,
1A04,
1A04,
1A04,
1A04,
1A04,
1A03,
19E3,
15C2,
15C3,
15C3,
15C3,
11A3,
1183,
0D62,
0900,
08C0,
0CC0,
2143,
39E8,
4E4A,
5A6A,
5E8A,
5A69,
5227,
49C6,
4186,
3544,
2902,
20C0,
1CA0,
24C0,
2D01,
3962,
41A4,
4E07,
4E07,
5227,
5A67,
62A8,
6AC9,
6AC9,
6AC7,
6AC6,
6EC5,
6EC5,
6EC5,
6EC5,
6EE5,
6EE4,
6EE5,
6AE6,
5EC5,
39E1,
1900,
1121,
1D83,
19C4,
19E4,
19E4,
19E3,
19E2,
19E2,
19E3,
19E3,
19E3,
1A03,
1A03,
1A03,
1A03,
1A03,
1A03,
1A03,
1A03,
1A04,
1A04,
1A04,
1E04,
1E04,
1E04,
1E04,
1E04,
1A04,
1A04,
1A04,
1A04,
1A04,
1A04,
1A04,
1A04,
1A04,
1A04,
1A04,
1A04,
1E04,
1E04,
1E04,
1E04,
1E04,
1E04,
1E04,
1E24,
1E24,
1E24,
1E24,
1E24,
1E24,
1E24,
1E24,
1E24,
1E24,
1E24,
1E24,
1E24,
1E24,
1E24,
1E24,
1E24,
1E24,
1E24,
1E24,
1E24,
1E24,
1E24,
1E24,
1E24,
1E24,
1E24,
1E24,
1E24,
1E24,
1E24,
1E24,
1E24,
1E24,
1E24,
1E24,
1E24,
1E24,
1E24,
1E24,
1E24,
1E24,
1E24,
1E24,
1E24,
1E24,
1E24,
1E24,
1E24,
1E24,
1E24,
1E24,
1E24,
1E24,
1E24,
1E24,
1E24,
1E24,
1E24,
1E24,
1E24,
1E24,
1E24,
1E24,
1E24,
1E24,
1E24,
1E04,
1A24,
1A24,
1A24,
1A24,
1A24,
1A24,
1A24,
1A24,
1A24,
1E24,
1E24,
1E24,
1E24,
1E24,
1E04,
1E04,
1E04,
1E04,
1E04,
1E04,
1E04,
1E04,
1E04,
1E04,
1E04,
1E04,
1E04,
1E04,
1E24,
1E24,
1E04,
1E24,
1E24,
1E24,
1E24,
1E24,
1E24,
1E24,
1E24,
1E24,
1E24,
1E04,
1E04,
1E04,
1E04,
1E04,
1E24,
1E24,
1E24,
1E24,
1E24,
1E24,
1E24,
1E24,
1E24,
1E24,
1E24,
1E24,
1E24,
1E24,
1E24,
1E24,
1E24,
1E24,
1E24,
1E24,
1E24,
1E24,
1E24,
1E24,
1E24,
1E24,
1E24,
1E24,
1E24,
1E24,
1E24,
1E24,
1E24,
1E24,
1E24,
1E24,
1E24,
1E24,
1E24,
1E24,
1E24,
1E24,
1E24,
1E24,
1E24,
1E24,
1E24,
1E24,
1E24,
1E24,
1E03,
1E03,
1E03,
1E04,
1E04,
1E04,
1E04,
1E04,
1E04,
1E04,
1E03,
1E03,
1E03,
1E03,
1E03,
1E03,
1E03,
1E03,
1E03,
1E03,
1E03,
1E03,
1E03,
1E04,
1E04,
1E04,
1E04,
1E03,
1E03,
1E04,
1E04,
1E04,
1E04,
1E04,
1E04,
1E04,
1A04,
1A04,
1A04,
1A04,
1A04,
15C2,
0D80,
0960,
0540,
0520,
0100,
00E0,
00C0,
00C0,
00A0,
08A0,
1902,
2D85,
3DC6,
49E6,
5645,
6287,
66A9,
66A9,
6289,
62AB,
62AB,
5E8A,
5648,
5227,
5A48,
6289,
66AA,
6AAA,
6ECB,
6ECA,
6AC9,
6AC7,
6AE7,
6AE7,
6EC6,
6EC5,
6EE4,
6EC3,
6EC3,
6EC3,
6EC3,
6EE4,
6EE4,
6EE5,
6AE6,
62E7,
4E86,
2582,
0CE0,
0D21,
0D61,
11A2,
19E4,
19E3,
19E2,
19E3,
19E3,
19E3,
19E3,
1A03,
1A03,
1A03,
1A03,
1A03,
1A03,
1A03,
1A03,
1A04,
1A04,
1A04,
1E04,
1E04,
1E04,
1E04,
1E04,
1A04,
1A04,
1A04,
1A04,
1A04,
1A04,
1A04,
1A04,
1A04,
1A04,
1A04,
1A04,
1A04,
1E04,
1E04,
1E04,
1E04,
1E04,
1E04,
1E24,
1E24,
1E24,
1E24,
1E24,
1E24,
1E24,
1E24,
1E24,
1E24,
1E24,
1E24,
1E24,
1E24,
1E24,
1E24,
1E24,
1E24,
1E24,
1E24,
1E24,
1E24,
1E24,
1E24,
1E24,
1E24,
1E24,
1E24,
1E24,
1E24,
1E24,
1E24,
1E24,
1E24,
1E24,
1E24,
1E24,
1E24,
1E24,
1E24,
1E24,
1E24,
1E24,
1E24,
1E24,
1E24,
1E24,
1E24,
1E24,
1E24,
1E24,
1E24,
1E24,
1E24,
1E24,
1E24,
1E24,
1E24,
1E24,
1E24,
1E24,
1E24,
1E24,
1E24,
1E24,
1E24,
1E24,
1E04,
1A24,
1A24,
1A24,
1A24,
1A24,
1A24,
1A24,
1A24,
1A24,
1E24,
1E24,
1E24,
1E24,
1E24,
1E04,
1E04,
1E04,
1E04,
1E04,
1E04,
1E04,
1E04,
1E04,
1E04,
1E04,
1E04,
1E04,
1E04,
1E04,
1E04,
1E04,
1A04,
1E04,
1E04,
1E04,
1E04,
1E04,
1E24,
1E24,
1E24,
1E24,
1E04,
1E04,
1E04,
1E04,
1E04,
1E24,
1E24,
1E24,
1E24,
1E24,
1E24,
1E24,
1E24,
1E24,
1E24,
1E24,
1E24,
1E24,
1E24,
1E24,
1E24,
1E24,
1E24,
1E24,
1E24,
1E24,
1E24,
1E24,
1E24,
1E24,
1E24,
1E24,
1E24,
1E24,
1E24,
1E24,
1E24,
1E24,
1E24,
1E24,
1E24,
1E24,
1E24,
1E24,
1E24,
1E24,
1E24,
1E24,
1E24,
1E24,
1E24,
1E24,
1E24,
1E24,
1E24,
1E03,
1E03,
1E03,
1E03,
1E03,
1E04,
1E04,
1E04,
1E04,
1E04,
1E03,
1E03,
1E03,
1E03,
1E03,
1E03,
1E03,
1E03,
1E03,
1E03,
1E03,
1E03,
1E03,
1E03,
1E03,
1E04,
1E04,
1E03,
1E03,
1E04,
1E04,
1E04,
1E04,
1E04,
1A04,
1A04,
1A04,
1A04,
1A04,
1A04,
1A03,
11C1,
0960,
0520,
00E0,
00C0,
00C0,
00E0,
00E0,
04E0,
08E1,
1102,
1D23,
1D01,
18A0,
2900,
41A0,
5622,
6265,
66A6,
66A7,
6AC9,
6EEA,
6EEA,
6EEA,
6EEA,
6EEA,
6EEA,
72E9,
72E9,
6EC8,
6EC8,
6EE7,
6EE6,
6EE5,
6EE5,
6EE4,
6EE4,
6EE3,
6EE3,
6EE3,
6EE3,
6EE3,
6EE3,
6EE3,
6EE4,
6AE5,
66E7,
5EE9,
4267,
1D61,
0900,
0520,
0960,
15C2,
19E3,
19E3,
19E3,
19E3,
19E3,
19E3,
19E3,
1A03,
1A03,
19E3,
19E3,
19E3,
19E3,
1A03,
1A04,
1E04,
1E04,
1E04,
1E04,
1E04,
1E04,
1E04,
1E04,
1A04,
1A04,
1A04,
1A04,
1A04,
1A04,
1A04,
1A04,
1A04,
1A04,
1A04,
1A04,
1A04,
1A04,
1E04,
1E04,
1E24,
1E24,
1E24,
1E24,
1E24,
1E24,
1E24,
1E24,
1E24,
1E24,
1E24,
1E24,
1E24,
1E24,
1E24,
1E24,
1E24,
1E24,
1E24,
1E24,
1E24,
1E24,
1E24,
1E24,
1E24,
1E24,
1E24,
1E24,
1E24,
1E24,
1E24,
1E24,
1E24,
1E24,
1E24,
1E24,
1E24,
1E24,
1E24,
1E24,
1E24,
1E24,
1E24,
1E24,
1E24,
1E24,
1E24,
1E24,
1E24,
1E24,
1E24,
1E24,
1E24,
1E24,
1E24,
1E24,
1E24,
1E24,
1E24,
1E24,
1E24,
1E24,
1E24,
1E24,
1E24,
1E24,
1E24,
1E24,
1E04,
1E04,
1A24,
1A24,
1A24,
1A24,
1A24,
1A24,
1A24,
1A24,
1A24,
1E24,
1E24,
1E24,
1E24,
1E24,
1E04,
1E04,
1E04,
1E04,
1E04,
1E04,
1E04,
1E04,
1E04,
1E04,
1E04,
1E04,
1E04,
1E04,
1E04,
1E04,
1E04,
1E04,
1E04,
1E04,
1E04,
1E04,
1E04,
1E24,
1E24,
1E24,
1E24,
1E04,
1E04,
1E04,
1E04,
1E04,
1E24,
1E24,
1E24,
1E24,
1E24,
1E24,
1E24,
1E24,
1E24,
1E24,
1E24,
1E24,
1E24,
1E24,
1E24,
1E24,
1E24,
1E24,
1E24,
1E24,
1E24,
1E24,
1E24,
1E24,
1E24,
1E24,
1E24,
1E24,
1E24,
1E24,
1E24,
1E24,
1E24,
1E24,
1E24,
1E24,
1E24,
1E24,
1E24,
1E24,
1E24,
1E24,
1E24,
1E24,
1E24,
1E24,
1E24,
1E24,
1E24,
1E24,
1E03,
1E03,
1E03,
1E03,
1E03,
1E04,
1E04,
1E04,
1E04,
1E04,
1E03,
1E03,
1E03,
1E03,
1E03,
1E03,
1E03,
1E03,
1E03,
1E03,
1E03,
1E03,
1E03,
1E03,
1E03,
1E04,
1E04,
1E03,
1E03,
1E04,
1E04,
1E04,
1E04,
1E04,
1A04,
1A04,
1A04,
1A04,
1A04,
1A04,
1A04,
15C2,
0D80,
0D60,
0D61,
0D62,
1163,
1183,
1584,
1984,
1D84,
1D64,
1D43,
1901,
14A0,
1880,
2CE0,
49A1,
5E43,
6683,
6AA4,
6EC5,
6EC6,
6AC6,
6AC6,
6EC6,
6EC6,
6AC5,
6EC5,
6EC5,
6EC5,
6EC4,
72C4,
72C4,
6EC4,
6EE4,
6EE4,
6EE4,
6EE3,
6EE3,
6EE3,
6EE3,
6EE3,
6EE3,
6EE3,
6EE4,
6AE5,
6306,
6308,
5B0B,
3E47,
1D82,
0D20,
0520,
0940,
11A2,
15C3,
15E3,
15E3,
19E3,
19E3,
19E3,
1A03,
19E3,
19E3,
19E3,
19E3,
19E3,
19E3,
1A04,
1A04,
1A04,
1E04,
1E04,
1E04,
1E04,
1E04,
1E04,
1A04,
1A04,
1A04,
1A04,
1A04,
1A04,
1A04,
1A04,
1A04,
1A04,
1A04,
1A04,
1A04,
1A04,
1E04,
1E04,
1E24,
1E24,
1E24,
1E24,
1E24,
1E24,
1E24,
1E24,
1E24,
1E24,
1E24,
1E24,
1E24,
1E24,
1E24,
1E24,
1E24,
1E24,
1E24,
1E24,
1E24,
1E24,
1E24,
1E24,
1E24,
1E24,
1E24,
1E24,
1E24,
1E24,
1E24,
1E24,
1E24,
1E24,
1E24,
1E24,
1E24,
1E24,
1E24,
1E24,
1E24,
1E24,
1E24,
1E24,
1E24,
1E24,
1E24,
1E24,
1E24,
1E24,
1E24,
1E24,
1E24,
1E24,
1E24,
1E24,
1E24,
1E24,
1E24,
1E24,
1E24,
1E24,
1E24,
1E24,
1E24,
1E24,
1E24,
1E24,
1E04,
1E04,
1A24,
1A24,
1A24,
1A24,
1A24,
1A24,
1A24,
1A24,
1A24,
1E24,
1E24,
1E24,
1E24,
1E24,
1E04,
1E04,
1E04,
1E04,
1E04,
1E04,
1E04,
1E04,
1E04,
1E04,
1E04,
1E04,
1E04,
1E04,
1E24,
1E24,
1E04,
1A04,
1E04,
1E04,
1E04,
1E04,
1E04,
1E04,
1E04,
1E04,
1E04,
1E24,
1E24,
1E04,
1E04,
1E04,
1E04,
1E24,
1E24,
1E24,
1E24,
1E04,
1E04,
1E04,
1E04,
1E04,
1E04,
1E04,
1E04,
1E04,
1E04,
1E24,
1E24,
1E24,
1E24,
1E24,
1E24,
1E24,
1E24,
1E24,
1E24,
1E24,
1E24,
1E24,
1E24,
1E24,
1E24,
1E24,
1E24,
1E24,
1E24,
1E24,
1E24,
1E24,
1E24,
1E24,
1E24,
1E24,
1E24,
1E24,
1E24,
1E24,
1E24,
1E24,
1E23,
1E24,
1E24,
1E24,
1E24,
1E24,
1E24,
1E04,
1E04,
1E04,
1E03,
1E03,
1E03,
1E03,
1E03,
1E03,
1E03,
1E03,
1E03,
1E03,
1E03,
1E03,
1E03,
1E03,
1E03,
1E03,
1E04,
1E04,
1E04,
1E03,
1E03,
1E04,
1E04,
1E04,
1E04,
1E04,
1A04,
1A04,
1A04,
1A04,
1A04,
1A04,
1A04,
1A03,
19E2,
19E2,
1DE4,
1E05,
21E5,
21E5,
21E6,
21E6,
25C6,
21A5,
2584,
2563,
2121,
1880,
20A0,
4160,
5A21,
6A81,
6EA3,
6EA3,
6EC4,
6EC4,
6EC4,
6EC4,
6EC4,
6EC4,
6EC4,
6EC4,
6EE3,
72E4,
72E4,
72E4,
72E4,
72E4,
72E4,
72E4,
72E4,
6EE3,
6EE3,
6EE2,
6EE3,
6EE3,
6EE2,
6EC3,
6AE4,
62E5,
6306,
632A,
5AEB,
4268,
29E5,
1583,
0941,
0520,
0940,
0D80,
11A1,
15C2,
19E3,
19E3,
19E3,
19E3,
19E3,
19E3,
19E3,
19E3,
19E3,
19E3,
1A03,
1A04,
1A04,
1E04,
1E04,
1E04,
1E04,
1E04,
1A04,
1A04,
1A04,
1A04,
1A04,
1A04,
1A04,
1A04,
1A04,
1A04,
1A04,
1A04,
1A04,
1E04,
1E04,
1E04,
1E24,
1E24,
1E24,
1E24,
1E24,
1E24,
1E24,
1E24,
1E24,
1E24,
1E24,
1E24,
1E24,
1E24,
1E24,
1E24,
1E24,
1E24,
1E24,
1E24,
1E24,
1E24,
1E24,
1E24,
1E24,
1E24,
1E24,
1E24,
1E24,
1E24,
1E24,
1E24,
1E24,
1E24,
1E24,
1E24,
1E24,
1E24,
1E24,
1E24,
1E24,
1E24,
1E24,
1E24,
1E24,
1E24,
1E24,
1E24,
1E24,
1E24,
1E24,
1E24,
1E24,
1E24,
1E24,
1E24,
1E24,
1E24,
1E24,
1E24,
1E24,
1E24,
1E24,
1E24,
1E24,
1E24,
1E24,
1E24,
1E04,
1E04,
1A24,
1A24,
1A24,
1A24,
1A24,
1A24,
1A24,
1A24,
1A24,
1E24,
1E24,
1E24,
1E24,
1E24,
1E04,
1E04,
1E04,
1E04,
1E04,
1E04,
1E04,
1E04,
1E04,
1E04,
1E04,
1E04,
1E04,
1E04,
1E04,
1E24,
1A04,
1A04,
1E04,
1E04,
1E04,
1E04,
1A04,
1A04,
1E04,
1E04,
1E04,
1A24,
1A24,
1A04,
1A04,
1E04,
1E04,
1E24,
1E24,
1E24,
1E24,
1E04,
1E03,
1E03,
1E03,
1E03,
1E03,
1E03,
1E03,
1E03,
1E04,
1E24,
1E24,
1E24,
1E24,
1E24,
1E24,
1E24,
1E24,
1E24,
1E24,
1E24,
1E24,
1E24,
1E24,
1E24,
1E24,
1E24,
1E24,
1E24,
1E24,
1E24,
1E24,
1E24,
1E24,
1E24,
1E04,
1E04,
1E04,
1E04,
1E04,
1E04,
1E04,
1E03,
1E03,
1E03,
1E24,
1E24,
1E24,
1E24,
1E24,
1E04,
1E04,
1E03,
1E03,
1E03,
1E03,
1E03,
1E03,
1E03,
1E03,
1E03,
1E03,
1E03,
1E03,
1E03,
1E03,
1E03,
1E03,
1E03,
1E04,
1E04,
1E04,
1E03,
1E03,
1E04,
1E04,
1E04,
1E04,
1E04,
1A04,
1A04,
1A04,
1A04,
1A04,
1A04,
1A04,
1A04,
1E04,
1E04,
1E04,
1E04,
21E5,
21E5,
21E5,
1DC5,
1DC5,
21C5,
25A5,
29A4,
2142,
18A1,
1C80,
3D60,
5A21,
6A82,
6EA2,
6EC3,
6EC3,
6EC4,
6EC4,
6EC4,
6EC4,
6EC4,
6EC3,
6EC3,
6EC3,
6EE3,
72E4,
7304,
72E4,
72E4,
72E4,
72E4,
6EE4,
6EC3,
6EC3,
6EC1,
6EC1,
6EE1,
6EE1,
6AC2,
6AC3,
6AE4,
66E5,
62E7,
6309,
5B0B,
4AAA,
3648,
25E5,
1541,
0900,
04E0,
0900,
0D20,
1181,
15A2,
15A2,
19C2,
19C3,
15C2,
15C2,
19E3,
19E3,
19E3,
1A03,
1A04,
1A04,
1E04,
1E04,
1E04,
1E04,
1E04,
1A04,
1A04,
1A04,
1A04,
1A04,
1A04,
1A04,
1A04,
1A04,
1A04,
1A04,
1A04,
1A04,
1E04,
1E04,
1A04,
1E24,
1E24,
1E24,
1E24,
1E24,
1E24,
1E24,
1E24,
1E24,
1E24,
1E24,
1E24,
1E24,
1E24,
1E24,
1E24,
1E24,
1E24,
1E24,
1E24,
1E24,
1E24,
1E24,
1E24,
1E24,
1E24,
1E24,
1E24,
1E24,
1E24,
1E24,
1E24,
1E24,
1E24,
1E24,
1E24,
1E24,
1E24,
1E24,
1E24,
1E24,
1E24,
1E24,
1E24,
1E24,
1E24,
1E24,
1E24,
1E24,
1E24,
1E24,
1E24,
1E24,
1E24,
1E24,
1E24,
1E24,
1E24,
1E24,
1E24,
1E24,
1E24,
1E24,
1E24,
1E24,
1E24,
1E24,
1E24,
1E04,
1E04,
1A24,
1A24,
1A24,
1A24,
1A24,
1A24,
1A24,
1A24,
1A24,
1E24,
1E24,
1E24,
1E24,
1E24,
1E04,
1E04,
1E04,
1E04,
1E04,
1E04,
1E04,
1E04,
1E04,
1E04,
1E04,
1E04,
1E04,
1E04,
1E04,
1E24,
1A24,
1A04,
1E04,
1E04,
1E04,
1E04,
1A04,
1A04,
1E04,
1E04,
1E04,
1A24,
1A24,
1E04,
1E04,
1E04,
1E04,
1E24,
1E24,
1E24,
1E24,
1E04,
1E03,
1E03,
1E03,
1E03,
1E03,
1E03,
1E03,
1E03,
1E04,
1E24,
1E24,
1E24,
1E24,
1E24,
1E24,
1E24,
1E24,
1E24,
1E24,
1E24,
1E24,
1E24,
1E24,
1E24,
1E24,
1E24,
1E24,
1E24,
1E24,
1E24,
1E24,
1E24,
1E03,
1E24,
1E03,
1E03,
1E03,
1E03,
1E03,
1E03,
1E03,
1E03,
1E03,
1E03,
1E24,
1E24,
1E24,
1E24,
1E24,
1E04,
1E04,
1E03,
1E03,
1E03,
1E03,
1E03,
1E03,
1E03,
1E03,
1E03,
1E03,
1E03,
1E03,
1E03,
1E03,
1E03,
1E03,
1E03,
1E04,
1E04,
1E04,
1E03,
1E04,
1E04,
1E04,
1E04,
1E04,
1E04,
1A04,
1A04,
1A04,
1A04,
1A04,
1A04,
1A04,
1A04,
1A04,
1E04,
1E04,
1DE4,
1DE4,
2205,
1DE5,
19C4,
1DC4,
1DC4,
21C5,
1D83,
10E0,
1060,
24C0,
41A0,
5E42,
6A82,
6EA2,
6EC3,
6EC2,
6EE3,
72E3,
6EE3,
72C4,
72C4,
72C4,
72E4,
72C3,
6EC2,
6AA2,
66A1,
6681,
6681,
6681,
6AA1,
6AA2,
6EC3,
6EC3,
6EC2,
6EC2,
6EE2,
6EE1,
6EE2,
6EE3,
6EE3,
6AE3,
66E4,
66E5,
6308,
5F0A,
56EA,
4A8A,
3606,
2162,
1520,
0D00,
1120,
1140,
0D40,
0D40,
1160,
1181,
15A1,
15C2,
19C2,
19E3,
19E3,
1A03,
1A04,
1E04,
1E04,
1E04,
1E04,
1E04,
1E04,
1A04,
1A04,
1A04,
1A04,
1A04,
1A04,
1A04,
1A04,
1A04,
1A04,
1A04,
1A04,
1A04,
1E04,
1E04,
1E04,
1E24,
1E24,
1E24,
1E24,
1E24,
1E24,
1E24,
1E24,
1E24,
1E24,
1E24,
1E24,
1E24,
1E24,
1E24,
1E24,
1E24,
1E24,
1E24,
1E24,
1E24,
1E24,
1E24,
1E24,
1E24,
1E24,
1E24,
1E24,
1E24,
1E24,
1E24,
1E24,
1E24,
1E24,
1E24,
1E24,
1E24,
1E24,
1E24,
1E24,
1E24,
1E24,
1E24,
1E24,
1E24,
1E24,
1E24,
1E24,
1E24,
1E24,
1E24,
1E24,
1E24,
1E24,
1E24,
1E24,
1E24,
1E24,
1E24,
1E24,
1E24,
1E24,
1E24,
1E24,
1E24,
1E24,
1E24,
1E24,
1E04,
1E04,
1A24,
1A24,
1A24,
1A24,
1A24,
1A24,
1A24,
1A24,
1A24,
1E24,
1E24,
1E24,
1E24,
1E24,
1E04,
1E04,
1E04,
1E04,
1E04,
1E04,
1E04,
1E04,
1E04,
1E04,
1E04,
1E04,
1E04,
1E04,
1E04,
1E24,
1A24,
1A04,
1A04,
1A24,
1E24,
1E24,
1E24,
1A24,
1A04,
1A24,
1E04,
1E04,
1E04,
1E04,
1E04,
1A04,
1E24,
1E24,
1E24,
1E24,
1E24,
1E04,
1E03,
1E03,
1E03,
1E03,
1E03,
1E03,
1E03,
1E03,
1E04,
1E24,
1E24,
1E24,
1E24,
1E24,
1E24,
1E24,
1E24,
1E24,
1E24,
1E24,
1E24,
1E24,
1E24,
1E24,
1E24,
1E24,
1E24,
1E24,
1E24,
1E24,
1E24,
1E24,
1E03,
1E03,
1E03,
1E03,
1E03,
1E03,
1E03,
1E03,
1E03,
1E03,
1E03,
1E03,
1E24,
1E24,
1E24,
1E24,
1E24,
1E24,
1E24,
1E04,
1E03,
1E03,
1E03,
1E03,
1E03,
1E03,
1E03,
1E03,
1E03,
1E03,
1E03,
1E03,
1E03,
1E03,
1E03,
1E03,
1E03,
1E03,
1E03,
1E03,
1E04,
1E04,
1E04,
1E04,
1E04,
1E04,
1A04,
1A04,
1A04,
1A04,
1A04,
1A04,
1A04,
1A04,
1A04,
1A04,
1E04,
1E04,
1E04,
1DE4,
1DE4,
19C3,
1DC4,
19A3,
1562,
1100,
0CA0,
18A0,
3141,
5224,
6684,
6681,
6AA2,
6EC3,
6EC2,
6EC3,
72E3,
72E3,
72E4,
72E5,
76E5,
76E5,
6EA4,
5E41,
51E0,
4580,
4160,
4160,
4160,
45A0,
51E0,
5A21,
6262,
6682,
6681,
6681,
6681,
66A1,
6AE2,
6AE2,
6AE3,
6B03,
6B03,
6B05,
6708,
6709,
670C,
5AEC,
4ECC,
466A,
3E28,
31E6,
25C4,
1D82,
1160,
0D60,
1180,
15A1,
19C2,
19E3,
19E3,
19E3,
1A03,
1A04,
1E04,
1E04,
1E04,
1E04,
1E04,
1E04,
1E04,
1E04,
1A04,
1A04,
1A04,
1A04,
1A04,
1A04,
1A04,
1A04,
1A04,
1A04,
1A04,
1E04,
1E04,
1E04,
1E24,
1E24,
1E24,
1E24,
1E24,
1E24,
1E24,
1E24,
1E24,
1E24,
1E24,
1E24,
1E24,
1E24,
1E24,
1E24,
1E24,
1E24,
1E24,
1E24,
1E24,
1E24,
1E24,
1E24,
1E24,
1E24,
1E24,
1E24,
1E24,
1E24,
1E24,
1E24,
1E24,
1E24,
1E24,
1E24,
1E24,
1E24,
1E24,
1E24,
1E24,
1E24,
1E24,
1E24,
1E24,
1E24,
1E24,
1E24,
1E24,
1E24,
1E24,
1E24,
1E24,
1E24,
1E24,
1E24,
1E24,
1E24,
1E24,
1E24,
1E24,
1E24,
1E24,
1E24,
1E24,
1E24,
1E24,
1E24,
1E04,
1E04,
1A24,
1A24,
1A24,
1A24,
1A24,
1A24,
1A24,
1A24,
1A24,
1E24,
1E24,
1E24,
1E24,
1E24,
1E04,
1E04,
1E04,
1E04,
1E04,
1E04,
1E04,
1E04,
1E04,
1E04,
1E04,
1E04,
1E04,
1E04,
1E04,
1E24,
1A24,
1A04,
1A04,
1A24,
1E24,
1E24,
1A24,
1A24,
1A24,
1A24,
1E04,
1E04,
1E04,
1E04,
1E04,
1A04,
1E24,
1E24,
1E24,
1E24,
1E24,
1E04,
1E03,
1E03,
1E03,
1E03,
1E03,
1E03,
1E03,
1E03,
1E04,
1E24,
1E24,
1E24,
1E24,
1E24,
1E24,
1E24,
1E24,
1E24,
1E24,
1E24,
1E24,
1E24,
1E24,
1E24,
1E24,
1E24,
1E24,
1E24,
1E24,
1E24,
1E24,
1E24,
1E03,
1E03,
1E03,
1E03,
1E03,
1E03,
1E03,
1E03,
1E03,
1E03,
1E03,
1E03,
1E24,
1E24,
1E24,
1E24,
1E24,
1E24,
1E24,
1E04,
1E03,
1E03,
1E03,
1E03,
1E03,
1E03,
1E03,
1E03,
1E03,
1E03,
1E03,
1E03,
1E03,
1E03,
1E03,
1E03,
1E03,
1E03,
1E03,
1E03,
1E04,
1E04,
1E04,
1E04,
1E04,
1E04,
1A04,
1A04,
1A04,
1A04,
1A04,
1A04,
1A04,
1A04,
1A04,
1A04,
1A04,
1E04,
1E04,
1E04,
1E04,
19C3,
1582,
0940,
0900,
08C0,
10C0,
2922,
4A05,
5E87,
6684,
6682,
6EC2,
6EC2,
6EC2,
72C3,
72E3,
72C3,
6EC4,
72C5,
72E6,
72E6,
5E42,
3D40,
2CC0,
2480,
2080,
2060,
2060,
24A0,
2CE0,
3520,
3D40,
4160,
4180,
4180,
4180,
4DE0,
5640,
5E81,
62A2,
62A2,
62A2,
66E3,
66E5,
6AE7,
6B09,
672B,
632D,
5F0E,
5EED,
56CC,
4AAB,
3648,
21C3,
19C2,
19C3,
19C2,
19C3,
1DE3,
19E3,
19E3,
1A03,
1A04,
1E04,
1E04,
1E04,
1E04,
1E04,
1E04,
1E04,
1E04,
1E04,
1E04,
1E04,
1E04,
1E04,
1E04,
1E04,
1A04,
1A04,
1A04,
1A04,
1E04,
1E24,
1E04,
1E24,
1E24,
1E24,
1E24,
1E24,
1E24,
1E24,
1E24,
1E24,
1E24,
1E24,
1E24,
1E24,
1E24,
1E24,
1E24,
1E24,
1E24,
1E24,
1E24,
1E24,
1E24,
1E24,
1E24,
1E24,
1E24,
1E24,
1E24,
1E24,
1E24,
1E24,
1E24,
1E24,
1E24,
1E24,
1E24,
1E24,
1E24,
1E24,
1E24,
1E24,
1E24,
1E24,
1E24,
1E24,
1E24,
1E24,
1E24,
1E24,
1E24,
1E24,
1E24,
1E24,
1E24,
1E24,
1E24,
1E24,
1E24,
1E24,
1E24,
1E24,
1E24,
1E24,
1E24,
1E24,
1E24,
1E24,
1E24,
1E04,
1E04,
1A24,
1A24,
1A24,
1A24,
1A24,
1A24,
1A24,
1A24,
1A24,
1E24,
1E24,
1E24,
1E24,
1E24,
1E04,
1E04,
1E04,
1E04,
1E04,
1E04,
1E04,
1E04,
1E04,
1E04,
1E04,
1E04,
1E04,
1E04,
1E04,
1E24,
1A24,
1A04,
1A04,
1A24,
1E24,
1E24,
1A24,
1A24,
1A04,
1A24,
1E04,
1E04,
1E04,
1E04,
1E04,
1A04,
1E24,
1E24,
1E24,
1E24,
1E24,
1E04,
1E03,
1E03,
1E03,
1E03,
1E03,
1E03,
1E03,
1E03,
1E04,
1E24,
1E24,
1E24,
1E24,
1E24,
1E24,
1E24,
1E24,
1E24,
1E24,
1E24,
1E24,
1E24,
1E24,
1E24,
1E24,
1E24,
1E24,
1E24,
1E24,
1E24,
1E24,
1E24,
1E03,
1E03,
1E03,
1E03,
1E03,
1E03,
1E03,
1E03,
1E03,
1E03,
1E03,
1E03,
1E24,
1E24,
1E24,
1E24,
1E24,
1E24,
1E24,
1E04,
1E03,
1E03,
1E03,
1E03,
1E03,
1E03,
1E03,
1E03,
1E03,
1E03,
1E03,
1E03,
1E03,
1E03,
1E03,
1E03,
1E03,
1E03,
1E03,
1E03,
1E04,
1E04,
1E04,
1E04,
1E04,
1E04,
1A04,
1A04,
1A04,
1A04,
1A04,
1A04,
1A04,
1A04,
1E04,
1A04,
1A04,
1A04,
1E24,
1A03,
19C2,
1182,
0920,
0900,
08C0,
1920,
31A4,
4607,
5E89,
66A8,
66A5,
6AC3,
6AC2,
6EC2,
6EC3,
72C3,
72E3,
72E3,
6EA4,
6AA4,
6AC6,
5E64,
3D60,
28A0,
24A0,
2CE0,
3121,
3121,
3121,
3121,
3100,
2CE0,
28E0,
24C0,
24A0,
24A0,
24A0,
2CE0,
3520,
3940,
3D80,
3D80,
45A1,
49E0,
5220,
5641,
5A62,
5AA5,
5AA8,
5AA9,
5AAA,
5AEB,
52CB,
3A47,
25C4,
21E4,
21E4,
21E4,
1DE3,
1E03,
19E3,
1A03,
1A04,
1A04,
1E04,
1E04,
1E04,
1E04,
1E04,
1E04,
1E04,
1E04,
1E04,
1E04,
1E04,
1E04,
1E04,
1E04,
1E04,
1E04,
1E04,
1E04,
1E04,
1A04,
1A04,
1E24,
1E24,
1E24,
1E24,
1E24,
1E24,
1E24,
1E24,
1E24,
1E24,
1E24,
1E24,
1E24,
1E24,
1E24,
1E24,
1E24,
1E24,
1E24,
1E24,
1E24,
1E24,
1E24,
1E24,
1E24,
1E24,
1E24,
1E24,
1E24,
1E24,
1E24,
1E24,
1E24,
1E24,
1E24,
1E24,
1E24,
1E24,
1E24,
1E24,
1E24,
1E24,
1E24,
1E24,
1E24,
1E24,
1E24,
1E24,
1E24,
1E24,
1E24,
1E24,
1E24,
1E24,
1E24,
1E24,
1E24,
1E24,
1E24,
1E24,
1E24,
1E24,
1E24,
1E24,
1E24,
1E24,
1E24,
1E24,
1E24,
1E24,
1E24,
1A24,
1A24,
1A24,
1A24,
1A24,
1A24,
1A24,
1A24,
1A24,
1E24,
1E24,
1E24,
1E24,
1E24,
1E04,
1E04,
1E04,
1E04,
1E04,
1E04,
1E04,
1E04,
1E04,
1E04,
1E04,
1E04,
1E04,
1E04,
1E24,
1E24,
1A24,
1A04,
1A04,
1A04,
1E24,
1E24,
1A24,
1A24,
1A04,
1A24,
1E04,
1E04,
1E04,
1E04,
1E04,
1A04,
1E24,
1E24,
1E24,
1E24,
1E24,
1E04,
1E03,
1E03,
1E03,
1E03,
1E03,
1E03,
1E03,
1E03,
1E03,
1E24,
1E24,
1E24,
1E24,
1E24,
1E24,
1E24,
1E24,
1E24,
1E24,
1E24,
1E24,
1E24,
1E24,
1E24,
1E24,
1E24,
1E24,
1E24,
1E24,
1E24,
1E24,
1E04,
1E03,
1E03,
1E03,
1E03,
1E04,
1E03,
1E03,
1E03,
1E03,
1E03,
1E03,
1E03,
1E24,
1E24,
1E24,
1E24,
1E24,
1E24,
1E24,
1E04,
1E03,
1E03,
1E03,
1E03,
1E03,
1E03,
1E03,
1E03,
1E03,
1E03,
1E03,
1E03,
1E03,
1E03,
1E03,
1A03,
1E03,
1E03,
1E04,
1E03,
1E03,
1E04,
1E04,
1E04,
1E04,
1E04,
1A04,
1A04,
1A04,
1A04,
1A04,
1A04,
1E04,
1E04,
1E04,
19E3,
19E3,
19E3,
15A2,
0D60,
0900,
04E0,
0D00,
1D61,
35C5,
4E48,
5EAA,
62C9,
66A9,
6AC7,
6AC4,
6AC2,
6AC2,
6EC3,
6EC3,
72C3,
72E3,
6EC3,
6EA4,
6EA5,
5A23,
3520,
1C80,
28C0,
49C7,
5A6B,
5E8D,
62AE,
62AE,
5EAD,
5A6C,
564B,
4E28,
3DA4,
3962,
3142,
2D21,
28E0,
24C0,
20A0,
20A0,
24C0,
20A0,
1C80,
20A0,
24E0,
2D00,
3561,
41C3,
4A05,
4E47,
4A48,
3A26,
29A3,
21A2,
21C3,
21E4,
1DE4,
1DE3,
1E03,
1E03,
1E03,
1E04,
1E04,
1E04,
1E04,
1E04,
1E04,
1E04,
1E04,
1E04,
1E04,
1E04,
1E04,
1E04,
1E04,
1E04,
1E04,
1E04,
1E04,
1E04,
1E04,
1E04,
1A04,
1A04,
1E24,
1E24,
1E24,
1E24,
1E24,
1E24,
1E24,
1E24,
1E24,
1E24,
1E24,
1E24,
1E24,
1E24,
1E24,
1E24,
1E24,
1E24,
1E24,
1E24,
1E24,
1E24,
1E24,
1E24,
1E24,
1E24,
1E24,
1E24,
1E24,
1E24,
1E24,
1E24,
1E24,
1E24,
1E24,
1E24,
1E24,
1E24,
1E24,
1E24,
1E24,
1E24,
1E24,
1E24,
1E24,
1E24,
1E24,
1E24,
1E24,
1E24,
1E24,
1E24,
1E24,
1E24,
1E24,
1E24,
1E24,
1E24,
1E24,
1E24,
1E24,
1E24,
1E24,
1E24,
1E24,
1E24,
1E24,
1E24,
1E24,
1E24,
1A24,
1A24,
1A24,
1A24,
1A24,
1A24,
1A24,
1A24,
1A24,
1A24,
1E24,
1E24,
1E24,
1E24,
1E24,
1E04,
1E04,
1E04,
1E04,
1E04,
1E04,
1E04,
1E04,
1E04,
1E04,
1E04,
1E04,
1E04,
1E04,
1E24,
1E24,
1E04,
1E04,
1E04,
1E04,
1E24,
1E24,
1E24,
1A24,
1A24,
1A24,
1E04,
1E04,
1E04,
1E04,
1E04,
1A04,
1E24,
1E24,
1E24,
1E24,
1E24,
1E04,
1E04,
1E04,
1E04,
1E04,
1E04,
1E04,
1E04,
1E04,
1E04,
1E04,
1E24,
1E24,
1E24,
1E24,
1E24,
1E24,
1E24,
1E24,
1E24,
1E24,
1E24,
1E24,
1E24,
1E24,
1E24,
1E24,
1E24,
1E24,
1E24,
1E04,
1E04,
1E04,
1E04,
1E04,
1E04,
1E04,
1E04,
1E04,
1E04,
1E04,
1E04,
1E04,
1E04,
1E04,
1E24,
1E24,
1E04,
1E04,
1E04,
1E04,
1E04,
1E03,
1E03,
1E03,
1E03,
1E03,
1E03,
1E03,
1E03,
1E03,
1E03,
1E03,
1E03,
1E03,
1E03,
1E03,
1E03,
1A03,
1E03,
1E03,
1E04,
1E03,
1E03,
1E04,
1E04,
1E04,
1E04,
1E04,
1A04,
1A04,
1A04,
1A03,
1A03,
1A03,
19E3,
15C3,
15A2,
1181,
1181,
1182,
1161,
0900,
04A0,
08C0,
2162,
3E27,
5AAB,
66CB,
66C8,
66C7,
6AC6,
6AC5,
6EC3,
6EC2,
6EC2,
6EC3,
72C3,
72E4,
72C4,
6263,
6684,
6664,
3D60,
1C60,
20A1,
45C9,
62D1,
6B14,
6B15,
6F36,
7356,
7357,
7357,
7776,
7354,
6711,
66F0,
62CF,
5A8D,
524B,
49E8,
3DA6,
3985,
3564,
2900,
1CA0,
1880,
1880,
1460,
1880,
20E0,
2920,
2D41,
2D62,
2561,
1D60,
1D82,
21C3,
21E4,
1DE4,
1DE3,
1A03,
1E03,
1E03,
1E04,
1E04,
1E04,
1E04,
1E04,
1E04,
1E04,
1E04,
1E04,
1E04,
1E04,
1E04,
1E04,
1E04,
1E04,
1E04,
1E04,
1E04,
1E04,
1E04,
1E04,
1E04,
1A04,
1E24,
1E24,
1E24,
1E24,
1E24,
1E24,
1E24,
1E24,
1E24,
1E24,
1E24,
1E24,
1E24,
1E24,
1E24,
1E24,
1E24,
1E24,
1E24,
1E24,
1E24,
1E24,
1E24,
1E24,
1E24,
1E24,
1E24,
1E24,
1E24,
1E24,
1E24,
1E24,
1E24,
1E24,
1E24,
1E24,
1E24,
1E24,
1E24,
1E24,
1E24,
1E24,
1E24,
1E24,
1E24,
1E24,
1E24,
1E24,
1E24,
1E24,
1E24,
1E24,
1E24,
1E24,
1E24,
1E24,
1E24,
1E24,
1E24,
1E24,
1E24,
1E24,
1E24,
1E24,
1E24,
1E24,
1E24,
1E24,
1E24,
1E24,
1A24,
1A24,
1A24,
1A24,
1A24,
1A24,
1A24,
1A24,
1A24,
1A24,
1E24,
1E24,
1E24,
1E24,
1E24,
1E04,
1E04,
1E04,
1E04,
1E04,
1E04,
1E04,
1E04,
1E04,
1E04,
1E04,
1E04,
1E03,
1E03,
1E03,
1E03,
1E04,
1E04,
1E24,
1E24,
1E24,
1E24,
1E24,
1E24,
1E24,
1E24,
1E24,
1E24,
1E24,
1E24,
1E24,
1E24,
1E04,
1E04,
1E04,
1E04,
1E04,
1E04,
1E04,
1E04,
1E04,
1E04,
1E04,
1E04,
1E04,
1E04,
1E04,
1E04,
1E04,
1E04,
1E04,
1E04,
1E04,
1E04,
1E04,
1E04,
1E04,
1E04,
1E04,
1E04,
1E04,
1E04,
1E04,
1E04,
1E04,
1E04,
1E04,
1E04,
1E04,
1E04,
1E04,
1E04,
1E04,
1E04,
1E04,
1E04,
1E04,
1E04,
1E04,
1E04,
1E04,
1E04,
1E04,
1E04,
1E04,
1E03,
1E03,
1E03,
1E03,
1E03,
1E03,
1E03,
1E03,
1E03,
1E03,
1E03,
1E03,
1E03,
1E03,
1E03,
1E03,
1E03,
1E03,
1E03,
1E03,
1E03,
1E03,
1E03,
1E03,
1E03,
1E03,
1E04,
1E03,
1E04,
1E04,
1E04,
1A04,
1A04,
1A04,
1A03,
19E3,
15C1,
0D80,
0540,
0120,
0520,
0920,
1582,
25C5,
2E08,
29A6,
2142,
35C5,
568A,
62AB,
62A8,
66A6,
6AA6,
6EC5,
6EC5,
6EE4,
6EE3,
6EE3,
72E3,
72E3,
72C5,
72C6,
6EC7,
5E44,
49C1,
2D00,
24C0,
41A9,
5AB2,
62F5,
66F6,
6717,
6F58,
7359,
7359,
7379,
7379,
7378,
7377,
7376,
7376,
7376,
7355,
6F54,
6F34,
6B32,
62F0,
5AAE,
566C,
4E28,
45E6,
39A4,
2921,
18C0,
14A0,
18E0,
2120,
2161,
1D81,
21A3,
21C3,
1DE3,
1DE3,
1DE3,
1E03,
1A03,
1A04,
1E04,
1E04,
1E04,
1E04,
1E04,
1E04,
1E04,
1E04,
1E04,
1E04,
1E04,
1E04,
1E04,
1E04,
1E04,
1E04,
1E04,
1E04,
1E04,
1E04,
1E04,
1E04,
1A04,
1E04,
1E04,
1E04,
1E04,
1E04,
1E04,
1E04,
1E04,
1E04,
1E04,
1E24,
1E24,
1E24,
1E24,
1E24,
1E24,
1E24,
1E24,
1E24,
1E24,
1E24,
1E24,
1E24,
1E24,
1E24,
1E24,
1E24,
1E24,
1E24,
1E24,
1E24,
1E24,
1E24,
1E24,
1E24,
1E24,
1E24,
1E24,
1E24,
1E24,
1E24,
1E24,
1E24,
1E24,
1E24,
1E24,
1E24,
1E24,
1E24,
1E24,
1E24,
1E24,
1E24,
1E24,
1E24,
1E24,
1E24,
1E24,
1E24,
1E24,
1E24,
1E24,
1A24,
1A24,
1A24,
1A24,
1E24,
1E24,
1E24,
1A24,
1A24,
1A24,
1A24,
1A24,
1A24,
1A24,
1A24,
1A24,
1A24,
1A24,
1E24,
1E24,
1E24,
1E24,
1E24,
1E04,
1E04,
1E04,
1E04,
1E04,
1E04,
1E04,
1E04,
1E04,
1E24,
1E03,
1E03,
1E03,
1E03,
1E03,
1E03,
1E03,
1E24,
1E24,
1E04,
1E04,
1E24,
1E24,
1E24,
1E24,
1E24,
1E24,
1E24,
1E24,
1E24,
1E24,
1E24,
1E04,
1E04,
1E04,
1E04,
1E04,
1E04,
1E04,
1E04,
1E04,
1E04,
1E04,
1E04,
1E04,
1E04,
1E04,
1E04,
1E04,
1E04,
1E04,
1E04,
1E04,
1E04,
1E04,
1E04,
1E04,
1E04,
1E04,
1E04,
1E04,
1E04,
1E04,
1E04,
1E04,
1E04,
1E04,
1E04,
1E04,
1E04,
1E04,
1E04,
1E04,
1E04,
1E04,
1E04,
1E04,
1E04,
1E04,
1E04,
1E04,
1E04,
1E04,
1E04,
1E04,
1E03,
1E03,
1E03,
1E04,
1E03,
1E03,
1E03,
1E03,
1E03,
1E03,
1E03,
1E03,
1E03,
1E03,
1E03,
1E03,
1E03,
1E03,
1E03,
1E03,
1E03,
1E03,
1E03,
1E03,
1E03,
1E03,
1E04,
1E03,
1E04,
1E04,
1E04,
1A04,
1A04,
1A04,
1A03,
15E2,
0DA0,
0540,
0120,
0100,
00C0,
0500,
1D83,
3208,
468C,
422B,
3185,
41E6,
5A8A,
6289,
6686,
6EA5,
6EA4,
6EC4,
6EC4,
6EC4,
6EE3,
72E3,
72E2,
72E3,
72E5,
76E7,
6EC8,
4DE2,
28E0,
24E0,
3DA8,
5670,
5693,
5293,
56B5,
6318,
6B5A,
6F7A,
6F7A,
6F7B,
6F7A,
6F79,
6F78,
6F78,
6F78,
7378,
7398,
7398,
7398,
7798,
7397,
7377,
6F56,
6F55,
6F53,
5EEF,
4209,
2963,
1900,
1D20,
2162,
25A3,
21C3,
21E3,
1DE3,
1DE3,
1DE3,
1A03,
1A03,
1A03,
1A04,
1E04,
1E04,
1A04,
1A04,
1A04,
1E04,
1E04,
1E04,
1E04,
1E04,
1E04,
1E04,
1E04,
1E04,
1E04,
1E04,
1E04,
1E04,
1E04,
1E04,
1E04,
1E04,
1E04,
1E04,
1E04,
1E04,
1E04,
1E04,
1E04,
1E04,
1E04,
1E04,
1E04,
1E24,
1E24,
1E24,
1E24,
1E24,
1E24,
1E24,
1E24,
1E24,
1E24,
1E24,
1E24,
1E24,
1E24,
1E24,
1E24,
1E24,
1E24,
1E24,
1E24,
1E24,
1E24,
1E24,
1E24,
1E24,
1E24,
1E24,
1E24,
1E24,
1E24,
1E24,
1E24,
1E24,
1E24,
1E24,
1E24,
1E24,
1E24,
1E24,
1E24,
1E24,
1E24,
1E24,
1E24,
1E24,
1E24,
1E24,
1E24,
1A24,
1A24,
1A24,
1A24,
1A24,
1A24,
1A24,
1A24,
1A24,
1A24,
1A24,
1A24,
1A24,
1A24,
1A24,
1A24,
1A24,
1A24,
1A24,
1A24,
1A24,
1A24,
1E24,
1E24,
1E24,
1E24,
1E24,
1E04,
1E04,
1E04,
1E04,
1E04,
1E04,
1E04,
1E04,
1E04,
1E04,
1E04,
1E03,
1E03,
1E03,
1E03,
1E03,
1E03,
1E04,
1E24,
1E24,
1E24,
1E04,
1E24,
1E24,
1E24,
1A24,
1A24,
1E24,
1E24,
1E24,
1E24,
1E24,
1E04,
1E04,
1E04,
1E04,
1E04,
1E04,
1E04,
1E04,
1E04,
1E04,
1E04,
1E04,
1E04,
1E04,
1E04,
1E04,
1E04,
1E04,
1E04,
1E04,
1E04,
1E04,
1E04,
1E04,
1E04,
1E04,
1E04,
1E04,
1E04,
1E04,
1E04,
1E04,
1E04,
1E04,
1E04,
1E04,
1E04,
1E04,
1E04,
1E04,
1E04,
1E04,
1E04,
1E04,
1E04,
1E04,
1E04,
1E04,
1E04,
1E04,
1E04,
1E04,
1E04,
1E04,
1E04,
1E04,
1E04,
1E04,
1E03,
1E03,
1E03,
1E03,
1E03,
1E03,
1E03,
1E03,
1E03,
1E03,
1E03,
1E03,
1E03,
1E03,
1E03,
1E03,
1E03,
1E03,
1E03,
1E03,
1E03,
1E04,
1E03,
1E04,
1E04,
1E04,
1A04,
1A04,
1A04,
1A03,
19E3,
11C2,
11A1,
1182,
0D81,
0920,
0900,
0D00,
1942,
2585,
2965,
2943,
4607,
5E8A,
6288,
6A85,
6EA3,
6EA3,
72C3,
72C4,
72C4,
72C3,
72E3,
6EC3,
72C4,
72E6,
6EC7,
5604,
3100,
1C80,
3987,
5AB2,
5EF4,
4A51,
35CE,
4653,
5F19,
675A,
675B,
6B5B,
6B5B,
6B7B,
6B7A,
6B7A,
6B79,
6B79,
6F79,
6F79,
6F79,
6F79,
6F79,
6F78,
6F78,
6F79,
6F99,
73B8,
6334,
464E,
31A8,
2564,
2184,
25C4,
21E4,
1DE3,
1DE3,
1DE3,
1DE3,
1DE3,
1A03,
1A03,
1A04,
1A04,
1A04,
1A03,
1A03,
19E3,
1A03,
1A03,
1A04,
1E04,
1E04,
1E04,
1E04,
1E04,
1E04,
1E04,
1E04,
1E04,
1E04,
1E04,
1E04,
1E04,
1E04,
1E04,
1E04,
1E04,
1E03,
1E04,
1E04,
1E04,
1E04,
1E04,
1E04,
1E04,
1E04,
1E04,
1E04,
1E04,
1E24,
1E24,
1E24,
1E24,
1E24,
1E24,
1E24,
1E24,
1E24,
1E24,
1E24,
1E24,
1E24,
1E24,
1E24,
1E24,
1E24,
1E24,
1E24,
1E24,
1E24,
1E24,
1E24,
1E24,
1E24,
1E24,
1E24,
1E24,
1E24,
1E24,
1E24,
1E24,
1E24,
1E24,
1E24,
1E24,
1E24,
1E24,
1E24,
1E24,
1E24,
1E24,
1E24,
1E24,
1E24,
1A24,
1A24,
1A24,
1A24,
1A24,
1A24,
1A24,
1A24,
1A24,
1A24,
1A24,
1A24,
1A24,
1A24,
1A24,
1A24,
1A24,
1A24,
1A24,
1A24,
1A24,
1A24,
1E24,
1E24,
1E24,
1E24,
1E24,
1E04,
1E04,
1E04,
1E04,
1E04,
1E04,
1E04,
1E04,
1E04,
1E04,
1E04,
1E03,
1E03,
1E03,
1E03,
1E03,
1E03,
1E04,
1E24,
1E24,
1E24,
1E24,
1E24,
1E24,
1E24,
1A24,
1A24,
1A24,
1A24,
1E24,
1E24,
1E24,
1E04,
1E04,
1E04,
1E04,
1E04,
1E04,
1E04,
1E04,
1E04,
1E04,
1E04,
1E04,
1E04,
1E04,
1E04,
1E04,
1E04,
1E04,
1E04,
1E04,
1E04,
1E04,
1E04,
1E04,
1E04,
1E04,
1E04,
1E04,
1E04,
1E04,
1E04,
1E04,
1E04,
1E04,
1E04,
1E04,
1E04,
1E04,
1E04,
1E04,
1E04,
1E04,
1E04,
1E04,
1E04,
1E04,
1E04,
1E04,
1E04,
1E04,
1E04,
1E04,
1E04,
1E04,
1E04,
1E04,
1E04,
1E04,
1E03,
1E03,
1E03,
1E03,
1E03,
1E03,
1E03,
1E03,
1E03,
1E03,
1E03,
1E03,
1E03,
1E03,
1E03,
1E03,
1E03,
1E03,
1E03,
1E03,
1E03,
1E04,
1E03,
1E04,
1E04,
1E04,
1A04,
1A04,
1A04,
1A03,
19E4,
19E4,
19E4,
1DE5,
1DE5,
19C4,
1141,
08C0,
04C0,
0CC0,
10C0,
14A0,
3584,
5A68,
6287,
6A85,
6EA2,
6EC2,
72C3,
72C3,
72C4,
72C4,
6EC4,
6EC4,
72C6,
6EA7,
5A24,
3520,
1C60,
3103,
5E91,
6F37,
6B38,
4A52,
2D6C,
4632,
633A,
675A,
673A,
6B5B,
6B5B,
6B5B,
6B7B,
6B7A,
6B7A,
6B7A,
6B7A,
6F7A,
6F7A,
6F7A,
6F7A,
6B7A,
6B79,
6B7A,
6F9A,
6777,
56F2,
360B,
2566,
25A6,
21C5,
21E5,
1DE4,
1DE3,
1DE3,
1DE3,
1DE3,
1DE3,
1A03,
1A03,
1A04,
1E04,
19E3,
15E2,
11A2,
11A1,
11C2,
19E3,
1A04,
1A04,
1A04,
1E04,
1E04,
1E04,
1E04,
1E04,
1E04,
1E04,
1E04,
1E04,
1E04,
1E04,
1E03,
1E03,
1E03,
1E03,
1E03,
1E03,
1E03,
1E04,
1E04,
1E04,
1E04,
1E04,
1E04,
1E04,
1E04,
1E04,
1E24,
1E24,
1E24,
1E24,
1E24,
1E24,
1E24,
1E24,
1E24,
1E24,
1E24,
1E24,
1E24,
1E24,
1E24,
1E24,
1E24,
1E24,
1E24,
1E24,
1E24,
1E24,
1E24,
1E24,
1E24,
1E24,
1E24,
1E24,
1E24,
1E24,
1E24,
1E24,
1E24,
1E24,
1E24,
1E24,
1E24,
1E24,
1E24,
1E24,
1E24,
1E24,
1E24,
1E24,
1A24,
1A24,
1A24,
1A24,
1A24,
1A24,
1A24,
1A24,
1A24,
1A24,
1A24,
1A24,
1A24,
1A24,
1A24,
1A24,
1A24,
1A24,
1A24,
1A24,
1A24,
1A24,
1A24,
1E24,
1E24,
1E24,
1E24,
1E24,
1E24,
1E04,
1E04,
1E04,
1E04,
1E04,
1E04,
1E04,
1E04,
1E04,
1E04,
1E04,
1E04,
1E04,
1E03,
1E03,
1E03,
1E04,
1E24,
1E24,
1E24,
1E24,
1E24,
1E24,
1E24,
1A24,
1A24,
1A24,
1A24,
1E24,
1E24,
1E24,
1E04,
1E04,
1E04,
1E04,
1E04,
1E04,
1E04,
1E04,
1E04,
1E04,
1E04,
1E04,
1E04,
1E04,
1E04,
1E04,
1E04,
1E04,
1E04,
1E04,
1E04,
1E04,
1E04,
1E04,
1E04,
1E04,
1E04,
1E04,
1E04,
1E04,
1E04,
1E04,
1E04,
1E04,
1E04,
1E04,
1E04,
1E04,
1E04,
1E04,
1E04,
1E04,
1E04,
1E04,
1E04,
1E04,
1E04,
1E04,
1E04,
1E04,
1E04,
1E04,
1E04,
1E04,
1E04,
1E04,
1E04,
1E04,
1E03,
1E03,
1E03,
1E03,
1E03,
1E03,
1E03,
1E03,
1E03,
1E03,
1E03,
1E03,
1E03,
1E03,
1E03,
1E03,
1E03,
1E03,
1E03,
1E03,
1E03,
1E03,
1E03,
1E04,
1E04,
1E04,
1A04,
1A04,
1A04,
1A04,
1A04,
1DE4,
1DE5,
1E05,
1E05,
21E5,
21A4,
1963,
1542,
1521,
10C0,
0C60,
2500,
45E3,
5A45,
6684,
6EA2,
72C2,
72C3,
72A3,
72A4,
72A4,
72C5,
72C7,
6EA8,
5E25,
3940,
20A0,
2D03,
564E,
6F16,
6F39,
6F5B,
5295,
31AE,
4652,
673A,
673A,
673A,
6B5B,
6B5B,
6B5B,
6B5B,
6B7B,
6B7B,
6B7B,
6B7B,
6F7B,
6F7B,
6F7B,
6F7B,
6F7B,
6B7B,
6B7B,
6B7A,
5B15,
426E,
2587,
1924,
21A5,
21C5,
21E5,
1E04,
1E04,
1DE3,
1DE3,
1DE3,
1DE3,
1E03,
1E04,
1E04,
1E04,
15C3,
11A1,
0560,
0540,
0980,
11C2,
19E3,
1A03,
1A04,
1A04,
1A04,
1A04,
1E04,
1E04,
1E04,
1E04,
1E04,
1E04,
1E04,
1E04,
1E03,
1E03,
1E03,
1E03,
1E03,
1E03,
1E03,
1E04,
1E04,
1E04,
1E04,
1E04,
1E04,
1E04,
1E04,
1E04,
1E24,
1E24,
1E24,
1E24,
1E24,
1E24,
1E24,
1E24,
1E24,
1E24,
1E24,
1E24,
1E24,
1E24,
1E24,
1E24,
1E24,
1E24,
1E24,
1E24,
1E24,
1E24,
1E24,
1E24,
1E24,
1E24,
1E24,
1E24,
1E24,
1E24,
1E24,
1E24,
1E24,
1E24,
1E24,
1E24,
1E24,
1E24,
1E24,
1E24,
1E24,
1E24,
1E24,
1E24,
1E24,
1E24,
1E24,
1A24,
1A24,
1A24,
1A24,
1A24,
1A24,
1A24,
1A24,
1A24,
1A24,
1A24,
1A24,
1A24,
1A24,
1A24,
1A24,
1A24,
1A24,
1A24,
1A24,
1E24,
1E24,
1E24,
1E24,
1E24,
1E24,
1E24,
1E24,
1E24,
1E24,
1E24,
1E24,
1E24,
1E04,
1E04,
1E04,
1E04,
1E04,
1E04,
1E04,
1E03,
1E03,
1E03,
1E24,
1E24,
1E24,
1E24,
1E24,
1E24,
1E24,
1A24,
1A24,
1E24,
1E24,
1E04,
1E24,
1E24,
1E04,
1E04,
1E04,
1E04,
1E04,
1E04,
1E04,
1E04,
1E04,
1E04,
1E04,
1E04,
1E04,
1E04,
1E04,
1E04,
1E04,
1E04,
1E04,
1E04,
1E04,
1E04,
1E04,
1E04,
1E04,
1E04,
1E04,
1E04,
1E04,
1E04,
1E04,
1E04,
1E04,
1E04,
1E04,
1E04,
1E04,
1E04,
1E04,
1E04,
1E04,
1E04,
1E04,
1E04,
1E04,
1E04,
1E04,
1E04,
1E04,
1E04,
1E04,
1E04,
1E04,
1E04,
1E04,
1E04,
1E04,
1E04,
1E04,
1E04,
1E04,
1E04,
1E04,
1E04,
1E04,
1E03,
1E03,
1E03,
1E03,
1E03,
1E03,
1E03,
1E03,
1E03,
1E03,
1E03,
1E03,
1E03,
1E03,
1E03,
1E03,
1E03,
1E03,
1E03,
1E04,
1E04,
1E04,
1E04,
1E04,
1A04,
1DE4,
1DE4,
1DE4,
21E5,
21C5,
21C5,
21C5,
21A5,
1D42,
10C0,
14A0,
3160,
45C2,
5A62,
6AC2,
72C3,
6EC3,
6EA3,
6EA4,
6EA6,
72A8,
6EA8,
5A26,
3942,
24A0,
2D24,
4E4E,
6B16,
6B39,
6B3B,
6F5B,
5295,
35AE,
4632,
633A,
673A,
675B,
6B5B,
6B5B,
6B7B,
6B7B,
6B7B,
6B7C,
6B7C,
6F7B,
6F7B,
6F7B,
6F7B,
6F7B,
6B7B,
6B7B,
6F7B,
6759,
4ED3,
31EB,
2166,
2165,
21A5,
21C5,
21E4,
21E4,
21E4,
1DE3,
1DE4,
1DE4,
1DE4,
1E05,
2205,
1DE4,
15A3,
0D61,
0520,
0100,
0120,
0960,
11A2,
19E3,
1A04,
1A04,
1A04,
1A04,
1A04,
1E04,
1E04,
1E04,
1E04,
1E04,
1E04,
1E04,
1E04,
1E03,
1E03,
1E03,
1E03,
1E03,
1E03,
1E03,
1E04,
1E04,
1E04,
1E04,
1E04,
1E04,
1E04,
1E04,
1E04,
1E24,
1E24,
1E24,
1E24,
1E24,
1E24,
1E24,
1E24,
1E24,
1E24,
1E24,
1E24,
1E24,
1E24,
1E24,
1E24,
1E24,
1E24,
1E24,
1E24,
1E24,
1E24,
1E24,
1E24,
1E24,
1E24,
1E24,
1E24,
1E24,
1E24,
1E24,
1E24,
1E24,
1E24,
1E24,
1E24,
1E24,
1E24,
1E24,
1E24,
1E24,
1E24,
1E24,
1E24,
1E24,
1E24,
1E24,
1A24,
1A24,
1A24,
1A24,
1A24,
1A24,
1A24,
1A24,
1A24,
1A24,
1A24,
1A24,
1A24,
1A24,
1A24,
1A24,
1A24,
1A24,
1A24,
1A24,
1E24,
1E24,
1E24,
1E24,
1E24,
1E04,
1E04,
1E04,
1E04,
1E04,
1E04,
1E04,
1E04,
1E04,
1E04,
1E04,
1E04,
1E04,
1E04,
1E04,
1E03,
1E03,
1E04,
1E24,
1E24,
1E24,
1E24,
1E24,
1E24,
1E24,
1E24,
1E24,
1E24,
1E04,
1E24,
1E24,
1E24,
1E04,
1E04,
1E04,
1E04,
1E04,
1E04,
1E04,
1E04,
1E04,
1E04,
1E04,
1E04,
1E04,
1E04,
1E04,
1E04,
1E04,
1E04,
1E04,
1E04,
1E04,
1E04,
1E04,
1E04,
1E04,
1E04,
1E04,
1E04,
1E04,
1E04,
1E04,
1E04,
1E04,
1E04,
1E04,
1E04,
1E04,
1E04,
1E04,
1E04,
1E04,
1E04,
1E04,
1E04,
1E04,
1E04,
1E04,
1E04,
1E04,
1E04,
1E04,
1E04,
1E04,
1E04,
1E04,
1E04,
1E04,
1E04,
1E04,
1E04,
1E04,
1E04,
1E04,
1E03,
1E03,
1E03,
1E03,
1E03,
1E03,
1E03,
1E03,
1E03,
1E03,
1E03,
1E03,
1E03,
1E03,
1E03,
1E03,
1E03,
1E03,
1E03,
1E03,
1E03,
1E04,
1E04,
1E04,
1E04,
1A04,
1A03,
19E3,
1DE3,
1DE3,
1DE3,
1DE3,
1DE4,
1DE4,
21E4,
25C4,
1940,
0CA0,
14A0,
2D40,
49E0,
5E82,
6AC4,
6AA3,
66A4,
6AA6,
6AA7,
6688,
5606,
3D63,
24C1,
2D06,
4E30,
6317,
6B5A,
6B5B,
6B5B,
6F5C,
56B6,
35AE,
4211,
6319,
675B,
6B5B,
6B5B,
6B5B,
6B7B,
6B7B,
6B7B,
6B7C,
6F7C,
6F7B,
6F7B,
6F7B,
6F7B,
6F7B,
6B7B,
6F7B,
6F7B,
6337,
4670,
2988,
1D45,
2565,
21A5,
21C4,
21C4,
21E4,
21E4,
1E04,
1E05,
1E05,
1DE6,
1DE6,
19A4,
1183,
0921,
0100,
00E0,
00E0,
0120,
0961,
15C3,
19E4,
19E4,
1A04,
1A04,
1A04,
1A04,
1E04,
1E04,
1E04,
1E04,
1E04,
1E04,
1E04,
1E04,
1E03,
1E03,
1E03,
1E03,
1E03,
1E03,
1E03,
1E04,
1E04,
1E04,
1E04,
1E04,
1E04,
1E04,
1E04,
1E04,
1E24,
1E24,
1E24,
1E24,
1E24,
1E24,
1E24,
1E24,
1E24,
1E24,
1E24,
1E24,
1E24,
1E24,
1E24,
1E24,
1E24,
1E24,
1E24,
1E24,
1E24,
1E24,
1E24,
1E24,
1E24,
1E24,
1E24,
1E24,
1E24,
1E24,
1E24,
1E24,
1E24,
1E24,
1E24,
1E24,
1E24,
1E24,
1E24,
1E24,
1E24,
1E24,
1E24,
1E24,
1E24,
1E24,
1E24,
1A24,
1A24,
1A24,
1A24,
1A24,
1A24,
1A24,
1A24,
1A24,
1A24,
1A24,
1A24,
1A24,
1A24,
1A24,
1A24,
1A24,
1A24,
1A24,
1A24,
1E24,
1E24,
1E24,
1E24,
1E24,
1E03,
1E04,
1E04,
1E04,
1E04,
1E04,
1E04,
1E04,
1E04,
1E04,
1E04,
1E04,
1E04,
1E04,
1E04,
1E03,
1E03,
1E03,
1E24,
1E24,
1E24,
1E24,
1E24,
1E24,
1E24,
1A03,
1E03,
1E04,
1A04,
1E04,
1E04,
1A03,
1E04,
1E04,
1E04,
1E04,
1E04,
1E04,
1E04,
1E04,
1E04,
1E04,
1E04,
1E04,
1E04,
1E04,
1E04,
1E04,
1E04,
1E04,
1E04,
1E04,
1E04,
1E04,
1E04,
1E04,
1E04,
1E04,
1E04,
1E04,
1E04,
1E04,
1E04,
1E04,
1E04,
1E04,
1E04,
1E04,
1E04,
1E04,
1E04,
1E04,
1E04,
1E04,
1E04,
1E04,
1E04,
1E04,
1E04,
1E04,
1E04,
1E04,
1E04,
1E04,
1E04,
1E04,
1E04,
1E04,
1E04,
1E04,
1E03,
1E03,
1E04,
1E04,
1E03,
1E03,
1E03,
1E03,
1E03,
1E03,
1E03,
1E03,
1E03,
1E03,
1E03,
1E03,
1E03,
1E03,
1E03,
1E03,
1E03,
1E03,
1E04,
1E04,
1E04,
1E04,
1E03,
1E03,
1E04,
1E04,
1E04,
1A03,
1A03,
19E3,
19E3,
1DE3,
1DE3,
1DE3,
1DE3,
1DE3,
21E3,
1DA2,
1920,
10A0,
14A0,
2D40,
4A01,
5E83,
6284,
66A5,
6AC7,
6287,
51E5,
3922,
28C1,
2D25,
4E2F,
66F8,
6B3B,
6B5B,
6B3B,
6B5B,
6B5C,
56D7,
31AD,
35CF,
5F19,
6B5B,
675B,
6B5B,
6B7C,
6B7C,
6B7B,
6B7B,
6B7B,
6B7B,
6F7B,
6F7B,
6F7B,
6F7B,
6F7B,
6B7B,
6F7B,
6B7A,
5F16,
3E2D,
1D26,
1904,
2566,
25A7,
21C6,
21C5,
21C5,
21C5,
21C5,
21C6,
1DA5,
1984,
1142,
0901,
00E0,
00E0,
00C0,
00E0,
0100,
0960,
11A2,
19E4,
19E4,
19E4,
19E4,
1A04,
1A04,
1A04,
1E04,
1E04,
1E04,
1E04,
1E04,
1E04,
1E04,
1E04,
1E03,
1E03,
1E03,
1E03,
1E03,
1E03,
1E03,
1E04,
1E04,
1E04,
1E04,
1E04,
1E04,
1E04,
1E04,
1E04,
1E24,
1E24,
1E24,
1E24,
1E24,
1E24,
1E24,
1E24,
1E24,
1E24,
1E24,
1E24,
1E24,
1E24,
1E24,
1E24,
1E24,
1E24,
1E24,
1E24,
1E24,
1E24,
1E24,
1E24,
1E24,
1E24,
1E24,
1E24,
1E24,
1E24,
1E24,
1E24,
1E24,
1E24,
1E24,
1E24,
1E24,
1E24,
1E24,
1E24,
1E24,
1E24,
1E24,
1E24,
1A24,
1A24,
1A24,
1A24,
1A24,
1A24,
1A24,
1A24,
1A24,
1A24,
1A24,
1A24,
1A24,
1A24,
1A24,
1A24,
1A24,
1A24,
1A24,
1A24,
1A24,
1A24,
1A24,
1E24,
1E24,
1E24,
1E24,
1E24,
1E03,
1E03,
1E03,
1E03,
1E03,
1E03,
1E03,
1E04,
1E04,
1E04,
1E04,
1E04,
1E04,
1E04,
1E04,
1E03,
1E03,
1E03,
1E24,
1E24,
1E24,
1E24,
1E24,
1E24,
1E24,
1E03,
1E03,
1E04,
1A03,
1A03,
1A03,
1A04,
1E04,
1E04,
1E04,
1E03,
1E04,
1E04,
1E04,
1E04,
1E04,
1E04,
1E04,
1E04,
1E04,
1E04,
1E04,
1E04,
1E04,
1E04,
1E04,
1E04,
1E04,
1E04,
1E04,
1E04,
1E04,
1E04,
1E04,
1E04,
1E04,
1E04,
1E04,
1E04,
1E04,
1E04,
1E04,
1E04,
1E04,
1E04,
1E04,
1E04,
1E04,
1E04,
1E04,
1E04,
1E04,
1E04,
1E04,
1E04,
1E04,
1E04,
1E04,
1E04,
1E04,
1E04,
1E04,
1E04,
1E04,
1E04,
1E04,
1E04,
1E04,
1E04,
1E24,
1E23,
1E23,
1E03,
1E03,
1E03,
1E03,
1E03,
1E03,
1E03,
1E03,
1E03,
1E03,
1E03,
1E03,
1E03,
1E03,
1E03,
1E04,
1E04,
1E04,
1E04,
1E03,
1E03,
1E04,
1E04,
1E04,
1A03,
1A03,
1A03,
1A03,
1E03,
1DE3,
1DE3,
1DE3,
1DE3,
1DE3,
21C3,
21A1,
1940,
0C80,
18C0,
3560,
4E03,
5A86,
62C8,
62A8,
4E25,
3541,
24C1,
2D05,
4A0E,
62F6,
6B3A,
6B5C,
6B5C,
6B3B,
6B5B,
6B5C,
56B7,
2D8D,
31AE,
5AF8,
6B5B,
675B,
6B5B,
6B7C,
6F7C,
6F7C,
6F7C,
6F7C,
6B7C,
6F7B,
6F7B,
6F7B,
6F7B,
6F7B,
6B7B,
6F7B,
6F7B,
6758,
4A71,
2548,
14A3,
18E5,
2167,
2187,
2185,
1D65,
1944,
1523,
10E2,
10E2,
0CE2,
0CE2,
0D02,
0D02,
0900,
0500,
0500,
0D61,
15A2,
19C4,
19E4,
19E4,
19E4,
19E4,
1A04,
1A04,
1A04,
1E04,
1E04,
1E04,
1E04,
1E04,
1E04,
1E04,
1E04,
1E03,
1E03,
1E03,
1E03,
1E03,
1E03,
1E03,
1E04,
1E04,
1E04,
1E04,
1E04,
1E04,
1E04,
1E04,
1E04,
1E24,
1E24,
1E24,
1E24,
1E24,
1E24,
1E24,
1E24,
1E24,
1E24,
1E24,
1E24,
1E24,
1E24,
1E24,
1E24,
1E24,
1E24,
1E24,
1E24,
1E24,
1E24,
1E24,
1E24,
1E24,
1E24,
1E24,
1E24,
1E24,
1E24,
1E24,
1E24,
1E24,
1E24,
1E24,
1E24,
1E24,
1E24,
1E24,
1E24,
1E24,
1E24,
1E24,
1E24,
1A24,
1A24,
1A24,
1A24,
1A24,
1A24,
1A24,
1A24,
1A24,
1A24,
1A24,
1A24,
1A24,
1A24,
1A24,
1A24,
1A24,
1A24,
1A24,
1A24,
1A24,
1A24,
1A24,
1E24,
1E24,
1E24,
1E24,
1E24,
1E03,
1E03,
1E03,
1E03,
1E03,
1E03,
1E03,
1E04,
1E04,
1E04,
1E04,
1E04,
1E04,
1E04,
1E04,
1E04,
1E04,
1E04,
1E24,
1E24,
1E24,
1E24,
1E24,
1E24,
1E24,
1E03,
1E03,
1E04,
1E04,
1E04,
1E04,
1A04,
1E04,
1E04,
1E04,
1E04,
1E04,
1E04,
1E04,
1E04,
1E04,
1E04,
1E04,
1E04,
1E04,
1E04,
1E04,
1E04,
1E04,
1E04,
1E04,
1E04,
1E04,
1E04,
1E04,
1E04,
1E04,
1E04,
1E04,
1E04,
1E04,
1E04,
1E04,
1E04,
1E04,
1E04,
1E04,
1E04,
1E04,
1E04,
1E04,
1E04,
1E04,
1E04,
1E04,
1E04,
1E04,
1E04,
1E04,
1E04,
1E04,
1E04,
1E04,
1E04,
1E04,
1E04,
1E04,
1E04,
1E04,
1E04,
1E04,
1E04,
1E04,
1E04,
1E24,
1E24,
1E24,
1E03,
1E03,
1E03,
1E03,
1E03,
1E03,
1E03,
1E03,
1E03,
1E03,
1E03,
1E03,
1E03,
1E03,
1E03,
1E03,
1E03,
1E03,
1E03,
1E03,
1E03,
1E03,
1E03,
1E03,
1A03,
1A03,
1A03,
1A03,
1E03,
1E03,
1DE3,
1DE3,
1DE3,
1DE3,
1DE3,
21E2,
1D80,
1100,
10A0,
2100,
41C4,
5A89,
5E8A,
4A07,
3542,
24C0,
2904,
45ED,
5AD5,
6318,
6319,
6B3B,
6B5C,
6B3C,
6B5C,
6B5C,
56B7,
318D,
31AE,
5AF7,
6B5B,
675B,
6B5B,
6B7C,
6F7C,
6F7C,
6F7C,
6F7C,
6F7B,
6F7B,
6F7B,
6F7B,
6F7B,
6F7B,
6F7B,
6F7B,
6F7B,
6F9B,
6338,
3E0F,
14A4,
0020,
0461,
08A2,
08C1,
08A1,
08A1,
0060,
0460,
10C3,
2167,
29A9,
2DE9,
25C7,
1983,
1161,
1583,
19C4,
19E4,
19E4,
19E4,
19E4,
19E4,
19E4,
1A04,
1A04,
1A04,
1E04,
1E04,
1E04,
1E04,
1E04,
1E04,
1E04,
1E04,
1E03,
1E03,
1E03,
1E03,
1E03,
1E03,
1E03,
1E04,
1E04,
1E04,
1E04,
1E04,
1E04,
1E04,
1E04,
1E04,
1E24,
1E24,
1E24,
1E24,
1E24,
1E24,
1E24,
1E24,
1E24,
1E24,
1E24,
1E24,
1E24,
1E24,
1E24,
1E24,
1E24,
1E24,
1E24,
1E24,
1E24,
1E24,
1E24,
1E24,
1E24,
1E24,
1E24,
1E24,
1E24,
1E24,
1E24,
1E24,
1E24,
1E24,
1E24,
1E24,
1E24,
1E24,
1E24,
1E24,
1E24,
1E24,
1E24,
1E24,
1E24,
1A24,
1A24,
1A24,
1A24,
1A24,
1A24,
1A24,
1A24,
1A24,
1A24,
1A24,
1A24,
1A24,
1A24,
1A24,
1A24,
1A24,
1A24,
1A24,
1A24,
1A24,
1A24,
1E24,
1E24,
1E24,
1E24,
1E24,
1E03,
1E03,
1E03,
1E03,
1E03,
1E03,
1E03,
1E04,
1E04,
1E04,
1E04,
1E04,
1E04,
1E04,
1E04,
1E04,
1E04,
1E04,
1E04,
1E04,
1E04,
1E04,
1E24,
1E24,
1E24,
1E03,
1E03,
1E03,
1E04,
1E04,
1E04,
1E04,
1E04,
1E04,
1E04,
1E04,
1E04,
1E04,
1E04,
1E04,
1E04,
1E04,
1E04,
1E04,
1E04,
1E04,
1E04,
1E04,
1E04,
1E04,
1E04,
1E04,
1E04,
1E04,
1E04,
1E04,
1E04,
1E04,
1E04,
1E04,
1E04,
1E04,
1E04,
1E04,
1E04,
1E04,
1E04,
1E04,
1E04,
1E04,
1E04,
1E04,
1E04,
1E04,
1E04,
1E04,
1E04,
1E04,
1E04,
1E04,
1E04,
1E04,
1E04,
1E04,
1E04,
1E04,
1E04,
1E04,
1E04,
1E04,
1E04,
1E04,
1E04,
1E04,
1E04,
1E24,
1E04,
1E03,
1E03,
1E03,
1E03,
1E03,
1E03,
1E03,
1E03,
1E03,
1E03,
1E03,
1E03,
1E03,
1E03,
1E03,
1E03,
1E03,
1E03,
1E03,
1E03,
1E03,
1E03,
1E03,
1E03,
1A03,
1A03,
1A03,
1A03,
1A03,
1A03,
1E03,
1A03,
1E03,
1DE3,
1DE3,
21E3,
21A2,
1540,
0CC0,
10C0,
3184,
524A,
4A09,
2D23,
20C2,
2905,
45ED,
5AD4,
6317,
6319,
671A,
6B5C,
6F5C,
6B5C,
6B5C,
6B5C,
56B7,
318E,
318E,
5AD7,
675B,
675B,
6B5B,
6B7B,
6B7C,
6F7B,
6F7B,
6F7B,
6F7B,
6F7B,
6F7B,
6F7B,
6F7B,
6F7B,
6F7B,
6F7B,
6F7B,
6F9B,
6F7A,
5EF6,
35CD,
10A4,
0461,
0040,
0040,
0040,
0040,
0CA2,
2568,
3A2E,
52D3,
5714,
46AF,
2E09,
1984,
19A3,
1DE4,
1DE5,
1DE4,
1DE4,
1DE4,
1DE4,
19E4,
1A04,
1E03,
1A03,
1A04,
1A04,
1E04,
1E04,
1E04,
1E04,
1E04,
1E04,
1E04,
1E03,
1E03,
1E03,
1E03,
1E03,
1E03,
1E03,
1E04,
1E04,
1E04,
1E04,
1E04,
1E04,
1E04,
1E04,
1E04,
1E24,
1E24,
1E24,
1E24,
1E24,
1E24,
1E24,
1E24,
1E24,
1E24,
1E24,
1E24,
1E24,
1E24,
1E24,
1E24,
1E24,
1E24,
1E24,
1E24,
1E24,
1E24,
1E24,
1E24,
1E24,
1E24,
1E24,
1E24,
1E24,
1E24,
1E24,
1E24,
1E24,
1E24,
1E24,
1E24,
1E24,
1E24,
1E24,
1E24,
1E24,
1E24,
1E24,
1E24,
1E24,
1E24,
1E24,
1A24,
1A24,
1A24,
1A24,
1A24,
1A24,
1A24,
1A24,
1A24,
1A24,
1A24,
1A24,
1A24,
1A24,
1A24,
1A24,
1A24,
1A24,
1A24,
1A24,
1E24,
1E24,
1E24,
1E24,
1E24,
1E03,
1E03,
1E03,
1E03,
1E03,
1E03,
1E03,
1E04,
1E04,
1E04,
1E04,
1E04,
1E04,
1E04,
1E04,
1E04,
1E04,
1E04,
1E04,
1E04,
1E04,
1E04,
1E24,
1E24,
1E24,
1E03,
1E03,
1E03,
1E04,
1E04,
1E04,
1E04,
1E04,
1E04,
1E04,
1E04,
1E04,
1E04,
1E04,
1E04,
1E04,
1E04,
1E04,
1E04,
1E04,
1E04,
1E04,
1E04,
1E04,
1E04,
1E04,
1E04,
1E04,
1E04,
1E04,
1E04,
1E04,
1E04,
1E04,
1E04,
1E04,
1E04,
1E04,
1E04,
1E04,
1E04,
1E04,
1E04,
1E04,
1E04,
1E04,
1E04,
1E04,
1E04,
1E04,
1E04,
1E04,
1E04,
1E04,
1E04,
1E04,
1E04,
1E04,
1E04,
1E04,
1E04,
1E04,
1E04,
1E04,
1E04,
1E04,
1E04,
1E04,
1E04,
1E04,
1E04,
1E04,
1E03,
1E03,
1E03,
1E03,
1E03,
1E03,
1E03,
1E03,
1E03,
1E03,
1E03,
1E03,
1E03,
1E03,
1E03,
1E03,
1E03,
1E03,
1E03,
1E03,
1E03,
1E03,
1E03,
1E03,
1A03,
1A03,
1A03,
1A03,
1A03,
1A03,
1A03,
1A03,
1A03,
1E03,
1DE3,
21E3,
25C3,
1D82,
10E0,
0CC0,
2122,
35A6,
3166,
20C3,
24E5,
39AB,
5ED5,
6718,
6719,
671A,
6B3B,
6F5C,
6F5C,
6B5C,
6F5C,
6B5C,
56B7,
318E,
318E,
5AD7,
675B,
673A,
6B5B,
6B7B,
6F7C,
6F7B,
6F7B,
6F7B,
6F7B,
6F7B,
6F7B,
6F7B,
6F7B,
6F7B,
6F7B,
6F7B,
6F7B,
6F7B,
6F7B,
6F7B,
6339,
4E73,
4230,
35ED,
2DAB,
298A,
298A,
3E2E,
56F4,
5F57,
6378,
6377,
46AF,
21A6,
1963,
1DC4,
21E5,
1DE5,
1DE5,
1DE4,
1DE4,
1DE4,
1DE4,
1E04,
1E04,
1A04,
1A04,
1A04,
1E04,
1E04,
1E04,
1E04,
1E04,
1E04,
1E04,
1E03,
1E03,
1E03,
1E03,
1E03,
1E03,
1E03,
1E04,
1E04,
1E04,
1E04,
1E04,
1E04,
1E04,
1E04,
1E04,
1E24,
1E24,
1E24,
1E24,
1E24,
1E24,
1E24,
1E24,
1E24,
1E24,
1E24,
1E24,
1E24,
1E24,
1E24,
1E24,
1E24,
1E24,
1E24,
1E24,
1E24,
1E24,
1E24,
1E24,
1E24,
1E24,
1E24,
1E24,
1E24,
1E24,
1E24,
1E24,
1E24,
1E24,
1E24,
1E24,
1E24,
1E24,
1E24,
1E24,
1E24,
1E24,
1E24,
1E24,
1E24,
1E24,
1E24,
1A24,
1A24,
1A24,
1A24,
1A24,
1A24,
1A24,
1A24,
1A24,
1A24,
1A24,
1A24,
1A24,
1A24,
1A24,
1A24,
1A24,
1A24,
1A24,
1A24,
1E24,
1E24,
1E24,
1E24,
1E24,
1E03,
1E03,
1E03,
1E03,
1E03,
1E03,
1E03,
1E04,
1E04,
1E04,
1E04,
1E04,
1E04,
1E04,
1E04,
1E04,
1E04,
1E04,
1E04,
1E04,
1E04,
1E04,
1E24,
1E24,
1E24,
1E03,
1E03,
1E04,
1E04,
1E04,
1E04,
1E04,
1E04,
1E04,
1E04,
1E04,
1E04,
1E04,
1E04,
1E04,
1E04,
1E04,
1E04,
1E04,
1E04,
1E04,
1E04,
1E04,
1E04,
1E04,
1E04,
1E04,
1E04,
1E04,
1E04,
1E04,
1E04,
1E04,
1E04,
1E04,
1E04,
1E04,
1E04,
1E04,
1E04,
1E04,
1E04,
1E04,
1E04,
1E04,
1E04,
1E04,
1E04,
1E04,
1E04,
1E04,
1E04,
1E04,
1E04,
1E04,
1E04,
1E04,
1E04,
1E04,
1E04,
1E04,
1E04,
1E04,
1E04,
1E04,
1E04,
1E04,
1E04,
1E04,
1E04,
1E04,
1E04,
1E03,
1E03,
1E03,
1E03,
1E03,
1E03,
1E03,
1E03,
1E03,
1E03,
1E03,
1E03,
1E03,
1E03,
1E03,
1E03,
1E03,
1E03,
1E03,
1E03,
1E03,
1E03,
1E03,
1E03,
1A03,
1A03,
1A03,
1A03,
1A03,
1A03,
1A03,
1A03,
1A03,
1A03,
1E03,
21E3,
25E4,
21A3,
1522,
0CA0,
10C0,
1D03,
2525,
2927,
39AB,
4E72,
62F8,
671A,
673B,
6B3B,
6F5C,
6F5C,
6F5C,
6F5C,
6F5C,
6F7D,
5AD7,
35AE,
35AE,
5AD7,
675B,
673A,
675B,
6B7B,
6F7C,
6F7B,
6F7B,
6F7B,
6F7B,
6F7B,
6F7B,
6F7B,
6F7B,
6F7B,
6F7B,
6F7B,
6F7B,
6F7B,
6B7B,
6F7B,
6F7B,
6F7B,
6B7B,
6759,
6738,
6338,
6338,
6359,
677A,
6779,
6779,
5F56,
426E,
1D65,
1964,
21C5,
21E5,
21E5,
1DE4,
1DE4,
1DE4,
1E04,
1E04,
1E04,
1E04,
1E04,
1E04,
1E04,
1E04,
1E04,
1E04,
1E04,
1E04,
1E04,
1E04,
1E03,
1E03,
1E03,
1E03,
1E03,
1E03,
1E03,
1E04,
1E04,
1E04,
1E04,
1E04,
1E04,
1E04,
1E04,
1E04,
1E24,
1E24,
1E24,
1E24,
1E24,
1E24,
1E24,
1E24,
1E24,
1E24,
1E24,
1E24,
1E24,
1E24,
1E24,
1E24,
1E24,
1E24,
1E24,
1E24,
1E24,
1E24,
1E24,
1E24,
1E24,
1E24,
1E24,
1E24,
1E24,
1E24,
1E24,
1E24,
1E24,
1E24,
1E24,
1E24,
1E24,
1E24,
1E24,
1E24,
1E24,
1E24,
1E24,
1E24,
1A24,
1A24,
1A24,
1A24,
1A24,
1A24,
1A24,
1A24,
1A24,
1A24,
1A24,
1A24,
1A24,
1A24,
1A24,
1A24,
1A24,
1A24,
1A24,
1A24,
1A24,
1A24,
1A24,
1E24,
1E24,
1E24,
1E24,
1E24,
1E03,
1E03,
1E03,
1E03,
1E03,
1E03,
1E03,
1E04,
1E04,
1E04,
1E04,
1E03,
1E03,
1E04,
1E04,
1E04,
1E04,
1E04,
1E04,
1E04,
1E04,
1E04,
1E24,
1A24,
1E24,
1E03,
1E03,
1E04,
1E04,
1E03,
1E03,
1E04,
1E04,
1E04,
1E04,
1E04,
1E04,
1E04,
1E04,
1E04,
1E04,
1E04,
1E04,
1E04,
1E04,
1E04,
1E04,
1E04,
1E04,
1E04,
1E04,
1E04,
1E04,
1E04,
1E04,
1E04,
1E04,
1E04,
1E04,
1E04,
1E04,
1E04,
1E04,
1E04,
1E04,
1E04,
1E04,
1E04,
1E04,
1E04,
1E04,
1E04,
1E04,
1E04,
1E04,
1E04,
1E04,
1E04,
1E04,
1E04,
1E04,
1E04,
1E04,
1E04,
1E04,
1E04,
1E04,
1E04,
1E04,
1E04,
1E04,
1E04,
1E04,
1E04,
1E04,
1E04,
1E04,
1E03,
1E03,
1E03,
1E03,
1E03,
1E03,
1E03,
1E03,
1E03,
1E03,
1E03,
1E03,
1E03,
1E03,
1E03,
1E03,
1E03,
1E03,
1E03,
1E03,
1E03,
1E03,
1E03,
1E03,
1A03,
1A03,
1A03,
1A03,
1A03,
1A03,
1A03,
1A03,
1A03,
1A03,
1A03,
1DE3,
25E4,
21A4,
1943,
10C1,
0C80,
14C2,
2968,
3DEE,
5293,
5EF7,
631A,
673B,
6B3B,
6B5B,
6F5B,
6F5C,
6F5C,
6F5C,
6F5C,
6F7D,
631A,
3DF0,
31AD,
52B6,
675B,
673A,
6B5B,
6B7B,
6F7C,
6F7B,
6F7B,
6F7B,
6B7B,
6F7B,
6F7B,
6F7B,
6F7B,
6F7B,
6F7B,
6F7B,
6F7B,
6F7B,
6F7B,
6F7B,
6B7B,
6B7B,
6F7B,
6F7C,
739C,
6F9C,
6F9B,
6B7A,
677A,
6779,
6B99,
5F56,
426E,
2165,
1964,
21C6,
21E6,
21E5,
1DE5,
1DE5,
21E5,
1DE4,
1E04,
1DE4,
1A03,
1A04,
1A04,
1E04,
1E04,
1E04,
1E04,
1E04,
1E04,
1E04,
1E04,
1E03,
1E03,
1E03,
1E03,
1E03,
1E04,
1E04,
1E04,
1E04,
1A04,
1A04,
1A04,
1A04,
1A04,
1A04,
1A04,
1E24,
1E24,
1E24,
1E24,
1E24,
1E24,
1E24,
1E24,
1E24,
1E24,
1E24,
1E24,
1E24,
1E24,
1E24,
1E24,
1E24,
1E24,
1E24,
1E24,
1E24,
1E24,
1E24,
1E24,
1E24,
1E24,
1E24,
1E24,
1E24,
1E24,
1E24,
1E24,
1E24,
1E24,
1E24,
1E24,
1E24,
1E24,
1E24,
1E24,
1E24,
1E24,
1E24,
1E24,
1A24,
1A24,
1A24,
1A24,
1A24,
1A24,
1A24,
1A24,
1A24,
1A24,
1A24,
1A24,
1A24,
1A24,
1A24,
1A24,
1A24,
1A24,
1A24,
1A24,
1A24,
1A24,
1A24,
1E24,
1E24,
1E24,
1E24,
1E24,
1E03,
1E03,
1E04,
1E24,
1E24,
1E24,
1E24,
1E24,
1E04,
1E04,
1E04,
1E04,
1E04,
1E04,
1E04,
1E04,
1E04,
1E04,
1E04,
1E04,
1E04,
1E04,
1E24,
1E24,
1E24,
1E04,
1E04,
1E04,
1E04,
1E04,
1E04,
1E04,
1E04,
1E04,
1E04,
1E04,
1E04,
1E04,
1E04,
1E04,
1E04,
1E04,
1E04,
1E04,
1E04,
1E04,
1E04,
1E04,
1E04,
1E04,
1E04,
1E04,
1E04,
1E04,
1E04,
1E04,
1E04,
1E04,
1E04,
1E04,
1E04,
1E04,
1E04,
1E04,
1E04,
1E04,
1E04,
1E04,
1E04,
1E04,
1E04,
1E04,
1E04,
1E04,
1E04,
1E04,
1E04,
1E04,
1E04,
1E04,
1E04,
1E04,
1E04,
1E04,
1E04,
1E04,
1E04,
1E04,
1E04,
1E04,
1E04,
1E04,
1E04,
1E04,
1E04,
1E04,
1E04,
1E04,
1E04,
1E03,
1E03,
1E03,
1E03,
1E03,
1E03,
1E03,
1E03,
1E03,
1E03,
1E03,
1E03,
1E03,
1E03,
1E03,
1E03,
1E03,
1E03,
1E03,
1E03,
1E03,
1E03,
1A03,
1A03,
1A03,
1A03,
1A03,
1A03,
1A03,
1A03,
1A03,
1A03,
1A03,
1DE4,
21E5,
25C5,
1D65,
10C1,
0460,
14C3,
35CC,
52B5,
633A,
675C,
675C,
6B5B,
6B5C,
6F5C,
6F5C,
6F5C,
6F5C,
6F5C,
6F5C,
6F7D,
673A,
4231,
318C,
4E74,
673A,
673B,
6B5B,
6B7C,
6F7C,
6F7B,
6F7B,
6F7B,
6F7B,
6F7B,
6F7B,
6F7B,
6F7B,
6F7B,
6F7B,
6F7C,
6F7C,
6F7C,
6F7C,
6F7B,
6F7B,
6B7B,
6F7B,
6F7C,
6F7B,
6F7B,
6B7B,
6B7A,
677A,
6779,
6B99,
5F56,
3E6E,
2166,
1965,
21C6,
21E6,
21E5,
21E5,
21E5,
2205,
2205,
19E3,
19E3,
19E3,
19E3,
1A03,
1A04,
1E04,
1E04,
1E04,
1E04,
1E04,
1E04,
1E04,
1E04,
1E04,
1E04,
1E04,
1E04,
1E04,
1E04,
1E04,
1E04,
1E04,
1E04,
1E04,
1E04,
1E04,
1E04,
1E04,
1E24,
1E24,
1E24,
1E24,
1E24,
1E24,
1E24,
1E24,
1E24,
1E24,
1E24,
1E24,
1E24,
1E24,
1E24,
1E24,
1E24,
1E24,
1E24,
1E24,
1E24,
1E24,
1E24,
1E24,
1E24,
1E24,
1E24,
1E24,
1E24,
1E24,
1E24,
1E24,
1E24,
1E24,
1E24,
1E24,
1E24,
1E24,
1E24,
1E24,
1E24,
1E24,
1E24,
1E24,
1E24,
1A24,
1A24,
1A24,
1A24,
1A24,
1A24,
1A24,
1A24,
1A24,
1A24,
1A24,
1A24,
1A24,
1A24,
1A24,
1A24,
1A24,
1A24,
1A24,
1A24,
1A24,
1A24,
1E24,
1E24,
1E24,
1E24,
1A24,
1E03,
1E03,
1E24,
1E24,
1E24,
1E24,
1E24,
1E24,
1E24,
1E24,
1E24,
1E24,
1E24,
1E24,
1E24,
1E24,
1E24,
1E24,
1E04,
1E04,
1E04,
1E04,
1E04,
1E04,
1E04,
1E04,
1E04,
1E04,
1E04,
1E04,
1E04,
1E04,
1E04,
1E04,
1E04,
1E04,
1E04,
1E04,
1E04,
1E04,
1E24,
1E24,
1E24,
1E24,
1E24,
1E24,
1E24,
1E24,
1E24,
1E24,
1E24,
1E24,
1E24,
1E24,
1E24,
1E24,
1E24,
1E24,
1E24,
1E24,
1E24,
1E24,
1E24,
1E24,
1E24,
1E24,
1E24,
1E24,
1E24,
1E24,
1E24,
1E24,
1E24,
1E24,
1E24,
1E04,
1E04,
1E04,
1E04,
1E04,
1E04,
1E04,
1E04,
1E04,
1E04,
1E04,
1E04,
1E04,
1E04,
1E04,
1E04,
1E04,
1E04,
1E04,
1E04,
1E04,
1E04,
1E04,
1E04,
1E04,
1E04,
1E04,
1E04,
1E04,
1E04,
1E04,
1E04,
1E04,
1E04,
1E04,
1E04,
1E04,
1E04,
1E03,
1E03,
1E03,
1E03,
1E03,
1E03,
1E03,
1E03,
1E03,
1E03,
1A03,
1E03,
1A03,
1A03,
1A03,
1A03,
1A03,
1A03,
1A03,
1DE4,
21E5,
25C6,
2586,
14E2,
0880,
1906,
4651,
5B18,
675B,
6B7C,
6B5C,
6B5C,
6B5C,
6F5C,
6F5C,
6F5C,
6F5C,
6F5C,
6F5C,
6F7D,
673A,
4631,
2D6C,
4A73,
673A,
6B5B,
6B5B,
6B7C,
6B7B,
6B7B,
6B7B,
6F7C,
6F7C,
6F7C,
6F7C,
6F7C,
6F7C,
6F7C,
6F7C,
6F7C,
6F7C,
6F7C,
6F7C,
6F7C,
6F7C,
6F7C,
6F7C,
6F7C,
6F7C,
6F7B,
6B7B,
6B7A,
6B7A,
6B7A,
6B9A,
5F56,
3A2D,
1945,
1523,
1D85,
21A6,
21C6,
21E6,
21E6,
1DE5,
1DE4,
11A2,
11A1,
11A2,
15E2,
1A03,
1A04,
1E04,
1E04,
1E04,
1E04,
1E04,
1E04,
1E04,
1E04,
1E04,
1E04,
1E04,
1E04,
1E04,
1E04,
1E04,
1E04,
1E04,
1E04,
1E04,
1E04,
1E04,
1E04,
1E04,
1E04,
1E04,
1E24,
1E24,
1E24,
1E24,
1E24,
1E24,
1E24,
1E24,
1E24,
1E24,
1E24,
1E24,
1E24,
1E24,
1E24,
1E24,
1E24,
1E24,
1E24,
1E24,
1E24,
1E24,
1E24,
1E24,
1E24,
1E24,
1E24,
1E24,
1E24,
1E24,
1E24,
1E24,
1E24,
1E24,
1E24,
1E24,
1E24,
1E24,
1E24,
1E24,
1E24,
1E24,
1E24,
1A24,
1A24,
1E24,
1E24,
1E24,
1E24,
1E24,
1E24,
1E24,
1E24,
1E24,
1E24,
1A24,
1A24,
1A24,
1A24,
1A24,
1A24,
1A24,
1A24,
1A24,
1A24,
1E24,
1E24,
1E24,
1E24,
1E24,
1E03,
1E03,
1E24,
1E24,
1E24,
1E24,
1E24,
1E24,
1E24,
1E24,
1E24,
1E24,
1E24,
1E24,
1E24,
1E24,
1E24,
1E24,
1E04,
1E04,
1E04,
1E04,
1E04,
1E04,
1E04,
1E04,
1E04,
1E04,
1E04,
1E04,
1E04,
1E04,
1E04,
1E04,
1E04,
1E04,
1E04,
1E04,
1E04,
1E04,
1E24,
1E24,
1E24,
1E24,
1E24,
1E24,
1E24,
1E24,
1E24,
1E24,
1E24,
1E24,
1E24,
1E24,
1E24,
1E24,
1E24,
1E24,
1E24,
1E24,
1E24,
1E24,
1E24,
1E24,
1E24,
1E24,
1E24,
1E24,
1E24,
1E24,
1E24,
1E24,
1E24,
1E24,
1E24,
1E04,
1E04,
1E04,
1E04,
1E04,
1E04,
1E04,
1E04,
1E04,
1E04,
1E04,
1E04,
1E04,
1E04,
1E04,
1E04,
1E04,
1E04,
1E04,
1E04,
1E03,
1E04,
1E04,
1E04,
1E04,
1E04,
1E04,
1E04,
1E04,
1E04,
1E04,
1E04,
1E04,
1E04,
1E04,
1E04,
1E04,
1E04,
1E03,
1E03,
1E03,
1E03,
1A03,
1A03,
1A03,
1A03,
1E03,
1E03,
1E03,
1E03,
1E02,
1E03,
1E03,
1A03,
1A03,
1A03,
1A03,
1DE4,
21E5,
25C6,
25A7,
1924,
10C2,
2989,
4E93,
5F19,
673B,
6B5C,
6B5C,
6B5C,
6F5C,
6F5C,
6F5C,
6F7C,
6F7C,
6F5C,
6F7C,
6F7C,
6B5B,
4632,
294B,
4632,
675B,
6B5B,
6B5B,
6B5B,
6B7B,
6F7C,
6F7C,
6F7C,
6F7C,
6F7C,
6F7C,
6F7C,
6F7C,
6F7C,
6F7C,
6F7C,
6F7C,
6F7C,
6F7C,
6F7C,
6F7C,
6F7C,
6F7C,
6F7C,
6F7C,
6F7C,
6F7B,
6B7B,
6B7A,
6B7A,
6F9A,
5F36,
360C,
1924,
10E2,
1523,
1965,
21A7,
21C7,
1DA6,
1584,
0D42,
0520,
0540,
0D81,
11C2,
19E3,
1A03,
1A04,
1E04,
1E04,
1E04,
1E04,
1E04,
1E04,
1E04,
1E04,
1E04,
1E04,
1E04,
1E04,
1E04,
1E04,
1E04,
1E04,
1E04,
1E04,
1E04,
1E04,
1E04,
1E04,
1E04,
1E04,
1E24,
1E24,
1E24,
1E24,
1E24,
1E24,
1E24,
1E24,
1E24,
1E24,
1E24,
1E24,
1E24,
1E24,
1E24,
1E24,
1E24,
1E24,
1E24,
1E24,
1E24,
1A24,
1A24,
1A24,
1A24,
1E24,
1E24,
1E24,
1E24,
1E24,
1E24,
1E24,
1E24,
1E24,
1E24,
1E24,
1E24,
1E24,
1E24,
1E24,
1E24,
1E24,
1E24,
1E24,
1E24,
1E24,
1E24,
1E24,
1E24,
1E24,
1E24,
1E24,
1E24,
1E24,
1E24,
1A24,
1A24,
1A24,
1A24,
1A24,
1A24,
1A24,
1A24,
1A24,
1A24,
1E24,
1E24,
1E24,
1E24,
1E24,
1E03,
1E03,
1E24,
1E24,
1E24,
1E24,
1E24,
1E24,
1E24,
1E24,
1E24,
1E24,
1E24,
1E24,
1E24,
1E24,
1E24,
1E24,
1E04,
1E04,
1E04,
1E04,
1E04,
1E04,
1E04,
1E04,
1E04,
1E04,
1E04,
1E04,
1E04,
1E04,
1E04,
1E04,
1E04,
1E04,
1E04,
1E04,
1E04,
1E04,
1E24,
1E24,
1E24,
1E24,
1E24,
1E24,
1E24,
1E24,
1E24,
1E24,
1E24,
1E24,
1E24,
1E24,
1E24,
1E24,
1E24,
1E24,
1E24,
1E24,
1E24,
1E24,
1E24,
1E24,
1E24,
1E24,
1E24,
1E24,
1E24,
1E24,
1E24,
1E24,
1E24,
1E24,
1E24,
1E04,
1E04,
1E04,
1E04,
1E04,
1E04,
1E04,
1E04,
1E04,
1E04,
1E04,
1E04,
1E04,
1E04,
1E04,
1E04,
1E04,
1E04,
1E04,
1E03,
1E03,
1E03,
1E03,
1E03,
1E03,
1E03,
1E04,
1E04,
1E04,
1E04,
1E04,
1E04,
1E04,
1E04,
1E04,
1E04,
1E04,
1E04,
1E04,
1E04,
1E03,
1A03,
1A03,
19E3,
1A03,
1E03,
1E03,
1E03,
1E03,
1E03,
1E03,
1E03,
1E03,
1E03,
1DE3,
1DE3,
1DE4,
1DE4,
21E6,
25C6,
29A8,
2145,
1D25,
35EC,
56D6,
633A,
675B,
6B5C,
6B7C,
6B5C,
6F5C,
6F5C,
6F5C,
6F7C,
6F7C,
6F7C,
6F7C,
6F7C,
6B5B,
4A32,
2D4C,
4632,
673A,
6B5B,
6B5B,
6B5B,
6F7B,
6F7C,
6F7C,
6F7C,
6F7C,
6F7C,
6F7C,
6F7C,
6F7C,
6F7C,
6F7C,
6F7C,
6F7C,
6F7C,
6F7C,
6F7C,
6F7C,
6F7C,
6F7C,
6F7C,
6F7C,
6F7C,
6F7B,
6F7B,
6B7B,
6B7A,
6F9B,
6358,
4250,
2168,
10E4,
1103,
1123,
1544,
1544,
0D22,
04E1,
00C0,
00C0,
0100,
0960,
11A2,
15E3,
1A03,
1E04,
1E04,
1E04,
1E04,
1E03,
1E03,
1E04,
1E04,
1E04,
1E04,
1E04,
1E04,
1E04,
1E04,
1E04,
1E04,
1E04,
1E04,
1E04,
1E04,
1E04,
1E04,
1E04,
1E04,
1E04,
1E24,
1E24,
1E24,
1E24,
1E24,
1E24,
1E24,
1E24,
1E24,
1E24,
1E24,
1E24,
1E24,
1E24,
1E24,
1E24,
1E24,
1E24,
1E24,
1E24,
1E24,
1A24,
1A24,
1A24,
1A24,
1E24,
1E24,
1E24,
1E24,
1E24,
1E24,
1E24,
1E24,
1E24,
1E24,
1E24,
1E24,
1E24,
1E24,
1E24,
1E24,
1E24,
1E24,
1E24,
1E24,
1E24,
1E24,
1E24,
1E24,
1E24,
1E24,
1E24,
1E24,
1E24,
1E24,
1A24,
1A24,
1A24,
1A24,
1A24,
1A24,
1A24,
1A24,
1A24,
1A24,
1E24,
1E24,
1E24,
1E24,
1E24,
1E03,
1E03,
1E24,
1E24,
1E24,
1E24,
1E24,
1E24,
1E23,
1E24,
1E24,
1E24,
1E24,
1E24,
1E24,
1E24,
1E24,
1E24,
1E04,
1E04,
1E04,
1E04,
1E04,
1E04,
1E04,
1E04,
1E04,
1E04,
1E04,
1E04,
1E04,
1E04,
1E04,
1E04,
1E04,
1E04,
1E04,
1E04,
1E04,
1E04,
1E24,
1E24,
1E24,
1E24,
1E24,
1E24,
1E24,
1E24,
1E24,
1E24,
1E24,
1E24,
1E24,
1E24,
1E24,
1E24,
1E24,
1E24,
1E24,
1E24,
1E24,
1E24,
1E24,
1E24,
1E24,
1E24,
1E24,
1E24,
1E24,
1E24,
1E24,
1E24,
1E24,
1E24,
1E24,
1E04,
1E04,
1E04,
1E04,
1E04,
1E04,
1E04,
1E04,
1E04,
1E04,
1E04,
1E04,
1E04,
1E04,
1E04,
1E03,
1E03,
1E04,
1E04,
1E03,
1E03,
1E03,
1E03,
1E03,
1E03,
1E03,
1E04,
1E04,
1E04,
1E04,
1E04,
1E04,
1E04,
1E04,
1E04,
1E04,
1E04,
1E04,
1E04,
1E03,
1A03,
1A03,
19E3,
19E3,
19E3,
1A03,
1DE3,
1DE3,
1DE3,
1DE3,
1DE4,
1DE4,
1DE4,
1DE4,
1DE4,
21E4,
21E5,
21E6,
21C6,
21A6,
2187,
2146,
2569,
4250,
5F18,
675B,
675C,
6B5C,
6B7C,
6F7C,
6F7C,
6F5C,
6F5C,
6F7C,
6F7C,
6F7B,
6F7B,
6F7C,
6B5B,
4E74,
2D6C,
4211,
673A,
6B5B,
6B5B,
6B5B,
6F7B,
6F7C,
6F7C,
6F7C,
6F7C,
6F7C,
6F7C,
6F7C,
6F7C,
6F7C,
6F7C,
6F7C,
6F7C,
6F7C,
6F7C,
6F7C,
6F7C,
6F7C,
6F7C,
6F7C,
6F7C,
6F7C,
6F7C,
6F7C,
6F7B,
6B7B,
6F7B,
6B7A,
5B36,
4670,
2DCB,
1925,
08C1,
0080,
00A0,
00A0,
0080,
00A0,
00E0,
0520,
0D81,
15C2,
19E3,
1A03,
1E04,
1E04,
1E04,
1E03,
1E03,
1E03,
1E04,
1E04,
1E04,
1E04,
1E04,
1E04,
1E04,
1E04,
1E04,
1E04,
1E04,
1E04,
1E04,
1E04,
1E04,
1E04,
1E04,
1E04,
1E04,
1E24,
1E24,
1E24,
1E24,
1E24,
1E23,
1E23,
1E24,
1E24,
1E24,
1E24,
1E24,
1E24,
1E24,
1E24,
1E24,
1E24,
1E24,
1E24,
1E24,
1E24,
1A24,
1A24,
1A24,
1A24,
1E24,
1E24,
1E24,
1E24,
1E24,
1E24,
1E24,
1E24,
1E24,
1E24,
1E24,
1E24,
1E24,
1E24,
1E24,
1E24,
1E24,
1E24,
1E24,
1E24,
1E24,
1E24,
1E24,
1E24,
1E24,
1E24,
1E24,
1E24,
1E24,
1E24,
1A24,
1A24,
1A24,
1A24,
1A24,
1A24,
1A24,
1A24,
1A24,
1A24,
1E24,
1E24,
1E24,
1E24,
1E24,
1E03,
1E03,
1E24,
1E24,
1E24,
1E24,
1E24,
1E24,
1E24,
1E24,
1E24,
1E24,
1E24,
1E24,
1E24,
1E24,
1E24,
1E24,
1E04,
1E04,
1E04,
1E04,
1E04,
1E04,
1E04,
1E04,
1E04,
1E04,
1E04,
1E04,
1E04,
1E04,
1E04,
1E04,
1E04,
1E04,
1E04,
1E04,
1E04,
1E04,
1E24,
1E24,
1E24,
1E24,
1E24,
1E24,
1E24,
1E24,
1E24,
1E24,
1E24,
1E24,
1E24,
1E24,
1E24,
1E24,
1E24,
1E24,
1E24,
1E24,
1E24,
1E24,
1E24,
1E24,
1E24,
1E24,
1E24,
1E24,
1E24,
1E24,
1E24,
1E24,
1E24,
1E24,
1E24,
1E04,
1E04,
1E04,
1E04,
1E04,
1E04,
1E04,
1E04,
1E04,
1E04,
1E04,
1E04,
1E04,
1E04,
1E04,
1E03,
1E03,
1E04,
1E04,
1E03,
1E03,
1E03,
1E03,
1E04,
1E03,
1E04,
1E04,
1E04,
1E04,
1E04,
1E04,
1E04,
1E04,
1E04,
1E04,
1E04,
1E04,
1E04,
1E04,
1A03,
1A03,
1A03,
19E3,
19E3,
15E2,
15C2,
15C2,
19C2,
1DE3,
21E4,
21E4,
2204,
21E5,
21E5,
21E5,
21E6,
21E6,
21C6,
1985,
1945,
1104,
14E5,
31AC,
4EB5,
5F39,
675B,
6B7C,
6B5C,
6B5C,
6F7C,
6F7C,
6F7C,
6F7C,
6F7C,
6F7C,
6F7C,
6F7C,
6F7C,
6F7C,
5696,
2D6D,
39F0,
5EF8,
6B5B,
6B5B,
6B5B,
6B7B,
6F7C,
6F7C,
6F7C,
6F7C,
6F7C,
6F7C,
6F7C,
6F7C,
6F7C,
6F7C,
6F7C,
6F7C,
6F7C,
6F7C,
6F7C,
6F7C,
6F7C,
6F7C,
6F7C,
6F7C,
6F7C,
6F7C,
6F7C,
6F7C,
6F7B,
6F7B,
6F9B,
6F9A,
6357,
4AB1,
2DCA,
0CE2,
0060,
0060,
00A0,
04E1,
0D21,
1161,
1182,
15C4,
1E04,
1E04,
1A04,
1E04,
1E04,
1E04,
1E03,
1E03,
1E03,
1E04,
1E04,
1E04,
1E04,
1E04,
1E04,
1E04,
1E04,
1E04,
1E04,
1E04,
1E04,
1E04,
1E04,
1E04,
1E04,
1E04,
1E04,
1E24,
1E24,
1E24,
1E24,
1E24,
1E24,
1E24,
1E24,
1E24,
1E24,
1E24,
1E24,
1E24,
1E24,
1E24,
1E24,
1E24,
1E24,
1E24,
1E24,
1E24,
1E24,
1A24,
1A24,
1A24,
1A24,
1E24,
1E24,
1E24,
1E24,
1E24,
1E24,
1E24,
1E24,
1E24,
1E24,
1E24,
1E24,
1E24,
1E24,
1E24,
1E24,
1E24,
1E24,
1E24,
1E24,
1E24,
1E24,
1E24,
1E24,
1E24,
1E24,
1E24,
1E24,
1E24,
1E24,
1A24,
1A24,
1A24,
1A24,
1A24,
1A24,
1A24,
1A24,
1A24,
1A24,
1E24,
1E24,
1E24,
1E24,
1E24,
1E03,
1E03,
1E24,
1E24,
1E24,
1E24,
1E24,
1E24,
1E24,
1E24,
1E24,
1E24,
1E24,
1E24,
1E24,
1E24,
1E24,
1E24,
1E04,
1E04,
1E04,
1E04,
1E04,
1E04,
1E04,
1E04,
1E04,
1E04,
1E04,
1E04,
1E04,
1E04,
1E04,
1E04,
1E04,
1E04,
1E04,
1E24,
1E24,
1E24,
1E24,
1E24,
1E24,
1E24,
1E24,
1E24,
1E24,
1E24,
1E24,
1E24,
1E24,
1E24,
1E24,
1E24,
1E24,
1E24,
1E24,
1E24,
1E24,
1E24,
1E24,
1E24,
1E24,
1E24,
1E24,
1E24,
1E24,
1E24,
1E24,
1E24,
1E24,
1E24,
1E24,
1E24,
1E24,
1E24,
1E24,
1E04,
1E04,
1E04,
1E04,
1E04,
1E04,
1E04,
1E04,
1E04,
1E04,
1E04,
1E04,
1E04,
1E03,
1E04,
1E04,
1E04,
1E03,
1E03,
1E03,
1E03,
1E04,
1E04,
1E04,
1E04,
1E04,
1E04,
1E04,
1E04,
1E04,
1E04,
1E04,
1E04,
1E04,
1E04,
1E04,
1E04,
1E03,
1A04,
1A04,
19E3,
19E3,
11A2,
0D60,
0940,
0940,
1161,
15A3,
19A3,
19A3,
19A3,
15A4,
1584,
19A4,
19A4,
1163,
0D23,
08C2,
0481,
14E6,
3A10,
56D7,
5F1A,
675B,
6B7C,
6B7C,
6F7C,
6F7C,
6F7C,
6F7C,
6F7C,
6F7C,
6F7C,
6F7C,
6F5C,
6F7C,
6F7C,
5AB6,
318D,
39CF,
5AF7,
6B5A,
6B5A,
6B5B,
6B5B,
6F7C,
6F7C,
6F7C,
6F7C,
6F7C,
6F7C,
6F7C,
6F7C,
6F7C,
6F7B,
6F7B,
6F7B,
6F7B,
6F7B,
6F7C,
6F7C,
6F7C,
6F7C,
6F7C,
6F7C,
6F7C,
6F7C,
6F7C,
6F7C,
6F7B,
6F7B,
6B7B,
6B9A,
6378,
4ED3,
2DC9,
0CE1,
00A0,
04C0,
1122,
1563,
1DA4,
1DC5,
1DE4,
1DE5,
1E05,
1E04,
1A03,
1E04,
1E04,
1E04,
1E04,
1E03,
1E03,
1E03,
1E04,
1E04,
1E04,
1E04,
1E04,
1E04,
1E04,
1E04,
1E04,
1E04,
1E04,
1E04,
1E04,
1E04,
1E04,
1E04,
1E24,
1E24,
1E24,
1E24,
1E24,
1E24,
1E24,
1E24,
1E24,
1E24,
1E24,
1E24,
1E24,
1E24,
1E24,
1E24,
1E24,
1E24,
1E24,
1E24,
1E24,
1E24,
1E24,
1A24,
1A24,
1A24,
1A24,
1E24,
1E24,
1E24,
1E24,
1E24,
1E24,
1E24,
1E24,
1E24,
1E24,
1E24,
1E24,
1E24,
1E24,
1E24,
1E24,
1E24,
1E24,
1E24,
1E24,
1E24,
1E24,
1E24,
1E24,
1E24,
1E24,
1E24,
1E24,
1E24,
1E24,
1E24,
1E24,
1A24,
1A24,
1A24,
1A24,
1A24,
1A24,
1A24,
1A24,
1E24,
1E24,
1E24,
1E24,
1E24,
1E03,
1E03,
1E24,
1E24,
1E24,
1E24,
1E24,
1E24,
1E24,
1E24,
1E24,
1E24,
1E24,
1E24,
1E24,
1E24,
1E24,
1E24,
1E04,
1E04,
1E04,
1E04,
1E04,
1E04,
1E04,
1E04,
1E04,
1E04,
1E04,
1E04,
1E04,
1E04,
1E04,
1E04,
1E04,
1E04,
1E04,
1E24,
1E24,
1E24,
1E24,
1E24,
1E24,
1E24,
1E24,
1E24,
1E24,
1E24,
1E24,
1E24,
1E24,
1E24,
1E24,
1E24,
1E24,
1E24,
1E24,
1E24,
1E24,
1E24,
1E24,
1E24,
1E24,
1E24,
1E24,
1E24,
1E24,
1E24,
1E24,
1E24,
1E24,
1E24,
1E24,
1E24,
1E24,
1E24,
1E24,
1E04,
1E04,
1E04,
1E04,
1E04,
1E04,
1E04,
1E04,
1E04,
1E04,
1E04,
1E04,
1E04,
1E04,
1E04,
1E04,
1E04,
1E03,
1E03,
1E03,
1E03,
1E04,
1E04,
1E04,
1E04,
1E04,
1E04,
1E04,
1E04,
1E04,
1E04,
1E04,
1E04,
1E04,
1E04,
1E04,
1E04,
1E04,
1E04,
1A04,
1A04,
19E4,
11A3,
0941,
0100,
00C0,
00C0,
0500,
0920,
0920,
0921,
0921,
0901,
0902,
0901,
04C1,
04A1,
04A1,
10C4,
298A,
4A73,
5AF8,
5F1A,
673B,
6B7C,
6F7C,
6F7C,
6F7C,
6F7C,
6F7C,
6F7C,
6F7C,
6F7C,
6F7C,
6F7C,
6F7C,
6F7C,
5AD7,
318D,
35AE,
5EF7,
6B5B,
673A,
6B5B,
6B5B,
6F7C,
6F7C,
6F7C,
6F7C,
6F7C,
6F7C,
6F7C,
6F7C,
6F7C,
6F7B,
6F7C,
6F7B,
6F7B,
6F7B,
6F7C,
6F7C,
6F7C,
6F7C,
6F7C,
6F7C,
6F7C,
6F7C,
6F7C,
6F7B,
6F7B,
6F7B,
6B7B,
6338,
52D3,
3E4F,
1504,
04A0,
0D20,
1563,
21C5,
21E5,
21E5,
2206,
2205,
2205,
1E04,
1E04,
1E04,
1E04,
1E04,
1E04,
1E04,
1E04,
1E04,
1E04,
1E04,
1E04,
1E04,
1E04,
1E04,
1E04,
1E04,
1E04,
1E04,
1E04,
1E04,
1E04,
1E04,
1E04,
1E04,
1E04,
1E24,
1E24,
1E24,
1E24,
1E24,
1E24,
1E24,
1E24,
1E24,
1E24,
1E24,
1E24,
1E24,
1E24,
1E24,
1E24,
1E24,
1E24,
1E24,
1E24,
1E24,
1E24,
1E24,
1A24,
1A24,
1A24,
1A24,
1E24,
1E24,
1E24,
1E24,
1E24,
1E24,
1E24,
1E24,
1E24,
1E24,
1E24,
1E24,
1E24,
1E24,
1E24,
1E24,
1E24,
1E24,
1E24,
1E24,
1E24,
1E24,
1E24,
1E24,
1E24,
1E24,
1E24,
1E24,
1E24,
1E24,
1E24,
1E24,
1A24,
1A24,
1A24,
1A24,
1A24,
1A24,
1A24,
1A24,
1E24,
1E24,
1E24,
1E24,
1E24,
1E03,
1E03,
1E04,
1E24,
1E24,
1E24,
1E24,
1E24,
1E24,
1E24,
1E24,
1E24,
1E24,
1E24,
1E24,
1E24,
1E24,
1E24,
1E04,
1E04,
1E04,
1E04,
1E04,
1E04,
1E04,
1E04,
1E04,
1E04,
1E04,
1E04,
1E04,
1E04,
1E04,
1E04,
1E04,
1E04,
1E04,
1E24,
1E24,
1E24,
1E24,
1E24,
1E24,
1E24,
1E24,
1E24,
1E24,
1E24,
1E24,
1E24,
1E24,
1E24,
1E24,
1E24,
1E24,
1E24,
1E24,
1E24,
1E24,
1E24,
1E24,
1E24,
1E24,
1E24,
1E24,
1E24,
1E24,
1E24,
1E24,
1E24,
1E24,
1E24,
1E04,
1E04,
1E04,
1E04,
1E04,
1E04,
1E04,
1E04,
1E04,
1E04,
1E04,
1E04,
1E04,
1E04,
1E04,
1E04,
1E04,
1E04,
1E04,
1E03,
1E03,
1E03,
1E03,
1E03,
1E03,
1E03,
1E03,
1E03,
1E03,
1E03,
1E04,
1E04,
1E04,
1E04,
1E04,
1E04,
1E04,
1E04,
1E04,
1E04,
1E04,
1E04,
1E04,
1E04,
1A04,
1A04,
19E4,
15C4,
0D82,
0520,
00E0,
00E0,
0D21,
1143,
1143,
1144,
1123,
0D03,
0D02,
0CE3,
1104,
1926,
298A,
3E30,
52D4,
5F18,
675A,
675B,
6B5B,
6F7C,
6F7C,
6F7D,
6F7D,
6F7C,
6F7C,
6F7C,
6F7C,
6F7C,
6F7C,
6F7C,
6F7C,
6F7C,
5AD7,
35AE,
318D,
5AD7,
6B5B,
673A,
6B5B,
6B5B,
6B7C,
6B7C,
6B7C,
6F7C,
6F7C,
6F7C,
6F7C,
6F7C,
6B7C,
6F7C,
6F5C,
6F7C,
6F7C,
6F7C,
6F7C,
6F5C,
6F5C,
6F7C,
6F7C,
6F7C,
6F7C,
6F7C,
6F7C,
6B7B,
6B7B,
6B7B,
5F39,
4EB4,
3A2D,
2588,
1101,
0D01,
1983,
21C5,
25E6,
21E5,
2205,
2205,
2205,
2205,
1E04,
1E04,
1E04,
1E04,
1E04,
1E04,
1E04,
1E04,
1E04,
1E04,
1E04,
1E04,
1E04,
1E04,
1E04,
1E04,
1E04,
1E04,
1E04,
1E04,
1E04,
1E04,
1E04,
1E04,
1E04,
1E04,
1E24,
1E24,
1E24,
1E24,
1E24,
1E24,
1E24,
1E24,
1E24,
1E24,
1E24,
1E24,
1E24,
1E24,
1E24,
1E24,
1E24,
1E24,
1E24,
1E24,
1E24,
1E24,
1E24,
1A24,
1A24,
1A24,
1A24,
1E24,
1E24,
1E24,
1E24,
1E24,
1E24,
1E24,
1E24,
1E24,
1E24,
1E24,
1E24,
1E24,
1E24,
1E24,
1E24,
1E24,
1E24,
1E24,
1E24,
1E24,
1E24,
1E24,
1E24,
1E24,
1E24,
1E24,
1E24,
1E24,
1E24,
1E24,
1E24,
1E24,
1A24,
1A24,
1A24,
1A24,
1A24,
1A24,
1A24,
1A24,
1A24,
1A24,
1A24,
1A24,
1E03,
1E03,
1E04,
1E24,
1E24,
1E24,
1E24,
1E24,
1E24,
1E24,
1E24,
1E24,
1E24,
1E24,
1E24,
1E24,
1E24,
1E24,
1E04,
1E04,
1E04,
1E04,
1E04,
1E04,
1E04,
1E04,
1E04,
1E04,
1E04,
1E04,
1E04,
1E04,
1E04,
1E04,
1E04,
1E04,
1E04,
1E24,
1E24,
1E24,
1E24,
1E24,
1E24,
1E24,
1E24,
1E24,
1E24,
1E24,
1E24,
1E24,
1E24,
1E24,
1E24,
1E24,
1E24,
1E24,
1E24,
1E24,
1E24,
1E24,
1E24,
1E24,
1E24,
1E24,
1E24,
1E24,
1E24,
1E24,
1E24,
1E24,
1E24,
1E24,
1E04,
1E04,
1E04,
1E04,
1E04,
1E04,
1E04,
1E04,
1E04,
1E04,
1E04,
1E04,
1E04,
1E04,
1E04,
1E04,
1E04,
1E04,
1E04,
1E04,
1E03,
1E03,
1E03,
1E04,
1E04,
1E03,
1E03,
1E03,
1E03,
1E03,
1E04,
1E04,
1E04,
1E04,
1E04,
1E04,
1E04,
1E04,
1E04,
1E04,
1E04,
1E04,
1E04,
1E04,
1A04,
1A04,
19E4,
1E05,
19C5,
1183,
0921,
0D22,
21A7,
2E0B,
364D,
3E70,
3E6F,
3A2E,
362D,
3A2F,
3E50,
4A92,
56D6,
6359,
6B7A,
6B7A,
6B7B,
6F9C,
6F7C,
6F7C,
6F7C,
6F7D,
6F7D,
6F7D,
6F7D,
6F7C,
6F7C,
6F7C,
6F7C,
6F7C,
6F7C,
6F7C,
5AD7,
35AE,
318D,
5AD7,
6F7C,
6B5B,
6B7B,
6F7C,
6F7C,
6F7C,
6F7C,
6F7C,
6F7C,
6F7C,
6F7C,
6F7C,
6B7C,
6B7C,
6F7C,
6F7C,
6F7C,
6F7C,
6F7C,
6B5C,
6F5C,
6F7B,
6F7B,
6F7C,
6B7C,
6B7C,
6B7B,
6B7A,
6B7A,
5F38,
4A92,
31CB,
1945,
1122,
1962,
1DA3,
21C4,
21E5,
21E4,
21E4,
2204,
1E04,
1E24,
1E04,
1E24,
1E04,
1E04,
1E04,
1E04,
1E04,
1E04,
1E04,
1E04,
1E04,
1E04,
1E04,
1E04,
1E04,
1E04,
1E04,
1E04,
1E04,
1E04,
1E04,
1E04,
1E04,
1E04,
1E04,
1E04,
1E04,
1E24,
1E24,
1E24,
1E24,
1E24,
1E24,
1E24,
1E24,
2224,
1E24,
1E24,
1E24,
1E24,
1E24,
1E24,
1E24,
1E24,
1E24,
1E24,
1E24,
1E24,
1E24,
1E24,
1A24,
1A24,
1A24,
1A24,
1E24,
1E24,
1E24,
1E24,
1E24,
1E24,
1E24,
1E24,
1E24,
1E24,
1E24,
1E24,
1E24,
1E24,
1E24,
1E24,
1E24,
1E24,
1E24,
1E24,
1E24,
1E24,
1E24,
1E24,
1E24,
1E24,
1E24,
1E24,
1E24,
1E24,
1E24,
1E24,
1E24,
1A24,
1A24,
1A24,
1A24,
1A24,
1A24,
1A24,
1A24,
1A24,
1A24,
1A24,
1A24,
1E03,
1E03,
1E04,
1E24,
1E24,
1E24,
1E24,
1E24,
1E24,
1E24,
1E24,
1E24,
1E24,
1E24,
1E24,
1E24,
1E24,
1E24,
1E04,
1E04,
1E04,
1E04,
1E04,
1E04,
1E04,
1E04,
1E04,
1E04,
1E04,
1E04,
1E04,
1E04,
1E04,
1E04,
1E04,
1E04,
1E04,
1E24,
1E24,
1E24,
1E24,
1E24,
1E24,
1E24,
1E24,
1E24,
1E24,
1E24,
1E24,
1E24,
1E24,
1E24,
1E24,
1E24,
1E24,
1E24,
1E24,
1E24,
1E24,
1E24,
1E24,
1E24,
1E24,
1E24,
1E24,
1E24,
1E24,
1E24,
1E24,
1E24,
1E24,
1E24,
1E04,
1E04,
1E04,
1E04,
1E04,
1E04,
1E04,
1E04,
1E04,
1E04,
1E04,
1E04,
1E04,
1E04,
1E04,
1E04,
1E04,
1E04,
1E04,
1E03,
1E03,
1E03,
1E03,
1E04,
1E04,
1E03,
1E03,
1E03,
1E03,
1E03,
1E04,
1E04,
1E04,
1E04,
1E04,
1E04,
1E04,
1E04,
1E04,
1E04,
1E03,
1E04,
1E04,
1E04,
1E04,
1E04,
1A04,
19E5,
1DE5,
19C4,
1163,
1544,
2DEA,
46B1,
5315,
5B57,
5F58,
5F58,
6379,
637A,
635A,
6359,
6B7A,
6F9B,
6B7B,
6B7B,
6F7C,
6F7C,
6F7C,
6F7C,
6F7C,
6F7C,
6F7D,
6F7D,
6F7D,
6F7C,
6F7C,
6F7C,
6F7C,
6F7C,
6F7C,
6F7C,
5ED8,
35AE,
2D6C,
4E74,
673A,
6B5B,
6F7C,
739D,
739D,
739D,
739D,
739D,
739D,
739D,
739D,
739D,
6F7C,
6F7D,
6F7D,
6F7C,
6F7C,
6F7C,
6F7C,
6F7C,
6F7C,
6F7C,
6F7C,
6F7C,
6F7C,
6F7C,
6B7B,
6B7A,
5F37,
4AB2,
2DCB,
1524,
0D01,
1942,
21A3,
21E4,
21E4,
21E4,
21E3,
2204,
2204,
1E04,
1E04,
1E04,
1E04,
1E04,
1E04,
1E04,
1E04,
1E04,
1E04,
1E04,
1E04,
1E04,
1E04,
1E04,
1E04,
1E04,
1E04,
1E04,
1E04,
1E04,
1E04,
1E04,
1E04,
1E04,
1E04,
1E04,
1E04,
1E04,
1E24,
1E24,
1E24,
1E24,
1E24,
1E24,
1E24,
1E24,
1E24,
1E24,
1E24,
1E24,
1E24,
1E24,
1E24,
1E24,
1E24,
1E24,
1E24,
1E24,
1E24,
1E24,
1E24,
1A24,
1A24,
1A24,
1A24,
1E24,
1E24,
1E24,
1E24,
1E24,
1E24,
1E24,
1E24,
1E24,
1E24,
1E24,
1E24,
1E24,
1E24,
1E24,
1E24,
1E24,
1E24,
1E24,
1E24,
1E24,
1E24,
1E24,
1E24,
1E24,
1E24,
1E24,
1E24,
1E24,
1E24,
1E24,
1E24,
1E24,
1A24,
1A24,
1A24,
1A24,
1A24,
1A24,
1A24,
1A24,
1A24,
1A24,
1A24,
1A24,
1E03,
1E03,
1E04,
1E24,
1E24,
1E24,
1E24,
1E24,
1E24,
1E04,
1E24,
1E24,
1E24,
1E24,
1E24,
1E24,
1E24,
1E24,
1E04,
1E04,
1E04,
1E04,
1E04,
1E04,
1E04,
1E04,
1E04,
1E04,
1E04,
1E04,
1E04,
1E04,
1E04,
1E04,
1E04,
1E04,
1E04,
1E04,
1E04,
1E04,
1E24,
1E24,
1E24,
1E24,
1E24,
1E24,
1E24,
1E24,
1E24,
1E24,
1E24,
1E24,
1E24,
1E24,
1E24,
1E24,
1E24,
1E24,
1E24,
1E24,
1E24,
1E24,
1E24,
1E24,
1E24,
1E24,
1E24,
1E24,
1E24,
1E24,
1E04,
1E04,
1E04,
1E04,
1E04,
1E04,
1E04,
1E04,
1E04,
1E04,
1E04,
1E04,
1E04,
1E04,
1E04,
1E04,
1E04,
1E04,
1E04,
1E04,
1E04,
1E03,
1E03,
1E03,
1E03,
1E03,
1E03,
1E03,
1E03,
1E03,
1E03,
1E03,
1E04,
1E04,
1E04,
1E04,
1E04,
1E04,
1E04,
1E04,
1E04,
1E03,
1E04,
1E04,
1E04,
1E04,
1E04,
1E04,
1E04,
1DE5,
1DE5,
19A4,
1163,
1544,
25A8,
426F,
5716,
5F59,
6379,
679A,
6B9B,
6B9C,
6B9C,
6B9B,
6B9B,
6B7B,
6B7B,
6F7B,
6F7C,
6F7C,
6F7C,
6F7C,
6F7C,
6F7C,
6F7C,
6F7C,
6F7C,
6F7C,
6F7C,
6F7C,
6F7C,
6F7C,
6F7C,
6F7C,
673A,
4A53,
294B,
292A,
316D,
358D,
39CF,
3DF0,
4211,
4632,
4A53,
4A53,
4A73,
4E74,
56B6,
5AD7,
5F18,
6319,
6319,
6319,
673A,
673A,
673A,
673A,
673A,
6B5B,
6B5B,
6F7B,
6F7C,
6F7C,
6B7A,
5AF6,
3E0E,
2588,
1925,
1102,
1563,
21A5,
25E4,
21E3,
21E3,
2203,
2203,
2203,
1E03,
1E04,
1E04,
1E04,
1E04,
1E04,
1E04,
1E04,
1E04,
1E04,
1E04,
1E04,
1E04,
1E04,
1E04,
1E04,
1E04,
1E04,
1E04,
1E04,
1E04,
1E04,
1E04,
1E04,
1E04,
1E04,
1E04,
1E04,
1E04,
1E04,
1E24,
1E24,
1E24,
1E24,
1E24,
1E24,
1E24,
1E24,
1E24,
1E24,
1E24,
1E24,
1E24,
1E24,
1E24,
1E24,
1E24,
1E24,
1E24,
1E24,
1E24,
1E24,
1E24,
1A24,
1A24,
1A24,
1A24,
1E24,
1E24,
1E24,
1E24,
1E24,
1E24,
1E24,
1E24,
1E24,
1E24,
1E24,
1E24,
1E24,
1E24,
1E24,
1E24,
1E24,
1E24,
1E24,
1E24,
1E24,
1E24,
1E24,
1E24,
1E24,
1E24,
1E24,
1E24,
1E24,
1E24,
1E24,
1E24,
1A24,
1A24,
1A24,
1A24,
1A24,
1A24,
1A24,
1A24,
1A24,
1A24,
1A24,
1A24,
1A24,
1E03,
1E03,
1E04,
1E24,
1E24,
1E24,
1E24,
1E24,
1E24,
1E04,
1E24,
1E24,
1E24,
1E24,
1E24,
1E24,
1E24,
1E24,
1E04,
1E04,
1E04,
1E04,
1E04,
1E04,
1E04,
1E04,
1E04,
1E04,
1E04,
1E04,
1E04,
1E04,
1E04,
1E04,
1E04,
1E04,
1E04,
1E04,
1E04,
1E04,
1E24,
1E24,
1E24,
1E24,
1E24,
1E24,
1E24,
1E24,
1E24,
1E24,
1E24,
1E24,
1E24,
1E24,
1E24,
1E24,
1E24,
1E24,
1E24,
1E24,
1E24,
1E24,
1E24,
1E24,
1E24,
1E24,
1E24,
1E24,
1E24,
1E24,
1E04,
1E04,
1E04,
1E04,
1E04,
1E04,
1E04,
1E04,
1E04,
1E04,
1E04,
1E04,
1E04,
1E04,
1E04,
1E04,
1E04,
1E04,
1E04,
1E04,
1E04,
1E04,
1E03,
1E03,
1E03,
1E03,
1E03,
1E03,
1E03,
1E03,
1E03,
1E04,
1E04,
1E04,
1E04,
1E04,
1E04,
1E04,
1E04,
1E04,
1E03,
1E03,
1E04,
1E04,
1E04,
1E04,
1E04,
1E04,
1DE4,
1DE5,
21E5,
1DC4,
1984,
1544,
1103,
29A9,
52D4,
6359,
5F58,
6359,
677A,
6B7B,
6B9B,
6F9C,
6B7B,
6B7B,
6F7B,
6F7C,
6F7C,
6F7C,
6F7C,
6F7C,
6F7C,
6F7C,
6F7C,
6F7C,
6F7C,
6F7C,
6F7C,
6F7C,
6F7C,
6F7C,
6F7C,
6F7C,
737D,
62F9,
35AE,
18C7,
1065,
0422,
0422,
0843,
0864,
0C64,
0844,
0C64,
14A6,
14A6,
1CE8,
2529,
294B,
2D6C,
2D6C,
35AE,
3DF0,
3DF0,
3DF0,
4210,
4211,
4A53,
5295,
56D6,
5AD6,
5AD7,
56F6,
3E2F,
1D25,
10E2,
1943,
1984,
21A4,
25C5,
21E4,
21E3,
2204,
2204,
2204,
1E04,
1E04,
1E04,
1E04,
1E04,
1E04,
1E04,
1E04,
1E04,
1E04,
1E04,
1E04,
1E04,
1E04,
1E04,
1E04,
1E04,
1E04,
1E04,
1E04,
1E04,
1E04,
1E04,
1E04,
1E04,
1E04,
1E04,
1E04,
1E04,
1E04,
1E04,
1E24,
1E24,
1E24,
1E24,
1E24,
1E24,
1E24,
1E24,
1E24,
1E24,
1E24,
1E24,
1E24,
1E24,
1E24,
1E24,
1E24,
1E24,
1E24,
1E24,
1E24,
1E24,
1E24,
1A24,
1A24,
1A24,
1E24,
1E24,
1E24,
1E24,
1E24,
1E24,
1E24,
1E24,
1E24,
1E24,
1E24,
1E24,
1E24,
1E24,
1E24,
1E24,
1E24,
1E24,
1E24,
1E24,
1E24,
1E24,
1E24,
1E24,
1E24,
1E24,
1E24,
1E24,
1E24,
1E24,
1E24,
1A24,
1A24,
1A24,
1A24,
1A24,
1A24,
1A24,
1A24,
1A24,
1A24,
1A24,
1A24,
1A24,
1A24,
1A24,
1E03,
1E03,
1E04,
1E24,
1E24,
1E24,
1E24,
1E24,
1E24,
1E04,
1E24,
1E24,
1E24,
1E24,
1E24,
1E24,
1E24,
1E24,
1E04,
1E04,
1E04,
1E04,
1E04,
1E04,
1E04,
1E04,
1E04,
1E04,
1E04,
1E04,
1E04,
1E04,
1E04,
1E04,
1E04,
1E04,
1E04,
1E04,
1E04,
1E04,
1E24,
1E24,
1E24,
1E24,
1E24,
1E24,
1E24,
1E24,
1E24,
1E24,
1E24,
1E24,
1E24,
1E24,
1E24,
1E24,
1E24,
1E24,
1E24,
1E24,
1E24,
1E24,
1E24,
1E24,
1E24,
1E24,
1E24,
1E24,
1E24,
1E24,
1E04,
1E04,
1E04,
1E04,
1E04,
1E04,
1E04,
1E04,
1E04,
1E04,
1E04,
1E04,
1E04,
1E04,
1E04,
1E04,
1E04,
1E04,
1E04,
1E04,
1E04,
1E04,
1E03,
1E03,
1E03,
1E03,
1E03,
1E03,
1E04,
1E04,
1E04,
1E04,
1E04,
1E04,
1E04,
1E04,
1E04,
1E04,
1E04,
1E04,
1E03,
1A03,
1E04,
1E04,
1A04,
19E4,
19E4,
19E4,
1DE4,
1DE5,
21C5,
21C5,
21A5,
1944,
0CE1,
1D46,
4A92,
5F37,
5B17,
5F38,
677A,
6B7B,
6B7B,
6F9B,
6F7B,
6F7B,
6F7B,
6F7C,
6F7C,
6F7C,
6F7C,
6F7C,
6F7C,
6F7C,
6F7C,
6F7C,
6F7C,
6F7C,
6F7C,
6F7C,
6F7C,
6F7C,
6F7C,
6F7C,
6F7C,
6F7C,
5EF8,
4E74,
3DF0,
318D,
318D,
318D,
318D,
2129,
14A7,
18C7,
252A,
252A,
1CE8,
18C7,
1085,
0C44,
0C64,
14A6,
18C7,
18C7,
18C6,
18C6,
18C7,
2108,
2529,
2529,
254A,
296B,
2D8A,
2568,
2146,
2165,
21A5,
1DA4,
21C5,
21E5,
21E4,
1DE3,
1E03,
1E04,
1E04,
1E04,
1E04,
1E04,
1E04,
1E04,
1E04,
1E04,
1E04,
1E04,
1E04,
1E04,
1E04,
1E04,
1E04,
1E04,
1E04,
1E04,
1E04,
1E04,
1E04,
1E04,
1E04,
1E04,
1E04,
1E04,
1E04,
1E04,
1E04,
1E04,
1E04,
1E04,
1E24,
1E24,
1E24,
1E24,
1E24,
1E24,
1E24,
1E24,
1E24,
1E24,
1E24,
1E24,
1E24,
1E24,
1E24,
1E24,
1E24,
1E24,
1E24,
1E24,
1E24,
1E24,
1A24,
1E24,
1E24,
1E24,
1E24,
1E24,
1E24,
1E24,
1E24,
1E24,
1E24,
1E24,
1E24,
1E24,
1E24,
1E24,
1E24,
1E24,
1E24,
1E24,
1E24,
1E24,
1E24,
1E24,
1E24,
1E24,
1E24,
1E24,
1E24,
1E24,
1E24,
1E24,
1E24,
1E24,
1E24,
1A24,
1A24,
1A24,
1A24,
1A24,
1A24,
1A24,
1A24,
1A24,
1A24,
1A24,
1A24,
1A24,
1A24,
1A24,
1E03,
1E03,
1E03,
1E24,
1E04,
1E24,
1E24,
1E24,
1E24,
1E04,
1E24,
1E24,
1E24,
1E24,
1E24,
1E24,
1E24,
1E24,
1E04,
1E04,
1E04,
1E04,
1E04,
1E04,
1E04,
1E04,
1E04,
1E04,
1E04,
1E04,
1E04,
1E04,
1E04,
1E04,
1E04,
1E04,
1E04,
1E04,
1E04,
1E04,
1E24,
1E24,
1E24,
1E24,
1E24,
1E24,
1E24,
1E24,
1E24,
1E24,
1E24,
1E24,
1E24,
1E24,
1E24,
1E24,
1E24,
1E24,
1E24,
1E24,
1E24,
1E24,
1E24,
1E24,
1E24,
1E24,
1E24,
1E24,
1E24,
1E24,
1E04,
1E04,
1E04,
1E04,
1E04,
1E04,
1E04,
1E04,
1E04,
1E04,
1E04,
1E04,
1E04,
1E04,
1E04,
1E04,
1E04,
1E04,
1E04,
1E04,
1E04,
1E04,
1E04,
1E23,
1E23,
1E23,
1E23,
1E03,
1E04,
1E04,
1E04,
1E04,
1E04,
1E04,
1E04,
1E04,
1E04,
1E04,
1E04,
1E04,
1E03,
19E3,
15C3,
15E3,
19E4,
19E4,
19E4,
19E4,
1DE4,
1DE5,
21C5,
25C5,
25C6,
1D65,
0CC1,
1926,
4672,
5F37,
5F17,
6358,
6B7A,
6B7B,
6B7B,
6F7B,
6F7B,
6F7B,
6F7B,
6F7C,
6F7C,
6F7C,
6F7C,
6F7C,
6F7C,
6F7C,
6F7C,
6F7C,
6F7C,
6F7C,
6F7C,
6F7C,
6F7C,
6F7C,
6F7C,
6F7C,
6F7C,
6F7C,
739D,
739D,
6F7C,
6719,
6319,
6319,
673A,
5EF9,
56B6,
5295,
56B6,
56B6,
4E74,
4632,
39CF,
318D,
2D6C,
2D6C,
2D6B,
2D6C,
294A,
2108,
1CE7,
1CE7,
18A5,
1084,
1084,
10A4,
0882,
0CA2,
2165,
29A7,
21A5,
1DC5,
1DC4,
1DE4,
1DE3,
1DE3,
1E03,
1E03,
1E04,
1E04,
1E04,
1E04,
1E04,
1E04,
1E04,
1E04,
1E04,
1E04,
1E04,
1E04,
1E04,
1E04,
1E04,
1E04,
1E04,
1E04,
1E04,
1E04,
1E04,
1E04,
1E04,
1E04,
1E04,
1E04,
1E04,
1E04,
1E04,
1E04,
1E04,
1E04,
1E24,
1E24,
1E24,
1E24,
1E24,
1E24,
1E24,
1E24,
1E24,
1E24,
1E24,
1E23,
1E24,
1E24,
1E24,
1E24,
1E24,
1E24,
1E24,
1E24,
1E24,
1E24,
1E24,
1E24,
1E24,
1E24,
1E24,
1E24,
1E24,
1E24,
1E24,
1E24,
1E24,
1E24,
1E24,
1E24,
1E24,
1E24,
1E24,
1E24,
1E24,
1E24,
1E24,
1E24,
1E24,
1E24,
1E24,
1E24,
1E24,
1E24,
1E24,
1E24,
1E24,
1E24,
1E24,
1E24,
1E24,
1A24,
1A24,
1A24,
1A24,
1A24,
1A24,
1A24,
1A24,
1A24,
1A24,
1A24,
1A24,
1A24,
1A24,
1A24,
1E03,
1E04,
1E04,
1E04,
1E04,
1E04,
1E24,
1E24,
1E24,
1E24,
1E24,
1E24,
1E04,
1E04,
1E04,
1E04,
1E04,
1E24,
1E24,
1E24,
1E24,
1E24,
1E24,
1E24,
1E24,
1E24,
1E24,
1E24,
1E24,
1E24,
1E24,
1E24,
1E24,
1E24,
1E24,
1E24,
1E24,
1E24,
1E24,
1E24,
1E24,
1E24,
1E24,
1E24,
1E24,
1E24,
1E24,
1E24,
1E24,
1E24,
1E24,
1E24,
1E24,
1E24,
1E24,
1E24,
1E24,
1E24,
1E24,
1E24,
1E24,
1E24,
1E24,
1E24,
1E24,
1E24,
1E24,
1E24,
1E24,
1E24,
1E04,
1E04,
1E04,
1E04,
1E04,
1E04,
1E04,
1E04,
1E04,
1E04,
1E04,
1E04,
1E04,
1E04,
1E04,
1E04,
1E04,
1E04,
1E04,
1E04,
1E04,
1E04,
1E04,
1E04,
1E04,
1E04,
1E04,
1E04,
1E04,
1E04,
1E04,
1E04,
1E04,
1E04,
1E04,
1E04,
1E04,
1E04,
1E04,
1E04,
1E04,
15C2,
0D81,
11A2,
15A3,
19C4,
19C5,
1DE5,
1DE5,
21E5,
25C6,
29E6,
25C6,
1924,
08A1,
1D26,
4A92,
6338,
6338,
6759,
6B7B,
6B7B,
6B7B,
6F7B,
6F7B,
6F7B,
6F7C,
6F7C,
6F7C,
6F7C,
6F7C,
6F7C,
6F7C,
6F7C,
6F7C,
6F7C,
6F7C,
6F7C,
6F7C,
6F7C,
6F7C,
6F7C,
6F7C,
6F7C,
6F7C,
6F7C,
6F7C,
737D,
739D,
6F7C,
6F7C,
6F7C,
6F7C,
739D,
739D,
6F7C,
6F7B,
6F7C,
6F7C,
6B5B,
6B5A,
673A,
6319,
5EF8,
5EF7,
5EF7,
5AD6,
5294,
4A52,
4A51,
4A52,
4631,
35CE,
1D07,
0460,
0CC1,
2165,
25A6,
21A5,
1DC4,
1DC4,
1DE4,
1DE4,
1E03,
1E04,
1E04,
1E04,
1E04,
1E04,
1E04,
1E04,
1E04,
1E04,
1E04,
1E04,
1E04,
1E04,
1E04,
1E04,
1E04,
1E04,
1E04,
1E04,
1E04,
1E04,
1E04,
1E04,
1E04,
1E04,
1E04,
1E04,
1E04,
1E04,
1E04,
1E04,
1E04,
1E24,
1E24,
1E24,
1E24,
1E24,
1E24,
1E24,
1E24,
1E24,
1E24,
1E24,
1E24,
1E24,
1E24,
1E24,
1E24,
1E24,
1E24,
1E24,
1E24,
1E24,
1E24,
1E24,
1E24,
1E24,
1E24,
1E24,
1E24,
1E24,
1E24,
1E24,
1E24,
1E24,
1E24,
1E24,
1E24,
1E24,
1E24,
1E24,
1E24,
1E24,
1E24,
1E24,
1E24,
1E24,
1E24,
1E24,
1E24,
1E24,
1E24,
1E24,
1E24,
1E24,
1E24,
1E24,
1E24,
1E24,
1E24,
1E24,
1E24,
1E24,
1E24,
1E24,
1E24,
1E24,
1E24,
1E24,
1E24,
1E24,
1A24,
1A24,
1A24,
1A24,
1A24,
1E03,
1E04,
1E04,
1E04,
1E04,
1E04,
1E24,
1E24,
1E24,
1E24,
1E24,
1E04,
1E04,
1E04,
1E04,
1E04,
1E04,
1E24,
1E24,
1E24,
1E24,
1E24,
1E24,
1E24,
1E24,
1E24,
1E24,
1E24,
1E24,
1E24,
1E24,
1E24,
1E24,
1E24,
1E24,
1E24,
1E24,
1E24,
1E24,
1E24,
1E24,
1E24,
1E24,
1E24,
1E24,
1E24,
1E24,
1E24,
1E24,
1E24,
1E24,
1E24,
1E24,
1E24,
1E24,
1E24,
1E24,
1E24,
1E24,
1E24,
1E24,
1E24,
1E24,
1E24,
1E24,
1E24,
1E24,
1E24,
1E24,
1E24,
1E04,
1E04,
1E04,
1E04,
1E04,
1E04,
1E04,
1E04,
1E04,
1E04,
1E04,
1E04,
1E04,
1E04,
1E04,
1E04,
1E04,
1E04,
1E04,
1E04,
1E04,
1E04,
1E04,
1E04,
1E04,
1E04,
1E04,
1E04,
1E04,
1E04,
1E04,
1E04,
1E04,
1E04,
1E04,
1E04,
1E04,
1E04,
1E04,
1E04,
1E04,
15C3,
11A1,
1182,
1183,
1183,
15A4,
1DE6,
21E7,
21E7,
29E7,
29C6,
2585,
1503,
0880,
1D26,
4E93,
6338,
6359,
675A,
6B7B,
6B7B,
6F7B,
6F7C,
6F7C,
6F7C,
6F7C,
6F7C,
6F7C,
6F7C,
6F7C,
6F7C,
6F7C,
6F7C,
6F7C,
6F7C,
6F7C,
6F7C,
6F7C,
6F7C,
6F7C,
6F7C,
6F7C,
6F7C,
6F7B,
6F7C,
6F7C,
6F7C,
6F7B,
6F7C,
6F7C,
6F7C,
6F7C,
6F7C,
6F7C,
6F7C,
6F7C,
6F7C,
737C,
6F7C,
6F7C,
6F7C,
6F7C,
737C,
737C,
6F7C,
6F7B,
6B5B,
6B59,
6B59,
6B79,
5F17,
4650,
2126,
08A1,
1122,
21A5,
21C6,
21C5,
1DC4,
1DE4,
1DE4,
1DE4,
1E03,
1E04,
1E04,
1E04,
1E04,
1E04,
1E04,
1E04,
1E04,
1E04,
1E04,
1E04,
1E04,
1E04,
1E04,
1E04,
1E04,
1E04,
1E04,
1E04,
1E04,
1E04,
1E04,
1E04,
1E04,
1E04,
1E04,
1E04,
1E04,
1E04,
1E04,
1E04,
1E24,
1E24,
1E24,
1E24,
1E24,
1E24,
1E24,
1E24,
1E24,
1E24,
1E24,
1E24,
1E24,
1E24,
1E24,
1E24,
1E24,
1E24,
1E24,
1E24,
1E24,
1E24,
1E24,
1E24,
1E24,
1E24,
1E24,
1E24,
1E24,
1E24,
1E24,
1E24,
1E24,
1E24,
1E24,
1E24,
1E24,
1E24,
1E24,
1E24,
1E24,
1E24,
1E24,
1E24,
1E24,
1E24,
1E24,
1E24,
1E24,
1E24,
1E24,
1E24,
1E24,
1E24,
1E24,
1E24,
1E24,
1E24,
1E24,
1E24,
1E24,
1E24,
1E24,
1E24,
1E24,
1E24,
1E24,
1E25,
1E24,
1E24,
1A24,
1A24,
1A24,
1A24,
1A24,
1E03,
1E04,
1E04,
1E04,
1E04,
1E04,
1E24,
1E24,
1E24,
1E24,
1E24,
1E04,
1E04,
1E04,
1E04,
1E04,
1E04,
1E24,
1E24,
1E24,
1E24,
1E24,
1E24,
1E24,
1E24,
1E24,
1E24,
1E24,
1E24,
1E24,
1E24,
1E24,
1E24,
1E24,
1E24,
1E24,
1E24,
1E24,
1E24,
1E24,
1E24,
1E24,
1E24,
1E24,
1E24,
1E24,
1E24,
1E24,
1E24,
1E24,
1E24,
1E24,
1E24,
1E24,
1E24,
1E24,
1E24,
1E24,
1E24,
1E24,
1E24,
1E24,
1E24,
1E24,
1E24,
1E24,
1E24,
1E24,
1E24,
1E24,
1E04,
1E04,
1E04,
1E04,
1E04,
1E04,
1E04,
1E04,
1E04,
1E04,
1E04,
1E04,
1E04,
1E04,
1E04,
1E04,
1E04,
1E04,
1E04,
1E04,
1E04,
1E04,
1E04,
1E04,
1E04,
1E04,
1E04,
1E04,
1E04,
1E04,
1E04,
1E04,
1E04,
1E04,
1E04,
1E04,
1E04,
1E04,
1E04,
1E04,
1E04,
19E4,
19E4,
15C4,
0D62,
0501,
0922,
1164,
19A6,
1DA6,
21A6,
1D64,
1522,
08A0,
0880,
2568,
52B5,
6759,
675A,
675A,
6B5B,
6B7B,
6F7C,
6F7C,
6F7C,
6F7C,
6F7C,
6F7C,
6F7C,
6F7C,
6F7C,
6F7C,
6F7C,
6F7C,
6F7C,
6F7C,
6F7C,
6F7C,
6F7C,
6F7C,
6F7C,
6F7C,
6F7C,
6F7C,
6F7B,
6F7C,
6F7C,
6F7C,
6F7C,
6F7B,
6F7C,
6F7C,
6F7C,
6F7C,
6F7C,
6F7C,
6F7B,
6F5B,
6B5B,
6B5B,
6B5B,
6B5B,
6F5B,
6F5B,
6B3A,
6B3A,
6B3A,
6B5A,
6B5A,
6B59,
6316,
4E91,
31AA,
1904,
1122,
1563,
1DA4,
1DC4,
1DC4,
1DE4,
1DE4,
1DE4,
1E04,
1E04,
1E04,
1E04,
1E04,
1E04,
1E04,
1E04,
1E04,
1E04,
1E04,
1E04,
1E04,
1E04,
1E04,
1E04,
1E04,
1E04,
1E04,
1E04,
1E04,
1E04,
1E24,
1E24,
1E24,
1E24,
1E24,
1E24,
1E24,
1E24,
1E24,
1E24,
1E24,
1E24,
1E24,
1E24,
1E24,
1E24,
1E24,
1E24,
1E24,
1E24,
1E24,
1E24,
1E24,
1E24,
1E24,
1E24,
1E24,
1E24,
1E24,
1E24,
1E24,
1E24,
1E24,
1E24,
1E24,
1E24,
1E24,
1E24,
1E24,
1E24,
1E24,
1E24,
1E24,
1E24,
1E24,
1E24,
1E24,
1E24,
1E24,
1E24,
1E24,
1A24,
1E24,
1E24,
1E24,
1E24,
1E24,
1E24,
1E24,
1E24,
1E24,
1E24,
1E24,
1E24,
1E24,
1E24,
1E24,
1E24,
1E24,
1E24,
1E24,
1E24,
1E24,
1E24,
1E24,
1E24,
1E24,
1E24,
1E24,
1E24,
1E24,
1A24,
1A24,
1A24,
1A24,
1A24,
1E03,
1E04,
1E04,
1E04,
1E04,
1E24,
1E24,
1E24,
1E24,
1E04,
1E04,
1E04,
1E04,
1E04,
1E04,
1E04,
1E24,
1E24,
1E24,
1E24,
1E24,
1E24,
1E24,
1E24,
1E24,
1E24,
1E24,
1E24,
1E24,
1E24,
1E24,
1E24,
1E24,
1E24,
1E24,
1E24,
1E24,
1E24,
1E24,
1E24,
1E24,
1E24,
1E24,
1E24,
1E24,
1E24,
1E24,
1E24,
1E24,
1E24,
1E24,
1E24,
1E24,
1E24,
1E24,
1E24,
1E24,
1E24,
1E24,
1E24,
1E24,
1E24,
1E24,
1E24,
1E24,
1E24,
1E24,
1E24,
1E24,
1E24,
1E04,
1E04,
1E04,
1E04,
1E04,
1E04,
1E04,
1E04,
1E04,
1E04,
1E04,
1E04,
1E04,
1E04,
1E04,
1E03,
1E04,
1E04,
1E04,
1E04,
1E04,
1E04,
1E04,
1E04,
1E04,
1E04,
1E04,
1E04,
1E04,
1E04,
1E04,
1E04,
1E04,
1E04,
1E04,
1E04,
1E04,
1E04,
1E04,
1E04,
19E3,
1E04,
1E05,
1DC5,
0D42,
00A0,
00A0,
00C0,
04E1,
08E1,
0CE1,
08C0,
0060,
0040,
14C3,
3A0E,
5B17,
675B,
675B,
675B,
6B5C,
6F7C,
6F7C,
6F7C,
6F7C,
6F7C,
6F7C,
6F7C,
6F7C,
6F7C,
6F7C,
6F7C,
6F7C,
6F7C,
6F7C,
6F7C,
6F7C,
6F7C,
6F7C,
6F7C,
6F7C,
6F7C,
6F7C,
6F7C,
6F7C,
6F7C,
6F7C,
6F7C,
6F7C,
6F7C,
6F7C,
6F7C,
6F7B,
6F5B,
6B5B,
6F7B,
6F7B,
6F5B,
6B5B,
6B5B,
673A,
6318,
5AD7,
56B5,
5273,
4E72,
4A51,
4630,
420F,
420F,
420D,
2D88,
10E2,
08C0,
1522,
1983,
19C4,
1DC4,
19E4,
19E3,
19E3,
1A04,
1A04,
1E04,
1E04,
1E04,
1E04,
1E04,
1E03,
1E03,
1E04,
1E04,
1E04,
1E04,
1E04,
1E04,
1E04,
1E04,
1E04,
1E04,
1E04,
1E04,
1E04,
1E04,
1E24,
1E24,
1E24,
1E24,
1E24,
1E24,
1E24,
1E24,
1E24,
1E24,
1E24,
1E24,
1E24,
1E24,
1E24,
1E24,
1E24,
1E24,
1E24,
1E24,
1E24,
1E24,
1E24,
1E24,
1E24,
1E24,
1E24,
1E24,
1E24,
1E24,
1E24,
1E24,
1E24,
1E24,
1E24,
1E24,
1E24,
1E24,
1E24,
1E24,
1E24,
1E24,
1E24,
1E24,
1E24,
1E24,
1E24,
1E24,
1E24,
1E24,
1E24,
1A24,
1E24,
1E24,
1E24,
1E24,
1E24,
1E24,
1E24,
1E24,
1E24,
1E24,
1E24,
1E24,
1E24,
1E24,
1E24,
1E24,
1E24,
1E24,
1E24,
1E24,
1E24,
1E24,
1E24,
1E24,
1E24,
1E24,
1E24,
1E24,
1E24,
1A24,
1A24,
1A24,
1A24,
1A24,
1E03,
1E04,
1E04,
1E04,
1E04,
1E24,
1E24,
1E24,
1E24,
1E04,
1E04,
1E04,
1E04,
1E04,
1E04,
1E04,
1E04,
1E24,
1E24,
1E24,
1E24,
1E24,
1E24,
1E24,
1E24,
1E24,
1E24,
1E24,
1E24,
1E24,
1E24,
1E24,
1E24,
1E24,
1E24,
1E24,
1E24,
1E24,
1E24,
1E24,
1E24,
1E24,
1E24,
1E24,
1E24,
1E24,
1E24,
1E24,
1E24,
1E24,
1E24,
1E24,
1E24,
1E24,
1E24,
1E24,
1E24,
1E24,
1E24,
1E24,
1E24,
1E24,
1E24,
1E24,
1E24,
1E24,
1E24,
1E24,
1E24,
1E24,
1E04,
1E04,
1E04,
1E04,
1E04,
1E04,
1E04,
1E04,
1E04,
1E04,
1E04,
1E04,
1E04,
1E04,
1E04,
1E03,
1E04,
1E04,
1E04,
1E04,
1E04,
1E04,
1E04,
1A04,
1A04,
1A04,
1A04,
1E04,
1E04,
1E04,
1E04,
1E04,
1E03,
1E03,
1E04,
1E04,
1E04,
1E04,
1E04,
1E04,
1E04,
1DE4,
1DE5,
1DC6,
1163,
04E0,
04C1,
08E1,
00A0,
0060,
0060,
0080,
0480,
14E4,
35CC,
56D5,
675A,
675B,
675B,
6B5C,
6F7C,
6F7C,
6F7C,
6F7C,
6F7C,
6F7C,
6F7C,
6F7C,
6F7C,
6F7C,
6F7C,
6F7C,
6F7C,
6F7C,
6F7C,
6F7C,
6F7C,
6F7C,
6F7C,
6F7C,
6F7C,
6F7C,
6F7C,
6F7C,
6F7B,
6F7B,
6F7C,
6F7C,
6F7C,
6F7C,
6F7C,
6F7C,
6F7B,
6B5A,
6739,
6319,
6318,
5EF7,
56D5,
4E93,
3E0F,
31AC,
2D8A,
2569,
2147,
2127,
1D26,
1904,
10C2,
10C2,
14E3,
08A0,
0080,
04C0,
1140,
15A2,
15C3,
19E4,
19E3,
19E3,
1A03,
1A03,
1A03,
1A03,
1E04,
1E04,
1A04,
1E04,
1E04,
1E04,
1E04,
1E04,
1E04,
1E04,
1E04,
1E04,
1E04,
1E04,
1E04,
1E04,
1E04,
1E04,
1E04,
1E04,
1E24,
1E24,
1E24,
1E24,
1E24,
1E24,
1E24,
1E24,
1E24,
1E24,
1E24,
1E24,
1E24,
1E24,
1E24,
1E24,
1E24,
1E24,
1E24,
1E24,
1E24,
1E24,
1E24,
1E24,
1E24,
1E24,
1E24,
1E24,
1E24,
1E24,
1E24,
1E24,
1E24,
1E24,
1E24,
1E24,
1E24,
1E24,
1E24,
1E24,
1E24,
1E24,
1E24,
1E24,
1E24,
1E24,
1E24,
1E24,
1E24,
1E24,
1E24,
1A24,
1E24,
1E24,
1E24,
1E24,
1E24,
1E24,
1E24,
1E24,
1E24,
1E24,
1E24,
1E24,
1E24,
1E24,
1E24,
1E24,
1E24,
1E24,
1E24,
1E24,
1E24,
1E24,
1E24,
1E24,
1E24,
1E24,
1E24,
1E24,
1E24,
1A24,
1A24,
1A24,
1A24,
1A24,
1E03,
1E04,
1E04,
1E04,
1E24,
1E24,
1E24,
1E24,
1E24,
1E04,
1E04,
1E04,
1E04,
1E04,
1E04,
1E04,
1E04,
1E24,
1E24,
1E24,
1E24,
1E24,
1E24,
1E24,
1E24,
1E24,
1E24,
1E24,
1E24,
1E24,
1E24,
1E24,
1E24,
1E24,
1E24,
1E24,
1E24,
1E24,
1E24,
1E24,
1E24,
1E24,
1E24,
1E24,
1E24,
1E24,
1E24,
1E24,
1E24,
1E24,
1E24,
1E24,
1E24,
1E24,
1E24,
1E24,
1E24,
1E24,
1E24,
1E24,
1E24,
1E24,
1E24,
1E24,
1E24,
1E24,
1E24,
1E24,
1E24,
1E24,
1E24,
1E24,
1E24,
1E24,
1E24,
1E24,
1E24,
1E24,
1E24,
1E24,
1E24,
1E24,
1E04,
1E04,
1E04,
1E04,
1E04,
1E04,
1E04,
1E04,
1E04,
1E04,
1E04,
1E04,
1E04,
1E04,
1E04,
1E04,
1E04,
1E04,
1E04,
1E04,
1E04,
1E04,
1E04,
1E04,
1E04,
1E03,
1E04,
1E04,
1E04,
1DE4,
1DE5,
21C6,
1564,
0D22,
1966,
25E9,
25A8,
1D66,
1D46,
2589,
360D,
4EB3,
5F18,
675B,
675B,
675B,
6B5B,
6F7C,
6F7C,
6F7C,
6F7C,
6F7C,
6F7C,
6F7C,
6F7C,
6F7C,
6F7C,
6F7C,
6F7C,
6F7C,
6F7C,
6F7C,
6F7C,
6F7C,
6F7C,
6F7C,
6F7C,
6F7C,
6F7C,
6F7C,
6F7C,
6F7C,
6F7B,
6F7B,
6F5B,
6B5B,
6B5B,
6B5B,
673A,
673A,
5EF8,
5294,
4A52,
4210,
35AD,
2D6B,
2549,
1D26,
14E4,
0CA2,
0CC2,
0CC2,
10C2,
10C2,
10E2,
10E2,
10E1,
10E1,
0CC0,
08A0,
04C0,
0920,
11A2,
15C3,
15E3,
19E3,
19E3,
19E3,
19E3,
1A03,
1A03,
1A03,
1E03,
1E03,
1E03,
1E03,
1E03,
1E04,
1E04,
1E04,
1E04,
1E04,
1E04,
1E04,
1E04,
1E04,
1E04,
1E04,
1E04,
1E04,
1E04,
1E24,
1E24,
1E24,
1E24,
1E24,
1E24,
1E24,
1E24,
1E24,
1E24,
1E24,
1E24,
1E24,
1E24,
1E24,
1E24,
1E24,
1E24,
1E24,
1E24,
1E24,
1E24,
1E24,
1E24,
1E24,
1E24,
1E24,
1E24,
1E24,
1E24,
1E24,
1E24,
1E24,
1E24,
1E24,
1E24,
1E24,
1E24,
1E24,
1E24,
1E24,
1E24,
1E24,
1E24,
1E24,
1E24,
1E24,
1E24,
1E24,
1E24,
1E24,
1E24,
1E24,
1E24,
1E24,
1E24,
1E24,
1E24,
1E24,
1E24,
1E24,
1E24,
1E24,
1E24,
1E24,
1E24,
1E24,
1E24,
1E24,
1E24,
1E24,
1E24,
1E24,
1E24,
1E24,
1E24,
1E24,
1E24,
1E24,
1E24,
1E24,
1E24,
1A24,
1A24,
1A24,
1A24,
1A24,
1E03,
1E04,
1E04,
1E04,
1E24,
1E24,
1E24,
1E24,
1E24,
1E04,
1E04,
1E04,
1E04,
1E04,
1E04,
1E04,
1E04,
1E24,
1E24,
1E24,
1E24,
1E24,
1E24,
1E24,
1E24,
1E24,
1E24,
1E24,
1E24,
1E24,
1E24,
1E24,
1E24,
1E24,
1E24,
1E24,
1E24,
1E24,
1E24,
1E24,
1E24,
1E24,
1E24,
1E24,
1E24,
1E24,
1E24,
1E24,
1E24,
1E24,
1E24,
1E24,
1E24,
1E24,
1E24,
1E24,
1E24,
1E24,
1E24,
1E24,
1E24,
1E24,
1E24,
1E24,
1E24,
1E24,
1E24,
1E24,
1E24,
1E24,
1E24,
1E24,
1E24,
1E24,
1E24,
1E24,
1E24,
1E24,
1E24,
1E24,
1E24,
1E24,
1E04,
1E04,
1E04,
1E04,
1E04,
1E04,
1E04,
1E04,
1E04,
1E04,
1E04,
1E04,
1E04,
1E04,
1E04,
1E04,
1E04,
1E04,
1E04,
1E04,
1E04,
1E04,
1E04,
1E04,
1E04,
1E03,
1E04,
1E04,
1E04,
1DE4,
1DE5,
21C6,
1162,
0901,
21A8,
46D1,
4EF2,
4ED2,
52F4,
5F37,
6779,
6B9B,
6F9C,
6B7C,
6B5B,
6B5B,
6B5C,
6F7C,
6F7C,
6F7C,
6F7C,
6F7C,
6F7C,
6F7C,
6F7C,
6F7C,
6F7C,
6F7C,
6F7C,
6F7C,
6F7C,
6F7C,
6F7C,
6F7C,
6F7C,
6F7C,
6F7C,
6F7C,
6F7C,
6F7C,
6F7C,
6F7C,
6F7C,
6F7B,
6B5B,
673A,
6739,
5AD7,
4E73,
4631,
35AD,
1CE6,
14C4,
10C4,
10A3,
10A3,
10C3,
1503,
1924,
1944,
1944,
1964,
1D64,
1D64,
2164,
2164,
2184,
21A4,
2183,
1962,
1181,
11A2,
19E3,
19E3,
19E3,
1A03,
1A03,
1A03,
19E3,
1A03,
1A03,
1A03,
1E03,
1E03,
1E03,
1E03,
1E03,
1E03,
1E04,
1E04,
1E04,
1E04,
1E04,
1E04,
1E04,
1E04,
1E04,
1E03,
1E04,
1E04,
1E04,
1E24,
1E24,
1E24,
1E24,
1E24,
1E24,
1E24,
1E24,
1E24,
1E24,
1E24,
1E24,
1E24,
1E24,
1E24,
1E24,
1E24,
1E24,
1E24,
1E24,
1E24,
1E24,
1E24,
1E24,
1E24,
1E24,
1E24,
1E24,
1E24,
1E24,
1E24,
1E24,
1E24,
1E24,
1E24,
1E24,
1E24,
1E24,
1E24,
1E24,
1E24,
1E24,
1E24,
1E24,
1E24,
1E24,
1E24,
1E24,
1E24,
1E24,
1E24,
1E24,
1E24,
1E24,
1E24,
1E24,
1E24,
1E24,
1E24,
1E24,
1E24,
1E24,
1E24,
1E24,
1E24,
1E24,
1E24,
1E24,
1E25,
1E25,
1E24,
1E24,
1E24,
1E24,
1E24,
1E24,
1E24,
1E24,
1E24,
1E25,
1E24,
1E24,
1A24,
1A24,
1A24,
1A24,
1A24,
1E03,
1E04,
1E04,
1E04,
1E24,
1E24,
1E24,
1E24,
1E04,
1E04,
1E04,
1E04,
1E04,
1E04,
1E04,
1E04,
1E04,
1E24,
1E24,
1E24,
1E24,
1E24,
1E24,
1E24,
1E24,
1E24,
1E24,
1E24,
1E24,
1E24,
1E24,
1E24,
1E24,
1E24,
1E24,
1E24,
1E24,
1E24,
1E24,
1E24,
1E24,
1E24,
1E24,
1E24,
1E24,
1E24,
1E24,
1E24,
1E24,
1E24,
1E24,
1E24,
1E24,
1E24,
1E24,
1E24,
1E24,
1E24,
1E24,
1E24,
1E24,
1E24,
1E24,
1E24,
1E24,
1E24,
1E24,
1E24,
1E24,
1E24,
1E24,
1E24,
1E24,
1E24,
1E24,
1E24,
1E24,
1E24,
1E24,
1E24,
1E24,
1E24,
1E04,
1E04,
1E04,
1E04,
1E04,
1E04,
1E04,
1E04,
1E04,
1E04,
1E04,
1E04,
1E04,
1E04,
1E04,
1E04,
1E04,
1E04,
1E04,
1E04,
1E04,
1E04,
1E04,
1E04,
1E04,
1E03,
1E04,
1E04,
1E04,
1DE4,
21E5,
21E6,
1142,
00A0,
1D66,
4EF2,
5F77,
5F57,
6779,
6F9C,
6F9C,
6F9C,
6B7C,
6B7C,
6F7C,
6F7C,
6F7C,
6F7C,
6F7D,
6F7C,
6F7C,
6F7C,
6F7C,
6F7C,
6F7C,
6F7C,
6F7C,
6F7C,
6F7C,
6F7C,
6F7C,
6F7C,
6F7C,
6F7C,
6F7C,
6F7C,
6F7C,
6F7C,
6F7B,
6F7B,
6F7C,
6F7C,
6F7C,
6F7C,
6B5A,
5ED7,
4631,
318B,
1D06,
14A4,
0C82,
0440,
0460,
0CA1,
1504,
1925,
1945,
1D85,
1DA5,
21A5,
21A5,
21C5,
21C5,
21C5,
21C5,
21C4,
21C4,
21E4,
25E4,
21E3,
19E3,
19E2,
19E2,
19E2,
1A03,
1A03,
1A03,
1A03,
1A03,
1A03,
1A03,
1A03,
1E03,
1E03,
1E03,
1E03,
1E03,
1E03,
1E04,
1E04,
1E04,
1E04,
1E04,
1E04,
1E04,
1E04,
1E04,
1E04,
1E04,
1E04,
1E04,
1E24,
1E24,
1E24,
1E24,
1E24,
1E24,
1E24,
1E24,
1E24,
1E24,
1E24,
1E24,
1E24,
1E24,
1E24,
1E24,
1E24,
1E24,
1E24,
1E24,
1E24,
1E24,
1E24,
1E24,
1E24,
1E24,
1E24,
1E24,
1E24,
1E24,
1E24,
1E24,
1E24,
1E24,
1E24,
1E24,
1E24,
1E24,
1E24,
1E24,
1E24,
1E24,
1E24,
1E24,
1E24,
1E24,
1E24,
1E24,
1E24,
1E24,
1E24,
1E24,
1E24,
1E24,
1E24,
1E24,
1E24,
1E24,
1E24,
1E24,
1E24,
1E24,
1E24,
1E24,
1E24,
1E24,
1E24,
1E24,
1E24,
1E24,
1E24,
1E24,
1E24,
1E24,
1E24,
1E24,
1E24,
1E24,
1E24,
1E24,
1E24,
1E24,
1A24,
1A24,
1A24,
1A24,
1A24,
1E03,
1E04,
1E04,
1E04,
1E24,
1E24,
1E24,
1E24,
1E24,
1E24,
1E24,
1E04,
1E04,
1E04,
1E04,
1E04,
1E24,
1E24,
1E24,
1E24,
1E24,
1E24,
1E24,
1E24,
1E24,
1E24,
1E24,
1E24,
1E24,
1E24,
1E24,
1E24,
1E24,
1E04,
1E04,
1E04,
1E04,
1E24,
1E24,
1E24,
1E04,
1E04,
1E24,
1E24,
1E24,
1E24,
1E24,
1E24,
1E24,
1E24,
1E24,
1E24,
1E24,
1E24,
1E24,
1E24,
1E24,
1E24,
1E24,
1E24,
1E24,
1E24,
1E24,
1E24,
1E24,
1E24,
1E24,
1E24,
1E24,
1E24,
1E24,
1E24,
1E24,
1E24,
1E24,
1E24,
1E24,
1E24,
1E24,
1E24,
1E24,
1E24,
1E04,
1E04,
1E04,
1E04,
1E04,
1E04,
1E04,
1E04,
1E04,
1E04,
1E04,
1E04,
1E04,
1E04,
1E04,
1E04,
1E04,
1E04,
1E04,
1E04,
1E04,
1E04,
1E04,
1E04,
1E04,
1E03,
1E04,
1E04,
1E04,
1E04,
21E4,
21E6,
1163,
0080,
1544,
4AF2,
5F57,
5F57,
6779,
677B,
6B7C,
6B7D,
6F7C,
6F7C,
6F7D,
6F7D,
6F7D,
6F7D,
6F7D,
6F7C,
6F7C,
6F7C,
6F7C,
6F7C,
6F7C,
6F7C,
6F7C,
6F7C,
6F7C,
6F7C,
6F7C,
6F7C,
6F7C,
6F7C,
6F7C,
6F7C,
6F7C,
6F7B,
6F7B,
6F7B,
6F9C,
6F9C,
6B5A,
5F17,
4A52,
318B,
18C4,
0861,
0881,
0CA1,
10C2,
1503,
1D44,
1D65,
2185,
25A6,
21A6,
21C5,
21C5,
21C5,
21C4,
21C4,
21C4,
21C4,
21E4,
21E4,
21E3,
21E3,
1DE2,
1DE2,
1DE3,
19E3,
1A03,
1A03,
1A03,
1A03,
1A03,
1A03,
1A03,
1A03,
1A03,
1A03,
1E03,
1E03,
1E03,
1E04,
1E04,
1E04,
1E04,
1E04,
1E04,
1E04,
1E04,
1E04,
1E04,
1E04,
1E04,
1E04,
1E04,
1E04,
1E04,
1E24,
1E24,
1E24,
1E24,
1E24,
1E24,
1E24,
1E24,
1E24,
1E24,
1E24,
1E24,
1E24,
1E24,
1E24,
1E24,
1E24,
1E24,
1E24,
1E24,
1E24,
1E24,
1E24,
1E24,
1E24,
1E24,
1E24,
1E24,
1E24,
1E24,
1E24,
1E24,
1E24,
1E24,
1E24,
1E24,
1E24,
1E24,
1E24,
1E24,
1E24,
1E24,
1E24,
1E24,
1E24,
1E24,
1E24,
1E24,
1E24,
1E24,
1E24,
1A24,
1A24,
1A24,
1A24,
1A24,
1E24,
1E24,
1E24,
1E24,
1E24,
1E24,
1E24,
1E24,
1E24,
1E24,
1E24,
1E24,
1E24,
1E24,
1E24,
1E24,
1E24,
1E24,
1E24,
1E24,
1E24,
1E24,
1E24,
1E24,
1E24,
1E24,
1A24,
1A24,
1A24,
1A24,
1A24,
1E03,
1E04,
1E04,
1E04,
1E24,
1E04,
1E04,
1E24,
1E24,
1E24,
1E24,
1E04,
1E04,
1E04,
1E04,
1E04,
1E04,
1E24,
1E24,
1E24,
1E24,
1E24,
1E24,
1E24,
1E24,
1E24,
1E24,
1E24,
1E24,
1E24,
1E24,
1E24,
1E24,
1E04,
1E04,
1E04,
1E04,
1E24,
1E24,
1E24,
1E04,
1E04,
1E24,
1E24,
1E24,
1E24,
1E24,
1E24,
1E24,
1E24,
1E24,
1E24,
1E24,
1E24,
1E24,
1E24,
1E24,
1E24,
1E24,
1E24,
1E24,
1E24,
1E24,
1E24,
1E24,
1E24,
1E24,
1E24,
1E24,
1E24,
1E24,
1E24,
1E24,
1E24,
1E24,
1E24,
1E24,
1E24,
1E24,
1E24,
1E24,
1E24,
1E04,
1E04,
1E04,
1E04,
1E04,
1E04,
1E04,
1E04,
1E04,
1E04,
1E04,
1E04,
1E04,
1E04,
1E04,
1E04,
1E04,
1E04,
1E04,
1E04,
1E04,
1E04,
1E04,
1E04,
1E04,
1E04,
1E04,
1E04,
1E04,
1E04,
1DE4,
2606,
1583,
00A0,
1965,
4AD2,
5F57,
5F37,
6359,
675B,
6B7C,
6B7D,
6B7D,
6B7D,
6F7D,
6F7D,
6F7D,
6F7D,
6F7D,
6F7C,
6F7C,
6F7C,
6F7C,
6F7C,
6F7C,
6F7C,
6F7C,
6F7C,
6F7C,
6F7C,
6F7C,
6F7C,
6F7C,
6F7C,
6F7C,
6F7C,
6F7C,
6F7B,
6F7B,
6F7B,
6B7B,
6338,
4E92,
31AB,
14C4,
0460,
0460,
0CC1,
1944,
2186,
2186,
25C7,
25C6,
21C6,
21C5,
21C5,
1DC4,
1DE4,
1DE4,
19E3,
19E3,
1DE3,
1DE3,
1DE2,
1DE2,
1DE2,
1DE2,
1DE2,
19E3,
19E3,
1A03,
1A03,
1A03,
1A03,
1A03,
1A03,
1A03,
1A03,
1A03,
1A03,
1A03,
1A03,
1E03,
1E03,
1E04,
1E04,
1E04,
1E04,
1E04,
1E04,
1E04,
1E04,
1E04,
1E04,
1E04,
1E04,
1E04,
1E04,
1E04,
1E04,
1E04,
1E24,
1E24,
1E24,
1E24,
1E24,
1E24,
1E24,
1E24,
1E24,
1E24,
1E24,
1E24,
1E24,
1E24,
1E24,
1E24,
1E24,
1E24,
1E24,
1E24,
1E24,
1E24,
1E24,
1E24,
1E24,
1E24,
1E24,
1E24,
1E24,
1E24,
1E24,
1E24,
1E24,
1E24,
1E24,
1E24,
1E24,
1E24,
1E24,
1E24,
1E24,
1E24,
1E24,
1E24,
1E24,
1E24,
1E24,
1E24,
1E24,
1E24,
1E24,
1A24,
1A24,
1A24,
1A24,
1A24,
1E24,
1E24,
1E24,
1E24,
1E24,
1E24,
1E24,
1E24,
1E24,
1E24,
1E24,
1E24,
1E24,
1E24,
1E24,
1E24,
1E24,
1E24,
1E24,
1E24,
1E24,
1E24,
1E24,
1E24,
1E24,
1E24,
1A24,
1A24,
1A24,
1A24,
1A24,
1E03,
1E04,
1E04,
1E04,
1E04,
1E04,
1E04,
1E04,
1E04,
1E04,
1E04,
1E04,
1E04,
1E04,
1E04,
1E04,
1E04,
1E04,
1E24,
1E24,
1E24,
1E24,
1E24,
1E24,
1E24,
1E24,
1E24,
1E24,
1E24,
1E24,
1E24,
1E24,
1E04,
1E04,
1E04,
1E04,
1E04,
1E04,
1E04,
1E04,
1E24,
1E24,
1E24,
1E24,
1E24,
1E24,
1E24,
1E24,
1E24,
1E24,
1E24,
1E24,
1E24,
1E24,
1E24,
1E24,
1E24,
1E24,
1E24,
1E24,
1E24,
1E24,
1E24,
1E24,
1E24,
1E24,
1E24,
1E04,
1E04,
1E04,
1E04,
1E04,
1E04,
1E04,
1E04,
1E04,
1E04,
1E04,
1E04,
1E04,
1E04,
1E04,
1E04,
1E04,
1E04,
1E04,
1E04,
1E04,
1E04,
1E04,
1E04,
1E04,
1E04,
1E04,
1E04,
1E04,
1E04,
1E04,
1E04,
1E04,
1E04,
1E04,
1E04,
1E04,
1E04,
1E04,
1E04,
1E04,
1E04,
1E04,
1E04,
1E04,
1DE4,
2206,
1584,
00A0,
1966,
4AD2,
5F57,
5F58,
635A,
675B,
6B7C,
6B7D,
6B7D,
6B7D,
6F7D,
6F7D,
6F7D,
6F7D,
6F7D,
6F7C,
6F7C,
6F7C,
6F7C,
6F7C,
6F7C,
6F7C,
6F7C,
6F7C,
6F7C,
6F7C,
6F7C,
6F7C,
6F7C,
6F7C,
6F7C,
6F7C,
6F7C,
6F7B,
6F9B,
6B7A,
5F17,
4651,
2569,
0881,
0060,
08A0,
1523,
2585,
29A6,
25C6,
21C6,
21C5,
21C5,
1DC5,
1DC4,
1DE4,
1DE4,
19E3,
19E3,
19E3,
19E2,
19E2,
1A02,
1A02,
1A02,
1A02,
1A03,
1A03,
1A03,
1A03,
1A03,
1A03,
1A03,
1A03,
1A03,
1A03,
1A03,
1A03,
1A03,
1A03,
1A03,
1A03,
1E03,
1E03,
1E04,
1E04,
1E04,
1E04,
1E04,
1E04,
1E04,
1E04,
1E04,
1E04,
1E04,
1E04,
1E04,
1E04,
1E04,
1E04,
1E04,
1E04,
1E04,
1E04,
1E24,
1E24,
1E24,
1E24,
1E24,
1E24,
1E24,
1E24,
1E24,
1E24,
1E24,
1E24,
1E24,
1E24,
1E24,
1E24,
1E24,
1E24,
1E24,
1E24,
1E24,
1E24,
1E24,
1E24,
1E24,
1E24,
1E24,
1E24,
1E24,
1E24,
1E24,
1E24,
1E24,
1E24,
1E24,
1E24,
1E24,
1E24,
1E24,
1E24,
1E24,
1E24,
1E24,
1E24,
1E24,
1E24,
1E24,
1E24,
1E24,
1E24,
1E24,
1E24,
1E24,
1E24,
1E24,
1E24,
1E24,
1E24,
1E24,
1E24,
1E24,
1E24,
1E24,
1E24,
1E24,
1E24,
1E24,
1E24,
1E24,
1E24,
1E24,
1E24,
1E24,
1E24,
1E24,
1E24,
1E24,
1E24,
1E24,
1E24,
1E24,
1A24,
1A24,
1A24,
1E03,
1E04,
1E04,
1E04,
1E04,
1E04,
1E04,
1E04,
1E04,
1E04,
1E04,
1E04,
1E04,
1E04,
1E04,
1E04,
1E04,
1E04,
1E24,
1E24,
1E24,
1E24,
1E24,
1E24,
1E24,
1E24,
1E24,
1E24,
1E24,
1E24,
1E24,
1E24,
1E04,
1E04,
1E04,
1E04,
1E04,
1E04,
1E04,
1E04,
1E24,
1E24,
1E24,
1E24,
1E24,
1E24,
1E24,
1E24,
1E24,
1E24,
1E24,
1E24,
1E24,
1E24,
1E24,
1E24,
1E24,
1E24,
1E24,
1E24,
1E24,
1E24,
1E24,
1E24,
1E24,
1E24,
1E24,
1E04,
1E04,
1E04,
1E04,
1E04,
1E04,
1E04,
1E04,
1E04,
1E04,
1E04,
1E04,
1E04,
1E04,
1E04,
1E04,
1E04,
1E04,
1E04,
1E04,
1E04,
1E04,
1E04,
1E04,
1E04,
1E04,
1E04,
1E04,
1E04,
1E04,
1E04,
1E04,
1E04,
1E04,
1E04,
1E04,
1E04,
1E04,
1E04,
1E04,
1E04,
1E04,
1E04,
1E04,
1E04,
1E04,
21E6,
1564,
00A0,
1D66,
4ED2,
5F58,
5F58,
635A,
675B,
6B7D,
6B7D,
6B7D,
6F7D,
6F7D,
6F7D,
6F7D,
6F7D,
737D,
6F7C,
6F7C,
6F7C,
6F7C,
6F7C,
6F7C,
6F7C,
6F7C,
6F7C,
6F7C,
6F7C,
6F7C,
6F7C,
6F7C,
6F7C,
6F7C,
6F7C,
6F7C,
6F9B,
6F9A,
6337,
4650,
2547,
0CA1,
0460,
10E3,
2185,
25C5,
25C5,
25A4,
21C4,
1DC4,
1DC3,
1DE3,
19E3,
19E3,
19E3,
19E3,
19E3,
19E3,
19E3,
19E3,
1A03,
1A03,
1A03,
1A03,
1A03,
1A03,
1A03,
1A03,
1A03,
1A03,
1A03,
1A03,
1A03,
1A03,
1A03,
1A03,
1A03,
1A03,
1A03,
1A03,
1A03,
1E03,
1E03,
1E04,
1E04,
1E04,
1E04,
1E04,
1E04,
1E04,
1E04,
1E04,
1E04,
1E04,
1E04,
1E04,
1E04,
1E04,
1E04,
1E04,
1E04,
1E04,
1E04,
1E24,
1E24,
1E24,
1E24,
1E24,
1E24,
1E24,
1E24,
1E24,
1E24,
1E24,
1E24,
1E24,
1E24,
1E24,
1E24,
1E24,
1E24,
1E24,
1E24,
1E24,
1E24,
1E24,
1E24,
1E24,
1E24,
1E24,
1E24,
1E24,
1E24,
1E24,
1E24,
1E24,
1E24,
1E24,
1E24,
1E24,
1E24,
1E24,
1E24,
1E24,
1E24,
1E24,
1E24,
1E24,
1E24,
1E24,
1E24,
1E24,
1E24,
1E24,
1E24,
1E24,
1E24,
1E24,
1E24,
1E24,
1E24,
1E24,
1E24,
1E24,
1E24,
1E24,
1E24,
1E24,
1E25,
1E25,
1E24,
1E24,
1E24,
1E24,
1E24,
1E24,
1E24,
1E24,
1E24,
1E24,
1E24,
1E24,
1E24,
1E24,
1A24,
1A24,
1A24,
1E03,
1E04,
1E04,
1E04,
1E04,
1E04,
1E04,
1E04,
1E04,
1E04,
1E04,
1E04,
1E04,
1E04,
1E04,
1E04,
1E04,
1E04,
1E24,
1E24,
1E24,
1E24,
1E24,
1E24,
1E24,
1E24,
1E24,
1E24,
1E24,
1E24,
1E24,
1E24,
1E04,
1E04,
1E04,
1E04,
1E04,
1E04,
1E04,
1E04,
1E24,
1E24,
1E24,
1E24,
1E24,
1E24,
1E24,
1E24,
1E24,
1E24,
1E24,
1E24,
1E24,
1E24,
1E24,
1E24,
1E24,
1E24,
1E24,
1E24,
1E24,
1E24,
1E24,
1E24,
1E24,
1E24,
1E24,
1E04,
1E04,
1E04,
1E04,
1E04,
1E04,
1E04,
1E04,
1E04,
1E04,
1E04,
1E04,
1E04,
1E04,
1E04,
1E04,
1E04,
1E04,
1E04,
1E04,
1E04,
1E04,
1E04,
1E04,
1E04,
1E04,
1E04,
1E04,
1E04,
1E04,
1E04,
1E04,
1E04,
1E04,
1E04,
1E04,
1E04,
1A04,
1E04,
1E04,
1E04,
1E04,
1E04,
1E04,
1E04,
2205,
21E6,
1564,
04C0,
1D87,
4EF3,
6378,
6359,
633A,
675C,
6B7D,
6F7D,
6B7D,
6F7D,
6F7D,
6F7D,
6F7D,
6F7D,
6F7D,
6F7C,
6F7C,
6F7C,
6F7C,
6F7C,
6F7C,
6F7C,
6F7C,
6F7C,
6F7C,
6F7C,
6F7C,
6F7C,
6F7C,
6F7C,
6F7C,
6F7C,
6F7C,
6F9B,
6758,
4E91,
2DA8,
14E2,
08A0,
1102,
2164,
25A5,
21C4,
21C3,
21C3,
1DC3,
1DE3,
19E2,
19E2,
15E2,
15E2,
19E2,
19E2,
19E2,
19E2,
19E3,
1A03,
1A03,
1A03,
1A03,
1A03,
1A03,
1A03,
1A03,
1A03,
1A03,
1A03,
1A03,
1A03,
1A03,
1A03,
1A03,
1A03,
1A03,
1A03,
1A03,
1A03,
1A03,
1E03,
1E03,
1E03,
1E04,
1E04,
1E04,
1E04,
1E04,
1E04,
1E04,
1E04,
1E04,
1E04,
1E04,
1E04,
1E04,
1E04,
1E04,
1E04,
1E04,
1E04,
1E04,
1E24,
1E24,
1E24,
1E24,
1E24,
1E24,
1E24,
1E24,
1E24,
1E24,
1E24,
1E24,
1E24,
1E24,
1E24,
1E24,
1E24,
1E24,
1E24,
1E24,
1E24,
1E24,
1E24,
1E24,
1E24,
1E24,
1E24,
1E24,
1E24,
1E24,
1E24,
1E24,
1E24,
1E24,
1E24,
1E24,
1E24,
1E24,
1E24,
1E24,
1E24,
1E24,
1E24,
1E24,
1E24,
1E24,
1E24,
1E24,
1E24,
1E24,
1E24,
1E24,
1E24,
1E24,
1E24,
1E24,
1E24,
1E24,
1E24,
1E24,
1E24,
1E24,
1E24,
1E24,
1E24,
1E24,
1E24,
1E24,
1E24,
1E24,
1E24,
1E24,
1E24,
1E24,
1E24,
1E24,
1E24,
1E24,
1E24,
1E24,
1E24,
1E24,
1A24,
1E24,
1E03,
1E04,
1E04,
1E04,
1E04,
1E04,
1E04,
1E04,
1E04,
1E04,
1E04,
1E04,
1E04,
1E04,
1E04,
1E04,
1E04,
1E04,
1E24,
1E24,
1E24,
1E24,
1E24,
1E24,
1E24,
1E24,
1E24,
1E24,
1E24,
1E24,
1E24,
1E24,
1E04,
1E04,
1E04,
1E04,
1E04,
1E04,
1E04,
1E04,
1E24,
1E24,
1E24,
1E24,
1E24,
1E24,
1E24,
1E24,
1E24,
1E24,
1E24,
1E24,
1E24,
1E24,
1E24,
1E24,
1E24,
1E24,
1E24,
1E24,
1E24,
1E24,
1E24,
1E24,
1E24,
1E24,
1E24,
1E04,
1E04,
1E04,
1E04,
1E04,
1E04,
1E04,
1E04,
1E04,
1E04,
1E04,
1E04,
1E04,
1E24,
1E24,
1E04,
1E04,
1E04,
1E04,
1E04,
1E04,
1E04,
1E04,
1E04,
1E04,
1E04,
1E04,
1E04,
1E04,
1E04,
1E04,
1E04,
1E04,
1E04,
1E04,
1E04,
1E04,
1E04,
1E04,
1E05,
1E04,
1E04,
1E04,
1E04,
1E04,
2205,
25C6,
1543,
04A0,
2167,
52D4,
6359,
6359,
635A,
675C,
6B7D,
6F7D,
6F7D,
6F7D,
6F7D,
6F7D,
6F7D,
6F7D,
6F7D,
6F7C,
6F7C,
6F7C,
6F7C,
6F7C,
6F7C,
6F7C,
6F7C,
6F7C,
6F7C,
6F7C,
6F7C,
6F7C,
6F7C,
6F7C,
6F7C,
6F7C,
6F9C,
6B7A,
56D4,
35CB,
1903,
10E0,
1521,
1D83,
21A4,
21A4,
1DA3,
1DC3,
1DC3,
1DE3,
1DE3,
19E2,
19E2,
15E2,
15E2,
19E2,
19E2,
19E2,
19E2,
1A03,
1A03,
1A03,
1A03,
1A03,
1A03,
1A03,
1A03,
1A03,
1A03,
1A03,
1A03,
1A03,
1A03,
1A03,
1A03,
1A03,
1A03,
1A03,
1A03,
1A03,
1A03,
1A03,
1E03,
1E03,
1E03,
1E03,
1E03,
1E03,
1E04,
1E04,
1E04,
1E04,
1E04,
1E04,
1E04,
1E04,
1E04,
1E04,
1E04,
1E04,
1E04,
1E04,
1E04,
1E04,
1E24,
1E24,
1E24,
1E24,
1E24,
1E24,
1E24,
1E24,
1E24,
1E24,
1E24,
1E24,
1E24,
1E24,
1E24,
1E24,
1E24,
1E24,
1E24,
1E24,
1E24,
1E24,
1E24,
1E24,
1E24,
1E24,
1E24,
1E24,
1E24,
1E24,
1E24,
1E24,
1E24,
1E24,
1E24,
1E24,
1E24,
1E24,
1E24,
1E24,
1E24,
1E24,
1E24,
1E24,
1E24,
1E24,
1E24,
1E24,
1E24,
1E24,
1E24,
1E24,
1E24,
1E24,
1E24,
1E24,
1E24,
1E24,
1E24,
1E24,
1E24,
1E24,
1E24,
1E24,
1E24,
1E24,
1E24,
1E24,
1E24,
1E24,
1E24,
1E24,
1E24,
1E24,
1E24,
1E24,
1E24,
1E24,
1E24,
1E24,
1E24,
1E24,
1A24,
1E24,
1E04,
1E04,
1E04,
1E04,
1E04,
1E04,
1E04,
1E04,
1E04,
1E04,
1E04,
1E04,
1E04,
1E04,
1E04,
1E04,
1E04,
1E04,
1E24,
1E24,
1E24,
1E24,
1E24,
1E24,
1E24,
1E24,
1E24,
1E24,
1E24,
1E24,
1E24,
1E24,
1E04,
1E04,
1E04,
1E04,
1E04,
1E04,
1E04,
1E04,
1E24,
1E24,
1E24,
1E24,
1E24,
1E24,
1E24,
1E24,
1E24,
1E24,
1E24,
1E24,
1E24,
1E24,
1E24,
1E24,
1E24,
1E24,
1E24,
1E24,
1E24,
1E24,
1E24,
1E24,
1E24,
1E24,
1E24,
1E04,
1E04,
1E04,
1E04,
1E04,
1E04,
1E04,
1E04,
1E04,
1E04,
1E04,
1E04,
1E04,
1E24,
1E24,
1E04,
1E04,
1E04,
1E04,
1E04,
1E04,
1E04,
1E04,
1E04,
1E04,
1E04,
1E04,
1E04,
1E04,
1E04,
1E04,
1E04,
1E04,
1E04,
1E04,
1E04,
1E04,
1DE4,
1DE5,
1DE5,
1E04,
2204,
1E04,
1E04,
1E04,
21E5,
25C6,
1522,
08A0,
29A9,
56F5,
675A,
6339,
675A,
6B7C,
6F7D,
6F7D,
6F7D,
6F7D,
6F7D,
6F7C,
6F7D,
6F7D,
6F7D,
6F7C,
6F7C,
6F7C,
6F7C,
6F7C,
6F7C,
6F7C,
6F7C,
6F7C,
6F7C,
6F7C,
6F7C,
6F7C,
6F7C,
6F7C,
6F7C,
6F7C,
739C,
6759,
4670,
1D26,
08A0,
0CE0,
1D63,
21A5,
21A4,
1DA3,
1DA3,
1DC2,
1DC2,
1DE3,
1DE2,
19E2,
19E2,
19E2,
19E2,
19E2,
19E2,
19E2,
19E3,
1A03,
1A03,
1A03,
1A03,
1A03,
1A03,
1A03,
1A03,
1A03,
1A03,
1A03,
1A03,
1A03,
1A03,
1A03,
1A03,
1A03,
1A03,
1A03,
1A03,
1A03,
1A03,
1A03,
1E03,
1E03,
1E03,
1E03,
1E03,
1E03,
1E03,
1E04,
1E04,
1E04,
1E04,
1E04,
1E04,
1E04,
1E04,
1E04,
1E04,
1E04,
1E04,
1E04,
1E04,
1E04,
1E04,
1E04,
1E04,
1E24,
1E24,
1E24,
1E24,
1E24,
1E24,
1E24,
1E24,
1E24,
1E24,
1E24,
1E24,
1E24,
1E24,
1E24,
1E24,
1E24,
1E24,
1E24,
1E24,
1E24,
1E24,
1E24,
1E24,
1E24,
1E24,
1E24,
1E24,
1E24,
1E24,
1E24,
1E24,
1E24,
1E24,
1E24,
1E24,
1E24,
1E24,
1E24,
1E24,
1E24,
1E24,
1E24,
1E24,
1E24,
1E24,
1E24,
1E24,
1E24,
1E24,
1E24,
1E24,
1E24,
1E24,
1E24,
1E24,
1E24,
1E24,
1E24,
1E24,
1E24,
1E24,
1E24,
1E24,
1E24,
1E24,
1E24,
1E24,
1E24,
1E24,
1E24,
1E24,
1E24,
1E24,
1E24,
1E24,
1E24,
1E24,
1E24,
1E24,
1E24,
1E04,
1E04,
1E04,
1E04,
1E04,
1E04,
1E04,
1E04,
1E04,
1E04,
1E04,
1E04,
1E04,
1E04,
1E04,
1E04,
1E04,
1E04,
1E04,
1E04,
1E04,
1E04,
1E04,
1E04,
1E04,
1E04,
1E04,
1E04,
1E04,
1E04,
1E04,
1E04,
1E04,
1E04,
1E04,
1E04,
1E04,
1E04,
1E04,
1E04,
1E24,
1E24,
1E24,
1E24,
1E24,
1E24,
1E24,
1E24,
1E24,
1E24,
1E24,
1E24,
1E24,
1E24,
1E24,
1E24,
1E24,
1E24,
1E24,
1E24,
1E24,
1E24,
1E24,
1E24,
1E24,
1E24,
1E24,
1E04,
1E04,
1E04,
1E04,
1E04,
1E04,
1E04,
1E04,
1E04,
1E04,
1E04,
1E04,
1E24,
1E24,
1E23,
1E04,
1E04,
1E04,
1E04,
1E04,
1E04,
1E04,
1E04,
1E03,
1E03,
1E04,
1E04,
1E04,
1E04,
1E04,
1E04,
1E04,
1E04,
1E04,
1E04,
1E04,
1E04,
19E4,
19A3,
19A3,
1DC4,
2205,
1DE4,
1DE4,
1E04,
21E5,
2185,
1101,
10E3,
360D,
5B16,
675A,
675A,
675B,
6B7C,
6F7D,
6F7D,
6F7D,
6F7D,
6F7D,
6F7D,
6F7D,
6F7D,
6F7C,
6F7C,
6F7C,
6F7C,
6F7C,
6F7C,
6F7C,
6F7C,
6F7C,
6F7C,
6F7C,
6F7C,
6F7C,
6F7C,
6F7C,
6F7C,
6F7C,
6F7C,
739C,
6759,
424F,
1905,
08A0,
1101,
2184,
25C5,
21A4,
1DA3,
1DA2,
1DC2,
1DC2,
1DE2,
1DE2,
19E2,
19E2,
19E2,
19E2,
19E2,
19E2,
19E2,
19E2,
19E2,
19E3,
1A03,
1A03,
1A03,
1A03,
19E3,
1A03,
1A03,
1A03,
1A03,
1A03,
1A03,
1A03,
1A03,
1A03,
1A03,
1A03,
1A03,
1A03,
1A03,
1A03,
1A03,
1E03,
1E03,
1E03,
1E03,
1E03,
1E03,
1E03,
1E03,
1E03,
1E04,
1E04,
1E04,
1E04,
1E04,
1E04,
1E04,
1E04,
1E04,
1E04,
1E04,
1E04,
1E04,
1E04,
1E04,
1E04,
1E04,
1E04,
1E24,
1E24,
1E24,
1E24,
1E24,
1E24,
1E24,
1E24,
1E24,
1E24,
1E24,
1E24,
1E24,
1E24,
1E24,
1E24,
1E24,
1E24,
1E24,
1E24,
1E24,
1E24,
1E24,
1E24,
1E24,
1E24,
1E24,
1E24,
1E24,
1E04,
1E04,
1E04,
1E04,
1E04,
1E24,
1E24,
1E24,
1E24,
1E24,
1E24,
1E24,
1E24,
1E24,
1E24,
1E24,
1E24,
1E24,
1E24,
1E24,
1E24,
1E24,
1E24,
1E24,
1E24,
1E24,
1E24,
1E24,
1E24,
1E24,
1E24,
1E24,
1E24,
1E24,
1E24,
1E24,
1E24,
1E24,
1E24,
1E24,
1E24,
1E24,
1E24,
1E24,
1E24,
1E24,
1E24,
1E24,
1E24,
1E24,
1E04,
1E04,
1E04,
1E04,
1E04,
1E04,
1E04,
1E04,
1E04,
1E04,
1E04,
1E04,
1E04,
1E04,
1E04,
1E04,
1E04,
1E04,
1E04,
1E04,
1E04,
1E04,
1E04,
1E04,
1E04,
1E04,
1E04,
1E04,
1E04,
1E04,
1E04,
1E04,
1E04,
1E04,
1E04,
1E04,
1E04,
1E04,
1E04,
1E04,
1E24,
1E24,
1E24,
1E24,
1E24,
1E24,
1E24,
1E24,
1E24,
1E24,
1E24,
1E24,
1E24,
1E24,
1E24,
1E24,
1E24,
1E24,
1E24,
1E24,
1E24,
1E24,
1E24,
1E24,
1E24,
1E24,
1E24,
1E04,
1E04,
1E04,
1E04,
1E04,
1E04,
1E04,
1E04,
1E04,
1E04,
1E04,
1E24,
1E23,
1E03,
1E04,
1E03,
1E03,
1E03,
1E03,
1E04,
1E03,
1E03,
1E03,
1E03,
1E03,
1E04,
1E04,
1E04,
1E04,
1E04,
1E04,
1E04,
1E04,
1E04,
1E04,
1E04,
2205,
1DE4,
1582,
0D41,
1162,
1DE4,
1DE4,
1DE4,
2205,
1DC4,
1963,
0CE1,
1503,
424F,
6338,
675A,
675A,
6B5B,
6F7D,
6F7D,
6F7D,
6F7D,
6F7D,
6F7D,
6F7D,
6F7D,
6F7D,
6F7C,
6F7C,
737C,
6F7C,
6F7C,
6F7C,
6F7C,
6F7C,
6F7C,
6F7C,
6F7C,
6F7C,
6F7C,
6F7C,
6F7B,
6F7B,
6F7C,
6F7C,
739C,
6B7A,
424F,
1925,
08A0,
1522,
21A5,
21A4,
21A4,
1DA3,
1DA2,
19C2,
19C1,
19E1,
19E1,
19E1,
19E1,
19E2,
19E1,
19E2,
19E2,
19E2,
19E2,
19E2,
19E3,
19E3,
19E3,
19E3,
19E3,
19E3,
1A03,
1A03,
1A03,
1A03,
1A03,
1A03,
1A03,
1A03,
1A03,
1A03,
1A03,
1A03,
1A03,
1A03,
1A03,
1A03,
1A03,
1E04,
1E03,
1E04,
1E03,
1E03,
1E03,
1E03,
1E03,
1E03,
1E03,
1E04,
1E04,
1E04,
1E04,
1E04,
1E04,
1E04,
1E04,
1E04,
1E04,
1E04,
1E04,
1E04,
1E04,
1E04,
1E04,
1E04,
1E04,
1E04,
1E04,
1E24,
1E24,
1E24,
1E24,
1E24,
1E24,
1E24,
1E24,
1E24,
1E24,
1E24,
1E24,
1E24,
1E24,
1E24,
1E24,
1E24,
1E24,
1E24,
1E24,
1E04,
1E04,
1E24,
1E24,
1E24,
1E04,
1E04,
1E04,
1E04,
1E04,
1E24,
1E24,
1E24,
1E24,
1E24,
1E24,
1E24,
1E24,
1E24,
1E24,
1E24,
1E24,
1E24,
1E24,
1E24,
2224,
2224,
2224,
2224,
2224,
1E24,
1E24,
1E24,
1E24,
1E24,
1E24,
1E24,
1E24,
1E24,
1E24,
1E24,
1E24,
1E24,
1E24,
1E24,
1E24,
1E24,
1E24,
1E24,
1E24,
1E24,
1E24,
1E24,
1E24,
1E24,
1E04,
1E04,
1E04,
1E04,
1E04,
1E04,
1E04,
1E04,
1E04,
1E04,
1E04,
1E04,
1E04,
1E04,
1E04,
1E04,
1E04,
1E04,
1E04,
1E04,
1E04,
1E04,
1E04,
1E04,
1E04,
1E04,
1E04,
1E04,
1E04,
1E04,
1E04,
1E04,
1E04,
1E04,
1E04,
1E04,
1E04,
1E04,
1E04,
1E04,
1E24,
1E24,
1E24,
1E24,
1E24,
1E24,
1E24,
1E24,
1E24,
1E24,
1E24,
1E24,
1E24,
1E24,
1E24,
1E24,
1E24,
1E24,
1E24,
1E24,
1E24,
1E24,
1E24,
1E24,
1E24,
1E24,
1E24,
1E04,
1E04,
1E04,
1E04,
1E04,
1E04,
1E04,
1E04,
1E04,
1E04,
1E04,
1E24,
1E03,
1E03,
1E04,
1E03,
1E03,
1E03,
1E03,
1E03,
1E03,
1E03,
1E03,
1E03,
1E03,
1E04,
1E04,
1E04,
1E04,
1E04,
1E04,
1E04,
1E04,
1E04,
1E04,
1E04,
2204,
21E4,
1141,
00C0,
00C0,
1161,
1DC3,
1DE4,
2605,
21C5,
1522,
0480,
2146,
52D3,
6759,
675B,
675B,
6B5B,
6F7D,
6F7D,
6F7D,
6F7D,
6F7D,
6F7D,
6F7D,
6F7D,
6F7D,
6F7C,
6F7C,
6F7C,
6F7C,
6F7C,
6F7C,
6F7C,
6F7C,
6F7C,
6F7C,
6F7C,
6F7C,
6F7C,
6F7C,
6F7B,
6F7B,
6F7C,
6F7C,
6F7C,
6B7A,
4691,
1D46,
0CC1,
1122,
21A5,
21A5,
21A4,
1DA3,
1DC2,
19C2,
19C2,
19E2,
19E2,
19E1,
19E1,
19E1,
19E1,
19E2,
19E2,
19E2,
19E2,
19E2,
19E3,
19E2,
19E2,
19E3,
19E3,
19E3,
1A03,
1A03,
1A03,
1A03,
1A03,
1A03,
1A03,
1A03,
1A03,
1A03,
1A03,
1A03,
1A03,
1A03,
1A03,
1A03,
1A03,
1E04,
1E04,
1E04,
1E03,
1E03,
1E03,
1E03,
1E03,
1E03,
1E03,
1E04,
1E04,
1E04,
1E04,
1E04,
1E04,
1E04,
1E04,
1E04,
1E04,
1E04,
1E04,
1E04,
1E04,
1E04,
1E04,
1E04,
1E04,
1E04,
1E24,
1E24,
1E24,
1E24,
1E24,
1E24,
1E24,
1E24,
1E24,
1E24,
1E24,
1E24,
1E24,
1E24,
1E24,
1E24,
1E24,
1E04,
1E04,
1E04,
1E04,
1E04,
1E04,
1E04,
1E04,
1E04,
1E04,
1E04,
1E04,
1E04,
1E04,
1E24,
1E24,
1E24,
1E24,
1E24,
1E24,
1E24,
1E24,
1E24,
1E24,
1E24,
1E24,
1E24,
1E24,
1E24,
1E24,
1E24,
1E24,
1E24,
1E24,
1E24,
1E24,
1E24,
1E24,
1E24,
2224,
2224,
2224,
2224,
2224,
1E24,
1E24,
1E24,
1E24,
1E24,
1E24,
1E24,
1E24,
1E24,
1E24,
1E24,
1E24,
1E24,
1E24,
1E24,
1E04,
1E04,
1E04,
1E04,
1E04,
1E04,
1E04,
1E04,
1E04,
1E04,
1E04,
1E04,
1E04,
1E04,
1E04,
1E04,
1E04,
1E04,
1E04,
1E04,
1E04,
1E04,
1E04,
1E04,
1E04,
1E04,
1E04,
1E04,
1E04,
1E04,
1E04,
1E04,
1E04,
1E04,
1E04,
1E04,
1E04,
1E04,
1E04,
1E24,
1E24,
1E24,
1E24,
1E24,
1E24,
1E24,
1E24,
1E24,
1E24,
1E24,
1E24,
1E24,
1E24,
1E24,
1E24,
1E24,
1E24,
1E24,
1E24,
1E24,
1E24,
1E24,
1E24,
1E24,
1E24,
1E24,
1E24,
1E04,
1E04,
1E04,
1E04,
1E04,
1E04,
1E04,
1E04,
1E04,
1E04,
1E04,
1E04,
1E04,
1E04,
1E04,
1E03,
1E03,
1E03,
1E03,
1E03,
1E03,
1E03,
1E03,
1E03,
1E03,
1E04,
1E04,
1E04,
1E04,
1E04,
1E04,
1E04,
1E04,
1E04,
1E04,
1E04,
2204,
21E4,
1142,
00A0,
0080,
0500,
1561,
1D83,
21A4,
1D84,
08A0,
0880,
39ED,
5F18,
675A,
675B,
675B,
6B5C,
6F7D,
6F7D,
6F7D,
6F7D,
6F7D,
6F7D,
6F7D,
6F7D,
6F7D,
6F7C,
6F7C,
6F7C,
6F7C,
6F7C,
6F7C,
6F7C,
6F7C,
6F7C,
6F7C,
6F7C,
6F7C,
6F7C,
6F7C,
6F7C,
6F7C,
6F7C,
6F7C,
6F7C,
6B9B,
56F5,
31CB,
10E3,
0CE1,
1542,
1DA4,
21C4,
21C4,
1DC2,
1DE2,
1DE2,
1DE2,
1DE2,
1DE2,
19E2,
19E2,
19E1,
19E2,
19E2,
19E2,
19E3,
19E3,
19E3,
19E3,
1A03,
1A03,
1A03,
19E3,
19E3,
1A03,
1A03,
1A03,
1A03,
1A03,
1A03,
1A03,
1A03,
1A03,
1A03,
1A03,
1A03,
1A03,
1A03,
1A03,
1A03,
1E03,
1E04,
1E04,
1E03,
1E03,
1E03,
1E03,
1E03,
1E03,
1E03,
1E04,
1E04,
1E04,
1E04,
1E04,
1E04,
1E04,
1E04,
1E04,
1E04,
1E04,
1E04,
1E04,
1E04,
1E04,
1E04,
1E04,
1E24,
1E24,
1E24,
1A24,
1A24,
1E24,
1E24,
1E24,
1E24,
1E24,
1E24,
1E24,
1E24,
1E24,
1E24,
1E24,
1E24,
1E24,
1E24,
1E04,
1E04,
1E04,
1E04,
1E04,
1E04,
1E04,
1E04,
1E04,
1E04,
1E04,
1E04,
1E04,
1E04,
1E24,
1E24,
1E24,
1E24,
1E24,
1E24,
1E24,
1E24,
1E24,
1E24,
1E24,
1E24,
1E24,
1E24,
1E24,
1E24,
1E24,
1E24,
1E24,
1E24,
1E24,
1E24,
1E24,
1E24,
1E24,
1E24,
1E24,
1E24,
1E24,
1E24,
1E24,
1E24,
1E24,
1E24,
1E24,
1E24,
1E24,
1E24,
1E24,
1E24,
1E24,
1E24,
1E24,
1E24,
1E24,
1E04,
1E04,
1E04,
1E04,
1E04,
1E04,
1E04,
1E04,
1E04,
1E04,
1E04,
1E04,
1E04,
1E04,
1E04,
1E04,
1E04,
1E04,
1E04,
1E04,
1E04,
1E04,
1E04,
1E04,
1E04,
1E04,
1E04,
1E04,
1E04,
1E04,
1E04,
1E04,
1E04,
1E04,
1E04,
1E04,
1E04,
1E04,
1E04,
1E24,
1E24,
1E24,
1E24,
1E24,
1E24,
1E24,
1E04,
1E24,
1E24,
1E24,
1E24,
1E24,
1E24,
1E24,
1E24,
1E24,
1E24,
1E24,
1E24,
1E24,
1E24,
1E24,
1E24,
1E24,
1E24,
1E24,
1E24,
1E04,
1E04,
1E04,
1E04,
1E04,
1E04,
1E04,
1E04,
1E04,
1E04,
1E04,
1E04,
1E04,
1E04,
1E04,
1E04,
1E03,
1E03,
1E03,
1E03,
1E03,
1E03,
1E03,
1E03,
1E03,
1E04,
1E04,
1E04,
1E03,
1E03,
1E04,
1E04,
1E04,
1E04,
1E04,
1E04,
2204,
21E5,
1D84,
0D01,
0080,
00A0,
00C0,
08E0,
0D01,
08C1,
0060,
18E6,
5295,
673A,
673A,
675B,
675B,
6B5C,
6F7D,
6F7D,
6F7D,
6F7D,
6F7D,
6F7D,
6F7D,
6F7D,
6F7D,
6F7C,
6F7C,
6F7C,
6F7C,
6F7C,
6F7C,
6F7C,
6F7C,
6F7C,
6F7C,
6F7C,
6F7C,
6F7C,
6F7C,
6F7C,
6F7C,
6F7C,
6F7C,
6F7C,
6B9C,
6359,
4A92,
1D47,
08C0,
04C0,
1140,
1DA3,
21E4,
21E3,
21E2,
1DE2,
1DE3,
1DE2,
1DE2,
19E2,
19E2,
19E2,
19E2,
19E3,
19E3,
19E3,
19E3,
19E3,
19E3,
19E3,
19E2,
19E2,
19E3,
19E3,
1A03,
1A03,
1A03,
1A03,
1A03,
1A03,
1A03,
1A03,
1A03,
1A03,
1A03,
1A03,
1A03,
1A03,
1A03,
1A03,
1E03,
1E04,
1E04,
1E03,
1E03,
1E03,
1E03,
1E03,
1E03,
1E03,
1E04,
1E04,
1E04,
1E04,
1E04,
1E04,
1E04,
1E04,
1E04,
1E04,
1E04,
1E04,
1E04,
1E04,
1E04,
1E04,
1E04,
1E04,
1E24,
1E24,
1A24,
1A24,
1E24,
1E24,
1E04,
1E04,
1E24,
1E24,
1E24,
1E24,
1E24,
1E24,
1E24,
1E24,
1E24,
1E04,
1E04,
1E04,
1E04,
1E04,
1E04,
1E04,
1E04,
1E04,
1E04,
1E04,
1E04,
1E04,
1E04,
1E04,
1E24,
1E24,
1E24,
1E24,
1E24,
1E24,
1E24,
1E24,
1E24,
1E24,
1E24,
1E24,
1E24,
1E24,
1E24,
1E24,
1E24,
1E24,
1E24,
1E24,
1E24,
1E24,
1E24,
1E24,
1E24,
1E24,
1E24,
1E24,
1E24,
1E24,
1E24,
1E24,
1E24,
1E24,
1E24,
1E24,
1E24,
1E24,
1E24,
1E24,
1E24,
1E24,
1E24,
1E24,
1E24,
1E04,
1E04,
1E04,
1E04,
1E04,
1E04,
1E04,
1E04,
1E04,
1E04,
1E04,
1E04,
1E04,
1E04,
1E04,
1E04,
1E04,
1E04,
1E04,
1E04,
1E04,
1E04,
1E04,
1E04,
1E04,
1E04,
1E04,
1E04,
1E04,
1E04,
1E04,
1E04,
1E04,
1E04,
1E04,
1E04,
1E04,
1E24,
1E24,
1E24,
1E24,
1E24,
1E24,
1E24,
1E24,
1E24,
1E24,
1E24,
1E24,
1E24,
1E24,
1E24,
1E24,
1E24,
1E24,
1E24,
1E24,
1E24,
1E24,
1E24,
1E24,
1E24,
1E24,
1E24,
1E24,
1E24,
1E24,
1E04,
1E04,
1E04,
1E04,
1E04,
1E04,
1E04,
1E04,
1E04,
1E04,
1E04,
1E04,
1E04,
1E03,
1E03,
1E03,
1E03,
1E03,
1E03,
1E03,
1E03,
1E03,
1E03,
1E03,
1E03,
1E04,
1E03,
1E03,
1E03,
1E03,
1E04,
1E04,
1E04,
1E03,
1E03,
1E03,
2203,
2605,
21C6,
1123,
00C0,
00A0,
04C0,
08C0,
04A0,
0080,
0482,
31AD,
5EF9,
675B,
675B,
6B5B,
6B5B,
6B5C,
6F7D,
6F7D,
6F7D,
6F7D,
6F7D,
6F7D,
6F7D,
6F7C,
6F7C,
6F7D,
6F7D,
6F7C,
6F7C,
6F7C,
6F7C,
6F7C,
6F7C,
6F7C,
6F7C,
6F7C,
6F7C,
6F7C,
6F7C,
6F7C,
6F7C,
6F7B,
6F7B,
6F7C,
6B9C,
6B9B,
5B16,
362D,
1924,
04A0,
04C0,
0D20,
1562,
1DA2,
21C3,
21C3,
1DC3,
1DC3,
1DC3,
1DE3,
1DE3,
1DE3,
1DE3,
1DE3,
19E3,
15E2,
11C2,
11A1,
11A1,
0DA1,
11C1,
15E2,
1A03,
1A03,
1A03,
1A03,
1A03,
1A03,
1A03,
1A03,
1A03,
1A03,
1A03,
1A03,
1A03,
1A03,
1A03,
1A03,
1A03,
1A03,
1E03,
1E03,
1E03,
1E03,
1E03,
1E03,
1E03,
1E03,
1E03,
1E03,
1E04,
1E04,
1E04,
1E04,
1E04,
1E04,
1E04,
1E04,
1E04,
1E04,
1E04,
1E04,
1E04,
1E04,
1E04,
1E04,
1E04,
1E04,
1E24,
1E24,
1A24,
1A24,
1E24,
1E24,
1E25,
1E25,
1E24,
1E24,
1E24,
1E24,
1E24,
1E04,
1E04,
1E24,
1E24,
1E24,
1E04,
1E04,
1E04,
1E04,
1E04,
1E04,
1E04,
1E04,
1E04,
1E04,
1E04,
1E04,
1E04,
1E04,
1E24,
1E24,
1E24,
1E24,
1E24,
1E24,
1E24,
1E24,
1E24,
1E24,
1E24,
1E24,
1E24,
1E24,
1E24,
1E24,
1E24,
1E24,
1E24,
1E24,
1E24,
1E24,
1E24,
1E24,
1E24,
1E24,
1E24,
1E24,
1E24,
1E24,
1E24,
1E24,
1E24,
1E24,
1E24,
1E24,
1E24,
1E24,
1E24,
1E24,
1E24,
1E24,
1E24,
1E24,
1E24,
1E04,
1E04,
1E04,
1E04,
1E04,
1E04,
1E04,
1E04,
1E04,
1E04,
1E04,
1E04,
1E04,
1E04,
1E04,
1E04,
1E04,
1E04,
1E04,
1E04,
1E04,
1E04,
1E04,
1E04,
1E04,
1E04,
1E04,
1E04,
1E04,
1E04,
1E04,
1E04,
1E04,
1E04,
1E04,
1E04,
1E04,
1E24,
1E24,
1E24,
1E24,
1E24,
1E24,
2224,
1E24,
1E24,
1E24,
1E24,
1E24,
1E24,
1E24,
1E24,
1E24,
1E24,
1E24,
1E24,
1E24,
1E24,
1E24,
1E24,
1E24,
1E24,
1E24,
1E24,
1E24,
1E24,
1E24,
1E04,
1E04,
1E04,
1E04,
1E04,
1E04,
1E04,
1E04,
1E04,
1E04,
1E04,
1E04,
1E04,
1E03,
1E03,
1E03,
1E03,
1E03,
1E03,
1E03,
1E03,
1E03,
1E03,
1E03,
1E03,
1E04,
1E03,
1E03,
1E03,
1E03,
1E04,
1E03,
1E04,
1E04,
1E04,
1E03,
1E03,
21E5,
21A6,
1924,
0CE1,
1945,
2DCA,
2DCA,
2588,
2569,
31CE,
4E95,
673B,
6B5B,
6B5B,
6B5B,
6B5B,
6F7C,
6F7D,
6F7D,
6F7D,
6F7D,
6F7D,
6F7D,
6F7D,
6F7C,
6F7C,
6F7D,
6F7D,
6F7C,
6F7C,
6F7C,
6F7C,
6F7C,
6F7C,
6F7C,
6F7C,
6F7C,
6F7C,
6F7C,
6F7C,
6F7C,
6F7C,
6F7B,
6F7B,
6F7C,
6B7B,
6B7B,
677A,
5715,
426F,
2187,
0CE1,
04A0,
04C0,
0900,
1541,
1561,
1561,
1581,
19A2,
1DC3,
1DC3,
19C2,
15A1,
15A1,
11A1,
0980,
0960,
0540,
0540,
0540,
0980,
15C1,
1A03,
1A03,
1A03,
1A03,
1A03,
1A03,
1A03,
1A03,
1A03,
1A03,
1A03,
1A03,
1A03,
1A03,
1A03,
1A03,
1A03,
1A03,
1E03,
1E03,
1E03,
1E03,
1E03,
1E03,
1E03,
1E03,
1E03,
1E03,
1E04,
1E04,
1E04,
1E04,
1E04,
1E04,
1E04,
1E04,
1E04,
1E04,
1E04,
1E04,
1E04,
1E04,
1E04,
1E04,
1E04,
1E24,
1E24,
1A24,
1A04,
1A24,
1E24,
1E04,
1E04,
1E05,
1E05,
1E24,
2224,
1E04,
1E04,
1E05,
1E04,
1E04,
1E04,
1E04,
1E04,
1E04,
1E04,
1E04,
1E04,
1E04,
1E04,
1E04,
1E04,
1E04,
1E04,
1E04,
1E04,
1E04,
1E24,
1E24,
1E24,
1E24,
1E24,
1E24,
1E24,
1E24,
1E24,
1E24,
1E24,
1E24,
1E24,
1E24,
1E24,
1E24,
1E24,
1E24,
1E24,
1E24,
1E24,
1E24,
1E24,
1E24,
1E24,
1E24,
1E24,
1E24,
1E24,
1E24,
1E24,
1E25,
1E24,
1E24,
1E24,
1E24,
1E24,
1E24,
1E24,
1E24,
1E24,
1E24,
1E24,
1E24,
1E24,
1E04,
1E04,
1E04,
1E04,
1E04,
1E04,
1E04,
1E04,
1E04,
1E04,
1E04,
1E04,
1E04,
1E04,
1E04,
1E04,
1E04,
1E04,
1E04,
1E04,
1E04,
1E04,
1E04,
1E04,
1E04,
1E04,
1E04,
1E04,
1E04,
1E04,
1E04,
1E04,
1E04,
1E04,
1E04,
1E04,
1E04,
1E24,
1E24,
1E24,
1E24,
1E24,
1E24,
2224,
1E24,
1E24,
1E24,
1E24,
1E24,
1E24,
1E24,
1E24,
1E24,
1E24,
1E24,
1E24,
1E24,
1E24,
1E24,
1E24,
1E24,
1E24,
1E24,
1E24,
1E24,
1E24,
1E24,
1E04,
1E04,
1E04,
1E04,
1E04,
1E04,
1E04,
1E04,
1E04,
1E04,
1E04,
1E04,
1E04,
1E03,
1E03,
1E03,
1E03,
1E03,
1E03,
1E03,
1E03,
1E03,
1E03,
1E03,
1E03,
1E03,
1E03,
1E03,
1E03,
1E03,
1E03,
1E03,
1E04,
1E04,
1DE4,
1DE4,
1DE4,
21E6,
25A7,
1924,
14E4,
2D8A,
4A72,
56F5,
5B16,
56D7,
5F19,
6B5B,
6B5B,
6B5B,
6B5B,
6B5B,
6F7C,
6F7D,
6F7D,
6F7D,
6F7D,
6F7D,
6F7D,
6F7D,
6F7D,
6F7C,
6F7C,
6F7D,
6F7C,
6F7C,
6F7C,
6F7C,
6F7C,
6F7C,
6F7C,
6F7C,
6F7C,
6F7C,
6F7C,
6F7C,
6F7C,
6F7C,
6F7C,
6F7B,
6F7B,
6F7C,
6B7B,
6B7B,
677B,
6779,
6357,
52F4,
3A4D,
2588,
1503,
04A0,
00A0,
04C0,
04C0,
04C0,
04E0,
0500,
0500,
0500,
00E0,
00E0,
00E0,
0100,
0120,
0120,
0540,
0540,
0980,
15C1,
19E3,
19E3,
19E3,
1A03,
1A03,
1A03,
1A03,
1A03,
1A03,
1A03,
1A03,
1A03,
1A03,
1A03,
1A03,
1A03,
1A03,
1A03,
1E03,
1E03,
1E03,
1E03,
1E03,
1E03,
1E03,
1E03,
1E03,
1E03,
1E04,
1E04,
1E04,
1E04,
1E04,
1E04,
1E04,
1E04,
1E04,
1E04,
1E04,
1E04,
1E04,
1E04,
1E04,
1E04,
1E04,
1E24,
1E24,
1A04,
1A04,
1E04,
1E05,
1E04,
19E4,
15C3,
11C2,
15C2,
19E3,
1E04,
1E04,
1E05,
1E05,
1E04,
1E04,
15E3,
11C2,
11C1,
11C2,
11C2,
15C2,
1A04,
1A04,
1A04,
1E04,
1E04,
1E04,
1E04,
1E04,
1E04,
1E24,
1E24,
1E24,
1E24,
1E24,
1E24,
1E24,
1E24,
1E24,
1E24,
1E24,
1E24,
1E24,
1E24,
1E24,
1E24,
1E24,
1E24,
1E24,
1E24,
1E24,
1E24,
1E24,
1E24,
1E24,
1E24,
1E24,
1E24,
1E24,
1E24,
1E24,
1E25,
1E24,
1E24,
1E24,
1E24,
1E24,
1E24,
1E24,
1E24,
1E24,
1E24,
1E24,
1E24,
1E24,
1E04,
1E04,
1E04,
1E04,
1E04,
1E04,
1E04,
1E04,
1E04,
1E04,
1E04,
1E04,
1E04,
1E04,
1E04,
1E04,
1E04,
1E04,
1E04,
1E04,
1E04,
1E04,
1E04,
1E04,
1E04,
1E04,
1E04,
1E04,
1E04,
1E04,
1E04,
1E04,
1E04,
1E04,
1E04,
1E04,
1E04,
1E24,
1E24,
1E24,
1E24,
1E24,
1E24,
2224,
1E24,
1E24,
1E24,
1E24,
1E24,
1E24,
1E24,
1E24,
1E24,
1E24,
1E24,
1E24,
1E24,
1E24,
1E24,
1E24,
1E24,
1E24,
1E04,
1E04,
1E04,
1E04,
1E04,
1E04,
1E04,
1E04,
1E04,
1E04,
1E04,
1E04,
1E04,
1E04,
1E04,
1E04,
1E04,
1E04,
1E03,
1E03,
1E03,
1E03,
1E03,
1E03,
1E03,
1E03,
1E03,
1E03,
1E03,
1E03,
1E03,
1E04,
1E03,
1E04,
1A04,
1A03,
1A03,
1E04,
1DE4,
1DE4,
1DE5,
1DE5,
21E7,
21A7,
10E3,
0CA3,
2D8B,
52B5,
6339,
6B5B,
675B,
6B5C,
6F7D,
6B5C,
6B5C,
6B5C,
6B7C,
6F7D,
6F7D,
6F7D,
6F7D,
6F7D,
6F7D,
6F7D,
6F7D,
6F7D,
6F7C,
6F7C,
6F7C,
6F7C,
6F7D,
6F7C,
6F7C,
6F7C,
6F7C,
6F7C,
6F7C,
6F7C,
6F7C,
6F7C,
6F7C,
6F7C,
6F7C,
6F7C,
6F7B,
6F7B,
6F7C,
6F7B,
6B7B,
6B7B,
6B7A,
6B99,
6778,
6357,
5B15,
466F,
2DC8,
1D64,
1523,
1102,
04A0,
0060,
0060,
0080,
0080,
00A0,
00A0,
00C0,
0100,
0541,
0961,
0960,
0D81,
11A2,
19E2,
19E3,
19E3,
19E3,
1A03,
1A03,
1A03,
1A03,
1A03,
1A03,
1A03,
1A03,
1A03,
1A03,
1A03,
1A03,
1A03,
1A03,
1A03,
1E03,
1E04,
1E04,
1E03,
1E03,
1E03,
1E03,
1E03,
1E03,
1E03,
1E04,
1E04,
1E04,
1E04,
1E04,
1E04,
1E24,
1E04,
1E04,
1E04,
1E04,
1E04,
1E04,
1E04,
1E04,
1E04,
1E04,
1E04,
1E04,
1E04,
1E04,
1E05,
1E26,
1E05,
11A2,
0940,
0540,
0540,
0D81,
15C3,
1E05,
1E05,
1E04,
1E04,
19E3,
0D80,
0540,
0560,
0960,
0960,
0960,
0D80,
0D80,
11C2,
1A04,
1E24,
1E04,
1E04,
1E04,
1E04,
1E24,
1E24,
1E24,
1E24,
1E24,
1E24,
1E24,
1E24,
1E24,
1E24,
1E24,
1E24,
1E24,
1E24,
1E24,
1E24,
1E24,
1E24,
1E24,
1E24,
1E24,
1E24,
1E24,
1E24,
1E24,
1E24,
1E24,
1E24,
1E24,
1E24,
1E24,
1E25,
1E24,
1E24,
1E24,
1E24,
1E24,
1E24,
1E24,
1E24,
1E24,
1E24,
1E24,
1E24,
1E24,
1E04,
1E04,
1E04,
1E04,
1E04,
1E04,
1E04,
1E04,
1E04,
1E04,
1E04,
1E04,
1E04,
1E04,
1E04,
1E04,
1E04,
1E04,
1E04,
1E04,
1E04,
1E04,
1E04,
1E04,
1E04,
1E04,
1E04,
1E04,
1E04,
1E04,
1E04,
1E04,
1E04,
1E04,
1E04,
1E04,
1E04,
1E24,
1E24,
1E24,
1E24,
1E24,
1E24,
2224,
1E24,
1E24,
1E24,
1E24,
1E24,
1E24,
1E24,
1E24,
1E24,
1E24,
1E24,
1E24,
1E24,
1E24,
1E24,
1E24,
1E24,
1E24,
1E04,
1E04,
1E04,
1E04,
1E04,
1E04,
1E04,
1E04,
1E04,
1E04,
1E04,
1E04,
1E04,
1E04,
1E04,
1E04,
1E04,
1E04,
1E03,
1E03,
1E03,
1E03,
1E03,
1E03,
1E03,
1E03,
1E03,
1E03,
1E03,
1E04,
1A03,
1A04,
1A04,
1A04,
1A04,
1A03,
1A03,
1A04,
1DE4,
1DE4,
21E5,
21E6,
21E7,
1D65,
0881,
0862,
2DAB,
52D6,
5F18,
6339,
675B,
6B5C,
6F5C,
6F7D,
6B7C,
6F7C,
6F7C,
6F7D,
6F7D,
6F7D,
6F7D,
6F7D,
6F7D,
6F7D,
6F7D,
6F7D,
6F7C,
6F7C,
6F7C,
6F7C,
6F7C,
6F7C,
6F7C,
6F7C,
6F7C,
6F7C,
6F7C,
6F7C,
6F7C,
6F7C,
6F7C,
6F7C,
6F7C,
6F7C,
6F7B,
6F7B,
6F7B,
6F7B,
6F7B,
6B7B,
6B7A,
6B7A,
6B79,
6B9A,
6B9A,
6778,
5F35,
5713,
4AD0,
3A4D,
2186,
0080,
0080,
00A0,
00C0,
04E1,
0500,
0941,
1161,
11A3,
15A3,
15A2,
15C3,
19E3,
19E3,
19E3,
19E3,
19E3,
1A03,
1A03,
1A03,
1A03,
1A03,
1A03,
1A03,
1A03,
1A03,
1A03,
1A03,
1A03,
1A03,
1A03,
1A03,
1E03,
1E04,
1E03,
1E03,
1E03,
1E03,
1E03,
1E03,
1E03,
1E03,
1E03,
1E03,
1E04,
1E04,
1E04,
1E04,
1E24,
1E04,
1E04,
1E04,
1E04,
1E04,
1E04,
1E04,
1E04,
1E04,
1E04,
1E04,
1E04,
1E05,
1E05,
1E05,
1E05,
15A3,
0940,
0540,
0520,
0100,
0100,
1182,
19E4,
1E05,
1E05,
1E04,
15C2,
0980,
0560,
0D80,
0D81,
0D80,
0960,
0560,
0960,
0DA1,
1A03,
1E24,
1E04,
1E04,
1E04,
1E04,
1E24,
1E24,
1E24,
1E24,
1E24,
1E24,
1E24,
1E24,
1E24,
1E24,
1E24,
1E24,
1E24,
1E24,
2225,
1E24,
1E24,
1E24,
1E24,
1E24,
1E24,
1E24,
1E24,
1E24,
1E24,
1E24,
1E24,
1E24,
1E24,
1E24,
1E24,
1E25,
1E24,
1E24,
1E24,
1E24,
1E24,
1E24,
1E24,
1E24,
1E24,
1E24,
1E24,
1E24,
1E24,
1E04,
1E04,
1E04,
1E04,
1E04,
1E04,
1E04,
1E04,
1E04,
1E04,
1E04,
1E04,
1E04,
1E04,
1E04,
1E04,
1E04,
1E04,
1E04,
1E04,
1E04,
1E04,
1E04,
1E04,
1E04,
1E04,
1E04,
1E04,
1E04,
1E04,
1E04,
1E04,
1E04,
1E04,
1E04,
1E04,
1E04,
1E24,
1E24,
1E24,
1E24,
1E24,
1E24,
1E24,
1E24,
1E24,
1E24,
1E24,
1E24,
1E24,
1E24,
1E24,
1E24,
1E24,
1E24,
1E24,
1E24,
1E24,
1E24,
1E24,
1E24,
1E24,
1E04,
1E04,
1E04,
1E04,
1E04,
1E04,
1E04,
1E04,
1E04,
1E04,
1E04,
1E04,
1E04,
1E04,
1E04,
1E04,
1E04,
1E03,
1E03,
1E04,
1E03,
1E03,
1E03,
1E03,
1E03,
1E03,
1E03,
1E03,
1E03,
1A03,
1A03,
1A04,
1A04,
1A04,
1A04,
1A04,
1A04,
1A04,
1DE4,
1DE4,
19C4,
1DC5,
1985,
1102,
0040,
0C83,
35CD,
56D6,
5AF8,
6319,
673A,
6B5C,
6B5C,
6F5C,
6F7C,
6F7C,
6F7D,
6F7D,
6F7D,
6F7D,
6F7D,
6F7D,
6F7D,
6F7D,
6F7D,
6F7D,
6F7C,
6F7C,
6F7C,
6F7C,
6F7C,
6F7C,
6F7C,
6F7C,
6F7C,
6F7C,
6F7C,
6F7C,
6F7C,
6F7C,
6F7C,
6F7C,
6F7C,
6F7C,
6F7B,
6F7B,
6F7C,
6F7B,
6F7B,
6B7B,
6B7B,
6B7A,
6B7A,
6B7A,
6B7A,
6B9A,
6FBB,
6FBA,
5F55,
4AB0,
2DE9,
1122,
0D00,
0D20,
1141,
1982,
1582,
15A2,
19C3,
1DE4,
1DE4,
19E4,
19E3,
19E3,
19E3,
19E3,
19E3,
19E3,
1A03,
1A03,
1A03,
1A03,
1A03,
1A03,
1A03,
1A03,
1A03,
1A03,
1A03,
1A03,
1A03,
1A03,
1E03,
1E03,
1E03,
1E03,
1E04,
1E03,
1E03,
1E03,
1E03,
1E03,
1E03,
1E03,
1E03,
1E04,
1E04,
1E04,
1E04,
1E04,
1E04,
1E04,
1E04,
1E04,
1E04,
1E04,
1E04,
1E04,
1E04,
1E04,
1E04,
1E04,
1E05,
1E05,
1E05,
15C3,
0520,
0520,
1182,
1182,
0520,
00E0,
0541,
11A3,
19E4,
1E05,
1E04,
15C3,
15C2,
19E3,
19E4,
19E4,
19E3,
15C3,
11A1,
11A1,
15E2,
1A04,
1E04,
1E04,
1E04,
1E24,
1E24,
1E24,
1E24,
1E24,
1E24,
1E24,
1E24,
1E24,
1E24,
1E24,
1E24,
1E24,
1E24,
1E24,
1E24,
1E24,
1E24,
1E24,
1E24,
1E24,
1E24,
1E24,
1E24,
1E24,
1E24,
1E24,
1E24,
1E24,
1E24,
1E24,
1E24,
1E24,
1E24,
1E24,
1E24,
1E24,
1E24,
1E24,
1E24,
1E24,
1E24,
1E24,
1E24,
1E24,
1E24,
1E24,
1E04,
1E04,
1E04,
1E04,
1E04,
1E04,
1E04,
1E04,
1E04,
1E04,
1E04,
1E04,
1E04,
1E04,
1E04,
1E04,
1E04,
1E04,
1E04,
1E04,
1E04,
1E04,
1E04,
1E04,
1E04,
1E04,
1E04,
1E04,
1E04,
1E04,
1E04,
1E04,
1E04,
1E04,
1E04,
1E04,
1E04,
1E24,
1E24,
1E24,
1E24,
1E24,
1E24,
1E24,
1E24,
1E24,
1E24,
1E24,
1E24,
1E24,
1E24,
1E24,
1E24,
1E24,
1E24,
1E24,
1E24,
1E24,
1E24,
1E24,
1E24,
1E24,
1E04,
1E04,
1E04,
1E04,
1E04,
1E04,
1E04,
1E04,
1E04,
1E04,
1E04,
1E04,
1E04,
1E04,
1E04,
1E03,
1E03,
1E03,
1E03,
1E04,
1E03,
1E03,
1E03,
1E03,
1E03,
1E03,
1E03,
1E03,
1A03,
1A03,
1A04,
1A04,
1A04,
1A04,
1A04,
1A04,
1E04,
1E04,
1E04,
1DE4,
1183,
0D42,
0901,
0080,
0440,
1906,
4230,
5AF6,
5F18,
6319,
673A,
6B5C,
6B5C,
6F5C,
6F5D,
6F7D,
6F7D,
6F7D,
6F7D,
6F7D,
6F7D,
737D,
6F7D,
6F7D,
6F7D,
6F7D,
6F7C,
6F7C,
6F7C,
6F7C,
6F7C,
6F7C,
6F7C,
6F7C,
6F7C,
6F7C,
6F7C,
6F7C,
6F7C,
6F7C,
6F7C,
6F7C,
6F7C,
6F7C,
6F7C,
6F7C,
6F7C,
6F7B,
6F7B,
6F7B,
6B7B,
6B7A,
6B7A,
6B7A,
6779,
6779,
6779,
5B36,
428E,
2DE9,
2186,
1D85,
1D84,
19A3,
1DA3,
21C4,
1DC4,
1DC3,
19E3,
1DE4,
1DE4,
1DE4,
19E3,
19E3,
19E3,
19E3,
19E3,
19E3,
1A03,
1A03,
1A03,
1A03,
1A03,
1A03,
1A03,
1A03,
1A03,
1A03,
1A03,
1E03,
1E03,
1E03,
1E03,
1E03,
1E03,
1E04,
1E04,
1E04,
1E04,
1E03,
1E03,
1E03,
1E03,
1E03,
1E03,
1E03,
1E03,
1E04,
1E04,
1E04,
1E04,
1E04,
1E04,
1E04,
1E04,
1E04,
1E04,
1E04,
1E04,
1E04,
1E04,
1E05,
1E05,
1E05,
19E4,
0960,
0100,
0521,
19C4,
1DC5,
0D62,
00E0,
0100,
0D61,
19E4,
1E05,
1DE4,
1E04,
1E05,
2225,
1E05,
1E04,
1E04,
1E04,
1E04,
1E04,
1E04,
1E04,
1E04,
1E04,
1E04,
1E24,
1E24,
1E24,
1E24,
1E24,
1E24,
1E24,
1E24,
1E24,
1E24,
1E24,
1E24,
1E24,
1E24,
1E24,
1E24,
1E24,
1E24,
1E24,
1E24,
1E24,
1E24,
1E24,
1E24,
1E24,
1E24,
1E24,
1E24,
1E24,
1E24,
1E24,
1E24,
1E24,
1E24,
1E24,
1E24,
1E24,
1E24,
1E24,
1E24,
1E24,
1E24,
1E24,
1E24,
1E24,
1E24,
1E24,
1E04,
1E04,
1E04,
1E04,
1E04,
1E04,
1E04,
1E04,
1E04,
1E04,
1E04,
1E04,
1E04,
1E04,
1E04,
1E04,
1E04,
1E04,
1E04,
1E04,
1E04,
1E04,
1E04,
1E04,
1E04,
1E04,
1E04,
1E04,
1E04,
1E04,
1E04,
1E04,
1E04,
1E04,
1E04,
1E04,
1E04,
1E24,
1E24,
1E24,
1E24,
1E24,
1E24,
1E24,
1E24,
1E24,
1E24,
1E24,
1E24,
1E24,
1E24,
1E24,
1E24,
1E24,
1E24,
1E24,
1E24,
1E24,
1E24,
1E24,
1E24,
1E24,
1E04,
1E04,
1E04,
1E04,
1E04,
1E04,
1E04,
1E04,
1E04,
1E04,
1E04,
1E04,
1E04,
1E04,
1E04,
1E04,
1E03,
1E03,
1E03,
1E04,
1E03,
1E03,
1E03,
1E03,
1E03,
1E03,
1E03,
1E03,
1A03,
1A03,
1A04,
1A04,
1A04,
1A04,
1A04,
1A04,
1A04,
1E04,
1E04,
19E3,
0D61,
0500,
00A0,
0060,
10C4,
35CD,
52D5,
6339,
6B5B,
6B5B,
6B5B,
6B5C,
6B7C,
6F5C,
6F7D,
6F7D,
6F7D,
6F7D,
6F7D,
6F7D,
6F7D,
6F7D,
6F7D,
6F7D,
6F7D,
6F7C,
6F7D,
6F7C,
6F7C,
6F7C,
6F7C,
6F7C,
6F7C,
6F7C,
6F7C,
6F7C,
6F7C,
6F7C,
6F7C,
6F7C,
6F7C,
6F7C,
6F7C,
6F7C,
6F7C,
6F7C,
6F7C,
6F7C,
6F7B,
6F7B,
6F7B,
6F7B,
6B7A,
6758,
6758,
5F16,
4EB3,
3A0D,
2586,
1943,
2184,
21A5,
21C5,
21C4,
21E4,
21C4,
1DC3,
1DE3,
1DE3,
1DE3,
1DE3,
19E3,
19E3,
19E3,
19E3,
19E3,
19E3,
19E3,
1A03,
1A03,
1A03,
1A03,
1A03,
1A03,
1A03,
1A03,
1A03,
1A03,
1A03,
1E03,
1E03,
1E03,
1E03,
1E04,
1E04,
1E04,
1E03,
1E03,
1E04,
1E03,
1E03,
1E03,
1E03,
1E03,
1E03,
1E04,
1E04,
1A04,
1E04,
1E04,
1E04,
1E04,
1E04,
1E04,
1E04,
1E04,
1E04,
1E04,
1E04,
1E04,
1E04,
1E05,
2226,
1E05,
1181,
0120,
0520,
1183,
21E6,
21E6,
1162,
0100,
00E0,
0D61,
19C4,
1DE5,
1DE4,
1E04,
1E05,
1E25,
1E04,
1E04,
1E04,
1E04,
1E04,
1E24,
1E04,
1E04,
1E04,
1E04,
1E04,
1E24,
1E24,
1E24,
1E24,
1E24,
1E24,
1E24,
1E24,
1E24,
1E24,
1E24,
1E24,
1E24,
1E24,
1E24,
1E24,
1E24,
1E24,
1E24,
1E24,
1E24,
1E24,
1E24,
1E24,
1E24,
1E24,
1E24,
1E24,
1E24,
1E24,
1E24,
1E24,
1E24,
1E24,
1E24,
1E24,
1E24,
1E24,
1E24,
1E24,
1E24,
1E24,
1E24,
1E24,
1E24,
1E24,
1E24,
1E04,
1E04,
1E04,
1E04,
1E04,
1E04,
1E04,
1E04,
1E04,
1E04,
1E04,
1E04,
1E04,
1E04,
1E04,
1E04,
1E04,
1E04,
1E04,
1E04,
1E04,
1E04,
1E04,
1E04,
1E04,
1E04,
1E04,
1E04,
1E04,
1E04,
1E04,
1E04,
1E04,
1E04,
1E04,
1E04,
1E04,
1E24,
1E24,
1E24,
1E24,
1E24,
1E24,
1E24,
1E24,
1E24,
1E24,
1E24,
1E24,
1E24,
1E24,
1E24,
1E24,
1E24,
1E24,
1E24,
1E24,
1E24,
1E24,
1E24,
1E24,
1E24,
1E04,
1E04,
1E04,
1E04,
1E04,
1E04,
1E04,
1E04,
1E04,
1E04,
1E04,
1E04,
1E04,
1E24,
1E24,
1E04,
1E03,
1E03,
1E03,
1E04,
1E03,
1E03,
1E03,
1E03,
1E03,
1E03,
1E03,
1E03,
1A03,
1A03,
1A03,
1A04,
1A04,
1A04,
1A04,
1A04,
1A04,
1A04,
1E04,
19E3,
1181,
0520,
04E0,
0CE2,
2DAA,
4EB3,
5B17,
6739,
6B7B,
6F7B,
6B7B,
6B5C,
6B7C,
6F7C,
6F7D,
6F7D,
6F7D,
6F7D,
6F7D,
6F7D,
6F7D,
6F7D,
6F7D,
6F7D,
6F7D,
6F7D,
6F7C,
6F7C,
6F7C,
6F7C,
6F7C,
6F7C,
6F7C,
6F7C,
6F7C,
6F7C,
6F7C,
6F7C,
6F7C,
6F7C,
6F7C,
6F7C,
6F7C,
6F7C,
6F7C,
6F7C,
6F7C,
6F7C,
6F7C,
6F7C,
6F7B,
6F9B,
6779,
5F16,
52D3,
3E2E,
2989,
1D45,
1923,
2164,
25A5,
25C4,
21C4,
21E4,
21E4,
21E4,
1DE3,
1DE3,
1DE3,
1DE3,
1DE3,
19E3,
19E3,
19E3,
19E3,
19E3,
19E3,
1A03,
1A03,
1A03,
1A03,
1A03,
1A03,
1A03,
1A03,
1A03,
1A03,
1A03,
1A03,
1E03,
1E03,
1E03,
1E04,
1E04,
1E04,
1E04,
1E03,
1E03,
1E03,
1E03,
1E03,
1E03,
1E03,
1E03,
1E03,
1E04,
1A24,
1A04,
1E04,
1E24,
1E04,
1E04,
1E04,
1E04,
1E04,
1E04,
1E04,
1E04,
1E04,
1E04,
1E04,
1E05,
1E05,
15A3,
0540,
0100,
0D61,
1DC5,
21E5,
21E5,
15A3,
0520,
00E0,
0520,
15A3,
1DE5,
1E05,
1E05,
2205,
2205,
1E04,
1E04,
1E04,
1E04,
1E04,
1A24,
1E04,
1E04,
1E04,
1E04,
1E04,
1E24,
1E24,
1E24,
1E24,
1E24,
1E24,
1E24,
1E24,
1E24,
1E24,
1E24,
1E24,
1E24,
1E24,
1E24,
1E24,
1E24,
1E24,
1E24,
1E24,
1E24,
1E24,
1E24,
1E24,
1E24,
1E24,
1E24,
1E24,
1E24,
1E24,
1E24,
1E24,
1E24,
1E24,
1E24,
1E24,
1E24,
1E24,
1E24,
1E24,
1E24,
1E24,
1E24,
1E24,
1E24,
1E24,
1E24,
1E04,
1E04,
1E04,
1E04,
1E04,
1E04,
1E04,
1E04,
1E04,
1E04,
1E04,
1E04,
1E04,
1E04,
1E04,
1E04,
1E04,
1E04,
1E04,
1E04,
1E04,
1E04,
1E04,
1E04,
1E04,
1E04,
1E04,
1E04,
1E04,
1E04,
1E04,
1E04,
1E04,
1E04,
1E04,
1E04,
1E04,
1E24,
1E24,
1E24,
1E24,
1E24,
1E24,
1E24,
1E24,
1E24,
1E24,
1E24,
1E24,
1E24,
1E24,
1E24,
1E24,
1E24,
1E24,
1E24,
1E24,
1E24,
1E24,
1E24,
1E24,
1E24,
1E04,
1E04,
1E04,
1E04,
1E04,
1E04,
1E04,
1E04,
1E04,
1E04,
1E04,
1E04,
1E04,
1E24,
1E24,
1E04,
1E03,
1E03,
1E03,
1E03,
1E03,
1E03,
1E03,
1E03,
1E03,
1E03,
1E03,
1E03,
1A03,
1A03,
1A03,
1A04,
1A04,
1A03,
1A03,
1A04,
1A04,
1A04,
1E04,
1DE3,
15C3,
1182,
1142,
1524,
35EC,
52D5,
5AF7,
5F18,
675A,
675B,
6B5B,
6F7C,
6F7C,
6F7C,
6F7D,
6F7D,
6F7D,
6F7D,
6F7D,
6F7D,
6F7D,
6F7D,
6F7D,
6F7D,
6F7D,
6F7D,
6F7C,
6F7C,
6F7C,
6F7C,
6F7C,
6F7C,
6F7C,
6F7C,
6F7C,
6F7C,
6F7C,
6F7C,
6F7C,
6F7C,
6F7C,
6F7C,
6F7C,
6F7C,
6F7C,
6F7C,
6F7C,
6F7C,
6F7C,
6F7C,
6B7B,
6B7B,
6338,
4650,
2568,
14E4,
10C2,
1503,
2144,
25A4,
25A4,
21C4,
21C3,
21C3,
21E4,
21E3,
1DE3,
1DE3,
1DE2,
1DE3,
1DE3,
19E3,
19E3,
19E3,
19E3,
19E3,
19E3,
1A03,
1A03,
1A03,
1A03,
1A03,
1A03,
1A03,
1A03,
1A03,
1A03,
1A03,
1A04,
1E03,
1E03,
1E03,
1E04,
1E04,
1E04,
1E04,
1E03,
1E03,
1E03,
1E03,
1E03,
1E03,
1E03,
1E04,
1E04,
1E04,
1A04,
1A04,
1E04,
1E24,
1E04,
1E04,
1E04,
1E04,
1E04,
1E04,
1E04,
1E04,
1E04,
1E04,
1E05,
2205,
1DE4,
0D61,
0100,
0520,
15A3,
1DE5,
1DE5,
21E5,
1DE4,
0D61,
0100,
0520,
11A2,
1E05,
1E05,
1E05,
2225,
1E25,
1E25,
1E04,
1E04,
1E04,
1E04,
1E24,
1E24,
1E24,
1E04,
1E04,
1E04,
1E24,
1E24,
1E24,
1E24,
1E24,
1E24,
1E24,
1E24,
1E24,
1E24,
1E24,
1E24,
1E24,
1E24,
1E24,
1E24,
1E24,
1E24,
1E24,
1E24,
1E24,
1E24,
1E24,
1E24,
1E24,
1E24,
1E24,
1E24,
1E24,
1E24,
1E24,
1E24,
1E24,
1E24,
1E24,
1E24,
1E24,
1E24,
1E24,
1E24,
1E24,
1E24,
1E24,
1E24,
1E24,
1E24,
1E24,
1E04,
1E04,
1E04,
1E04,
1E04,
1E04,
1E04,
1E04,
1E04,
1E04,
1E04,
1E04,
1E04,
1E04,
1E04,
1E04,
1E04,
1E04,
1E04,
1E04,
1E04,
1E04,
1E04,
1E04,
1E04,
1E24,
1E24,
1E24,
1E24,
1E24,
1E24,
1E24,
1E24,
1E24,
1E24,
1E24,
1E24,
1E24,
1E24,
1E24,
1E24,
1E24,
1E24,
1E24,
1E24,
1E24,
1E24,
1E04,
1E04,
1E04,
1E04,
1E04,
1E04,
1E04,
1E04,
1E04,
1E04,
1E04,
1E04,
1E04,
1E04,
1E04,
1E04,
1E04,
1E04,
1E04,
1E04,
1E04,
1E04,
1E04,
1E04,
1E04,
1E04,
1E04,
1E04,
1E04,
1E04,
1E04,
1E04,
1E03,
1E03,
1E03,
1E03,
1E03,
1E03,
1E03,
1E03,
1E03,
1E03,
1E03,
1A03,
1A03,
1A03,
1A03,
1A03,
1A03,
1A03,
1A04,
1A04,
1A04,
1E04,
1DE4,
1DE4,
1DE4,
1584,
0CE2,
2147,
4671,
5B17,
5F38,
675A,
675B,
6B5B,
6F7C,
6B7C,
6F7C,
6F7C,
6F7D,
6F7D,
6F7D,
6F7D,
6F7D,
6F7D,
6F7D,
6F7D,
6F7D,
6F7D,
6F7C,
6F7C,
6F7C,
6F7C,
6F7C,
6F7C,
6F7C,
6F7C,
6F7C,
6F7C,
6F7C,
6F7C,
6F7C,
6F7C,
6F7C,
6F7C,
6F7C,
6F7C,
6F7C,
6F7C,
6F7C,
6F7C,
6F7C,
6F7C,
6F7B,
6B7B,
6B7B,
5B17,
31AB,
0CA2,
0460,
14E3,
2145,
25A6,
25A5,
25A4,
21C4,
21C3,
21C3,
21E3,
21E3,
1DE3,
1DE3,
1DE3,
1DE3,
1DE3,
1DE3,
19E3,
19E3,
19E3,
19E3,
19E3,
19E3,
19E3,
1A03,
1A03,
1A03,
1A03,
1A03,
1A03,
1E04,
1E04,
1E04,
1E04,
1E04,
1E04,
1E04,
1E04,
1E04,
1E04,
1E04,
1E04,
1E03,
1E04,
1E04,
1E04,
1E04,
1E04,
1E24,
1E24,
1E24,
1E24,
1E24,
1E24,
1E24,
1E04,
1E24,
1E24,
1E24,
1E24,
1E24,
1E24,
1E24,
1E24,
1E04,
2205,
2206,
19C5,
0D61,
0100,
0D41,
1DC5,
21E5,
1DE5,
21E5,
1DE5,
15A3,
0960,
0960,
15C3,
1E05,
1E04,
2225,
1E25,
1E04,
1E04,
1E04,
1E04,
1E04,
1E04,
1E24,
1E24,
1E04,
1E24,
1E24,
1E24,
1E24,
1E24,
1E24,
1E24,
1E24,
1E24,
1E24,
1E24,
1E24,
1E24,
1E24,
1E24,
1E24,
1E24,
1E24,
1E24,
1E24,
1E24,
1E24,
1E24,
1E24,
1E24,
1E24,
1E24,
1E24,
1E24,
1E24,
1E24,
1E24,
1E24,
1E24,
1E24,
1E24,
1E24,
1E24,
1E24,
1E24,
1E24,
1E24,
1E24,
1E24,
1E24,
1E24,
1E24,
1E24,
1E24,
1E24,
1E04,
1E04,
1E04,
1E04,
1E04,
1E04,
1E04,
1E04,
1E04,
1E04,
1E04,
1E04,
1E04,
1E04,
1E04,
1E04,
1E04,
1E04,
1E04,
1E04,
1E04,
1E04,
1E04,
1E04,
1E04,
1E24,
1E24,
1E24,
1E24,
1E24,
1E24,
1E24,
1E24,
1E24,
1E24,
1E24,
1E24,
1E24,
1E24,
1E24,
1E24,
1E24,
1E24,
1E24,
1E24,
1E24,
1E24,
1E04,
1E04,
1E04,
1E04,
1E04,
1E04,
1E04,
1E04,
1E04,
1E04,
1E04,
1E04,
1E04,
1E04,
1E04,
1E04,
1E04,
1E04,
1E04,
1E04,
1E04,
1E04,
1E04,
1E04,
1E04,
1E03,
1E03,
1E03,
1E04,
1E04,
1E04,
1E04,
1E03,
1E03,
1E03,
1E03,
1E03,
1E03,
1E03,
1E03,
1E03,
1E03,
1E03,
1A03,
1A03,
1A03,
1A04,
1A03,
1A03,
1A03,
1A04,
1A04,
1A04,
1E04,
1E04,
1E04,
2205,
19A4,
08C1,
10C3,
31CC,
56D5,
5F39,
635A,
675B,
6B5B,
6F7C,
6F7C,
6F7C,
6F7C,
6F7D,
6F7D,
6F7D,
6F7C,
6F7C,
6F7D,
6F7D,
6F7D,
6F7D,
6F7D,
6F7C,
6F7C,
6F7C,
6F7C,
6F7C,
6F7C,
6F7C,
6F7C,
6F7C,
6F7C,
6F7C,
6F7C,
6F7C,
6F7C,
6F7C,
6F7C,
6F7C,
6F7C,
6F7C,
6F7C,
6F7C,
6F7C,
6F7C,
6F7C,
6F7B,
6B7B,
6B7B,
5F17,
31CB,
10A2,
0CA1,
2145,
2DA8,
29C6,
25A4,
25A4,
21C4,
21C3,
21E3,
21E3,
21E3,
21E3,
1DE3,
1DE3,
1DE3,
1DE3,
1E03,
19E3,
19E3,
19E3,
19E3,
19E3,
19E2,
19E3,
19E3,
1A03,
1A03,
1A03,
1A03,
1A03,
1E04,
1E04,
1E04,
1E04,
1E04,
1E04,
1E04,
1E04,
1E04,
1E04,
1E04,
1E04,
1E04,
1E04,
1E04,
1E04,
1E04,
1E04,
1E04,
1E24,
1E24,
1E24,
1E24,
1E24,
1E04,
1E04,
1E24,
1E24,
1E24,
1E24,
1E24,
1E24,
1E24,
1E24,
2205,
2205,
2205,
19C4,
0941,
00E0,
0D42,
1DC5,
1DE5,
1DE5,
1DE5,
1DE5,
1DE4,
19C3,
15C3,
1E04,
1E05,
1E04,
1E24,
1E24,
1E04,
1E04,
1E24,
1E24,
1E24,
1E24,
1E24,
1E24,
1E04,
1E24,
1E24,
1E24,
1E24,
1E24,
1E24,
1E24,
1E24,
1E24,
1E24,
1E24,
1E24,
1E24,
1E24,
1E24,
1E24,
1E24,
1E24,
1E24,
1E24,
1E24,
1E24,
1E24,
1E24,
1E24,
1E24,
1E24,
1E24,
1E24,
1E24,
1E24,
1E24,
1E24,
1E24,
1E24,
1E24,
1E24,
1E24,
1E24,
1E24,
1E24,
1E24,
1E24,
1E24,
1E24,
1E24,
1E24,
1E24,
1E24,
1E24,
1E04,
1E04,
1E04,
1E04,
1E04,
1E04,
1E04,
1E04,
1E04,
1E04,
1E04,
1E04,
1E04,
1E04,
1E04,
1E04,
1E04,
1E04,
1E04,
1E04,
1E04,
1E04,
1E04,
1E04,
1E04,
1E24,
1E24,
1E24,
1E24,
1E24,
1E24,
1E24,
1E24,
1E24,
1E24,
1E24,
1E24,
1E24,
1E24,
1E24,
1E24,
1E24,
1E24,
1E24,
1E24,
1E24,
1E24,
1E04,
1E04,
1E04,
1E04,
1E04,
1E04,
1E04,
1E04,
1E04,
1E04,
1E04,
1E04,
1E04,
1E04,
1E04,
1E04,
1E04,
1E04,
1E04,
1E04,
1E04,
1E04,
1E04,
1E04,
1E04,
1E03,
1E03,
1E04,
1E04,
1E04,
1E03,
1E03,
1E03,
1E03,
1E03,
1E03,
1E03,
1E03,
1E03,
1E03,
1E03,
1E03,
1E03,
1A03,
1A03,
1A03,
1A03,
1A03,
1A03,
1A03,
1A04,
1A04,
1A04,
1A04,
1E04,
1E04,
1E05,
1DC5,
1123,
0CA2,
1905,
4671,
5F38,
5F39,
633A,
675B,
6B7C,
6F7C,
6F7C,
6F7C,
6F7C,
6F7D,
6F7D,
6F7C,
6F7C,
6F7C,
6F7C,
6F7C,
6F7D,
6F7C,
6F7C,
6F7C,
6F7C,
6F7C,
6F7C,
6F7C,
6F7C,
6F7C,
6F7C,
6F7C,
6F7C,
6F7C,
6F7C,
6F7C,
6F7C,
6F7C,
6F7C,
6F7C,
6F7C,
6F7C,
6F7C,
6F7C,
6F7C,
6F7C,
6F7B,
6B7B,
6B7B,
5F17,
3E2E,
14C4,
0CA1,
1D23,
2585,
2584,
2182,
21A3,
25C4,
25E4,
21E3,
21E3,
21E3,
21E3,
21E3,
1DE2,
19C1,
15A1,
15A1,
15C2,
15C2,
15E2,
19E2,
15E2,
19E2,
19E3,
19E3,
1A03,
1A03,
1A03,
1A03,
1A04,
1E04,
1E04,
1E04,
1E04,
1E04,
1E04,
1E04,
1E04,
1E04,
1E04,
1E04,
1E04,
1E04,
1E04,
1E04,
1E04,
1E04,
1E04,
1E04,
1E24,
1E24,
1E24,
1E24,
1E24,
1E24,
1E04,
1E24,
1E24,
1E24,
1E24,
1E24,
1E04,
1E04,
1E04,
1E04,
2205,
1DE5,
15A4,
0500,
00E0,
1162,
1DC5,
1DE5,
1DE5,
1E05,
1E04,
1E04,
1E04,
1E04,
1E04,
1E04,
1E04,
1E24,
1E24,
1E24,
1E24,
1E24,
1E24,
1E24,
1E24,
1E24,
1E24,
1E04,
1E24,
1E24,
1E24,
1E24,
1E24,
1E24,
1E24,
1E24,
1E24,
1E24,
1E24,
1E24,
1E24,
1E24,
1E24,
1E24,
1E24,
1E24,
1E24,
1E24,
1E24,
1E24,
1E24,
1E24,
1E24,
1E24,
1E24,
1E24,
1E24,
1E24,
1E24,
1E24,
1E24,
1E24,
1E24,
1E24,
1E24,
1E24,
1E24,
1E24,
1E24,
1E24,
1E24,
1E24,
1E24,
1E24,
1E24,
1E24,
1E24,
1E24,
1E04,
1E04,
1E04,
1E04,
1E04,
1E04,
1E04,
1E04,
1E04,
1E04,
1E04,
1E04,
1E04,
1E04,
1E04,
1E04,
1E04,
1E04,
1E04,
1E04,
1E04,
1E04,
1E04,
1E04,
1E04,
1E24,
1E24,
1E24,
1E24,
1E24,
1E24,
1E24,
1E24,
1E24,
1E24,
1E24,
1E24,
1E24,
1E24,
1E24,
1E24,
1E24,
1E24,
1E24,
1E24,
1E24,
1E24,
1E04,
1E04,
1E04,
1E04,
1E04,
1E04,
1E04,
1E04,
1E04,
1E04,
1E04,
1E04,
1E04,
1E04,
1E04,
1E04,
1E04,
1E04,
1E04,
1E04,
1E04,
1E04,
1E04,
1E03,
1E04,
1E04,
1E04,
1E04,
1E04,
1E03,
1E03,
1E03,
1E03,
1E03,
1E03,
1E03,
1E03,
1E03,
1E03,
1E03,
1E03,
1E03,
1E03,
1A03,
1A03,
1A03,
1A03,
1A03,
1A03,
1A03,
1A04,
1A04,
1A04,
1A04,
1E04,
1E04,
1E04,
21E5,
1D65,
10E2,
0CC3,
31CD,
56F6,
5F19,
5F39,
675B,
6B7C,
6B7C,
6F7C,
6F7C,
6F7C,
6F7D,
6F7C,
6F7C,
6F7C,
6F7C,
6F7C,
6F7C,
6F7C,
6F7C,
6F7C,
6F7C,
6F7C,
6F7C,
6F7C,
6F7C,
6F7C,
6F7C,
6F7C,
6F7C,
6F7C,
6F7C,
6F7C,
6F7C,
6F7C,
6F7C,
6F7C,
6F7C,
6F7C,
6F7C,
6F7C,
6F7C,
6F7C,
6F7C,
6F7B,
6B7B,
6B7B,
6759,
5AF5,
39EC,
14E3,
0880,
0CA0,
10E0,
1521,
1D83,
21A3,
1DA2,
19A1,
1981,
1581,
1161,
1161,
0D40,
0920,
0520,
0520,
0D80,
15A1,
19E2,
19E2,
15E2,
15E3,
19E3,
19E3,
19E3,
1A03,
1A03,
1A04,
1A04,
1E04,
1E04,
1E03,
1E03,
1E04,
1E04,
1E04,
1E04,
1E04,
1E04,
1E04,
1E04,
1E04,
1E04,
1E04,
1E04,
1E04,
1E04,
1E24,
1E24,
1E24,
1E24,
1E24,
1E24,
1E24,
1E24,
1E24,
1E24,
1E24,
1E24,
1E24,
1E04,
1E04,
1E04,
1E04,
1DE5,
1DE5,
1584,
0500,
00E0,
1183,
1DC5,
1DE5,
1DE5,
1DE5,
2204,
1E04,
1E04,
1E04,
1A04,
1E04,
1E04,
1E24,
1E24,
1E24,
1E24,
1E24,
1E24,
1E24,
1E24,
1E24,
1E24,
1E04,
1E24,
1E24,
1E24,
1E24,
1E24,
1E24,
1E24,
1E24,
1E24,
1E24,
1E24,
1E24,
1E24,
1E24,
1E24,
1E24,
1E24,
1E24,
1E24,
1E24,
1E24,
1E24,
1E24,
1E24,
1E24,
1E24,
1E24,
1E24,
1E24,
1E24,
1E24,
1E24,
1E24,
1E24,
1E24,
1E24,
1E24,
1E24,
1E24,
1E24,
1E24,
1E24,
1E24,
1E24,
1E24,
1E24,
1E24,
1E24,
1E24,
1E24,
1E04,
1E04,
1E04,
1E04,
1E04,
1E04,
1E04,
1E04,
1E04,
1E04,
1E04,
1E04,
1E04,
1E04,
1E04,
1E04,
1E04,
1E04,
1E04,
1E04,
1E04,
1E04,
1E04,
1E04,
1E04,
1E24,
1E24,
1E24,
1E24,
1E24,
1E24,
1E24,
1E24,
1E24,
1E24,
1E24,
1E24,
1E24,
1E24,
1E24,
1E24,
1E24,
1E24,
1E24,
1E24,
1E24,
1E24,
1E04,
1E04,
1E04,
1E04,
1E04,
1E04,
1E04,
1E04,
1E04,
1E04,
1E04,
1E04,
1E04,
1E04,
1E04,
1E04,
1E04,
1E04,
1E04,
1E04,
1E04,
1E04,
1E04,
1E03,
1E03,
1E04,
1E04,
1E04,
1E04,
1E03,
1E03,
1E03,
1E03,
1E03,
1E04,
1E03,
1E03,
1E03,
1E03,
1E03,
1E03,
1E03,
1E03,
1A03,
1A03,
1A03,
1A03,
1A03,
1A03,
1A04,
1A04,
1A04,
1A04,
1A04,
1E04,
1E03,
1E04,
21E6,
1D85,
10E3,
08A2,
258A,
4EB4,
5B18,
5F39,
633A,
675B,
6B7C,
6F7C,
6F7C,
6F7C,
6F7D,
6F7C,
6F7C,
6F7C,
6F7C,
6F7C,
6F7C,
6F7C,
6F7C,
6F7C,
6F7C,
6F7C,
6F7C,
6F7C,
6F7C,
6F7C,
6F7C,
6F7C,
6F7C,
6F7C,
6F7C,
6F7C,
6F7C,
6F7C,
6F7C,
6F7C,
6F7C,
6F7C,
6F7C,
6F7C,
6F7C,
6F7C,
6F7C,
6F7B,
6B7B,
6B7B,
6B7B,
6B79,
5AF5,
3E0C,
1903,
0460,
0060,
0480,
08C0,
08E0,
08E0,
04E0,
00E0,
04E0,
00C0,
00A0,
00A0,
00C0,
0500,
0941,
1181,
15C1,
19E2,
19E3,
19E2,
19E3,
19E3,
19E3,
19E3,
1A03,
1A03,
1A04,
1A04,
1E04,
1E04,
1E03,
1E03,
1E04,
1E04,
1E04,
1E04,
1E04,
1E04,
1E04,
1E04,
1E04,
1E04,
1E04,
1E04,
1E04,
1E04,
1E24,
1E24,
1E24,
1E24,
1E24,
1E24,
1E24,
1E24,
1E24,
1E24,
1E24,
1E24,
1E24,
1E04,
1E04,
1E04,
2205,
21E6,
21E6,
15A4,
0500,
0100,
1584,
1DE6,
1DE5,
1DE4,
1E05,
2204,
1E04,
1E04,
1E04,
1A24,
1E04,
1E04,
1E24,
1E24,
1E24,
1E24,
1E24,
1E24,
1E24,
1E24,
1E24,
1E24,
1E04,
1E24,
1E24,
1E24,
1E24,
1E24,
1E24,
1E24,
1E24,
1E24,
1E24,
1E24,
1E24,
1E24,
1E24,
1E24,
1E24,
1E24,
1E24,
1E24,
1E24,
1E24,
1E24,
1E24,
1E24,
1E24,
1E24,
1E24,
1E24,
1E24,
1E24,
1E24,
1E24,
1E24,
1E24,
1E24,
1E24,
1E24,
1E24,
1E24,
1E24,
1E24,
1E24,
1E24,
1E24,
1E24,
1E24,
1E24,
1E24,
1E24,
1E24,
1E04,
1E04,
1E04,
1E04,
1E04,
1E04,
1E04,
1E04,
1E04,
1E04,
1E04,
1E04,
1E04,
1E04,
1E04,
1E04,
1E04,
1E04,
1E04,
1E04,
1E04,
1E04,
1E04,
1E04,
1E04,
1E04,
1E04,
1E04,
1E04,
1E04,
1E04,
1E04,
1E04,
1E04,
1E04,
1E04,
1E04,
1E04,
1E04,
1E04,
1E04,
1E04,
1E04,
1E04,
1E04,
1E04,
1E04,
1E04,
1E04,
1E04,
1E04,
1E04,
1E04,
1E04,
1E04,
1E04,
1E04,
1E04,
1E04,
1E04,
1E04,
1E04,
1E04,
1E04,
1E04,
1E04,
1E04,
1E04,
1E04,
1E04,
1E04,
1E03,
1E03,
1E03,
1E03,
1E04,
1E04,
1E03,
1E03,
1E03,
1E03,
1E03,
1E03,
1E03,
1E03,
1E03,
1E03,
1E04,
1A03,
1A03,
1A03,
1A03,
1A04,
1A04,
1A04,
1A04,
1A04,
1A04,
1A04,
1A04,
1A04,
1E04,
1E03,
1E04,
21E5,
1D86,
10E3,
0481,
2169,
4A93,
5AF7,
5F39,
633A,
675B,
6B7C,
6F7C,
6F7C,
6F7C,
6F7C,
6F7C,
6F7C,
6F7C,
6F7C,
6F7C,
6F7C,
6F7C,
6F7C,
6F7C,
6F7C,
6F7C,
6F7C,
6F7C,
6F7C,
6F7C,
6F7C,
6F7C,
6F7C,
6F7C,
6F7C,
6F7C,
6F7C,
6F7C,
6F7C,
6F7C,
6F7C,
6F7C,
6F7C,
6F7C,
6F7C,
6F7C,
6F7C,
6F7B,
6B7B,
6B7B,
6B7B,
6F7A,
6F7A,
6337,
4E91,
2DA9,
1503,
10C2,
0CC0,
0080,
0060,
00A0,
08E0,
1122,
1143,
0D21,
0901,
0D41,
1583,
15A3,
19C3,
19E3,
19E3,
19E3,
19E3,
19E2,
19E3,
19E3,
1A03,
1A03,
1A03,
1A03,
1A04,
1E04,
1E04,
1E04,
1E04,
1E04,
1E04,
1E04,
1E04,
1E04,
1E04,
1E04,
1E04,
1E04,
1E04,
1E04,
1E04,
1E04,
1E04,
1E04,
1E04,
1E04,
1A04,
1A24,
1E24,
1E24,
1E24,
1E24,
1E24,
1E24,
1E24,
1E24,
1E04,
1E04,
1E05,
21E5,
21E6,
21E6,
1984,
0500,
0100,
1584,
21E6,
1DE5,
2204,
2204,
2204,
1E04,
1E04,
1E24,
1E24,
1E24,
1E24,
1E24,
1E24,
1E24,
1E24,
1E24,
1E24,
1E24,
1E24,
1E24,
1E24,
1E24,
1E24,
1E24,
1E24,
1E24,
1E24,
1E24,
1E24,
1E24,
1E24,
1E24,
1E24,
1E24,
1E24,
1E24,
1E24,
1E24,
1E24,
1E24,
1E24,
1E24,
1E24,
1E24,
1E24,
1E24,
1E24,
1E24,
1E24,
1E24,
1E24,
1E24,
1E24,
1E24,
1E24,
1E24,
1E24,
1E24,
1E24,
1E24,
1E24,
1E24,
1E24,
1E24,
1E24,
1E24,
1E24,
1E24,
1E24,
1E24,
1E24,
1E24,
1E04,
1E04,
1E04,
1E04,
1E04,
1E04,
1E04,
1E04,
1E04,
1E04,
1E04,
1E04,
1E04,
1E04,
1E04,
1E04,
1E04,
1E04,
1E04,
1E04,
1E04,
1E04,
1E04,
1E04,
1E04,
1E04,
1E04,
1E04,
1E04,
1E04,
1E04,
1E04,
1E04,
1E04,
1E04,
1E04,
1E04,
1E04,
1E04,
1E04,
1E04,
1E04,
1E04,
1E04,
1E04,
1E04,
1E04,
1E04,
1E04,
1E04,
1E04,
1E04,
1E04,
1E04,
1E04,
1E04,
1E04,
1E04,
1E04,
1E04,
1E04,
1E04,
1E04,
1E04,
1E04,
1E04,
1E04,
1E04,
1E04,
1E04,
1E04,
1E03,
1E03,
1E03,
1E03,
1E04,
1E04,
1E03,
1E03,
1E03,
1E03,
1E03,
1E03,
1E03,
1E03,
1E03,
1E03,
1E04,
1A03,
1A03,
1A03,
1A03,
1A04,
1A04,
1A04,
1E04,
1A04,
1A04,
1A03,
1A03,
1A03,
1E03,
1E03,
1E04,
1DE5,
1D86,
1504,
0481,
1D27,
4672,
5AF7,
5F39,
5F39,
675B,
6B7C,
6F7C,
6F7C,
6F7C,
6F7C,
6F7C,
6F7C,
6F7C,
6F7C,
6F7C,
6F7C,
6F7C,
6F7C,
6F7C,
6F7C,
6F7C,
6F7C,
6F7C,
6F7C,
6F7C,
6F7C,
6F7C,
6F7C,
6F7C,
6F7C,
6F7C,
6F7C,
6F7C,
6F7C,
6F7C,
6F7C,
6F7C,
6F7C,
6F7C,
6F7C,
6F7C,
6F7C,
6F7B,
6F7C,
6B7B,
6B7B,
6B7B,
6F7B,
6F9B,
6B7A,
5F16,
4EB2,
4670,
424F,
31CA,
2DC9,
31C9,
3A2B,
3E4C,
320A,
21A7,
1985,
1D85,
1DA6,
19C6,
1DE5,
1DE4,
1DE3,
19E3,
19E3,
19E3,
19E3,
19E3,
19E3,
1A03,
1A03,
1A03,
1A04,
1E04,
1E04,
1E04,
1E04,
1E04,
1E04,
1E04,
1E04,
1E04,
1E04,
1E04,
1E04,
1E04,
1E04,
1E04,
1E04,
1E04,
1E04,
1E04,
1E04,
1E04,
1A04,
1A04,
1E04,
1E24,
1E24,
1E24,
1E04,
1E24,
1E25,
1E25,
1E04,
1DE4,
1DE5,
21E5,
21E6,
21E7,
19A5,
0500,
00E0,
1584,
1DC6,
21E4,
2204,
2204,
2204,
1E04,
1E24,
1E24,
1E24,
1E24,
1E24,
1E24,
1E24,
1E24,
1E24,
1E24,
1E24,
1E24,
1E24,
1E24,
1E24,
1E24,
1E24,
1E24,
1E24,
1E24,
1E24,
1E24,
1E24,
1E24,
1E24,
1E24,
1E24,
1E24,
1E24,
1E24,
1E24,
1E24,
1E24,
1E24,
1E24,
1E24,
1E24,
1E24,
1E24,
1E24,
1E24,
1E24,
1E24,
1E24,
1E24,
1E24,
1E24,
1E24,
1E24,
1E24,
1E24,
1E24,
1E24,
1E24,
1E24,
1E24,
1E24,
1E24,
1E24,
1E24,
1E24,
1E24,
1E24,
1E24,
1E24,
1E24,
1E04,
1E04,
1E04,
1E04,
1E04,
1E04,
1E04,
1E04,
1E04,
1E04,
1E04,
1E04,
1E04,
1E04,
1E04,
1E04,
1E04,
1E04,
1E04,
1E04,
1E04,
1E04,
1E04,
1E04,
1E04,
1E04,
1E04,
1E04,
1E04,
1E04,
1E04,
1E04,
1E04,
1E04,
1E04,
1E04,
1E04,
1E04,
1E04,
1E04,
1E04,
1E04,
1E04,
1E04,
1E04,
1E04,
1E04,
1E04,
1E04,
1E04,
1E04,
1E04,
1E04,
1E04,
1E04,
1E04,
1E04,
1E04,
1E04,
1E04,
1E04,
1E04,
1E04,
1E04,
1E04,
1E04,
1E04,
1E04,
1E04,
1E04,
1E03,
1E03,
1E03,
1E03,
1E03,
1E03,
1E03,
1E03,
1E03,
1E03,
1E03,
1E03,
1E03,
1E03,
1E03,
1E03,
1E03,
1E04,
1A03,
1A03,
1A03,
1A03,
1A04,
1A04,
1A04,
1E04,
1A03,
15C2,
11C1,
15E2,
1E04,
1E04,
1E03,
1DE3,
1DE5,
1DA6,
1524,
0481,
10E5,
3E30,
56F7,
5F19,
5F39,
675B,
6B7C,
6F7C,
6F7C,
6F7C,
6F7C,
6F7C,
6F7C,
6F7C,
6F7C,
6F7C,
6F7C,
6F7C,
6F7C,
6F7C,
6F7C,
6F7C,
6F7C,
6F7C,
6F7C,
6F7C,
6F7C,
6F7C,
6F7C,
6F7C,
6F7C,
6F7C,
6F7C,
6F7C,
6F7C,
6F7C,
6F7C,
6F7C,
6F7C,
6F7C,
6F7C,
6F7C,
6F7C,
6F7C,
6F7C,
6B7B,
6B7B,
6B7B,
6B7B,
6B7B,
6F7B,
6F9B,
6F9B,
6F9B,
6F9B,
6B79,
6757,
6356,
6356,
5B14,
3A0C,
1945,
1544,
1966,
1D87,
1DA7,
1DC7,
21E6,
1DE4,
19E3,
19E2,
19E3,
19E3,
19E3,
19E3,
19E3,
1A03,
1A03,
1A04,
1E04,
1E04,
1E04,
1E04,
1E04,
1E04,
1E04,
1E04,
1E04,
1E04,
1E04,
1E04,
1E04,
1E04,
1E04,
1E04,
1E04,
1E04,
1E04,
1E04,
1E04,
1E04,
1E04,
1E04,
1E24,
1E24,
1E24,
1E04,
1E04,
1E04,
1E05,
1E05,
1E05,
2205,
21E5,
21E6,
21E7,
19A5,
0501,
00E0,
1163,
19C5,
1DE4,
2204,
2204,
2204,
1E24,
1E24,
1E24,
1E24,
1E24,
1E24,
1E24,
1E24,
1E24,
1E24,
1E24,
1E24,
1E24,
1E24,
1E24,
1E24,
1E24,
1E24,
1E24,
1E24,
1E24,
1E24,
1E24,
1E24,
1E24,
1E24,
1E24,
1E24,
1E24,
1E24,
1E24,
1E24,
1E24,
1E24,
1E24,
1E24,
1E24,
1E24,
1E24,
1E24,
1E24,
1E24,
1E24,
1E24,
1E24,
1E24,
1E24,
1E24,
1E24,
1E24,
1E24,
1E24,
1E24,
1E24,
1E24,
1E24,
1E24,
1E24,
1E24,
1E24,
1E24,
1E24,
1E24,
1E24,
1E24,
1E24,
1E24,
1E04,
1E04,
1E04,
1E04,
1E04,
1E04,
1E04,
1E04,
1E04,
1E04,
1E04,
1E04,
1E04,
1E04,
1E04,
1E04,
1E04,
1E04,
1E04,
1E04,
1E04,
1E04,
1E04,
1E04,
1E04,
1E04,
1E04,
1E04,
1E04,
1E04,
1E04,
1E04,
1E04,
1E04,
1E04,
1E04,
1E04,
1E04,
1E04,
1E04,
1E04,
1E04,
1E04,
1E04,
1E04,
1E04,
1E04,
1E04,
1E04,
1E04,
1E04,
1E04,
1E04,
1E04,
1E04,
1E04,
1E04,
1E04,
1E04,
1E04,
1E04,
1E04,
1E04,
1E04,
1E03,
1E03,
1E03,
1E04,
1E04,
1E03,
1E03,
1E03,
1E03,
1E04,
1E03,
1E03,
1E03,
1E03,
1E03,
1E03,
1E03,
1E03,
1E03,
1E03,
1E03,
1E03,
1E03,
1E04,
1A03,
1A03,
1A03,
1A03,
1A04,
1A04,
1A04,
1E04,
15E2,
0D80,
0980,
11A1,
19E3,
19E3,
19E2,
19E3,
1DE4,
21A6,
1524,
0080,
08A2,
3A0F,
56F7,
5F18,
5F19,
675B,
6B7C,
6F7C,
6F7C,
6F7C,
6F7C,
6F7C,
6F7C,
6F7C,
6F7C,
6F7C,
6F7C,
6F7C,
6F7C,
6F7C,
6F7C,
6F7C,
6F7C,
6F7C,
6F7C,
6F7C,
6F7C,
6F7C,
6F7C,
6F7C,
6F7C,
6F7C,
6F7C,
6F7C,
6F7C,
6F7C,
6F7C,
6F7C,
6F7C,
6F7C,
6F7C,
6F7C,
6F7C,
6F7C,
6F7C,
6B7C,
6B5B,
6B7B,
6B7B,
6B7B,
6B7B,
6B7B,
6F7B,
6F7B,
6B7B,
6B7A,
6B7A,
6F79,
6F79,
5F36,
3E2E,
1504,
0CC2,
1124,
1545,
1D87,
1986,
1585,
1163,
0D61,
1180,
15C2,
19E3,
19E3,
19E3,
1A03,
1A03,
1A03,
1A04,
1E04,
1E04,
1E04,
1E04,
1E04,
1E04,
1E04,
1E04,
1E04,
1E04,
1E04,
1E04,
1E04,
1E04,
1E04,
1E04,
1E04,
1E04,
1E04,
1E04,
1E04,
1E04,
1E04,
1E24,
1E24,
1E04,
1E04,
1E04,
1E04,
1E04,
1E04,
19E4,
1DE4,
1DE5,
21E5,
21E6,
21E6,
19A4,
0500,
00E0,
0942,
15A4,
1DE4,
1E04,
1E04,
1E24,
1E24,
1E24,
1E24,
1E24,
1E24,
1E24,
1E24,
1E24,
1E24,
1E24,
1E24,
1E24,
1E24,
1E24,
1E24,
1E24,
1E24,
1E24,
1E24,
1E24,
1E24,
1E24,
1E24,
1E24,
1E24,
1E24,
1E24,
1E24,
1E24,
1E24,
1E24,
1E24,
1E24,
1E24,
1E24,
1E24,
1E24,
1E24,
1E24,
1E24,
1E24,
1E24,
1E24,
1E24,
1E24,
1E24,
1E24,
1E24,
1E24,
1E24,
1E24,
1E24,
1E24,
1E24,
1E24,
1E24,
1E24,
1E24,
1E24,
1E24,
1E24,
1E24,
1E24,
1E24,
1E24,
1E24,
1E24,
1E04,
1E04,
1E04,
1E04,
1E04,
1E04,
1E04,
1E04,
1E04,
1E04,
1E04,
1E04,
1E04,
1E04,
1E04,
1E04,
1E04,
1E04,
1E04,
1E04,
1E04,
1E04,
1E04,
1E04,
1E04,
1E04,
1E04,
1E04,
1E04,
1E04,
1E04,
1E04,
1E04,
1E04,
1E04,
1E04,
1E04,
1E04,
1E04,
1E04,
1E04,
1E04,
1E04,
1E04,
1E04,
1E04,
1E04,
1E04,
1E04,
1E04,
1E04,
1E04,
1E04,
1E04,
1E04,
1E04,
1E04,
1E04,
1E04,
1E04,
1E04,
1E04,
1E04,
1E04,
1E03,
1E03,
1E03,
1E04,
1E04,
1E03,
1E03,
1E03,
1E03,
1E04,
1E03,
1E03,
1E03,
1E03,
1E03,
1E03,
1E03,
1E03,
1E03,
1E03,
1E03,
1E03,
1E03,
1E04,
1A03,
1A03,
1A03,
1A03,
1A04,
1A04,
1A04,
1E04,
11C2,
0540,
0520,
0960,
11A1,
19C2,
19C2,
19C3,
1DC4,
21A6,
1944,
0080,
08A2,
3A0E,
5AF7,
5F19,
5F19,
675B,
6B7C,
6F7C,
6F7C,
6F7C,
6F7C,
6F7C,
6F7C,
6F7C,
6F7C,
6F7C,
6F7C,
6F7C,
6F7C,
6F7C,
6F7C,
6F7C,
6F7C,
6F7C,
6F7C,
6F7C,
6F7C,
6F7C,
6F7C,
6F7C,
6F7C,
6F7C,
6F7C,
6F7C,
6F7C,
6F7C,
6F7C,
6F7C,
6F7C,
6F7C,
6F7C,
6F7C,
6F7C,
6F7C,
6F7C,
6B7C,
6B5B,
6B5B,
6B7B,
6B7B,
6B7B,
6B7B,
6B7B,
6B7B,
6B5B,
6B5B,
6B7B,
6B7A,
6F7B,
6759,
52D4,
360D,
1947,
1505,
1525,
1124,
0901,
00C0,
00C0,
00E0,
0520,
0D80,
11A1,
15E2,
19E3,
1A03,
1A03,
1A03,
1A04,
1E04,
1E04,
1E03,
1E03,
1E03,
1E03,
1E03,
1E03,
1E04,
1E04,
1E04,
1E04,
1E04,
1E04,
1E04,
1E04,
1E04,
1E04,
1E04,
1E04,
1E04,
1E04,
1E04,
1E04,
1E24,
1E04,
1E04,
1E04,
1E25,
1A04,
15C3,
11A2,
1182,
1583,
15A3,
1DC5,
1DC5,
1584,
0520,
00C0,
0520,
15A3,
19E4,
1E04,
1E04,
1E24,
1E24,
1E24,
1E24,
1E24,
1E24,
1E24,
1E24,
1E24,
1E24,
1E24,
1E24,
1E24,
1E24,
1E24,
1E24,
1E24,
1E24,
1E24,
1E24,
1E24,
1E24,
1E24,
1E24,
1E24,
1E24,
1E24,
1E24,
1E24,
1E24,
1E24,
1E24,
1E24,
1E24,
1E24,
1E24,
1E24,
1E24,
1E24,
1E24,
1E24,
1E24,
1E24,
1E24,
1E24,
1E24,
1E24,
1E24,
1E24,
1E24,
1E24,
1E24,
1E24,
1E24,
1E24,
1E24,
1E24,
1E24,
1E24,
1E24,
1E24,
1E24,
1E24,
1E24,
1E24,
1E24,
1E24,
1E24,
1E04,
1E04,
1E04,
1E04,
1E04,
1E04,
1E04,
1E04,
1E04,
1E04,
1E04,
1E04,
1E04,
1E04,
1E04,
1E04,
1E04,
1E04,
1E04,
1E04,
1E04,
1E04,
1E04,
1E04,
1E04,
1E04,
1E04,
1E04,
1E04,
1E04,
1E04,
1E04,
1E04,
1E04,
1E04,
1E04,
1E04,
1E04,
1E04,
1E04,
1E04,
1E04,
1E04,
1E04,
1E04,
1E04,
1E04,
1E04,
1E04,
1E04,
1E04,
1E04,
1E04,
1E04,
1E04,
1E04,
1E04,
1E04,
1E04,
1E04,
1E04,
1E03,
1E04,
1E04,
1E04,
1E04,
1E04,
1E04,
1E04,
1E04,
1E03,
1E03,
1E03,
1E03,
1E03,
1E03,
1E03,
1E03,
1E03,
1E03,
1E03,
1E03,
1E03,
1E03,
1E03,
1E03,
1E03,
1E03,
1E03,
1A03,
1A03,
1A03,
1A04,
1A04,
1A04,
1E04,
11C2,
0120,
00E0,
0120,
0D60,
15A1,
19C2,
19C2,
1DC4,
21A6,
1924,
0480,
0CC3,
3A0F,
56F7,
5F1A,
5F3A,
675B,
6B7C,
6B7C,
6F7C,
6F7C,
6F7C,
6F7C,
6F7C,
6F7C,
6F7C,
6F7C,
6F7C,
6F7C,
6F7C,
6F7C,
6F7C,
6F7C,
6F7C,
6F7C,
6F7C,
6F7C,
6F7C,
6F7C,
6F7C,
6F7C,
6F7C,
6F7C,
6F7C,
6F7C,
6F7C,
6F7C,
6F7C,
6F7C,
6F7C,
6F7C,
6F7C,
6F7C,
6F7C,
6F7C,
6F7C,
6F7C,
6B7C,
6B7B,
6B7B,
6B7B,
6B7B,
6B7B,
6B7B,
6B7B,
6B7B,
6B5B,
675A,
675A,
6B7A,
6B7A,
5F38,
52D4,
4270,
320D,
2189,
08E2,
0080,
0080,
00A0,
00E0,
0540,
0D80,
11A1,
15E2,
19E3,
19E3,
1A03,
1A03,
1A04,
1E04,
1E03,
1E03,
1E03,
1E04,
1E04,
1E03,
1E03,
1E03,
1E04,
1E04,
1E04,
1E04,
1E04,
1E04,
1E04,
1E04,
1E04,
1E04,
1E04,
1E04,
1E04,
1E04,
1E04,
1E04,
1E04,
1E04,
1E04,
1E04,
15C3,
0D81,
0940,
0D40,
0D40,
0D40,
1162,
1563,
1162,
0D41,
0921,
0D62,
15A3,
1DE4,
1E04,
1E04,
1E24,
1E24,
1E24,
1E24,
1E24,
1E24,
1E24,
1E24,
1E24,
1E24,
1E24,
1E24,
1E24,
1E24,
1E24,
1E24,
1E24,
1E24,
1E24,
1E24,
1E24,
1E24,
1E24,
1E24,
1E24,
1E24,
1E24,
1E24,
1E24,
1E24,
1E24,
1E24,
1E24,
1E24,
1E24,
1E24,
1E24,
1E24,
1E24,
1E24,
1E24,
1E24,
1E24,
1E24,
1E24,
1E24,
1E24,
1E24,
1E24,
1E24,
1E24,
1E24,
1E24,
1E24,
1E24,
1E24,
1E24,
1E24,
1E24,
1E24,
1E24,
1E24,
1E24,
1E24,
1E24,
1E24,
1E24,
1E24,
1E04,
1E04,
1E04,
1E04,
1E04,
1E04,
1E04,
1E04,
1E04,
1E04,
1E04,
1E04,
1E04,
1E04,
1E04,
1E04,
1E04,
1E04,
1E04,
1E04,
1E04,
1E04,
1E04,
1E04,
1E04,
1E04,
1E04,
1E04,
1E04,
1E04,
1E04,
1E04,
1E04,
1E04,
1E04,
1E04,
1E04,
1E04,
1E04,
1E04,
1E04,
1E04,
1E04,
1E04,
1E04,
1E04,
1E04,
1E04,
1E04,
1E04,
1E04,
1E04,
1E04,
1E04,
1E04,
1E04,
1E04,
1E04,
1E04,
1E04,
1E04,
1E04,
1E04,
1E04,
1E04,
1E04,
1E04,
1E04,
1E04,
1E04,
1E04,
1E03,
1E03,
1E03,
1E03,
1E03,
1E03,
1E03,
1E03,
1E03,
1E03,
1E03,
1A03,
1A03,
1A03,
1A03,
1A03,
1A03,
1A03,
1A03,
1A03,
1A03,
1A04,
1E04,
1A04,
1E04,
15C2,
0540,
00C0,
00E0,
0940,
15A1,
19C3,
1DC3,
1DC4,
21A5,
1503,
0080,
10E4,
3E2F,
56F7,
5F3A,
633A,
675B,
6B7C,
6B7C,
6F7C,
6F7C,
6F7C,
6F7C,
6F7C,
6F7C,
6F7C,
6F7C,
6F7C,
6F7C,
6F7C,
6F7C,
6F7C,
6F7C,
6F7C,
6F7C,
6F7C,
6F7C,
6F7C,
6F7C,
6F7C,
6F7C,
6F7C,
6F7C,
6F7C,
6F7C,
6F7C,
6F7C,
6F7C,
6F7C,
6F7C,
6F7C,
6F7C,
6F7C,
6F7C,
6F7C,
6F7C,
6F7C,
6B7C,
6B7B,
6B7B,
6B7B,
6B7B,
6B7B,
6B7B,
6B7B,
6B7B,
6B5B,
6B5B,
6B5B,
6B7B,
6B7B,
6779,
5F57,
5B36,
4ED3,
2DCB,
08E2,
0080,
00A0,
0501,
0D61,
11A1,
15C2,
19E3,
19E3,
19E3,
19E3,
1A03,
1A03,
1A03,
1A04,
1A03,
1A03,
1E03,
1E03,
1E03,
1E03,
1E03,
1E03,
1E04,
1E04,
1E04,
1E04,
1E04,
1E04,
1E04,
1E04,
1E04,
1E04,
1E04,
1E04,
1E04,
1E04,
1E04,
1E04,
1E04,
1E24,
1E05,
15C3,
0960,
0540,
0D61,
1582,
0D41,
0500,
0500,
0500,
0920,
1162,
1DC5,
1DE5,
1DE4,
1E04,
1E04,
1E04,
1E24,
1E24,
1E04,
1E24,
1E24,
1E24,
1E24,
1E24,
1E24,
1E24,
1E24,
1E24,
1E24,
1E24,
1E24,
1E24,
1E24,
1E24,
1E24,
1E24,
1E24,
1E24,
1E24,
1E24,
1E24,
1E24,
1E24,
1E24,
1E24,
1E24,
1E24,
1E24,
1E24,
1E24,
1E24,
1E24,
1E24,
1E24,
1E24,
1E24,
1E24,
1E24,
1E24,
1E24,
1E24,
1E24,
1E24,
1E24,
1E24,
1E24,
1E24,
1E24,
1E24,
1E24,
1E24,
1E24,
1E24,
1E24,
1E24,
1E24,
1E24,
1E24,
1E24,
1E24,
1E24,
1E24,
1E24,
1E24,
1E04,
1E04,
1E04,
1E04,
1E04,
1E04,
1E04,
1E04,
1E04,
1E04,
1E04,
1E04,
1E04,
1E04,
1E04,
1E04,
1E04,
1E04,
1E04,
1E04,
1E04,
1E04,
1E04,
1E04,
1E04,
1E04,
1E04,
1E04,
1E04,
1E04,
1E04,
1E04,
1E04,
1E04,
1E04,
1E04,
1E04,
1E04,
1E04,
1E04,
1E04,
1E04,
1E04,
1E04,
1E04,
1E04,
1E04,
1E04,
1E04,
1E04,
1E04,
1E04,
1E04,
1E04,
1E04,
1E04,
1E04,
1E04,
1E04,
1E04,
1E04,
1E04,
1E04,
1E04,
1E04,
1E04,
1E04,
1E03,
1E03,
1E03,
1E03,
1E03,
1E03,
1E03,
1E03,
1E03,
1E03,
1E03,
1E03,
1E03,
1E03,
1E03,
1A03,
1A03,
1A03,
1A03,
1A03,
1A03,
1A03,
1A03,
1A03,
1A03,
1A04,
1E04,
1A03,
1E04,
15C3,
0520,
00C0,
00E0,
0920,
15A2,
1DC3,
1DC3,
1DA4,
2185,
1103,
0060,
10E4,
3E2F,
5AF7,
5F39,
633A,
675B,
6B7C,
6F7C,
6F7C,
6F7C,
6F7C,
6F7C,
6F7C,
6F7C,
6F7C,
6F7C,
6F7C,
6F7C,
6F7C,
6F7C,
6F7C,
6F7C,
6F7C,
6F7C,
6F7C,
6F7C,
6F7C,
6F7C,
6F7C,
6F7C,
6F7C,
6F7C,
6F7C,
6F7C,
6F7C,
6F7C,
6F7C,
6F7C,
6F7C,
6F7C,
6F7C,
6F7C,
6F7C,
6F7C,
6F7C,
6F7C,
6B7C,
6B7C,
6B7B,
6B7B,
6B7B,
6B7B,
6B7B,
6B7B,
6B7B,
6B7B,
6B7B,
6B7B,
6B7A,
6B7A,
677A,
6378,
52F4,
362D,
1D67,
08E2,
04E2,
0D44,
1584,
19C3,
19E3,
19E3,
19E3,
19E3,
19E3,
19E3,
1A03,
1A03,
1A03,
1A03,
1A03,
1A03,
1A03,
1E03,
1E03,
1E03,
1E03,
1E03,
1E03,
1E03,
1E03,
1E04,
1E04,
1E04,
1E04,
1E04,
1E04,
1E04,
1E04,
1E04,
1E04,
1E04,
1E04,
1E04,
1E04,
1E24,
1E04,
11A1,
0140,
0520,
15A3,
1DC5,
19A4,
0920,
00E0,
00C0,
00E0,
0D61,
1DE5,
2205,
1E04,
1E04,
1E04,
1E04,
1E24,
1E24,
1E24,
1E24,
1E24,
1E24,
1E24,
1E24,
1E24,
1E24,
1E24,
1E24,
1E24,
1E24,
1E24,
1E24,
1E24,
1E24,
1E24,
1E24,
1E24,
1E24,
1E24,
1E24,
1E24,
1E24,
1E24,
1E24,
1E24,
1E24,
1E24,
1E24,
1E24,
1E24,
1E24,
1E24,
1E24,
1E24,
1E24,
1E24,
1E24,
1E24,
1E24,
1E24,
1E24,
1E24,
1E24,
1E24,
2224,
2224,
2224,
1E24,
1E24,
1E24,
1E24,
1E24,
1E24,
1E24,
1E24,
1E24,
1E24,
1E24,
1E24,
1E24,
1E24,
1E24,
1E24,
1E24,
1E04,
1E04,
1E04,
1E04,
1E04,
1E04,
1E04,
1E04,
1E04,
1E04,
1E04,
1E04,
1E04,
1E04,
1E04,
1E04,
1E04,
1E04,
1E04,
1E04,
1E04,
1E04,
1E04,
1E04,
1E04,
1E04,
1E04,
1E04,
1E04,
1E04,
1E04,
1E04,
1E04,
1E04,
1E04,
1E04,
1E04,
1E04,
1E04,
1E04,
1E04,
1E04,
1E04,
1E04,
1E04,
1E04,
1E04,
1E04,
1E04,
1E04,
1E04,
1E04,
1E04,
1E04,
1E04,
1E24,
1E24,
1E03,
1E04,
1E04,
1E04,
1E04,
1E04,
1E04,
1E04,
1E04,
1E04,
1E03,
1E03,
1E03,
1E03,
1E04,
1E04,
1E04,
1E03,
1E03,
1E03,
1E03,
1E03,
1E03,
1E03,
1A03,
1A03,
1A03,
1A03,
1A03,
1A03,
1A03,
1A03,
1A03,
1A03,
1A03,
19E3,
19E3,
19E3,
1DE4,
19C4,
0941,
00E0,
00C0,
00E0,
1161,
1DA2,
21A3,
21A4,
1D65,
0CE2,
0060,
1906,
4251,
5B18,
6339,
633A,
675B,
6F7C,
6F7C,
6F7C,
6F7C,
6F7C,
6F7C,
6F7C,
6F7C,
6F7C,
6F7C,
6F7C,
6F7C,
6F7C,
6F7C,
6F7C,
6F7C,
6F7C,
6F7C,
6F7C,
6F7C,
6F7C,
6F7C,
6F7C,
6F7C,
6F7C,
6F7C,
6F7C,
6F7C,
6F7C,
6F7C,
6F7C,
6F7C,
6F7C,
6F7C,
6F7C,
6F7C,
6F7C,
6F7C,
6F7C,
6F7C,
6B7C,
6B7C,
6B7B,
6B7B,
6B7B,
6B7B,
6B7B,
6B7B,
6B7B,
6B7B,
6B7B,
6B7A,
6B7A,
6338,
5716,
4ED3,
2DEB,
1104,
0D03,
1124,
1565,
1DC6,
1DC5,
1DC4,
19E3,
19E2,
19E2,
19E3,
19E3,
1A03,
1A03,
1A03,
1A03,
1A03,
1A03,
1A03,
1A03,
1A03,
1A03,
1A03,
1E03,
1E03,
1E03,
1E03,
1E03,
1E03,
1E04,
1E04,
1E04,
1E04,
1E04,
1E04,
1E04,
1E04,
1E04,
1E04,
1E04,
1E04,
1E04,
1E24,
1E04,
11C1,
0140,
0520,
15A3,
1DE5,
21E6,
1583,
0500,
00C0,
00E0,
0D60,
1DE4,
2205,
1E04,
1E04,
1E04,
1E04,
1E24,
1E24,
1E24,
1E24,
1E24,
1E24,
1E24,
1E24,
1E24,
1E24,
1E24,
1E24,
1E24,
1E24,
1E24,
1E24,
1E24,
1E24,
1E24,
1E24,
1E24,
1E24,
1E24,
1E24,
1E24,
1E24,
1E24,
1E24,
1E24,
1E24,
1E24,
1E24,
1E24,
1E24,
1E24,
1E24,
1E24,
1E24,
1E24,
1E24,
1E24,
1E24,
1E24,
1E24,
1E24,
1E24,
1E24,
1E24,
1E24,
1E24,
1E24,
1E24,
1E24,
1E24,
1E24,
1E24,
1E24,
1E24,
1E24,
1E24,
1E24,
1E24,
1E24,
1E24,
1E24,
1E24,
1E24,
1E24,
1E04,
1E04,
1E04,
1E04,
1E04,
1E04,
1E04,
1E04,
1E04,
1E04,
1E04,
1E04,
1E04,
1E04,
1E04,
1E04,
1E04,
1E04,
1E04,
1E04,
1E04,
1E04,
1E04,
1E04,
1E04,
1E04,
1E04,
1E04,
1E04,
1E04,
1E04,
1E04,
1E04,
1E04,
1E04,
1E04,
1E04,
1E04,
1E04,
1E04,
1E04,
1E04,
1E04,
1E04,
1E04,
1E04,
1E04,
1E04,
1E04,
1E04,
1E04,
1E04,
1E04,
1E04,
1E04,
1E24,
1E24,
1E03,
1E04,
1E04,
1E04,
1E04,
1E04,
1E04,
1E04,
1E04,
1E04,
1E04,
1E03,
1E03,
1E03,
1E03,
1E04,
1E04,
1E03,
1E03,
1E03,
1E03,
1E03,
1E03,
1A03,
1A03,
1A03,
1A03,
1A03,
1A03,
1A03,
1A03,
1A03,
1A03,
1A03,
19E3,
19E3,
19E3,
19E3,
1DE4,
1DC4,
1162,
00E0,
00A0,
00A0,
0500,
1561,
1DA3,
2184,
1943,
08A1,
0481,
2148,
4A93,
5F18,
6339,
633A,
6B5B,
6F7C,
6F7C,
6F7C,
6F7C,
6F7C,
6F7C,
6F7C,
6F7C,
6F7C,
6F7C,
6F7C,
6F7C,
6F7C,
6F7C,
6F7C,
6F7C,
6F7C,
6F7C,
6F7C,
6F7C,
6F7C,
6F7C,
6F7C,
6F7C,
6F7C,
6F7C,
6F7C,
6F7C,
6F7C,
6F7C,
6F7C,
6F7C,
6F7C,
6F7C,
6F7C,
6F7C,
6F7C,
6F7C,
6F7C,
6F7C,
6B7C,
6B7C,
6B7B,
6B7B,
6B7B,
6B7B,
6B7B,
6B7B,
6B5B,
6B5A,
6B5A,
6B7B,
6759,
52D4,
31CC,
1D47,
0CE4,
0CE3,
1124,
1565,
1DC6,
1DE6,
1DE5,
1DE4,
19E3,
19E2,
19E2,
19E3,
19E3,
1A03,
1A03,
1A03,
1A03,
1A03,
1A03,
1A03,
1A03,
1A03,
1A03,
1A03,
1E03,
1E03,
1E03,
1E03,
1E03,
1E03,
1E04,
1E04,
1E04,
1E04,
1E04,
1E04,
1E04,
1E04,
1E04,
1E04,
1E04,
1E04,
1E04,
1E24,
1E24,
11C1,
0540,
0120,
1182,
1DE5,
21E6,
1DC5,
19A4,
0D62,
0940,
11A1,
1DE4,
1E04,
1E04,
1E04,
1E04,
1E04,
1E24,
1E24,
1E24,
1E24,
1E24,
1E24,
1E24,
1E24,
1E24,
1E24,
1E24,
1E24,
1E24,
1E24,
1E24,
1E24,
1E24,
1E24,
1E24,
1E24,
1E24,
1E24,
1E24,
1E24,
1E24,
1E24,
1E24,
1E24,
1E24,
1E24,
1E24,
1E24,
1E24,
1E24,
1E24,
1E24,
1E24,
1E24,
1E24,
1E24,
1E24,
1E24,
1E24,
1E24,
1E24,
1E24,
1E24,
1E24,
1E24,
1E24,
1E24,
1E24,
1E24,
1E24,
1E24,
1E24,
1E24,
1E24,
1E24,
1E24,
1E24,
1E24,
1E24,
1E24,
1E24,
1E24,
1E24,
1E24,
1E04,
1E04,
1E04,
1E04,
1E04,
1E04,
1E04,
1E04,
1E04,
1E04,
1E04,
1E04,
1E04,
1E04,
1E04,
1E04,
1E04,
1E04,
1E04,
1E04,
1E04,
1E04,
1E04,
1E04,
1E04,
1E04,
1E04,
1E04,
1E04,
1E04,
1E04,
1E04,
1E04,
1E04,
1E04,
1E04,
1E04,
1E04,
1E04,
1E04,
1E04,
1E04,
1E04,
1E04,
1E04,
1E04,
1E04,
1E04,
1E04,
1E04,
1E04,
1E04,
1E04,
1E04,
1E04,
1E04,
1E04,
1E03,
1E03,
1E03,
1E03,
1E04,
1E03,
1E04,
1E04,
1E04,
1E04,
1E04,
1E04,
1E03,
1E03,
1E03,
1E03,
1E03,
1E03,
1E03,
1E03,
1E03,
1A03,
1E03,
1A03,
1A03,
1A03,
1A03,
1A03,
1A03,
1A03,
1A03,
1A03,
1A03,
19E3,
19E3,
19E3,
19E3,
19E3,
1DE4,
1DC4,
1182,
0501,
00C0,
00C0,
04E0,
1141,
1963,
1943,
0CE1,
0480,
08A2,
29AA,
52B4,
6339,
6339,
673A,
6B5C,
6F7C,
6F7C,
6F7C,
6F7D,
6F7C,
6F7C,
6F7C,
6F7C,
6F7C,
6F7C,
6F7C,
6F7C,
6F7C,
6F7C,
6F7C,
6F7C,
6F7C,
6F7C,
6F7C,
6F7C,
6F7C,
6F7C,
6F7C,
6F7C,
6F7C,
6F7C,
6F7C,
6F7C,
6F7C,
6F7C,
6F7C,
6F7C,
6F7C,
6F7C,
6F7C,
6F7C,
6F7C,
6F7C,
6F7C,
6F7C,
6F7C,
6B5B,
6B5C,
6B7C,
6B7B,
6B7B,
6B7B,
6B7B,
6B7B,
6B5A,
6F7B,
6B7A,
52B4,
2DAA,
0CA2,
0080,
08E2,
1544,
1985,
1DA6,
1DC6,
1DE4,
1DE4,
1DE4,
19E3,
19E3,
19E3,
19E3,
19E3,
1A03,
1A03,
1A03,
1A03,
1A03,
1A03,
1A03,
1A03,
1A03,
1A03,
1A03,
1A03,
1E03,
1E03,
1E03,
1E03,
1E03,
1E03,
1E04,
1E04,
1E04,
1E04,
1E04,
1E04,
1E04,
1E04,
1E04,
1E04,
1E04,
1E04,
1E24,
1E04,
15C2,
0540,
0100,
0D61,
19C4,
1DE5,
21E6,
21E6,
1DE5,
19C4,
1DE4,
2205,
1E04,
1E04,
1E04,
1E04,
1E04,
1E24,
1E24,
1E24,
1E24,
1E24,
1E24,
1E24,
1E24,
1E24,
1E24,
1E24,
1E24,
1E24,
1E24,
1E24,
1E24,
1E24,
1E24,
1E24,
1E24,
1E24,
1E24,
1E24,
1E24,
1E24,
1E24,
1E24,
1E24,
1E24,
1E24,
1E24,
1E24,
1E24,
1E24,
1E24,
1E24,
1E24,
1E24,
1E24,
1E24,
1E24,
1E24,
1E24,
1E24,
1E24,
1E24,
1E24,
1E24,
1E24,
1E24,
1E24,
1E24,
1E24,
1E24,
1E24,
1E24,
1E24,
1E24,
1E24,
1E24,
1E24,
1E24,
1E24,
1E24,
1E24,
1E24,
1E24,
1E24,
1E04,
1E04,
1E04,
1E04,
1E04,
1E04,
1E04,
1E04,
1E04,
1E04,
1E04,
1E04,
1E04,
1E04,
1E04,
1E04,
1E04,
1E04,
1E04,
1E04,
1E04,
1E04,
1E04,
1E04,
1E04,
1E04,
1E04,
1E04,
1E04,
1E04,
1E04,
1E04,
1E04,
1E04,
1E04,
1E04,
1E04,
1E04,
1E04,
1E04,
1E04,
1E04,
1E04,
1E04,
1E04,
1E04,
1E04,
1E04,
1E04,
1E04,
1E04,
1E04,
1E04,
1E04,
1E04,
1E04,
1E04,
1E03,
1E03,
1E03,
1E03,
1E04,
1E03,
1E04,
1E04,
1E04,
1E04,
1E04,
1E04,
1E03,
1E03,
1E03,
1E03,
1E03,
1E03,
1E03,
1E03,
1E03,
1A03,
1A03,
1A03,
1A03,
1E03,
1E03,
1A03,
1A03,
19E3,
15E2,
19E3,
19E3,
19E3,
19E3,
19E3,
19E3,
19E4,
1DE5,
1DC4,
1162,
0901,
0D22,
1142,
0D01,
0D01,
0D01,
08C1,
0080,
0480,
1926,
3A2F,
56F6,
6339,
673A,
673A,
6B5B,
6F7C,
6F7C,
6F7C,
6F7D,
6F7C,
6F7C,
6F7C,
6F7C,
6F7C,
6F7C,
6F7C,
6F7C,
6F7C,
6F7C,
6F7C,
6F7C,
6F7C,
6F7C,
6F7C,
6F7C,
6F7C,
6F7C,
6F7C,
6F7C,
6F7C,
6F7C,
6F7C,
6F7C,
6F7C,
6F7C,
6F7C,
6F7C,
6F7C,
6F7C,
6F7C,
6F7C,
6F7C,
6F7C,
6F7C,
6F7C,
6F7C,
6B5C,
6B5C,
6B7C,
6B7B,
6B7B,
6B7B,
6F7B,
6B7B,
6F7B,
6B7A,
52B5,
298B,
0CA2,
0480,
04A0,
1123,
1DA5,
21C6,
1DC5,
1DC4,
1DE3,
1DE3,
19E2,
19E2,
19E3,
19E3,
19E3,
19E3,
1A03,
1A03,
1A03,
1A03,
1A03,
1A03,
1A03,
1A03,
1A03,
1A03,
1A03,
1A03,
1E03,
1E03,
1E03,
1E03,
1E03,
1E04,
1E04,
1E04,
1E04,
1E04,
1E04,
1E04,
1E04,
1E04,
1E04,
1E04,
1E04,
1E04,
1E24,
1E04,
15C2,
0540,
0100,
0540,
11A2,
1DE5,
1DE5,
1DE5,
2206,
2206,
2205,
2205,
1E04,
1E04,
1E04,
1E04,
1E24,
1E24,
1E24,
1E24,
1E24,
1E24,
1E24,
1E24,
1E24,
1E24,
1E24,
1E24,
1E24,
1E24,
1E24,
1E24,
1E24,
1E24,
1E24,
1E24,
1E24,
1E24,
1E24,
1E24,
1E24,
1E24,
1E24,
1E24,
1E24,
1E24,
1E24,
1E24,
1E24,
1E24,
1E24,
1E24,
1E24,
1E24,
1E24,
1E24,
1E24,
1E24,
1E24,
1E24,
1E24,
1E24,
1E24,
1E25,
1E25,
1E24,
1E04,
1E04,
1E04,
1E24,
1E24,
1E24,
1E24,
1E24,
1E24,
1E24,
1E24,
1E24,
1E24,
1E24,
1E24,
1E24,
1E24,
1E24,
1E24,
1E04,
1E04,
1E04,
1E04,
1E04,
1E04,
1E04,
1E04,
1E04,
1E04,
1E04,
1E04,
1E04,
1E04,
1E04,
1E04,
1E04,
1E04,
1E04,
1E04,
1E04,
1E04,
1E04,
1E04,
1E04,
1E04,
1E04,
1E04,
1E04,
1E04,
1E04,
1E04,
1E04,
1E04,
1E04,
1E04,
1E04,
1E04,
1E04,
1E04,
1E04,
1E04,
1E04,
1E04,
1E04,
1E04,
1E04,
1E04,
1E04,
1E04,
1E04,
1E04,
1E04,
1E04,
1E04,
1E04,
1E03,
1E03,
1E03,
1E03,
1E03,
1E03,
1E03,
1E04,
1E04,
1E04,
1E04,
1E04,
1E04,
1E03,
1E03,
1E03,
1E03,
1E03,
1E03,
1E03,
1E03,
1E03,
1A03,
1A03,
1A03,
1A03,
1E03,
1E03,
19E3,
19E3,
15C2,
11A0,
11A1,
11A2,
15C3,
19E3,
19E4,
19E3,
1DE4,
1DE5,
1DC5,
0921,
00C0,
21A6,
364B,
25C8,
1944,
04A0,
0040,
0460,
14E4,
35ED,
52D4,
5F17,
6339,
673A,
673A,
6B5B,
6F7C,
6F7C,
6F7C,
6F7C,
6F7C,
6F7C,
6F7C,
6F7C,
6F7C,
6F7C,
6F7C,
6F7C,
6F7C,
6F7C,
6F7C,
6F7C,
6F7C,
6F7C,
6F7C,
6F7C,
6F7C,
6F7C,
6F7C,
6F7C,
6F7C,
6F7C,
6F7C,
6F7C,
6F7C,
6F7C,
6F7C,
6F7C,
6F7C,
6F7C,
6F7C,
6F7C,
6F7C,
6F7C,
6F7C,
6F7C,
6F7C,
6F7C,
6B7C,
6B7B,
6B7B,
6B7B,
6B7B,
6B5B,
6F7B,
6F7B,
56B5,
296A,
0861,
0060,
0D02,
1142,
1984,
21C5,
1DC5,
1DC4,
1DE4,
19E4,
19E2,
19E2,
1A02,
1A03,
1A03,
1A03,
19E3,
1A03,
1A03,
1A03,
1A03,
1A03,
1A03,
1A03,
1A03,
1A03,
1A03,
1A03,
1A03,
1E03,
1E03,
1E03,
1E03,
1E03,
1E03,
1E04,
1E04,
1E04,
1E04,
1E04,
1E04,
1E04,
1E04,
1E04,
1E04,
1E04,
1E04,
1E24,
1E04,
15C2,
0560,
0100,
0120,
0D61,
19C4,
1DE5,
1DE5,
2205,
2205,
1E05,
1E05,
1E04,
1E04,
1E04,
1E04,
1E24,
1E24,
1E24,
1E24,
1E24,
1E24,
1E24,
1E24,
1E24,
1E24,
1E24,
1E24,
1E24,
1E24,
1E24,
1E24,
1E24,
1E24,
1E24,
1E24,
1E24,
1E24,
1E24,
1E24,
1E24,
1E24,
1E24,
1E24,
1E24,
1E24,
1E24,
1E24,
1E24,
1E24,
1E24,
1E24,
1E24,
1E24,
1E24,
1E24,
1E24,
1E24,
1E24,
1E24,
1E24,
1E25,
1E25,
1E25,
1E25,
1E24,
1E04,
1E24,
1E24,
1E24,
1E24,
1E24,
1E24,
1E24,
1E24,
1E24,
1E24,
1E24,
1E24,
1E24,
1E24,
1E24,
1E24,
1E24,
1E24,
1E04,
1E04,
1E04,
1E04,
1E04,
1E04,
1E24,
1E04,
1E04,
1E04,
1E04,
1E04,
1E04,
1E04,
1E04,
1E03,
1E04,
1E04,
1E04,
1E04,
1E04,
1E04,
1E04,
1E04,
1E04,
1E04,
1E04,
1E04,
1E04,
1E04,
1E04,
1E04,
1E04,
1E04,
1E04,
1E04,
1E04,
1E04,
1E04,
1E04,
1E04,
1E04,
1E04,
1E04,
1E04,
1E04,
1E04,
1E04,
1E04,
1E04,
1E04,
1E04,
1E04,
1E04,
1E04,
1E03,
1E03,
1E03,
1E03,
1E03,
1E03,
1E03,
1E03,
1E03,
1E03,
1E03,
1E04,
1E04,
1E04,
1E04,
1E03,
1E03,
1E03,
1E03,
1E03,
1E03,
1E03,
1E03,
1A03,
1A03,
19E3,
1A03,
1A03,
19E3,
19E3,
19C3,
11A2,
0960,
0540,
0960,
11A2,
19C3,
19C4,
1DC4,
1DC4,
21C5,
1DA4,
04E0,
0080,
25A7,
4EF2,
5313,
428F,
31EB,
2147,
2127,
35CD,
52B5,
6339,
633A,
633A,
673A,
675B,
6B5C,
6F7C,
6F7C,
6F7C,
6F7C,
6F7C,
6F7C,
6F7C,
6F7C,
6F7C,
6F7C,
6F7C,
6F7C,
6F7C,
6F7C,
6F7C,
6F7C,
6F7C,
6F7C,
6F7C,
6F7C,
6F7C,
6F7C,
6F7C,
6F7C,
6F7C,
6F7C,
6F7C,
6F7C,
6F7C,
6F7C,
6F7C,
6F7C,
6F7C,
6F7C,
6F7C,
6F7C,
6F7C,
6F7C,
6F7C,
6F7C,
6F7C,
6F7B,
6F7B,
6F7B,
6B7B,
6B7B,
6B5A,
6B5B,
6B5A,
5AF6,
35AC,
0C62,
0440,
1102,
1D84,
19A4,
1DA4,
1DE5,
1DC4,
19E4,
19E4,
19E4,
19E3,
1A02,
1A02,
1A03,
1A03,
1A03,
1A03,
1A03,
1A03,
1A03,
1A03,
1A03,
1A03,
1A03,
1A03,
1A03,
1A03,
1A03,
1A03,
1E03,
1E03,
1E04,
1E04,
1E03,
1E03,
1E04,
1E04,
1E04,
1E04,
1E04,
1E04,
1E04,
1E04,
1E04,
1E04,
1E04,
1E04,
1E04,
1E04,
1A03,
11C2,
0540,
0120,
0960,
11A2,
19E4,
2205,
1E05,
1E05,
1E05,
1E04,
1E04,
1E04,
1E04,
1E04,
1E04,
1E24,
1E24,
1E24,
1E24,
1E24,
1E24,
1E24,
1E24,
1E24,
1E24,
1E24,
1E24,
1E24,
1E24,
1E24,
1E24,
1E24,
1E24,
1E24,
1E24,
1E24,
1E24,
1E24,
1E24,
1E24,
1E24,
1E24,
1E24,
1E24,
1E24,
1E24,
1E24,
1E25,
1E24,
1E24,
1E24,
1E24,
1E24,
1E24,
1E24,
1E24,
1E24,
1E24,
1E24,
1E25,
1E25,
1E25,
1E25,
1E24,
1E04,
1E24,
1E24,
1E24,
1E24,
1E24,
1E24,
1E24,
1E24,
1A24,
1E24,
1E24,
1E24,
1E24,
1E24,
1E04,
1E24,
1E24,
1E24,
1E04,
1E04,
1E04,
1E04,
1E04,
1E24,
1E04,
1E04,
1E04,
1E04,
1E04,
1E04,
1E04,
1E04,
1E04,
1E03,
1E03,
1E04,
1E04,
1E04,
1E04,
1E04,
1E04,
1E04,
1E04,
1E04,
1E04,
1E04,
1E04,
1E04,
1E04,
1E04,
1E04,
1E04,
1E04,
1E04,
1E04,
1E04,
1E04,
1E04,
1E04,
1E04,
1E04,
1E04,
1E04,
1E04,
1E04,
1E04,
1E04,
1E04,
1E04,
1E04,
1E04,
1E04,
1E04,
1E03,
1E03,
1E03,
1E03,
1E03,
1E03,
1E03,
1E03,
1E03,
1E03,
1E03,
1E04,
1E04,
1E04,
1E04,
1E04,
1E04,
1E04,
1E04,
1E04,
1E04,
1E04,
1E03,
1A03,
1A03,
19E3,
19E3,
19E3,
1DE2,
1DE3,
19C2,
0D61,
0520,
0100,
0520,
1182,
19A4,
1DC4,
1DC4,
1DC4,
21C5,
1D84,
04C0,
0060,
25A8,
5314,
6378,
6378,
5F37,
56F6,
4EB4,
56D6,
5F19,
6B5C,
6B5B,
675B,
675B,
6B5B,
6B5C,
6F7C,
6F7C,
6F7C,
6F7C,
6F7C,
6F7C,
6F7C,
6F7C,
6F7C,
6F7C,
6F7C,
6F7C,
6F7C,
6F7C,
6F7C,
6F7C,
6F7C,
6F7C,
6F7C,
6F7C,
6F7C,
6F7C,
6F7C,
6F7C,
6F7C,
6F7C,
6F7C,
6F7C,
6F7C,
6F7C,
6F7C,
6F7C,
6F7C,
6F7C,
6F7C,
6F7C,
6F7C,
6F7C,
6F7C,
6F7B,
6F7B,
6F7B,
6F7B,
6F7B,
6B7B,
6B7B,
6B7B,
6B7A,
5EF6,
35AB,
10A2,
0860,
14C2,
2185,
21C5,
19A3,
1DC3,
1DE4,
1DE3,
19E3,
19E3,
19E3,
19E2,
1A02,
1A02,
1A03,
1A03,
1A03,
1A03,
1A03,
1A03,
1A03,
1A03,
1A03,
1A03,
1A03,
1A03,
1A03,
1A03,
1A03,
1A03,
1E04,
1E03,
1E04,
1E04,
1E04,
1E04,
1E04,
1E04,
1E04,
1E04,
1E04,
1E04,
1E04,
1E04,
1E04,
1E04,
1E04,
1E04,
1E04,
1E04,
1E04,
1A04,
11C3,
0D81,
1181,
11A2,
19E4,
2205,
1E05,
1E05,
1E04,
1E04,
1E04,
1E04,
1E04,
1E04,
1E04,
1E24,
1E24,
1E24,
1E24,
1E24,
1E24,
1E24,
1E24,
1E24,
1E24,
1E24,
1E24,
1E24,
1E24,
1E24,
1E24,
1E24,
1E24,
1E24,
1E24,
1E24,
1E24,
1E24,
1E24,
1E24,
1E24,
1E24,
1E24,
1E24,
1E24,
1E24,
1E24,
1E05,
1E24,
1E24,
1E24,
1E24,
1E24,
1E24,
1E24,
1E24,
1E24,
1E24,
1E24,
1E25,
1E25,
1E25,
1E25,
1E24,
1E04,
1E24,
1E24,
1E24,
1E24,
1E24,
1E24,
1E24,
1E24,
1A24,
1E24,
1E24,
1E24,
1E24,
1E24,
1E04,
1E24,
1E24,
1E24,
1E04,
1E04,
1E04,
1E04,
1E04,
1E04,
1E04,
1E04,
1E04,
1E04,
1E04,
1A04,
1A04,
1A04,
1E04,
1E03,
1E03,
1E04,
1E04,
1E04,
1E04,
1E04,
1E04,
1E04,
1E04,
1E04,
1E04,
1E04,
1E04,
1E04,
1E04,
1E04,
1E04,
1E04,
1E04,
1E04,
1E04,
1E04,
1E04,
1E04,
1E04,
1E04,
1E04,
1E04,
1E04,
1E04,
1E03,
1E03,
1E03,
1E03,
1E03,
1E04,
1E04,
1E03,
1E03,
1E03,
1E03,
1E03,
1E03,
1E03,
1E03,
1E03,
1E03,
1E04,
1E04,
1E04,
1E03,
1E04,
1E04,
1E04,
1E04,
1A04,
1E03,
1E03,
1E03,
1E03,
1E03,
1E04,
1E04,
1A03,
1DE3,
1DE3,
1DE3,
1DE3,
1DE3,
15A2,
0D41,
00E0,
00C0,
0920,
1182,
19A3,
1DC4,
1DC4,
1DA4,
21A6,
1D84,
04C0,
0080,
2DEC,
5715,
6358,
6379,
677A,
6B7B,
6B7C,
675B,
6B7B,
6B7C,
6F7C,
6B7C,
6B5B,
6B5C,
6B7C,
6F7C,
6F7C,
6F7C,
6F7C,
6F7C,
6F7C,
6F7C,
6F7C,
6F7C,
6F7C,
6F7C,
6F7C,
6F7C,
6F7C,
6F7C,
6F7C,
6F7C,
6F7C,
6F7C,
6F7C,
6F7C,
6F7C,
6F7C,
6F7C,
6F7C,
6F7C,
6F7C,
6F7C,
6F7C,
6F7C,
6F7C,
6F7C,
6F7C,
6F7C,
6F7C,
6F7C,
6F7B,
6F7B,
6F7B,
6F7B,
6F7B,
6F7B,
6F7B,
6F7B,
6B7C,
6B7B,
6B7A,
6337,
4650,
10A3,
0040,
10E2,
2586,
25C6,
1DC4,
1DC3,
1DC3,
1DE3,
19E2,
19E2,
19E2,
19E2,
1A02,
1A02,
1A02,
1A02,
1A02,
1A03,
1A03,
1A03,
1A03,
1A03,
1A03,
1A03,
1A03,
1A03,
1A03,
1A03,
1A03,
1A03,
1A03,
1E03,
1E03,
1A04,
1E04,
1E04,
1E04,
1E04,
1E04,
1E04,
1E04,
1E04,
1E04,
1E04,
1E04,
1E04,
1E04,
1E04,
1E04,
1E04,
1E04,
1E04,
1E04,
1E05,
1E04,
1E04,
19E4,
1E05,
1E05,
1E05,
1E04,
1E04,
1E04,
1E04,
1E04,
1E04,
1E04,
1E24,
1E24,
1E04,
1E04,
1E04,
1E04,
1E04,
1E04,
1E04,
1E04,
1E04,
1E04,
1E04,
1E04,
1E04,
1E04,
1E04,
1E24,
1E24,
1E24,
1E24,
1E24,
1E24,
1E24,
1E24,
1E24,
1E24,
1E24,
1E24,
1E24,
1E24,
1E24,
1E24,
1E24,
1E24,
1E24,
1E24,
1E24,
1E24,
1E24,
1E24,
1E24,
1E25,
1E25,
1E25,
1E25,
1E25,
1E25,
1E25,
1E24,
1E04,
1E24,
1E24,
1E24,
1E24,
1E24,
1E24,
1E24,
1E24,
1E24,
1E24,
1E24,
1E24,
1E24,
1E24,
1E24,
1E24,
1E24,
1E24,
1E04,
1E04,
1E04,
1E04,
1A04,
1A04,
1A04,
19C3,
19C3,
1DE4,
1E04,
1A04,
1A04,
1A04,
1E04,
1E04,
1E04,
1E04,
1E04,
1E04,
1E04,
1E04,
1E04,
1E04,
1E04,
1E04,
1E04,
1E04,
1E04,
1E04,
1E04,
1E04,
1E04,
1E04,
1E04,
1E04,
1E04,
1E04,
1E04,
1E04,
1E04,
1E04,
1E04,
1E04,
1E04,
1E04,
1E03,
1E03,
1E03,
1E03,
1E03,
1E03,
1E03,
1E04,
1E04,
1E03,
1E03,
1E03,
1E03,
1E03,
1E03,
1E03,
1E03,
1E04,
1E04,
1E04,
1E04,
1E04,
1E04,
1E04,
1E04,
1A04,
1E04,
1E04,
1E04,
1E04,
1E04,
1E04,
1E04,
1E04,
1DE4,
1DE4,
1DE4,
21E4,
1DC4,
1162,
04E0,
0080,
00A0,
0D20,
1582,
1DA4,
1DC4,
1DA4,
1DA4,
21A5,
1543,
04A0,
0CE3,
3A30,
5B17,
6339,
6339,
633A,
675B,
6B7C,
6F7C,
6F7C,
6F7C,
6F7C,
6B7C,
6F7C,
6F7C,
6F7C,
6F7C,
6F7C,
6F7C,
6F7C,
6F7C,
6F7C,
6F7C,
6F7C,
6F7C,
6F7C,
6F7C,
6F7C,
6F7C,
6F7C,
6F7C,
6F7C,
6F7C,
6F7C,
6F7C,
6F7C,
6F7C,
6F7C,
6F7C,
6F7C,
6F7C,
6F7C,
6F7C,
6F7C,
6F7C,
6F7C,
6F7C,
6F7C,
6F7C,
6F7C,
6F7C,
6F7C,
6F7B,
6F7B,
6F7B,
6F7B,
6F7B,
6F7B,
6F7B,
6B7B,
6B7B,
677A,
5F36,
3E4D,
1924,
0480,
0CE2,
1D85,
25C7,
1DE5,
19E3,
19E3,
19E3,
19E2,
19E2,
19E2,
19E2,
19E2,
1A02,
1A02,
1A02,
1A02,
1A02,
1A03,
1A03,
1A03,
1A03,
1A03,
1A03,
1A03,
1A03,
1A03,
1A03,
1A03,
1A03,
1A03,
1A03,
1E04,
1E04,
1A04,
1E04,
1E04,
1E04,
1E04,
1E04,
1E04,
1E04,
1E04,
1E04,
1E04,
1E04,
1E04,
1E04,
1E04,
1E04,
1E04,
1E04,
1E04,
1E04,
1E24,
1E25,
1E25,
1E25,
1E05,
1E05,
1E04,
1E04,
1E04,
1E04,
1E04,
1E04,
1E04,
1E04,
1E24,
1E24,
1E04,
1E04,
1E04,
1E04,
1E04,
1E04,
1E04,
1E04,
1E04,
1E04,
1E04,
1E04,
1E04,
1E04,
1E04,
1E24,
1E24,
1E24,
1E24,
1E24,
1E24,
1E24,
1E24,
1E24,
1E24,
1E24,
1E24,
1E24,
1E24,
1E24,
1E24,
1E24,
1E24,
1E24,
1E24,
1E24,
1E24,
1E24,
1E24,
1E24,
1E25,
1E25,
1E25,
1E25,
1E25,
1E25,
1E25,
1E24,
1E04,
1E24,
1E24,
1E24,
1E24,
1E24,
1E24,
1E24,
1E24,
1E24,
1E24,
1E25,
1E24,
1E24,
1E24,
1E24,
1E24,
1E24,
1E24,
1E04,
1E05,
1E05,
1E05,
1E04,
19C3,
1181,
0940,
0940,
1181,
15A3,
19E3,
19E4,
1E04,
1E04,
1E04,
1E03,
1E04,
1E04,
1E04,
1E04,
1E04,
1E04,
1E04,
1E04,
1E04,
1E04,
1E04,
1E04,
1E04,
1E04,
1E04,
1E04,
1E04,
1E04,
1E04,
1E04,
1E04,
1E04,
1E04,
1E04,
1E04,
1E04,
1E04,
1E04,
1E03,
1E03,
1E03,
1E03,
1E03,
1E03,
1E04,
1E03,
1E04,
1E04,
1E03,
1E03,
1E03,
1E03,
1E03,
1E03,
1E03,
1E03,
1E03,
1E04,
1E04,
1E03,
1E04,
1E04,
1E04,
1E04,
1A04,
1A04,
1A04,
1A04,
1E04,
1E04,
1E04,
1E04,
1DE4,
1DE4,
21E4,
21E5,
1DC5,
1984,
0901,
0080,
0060,
04A0,
1121,
1984,
21C5,
21C5,
1DA4,
1DA5,
1964,
0CE1,
0080,
1926,
4693,
5F39,
5F1A,
633A,
633B,
675B,
6B5C,
6B7C,
6B7C,
6F7C,
6F7C,
6F7C,
6F7C,
6F7C,
6F7C,
6F7C,
6F7C,
6F7C,
6F7C,
6F7C,
6F7C,
6F7C,
6F7C,
6F7C,
6F7C,
6F7C,
6F7C,
6F7C,
6F7C,
6F7C,
6F7C,
6F7C,
6F7C,
6F7C,
6F7C,
6F7C,
6F7C,
6F7C,
6F7C,
6F7C,
6F7C,
6F7C,
6F7C,
6F7C,
6F7C,
6F7C,
6F7C,
6F7C,
6F7C,
6F7C,
6F7C,
6F7B,
6F7B,
6F7B,
6F7B,
6F7B,
6B7B,
6F7B,
6B7B,
6B7A,
5F57,
4AB1,
1D65,
0060,
04C0,
1983,
21C4,
1DC4,
19C3,
19E1,
15E1,
19E2,
19E2,
19E2,
19E2,
1A02,
1A02,
1A02,
1A02,
1A02,
1A03,
1A03,
1A03,
1A03,
1A03,
1A03,
1A03,
1A03,
1A03,
1A03,
1A03,
1A03,
1A03,
1A03,
1A03,
1A03,
1E04,
1E04,
1E04,
1E04,
1E04,
1E04,
1E04,
1E04,
1E04,
1E04,
1E04,
1E04,
1E04,
1E04,
1E04,
1E04,
1E04,
1E04,
1E04,
1E04,
1E04,
1E04,
1E04,
1E04,
1E24,
1E24,
1E04,
1E04,
1E24,
1E04,
1E04,
1E04,
1E04,
1E04,
1E04,
1E04,
1E04,
1E24,
1E04,
1E04,
1E04,
1E04,
1E04,
1E04,
1E04,
1E04,
1E04,
1E04,
1E04,
1E04,
1E04,
1E04,
1E04,
1E24,
1E24,
1E24,
1E24,
1E24,
1E24,
1E24,
1E24,
1E24,
1E24,
1E24,
1E24,
1E24,
1E24,
1E24,
1E24,
1E24,
1E24,
1E24,
1E24,
1E24,
1E24,
1E24,
1E24,
1E24,
1E25,
1E25,
1E24,
1E24,
1E24,
1E24,
1E24,
1E04,
1E24,
1E24,
1E24,
1E24,
1E24,
1E24,
1E24,
1E24,
1E24,
1E24,
1E24,
1E24,
1E24,
1E24,
1E24,
1E04,
1E04,
1E04,
1E04,
1E05,
1E05,
2205,
2206,
1DC4,
0D61,
0500,
0500,
0500,
0500,
0D41,
15A3,
19E4,
1DE4,
1A04,
1A04,
1E04,
1E04,
1E04,
1E04,
1E04,
1E03,
1E03,
1E04,
1E04,
1E04,
1E04,
1E03,
1E03,
1E03,
1E03,
1E03,
1E03,
1E03,
1E03,
1E03,
1E03,
1E03,
1E03,
1E03,
1E03,
1E03,
1E03,
1E03,
1E03,
1E03,
1E03,
1E03,
1E03,
1E03,
1E03,
1E04,
1E04,
1E04,
1E04,
1E03,
1E03,
1E03,
1E03,
1E03,
1E03,
1E03,
1E03,
1E03,
1E03,
1E03,
1E03,
1E03,
1E03,
1E04,
1E04,
1A04,
1A04,
1A04,
1A04,
1A04,
1E04,
1E04,
1DE4,
1DE4,
1DE4,
21E4,
1DC4,
19A4,
1122,
04A0,
0060,
0060,
04A0,
1542,
1DA4,
21C5,
21C5,
21A4,
1D84,
1122,
0080,
0080,
258A,
56D6,
633A,
5F1A,
633A,
673B,
6B5C,
6B5C,
6B7C,
6B7C,
6B7C,
6F7C,
6F7C,
6F7C,
6F7C,
6F7C,
6F7C,
6F7C,
6F7C,
6F7C,
6F7C,
6F7C,
6F7C,
6F7C,
6F7C,
6F7C,
6F7C,
6F7C,
6F7C,
6F7C,
6F7C,
6F7C,
6F7C,
6F7C,
6F7C,
6F7C,
6F7C,
6F7C,
6F7C,
6F7C,
6F7C,
6F7C,
6F7C,
6F7C,
6F7C,
6F7C,
6F7C,
6F7C,
6F7C,
6F7C,
6F7C,
6F7C,
6F7B,
6F7B,
6F7B,
6F7B,
6F7B,
6B7B,
6B7B,
6B7B,
677A,
5B15,
360C,
0CE2,
0080,
0D00,
19A3,
1DC4,
1DC3,
19C3,
19E2,
19E1,
19E2,
19E2,
19E2,
19E2,
1A02,
1A02,
1A02,
1A02,
1A02,
1A03,
1A03,
1A03,
1A03,
1A03,
1A03,
1A03,
1A03,
1A03,
1A03,
1A03,
1A03,
1A03,
1A03,
1A03,
1A03,
1E04,
1E04,
1E04,
1E04,
1E04,
1E04,
1E04,
1E04,
1E04,
1E04,
1E04,
1E04,
1E04,
1E04,
1E04,
1E04,
1E04,
1E04,
1E04,
1E04,
1E04,
1E04,
1E04,
1E04,
1E24,
1E24,
1E24,
1E24,
1E24,
1E04,
1E04,
1E04,
1E04,
1E04,
1E04,
1E04,
1E04,
1E04,
1E04,
1E04,
1E04,
1E04,
1E04,
1E04,
1E04,
1E04,
1E04,
1E04,
1E04,
1E04,
1E04,
1E04,
1E04,
1E24,
1E24,
1E24,
1E24,
1E24,
1E24,
1E24,
1E24,
1E24,
1E24,
1E24,
1E24,
1E24,
1E24,
1E24,
1E24,
1E24,
1E24,
1E24,
1E24,
1E24,
1E24,
1E24,
1E24,
1E25,
1E25,
1E24,
1E24,
1E24,
1E24,
1E24,
1E24,
1E04,
1E24,
1E24,
1E24,
1E24,
1E24,
1E24,
1E24,
1E24,
1E24,
1E24,
1E24,
1E24,
1E24,
1E24,
1E04,
1E04,
1E04,
1E24,
1E24,
1E05,
2206,
2206,
19C4,
0D41,
0500,
0920,
1162,
0D42,
0500,
0500,
1182,
19C3,
1DE4,
1E04,
1E04,
1E04,
1E04,
1E04,
1E04,
1E04,
1E03,
1E04,
1E24,
1E24,
1E24,
1E24,
1E04,
1E03,
1E03,
1E03,
1E03,
1E03,
1E03,
1E03,
1E03,
1E03,
1E03,
1E03,
1E03,
1E03,
1E03,
1E03,
1E03,
1E03,
1E03,
1E03,
1E03,
1E03,
1E03,
1E03,
1E04,
1E04,
1E04,
1E04,
1E03,
1E03,
1E03,
1E03,
1E03,
1E03,
1E03,
1E04,
1E04,
1E03,
1E03,
1E03,
1E04,
1E04,
1E04,
1E04,
1A04,
1A04,
1A04,
1A04,
1A04,
1E04,
1E04,
1DE4,
1DE4,
21E4,
21C4,
1982,
1141,
0D01,
08C0,
08C2,
08A1,
04A0,
1121,
1D84,
25C5,
21C5,
21A4,
1963,
08C0,
0060,
10E3,
4250,
6339,
631A,
631A,
673B,
675B,
6B5C,
6B5C,
6F7C,
6F7C,
6F7C,
6F7C,
6F7C,
6F7C,
6F7C,
6F7C,
6F7C,
6F7C,
6F7C,
6F7C,
6F7C,
6F7C,
6F7C,
6F7C,
6F7C,
6F7C,
6F7C,
6F7C,
6F7C,
6F7C,
6F7C,
6F7C,
6F7C,
6F7C,
6F7C,
6F7C,
6F7C,
6F7C,
6F7C,
6F7C,
6F7C,
6F7C,
6F7C,
6F7C,
6F7C,
6F7C,
6F7C,
6F7C,
6F7C,
6F7C,
6F7C,
6F7C,
6F7B,
6F7B,
6F7B,
6F7B,
6F7B,
6B7B,
6F7B,
6B7B,
6359,
4ED3,
2588,
04A0,
08C0,
1562,
1DC4,
1DC4,
19C3,
1DE3,
1DE2,
19E2,
19E2,
19E2,
19E2,
1A02,
1A02,
1A02,
1A02,
1A02,
1A02,
1A03,
1A03,
1A03,
1A03,
1A03,
1A03,
1A03,
1A03,
19E3,
19E3,
19E2,
15E2,
15E2,
19E3,
1A03,
1A03,
1A04,
1E04,
1E04,
1E04,
1E04,
1E04,
1E04,
1E04,
1E04,
1E04,
1E04,
1E04,
1E04,
1E04,
1E04,
1E04,
1E04,
1E04,
1E04,
1E04,
1E04,
1E04,
1E04,
1E04,
1E04,
1E24,
1E24,
1E24,
1E24,
1E04,
1E04,
1E04,
1E04,
1E04,
1E04,
1E04,
1E04,
1E04,
1E04,
1E04,
1E04,
1E04,
1E04,
1E04,
1E04,
1E04,
1E04,
1E04,
1E04,
1E04,
1E04,
1E04,
1E04,
1E24,
1E24,
1E24,
1E24,
1E24,
1E24,
1E24,
1E24,
1E24,
1E24,
1E24,
1E24,
1E24,
1E24,
1E24,
1E24,
1E24,
1E24,
1E24,
1E24,
1E24,
1E24,
1E24,
1E24,
1E24,
1E25,
1E25,
1E24,
1E24,
1E24,
1E24,
1E24,
1E04,
1E24,
1E24,
1E24,
1E24,
1E24,
1E24,
1E24,
1E24,
1E24,
1E24,
1E24,
1E24,
1E24,
1E24,
1E04,
1E04,
1E04,
1E24,
1E24,
2205,
2206,
19A4,
0940,
00E0,
0500,
1162,
1DC5,
1DA5,
0921,
00E0,
0D41,
15A3,
1DE4,
1E04,
1E03,
1E04,
1E04,
1E04,
1E04,
1E04,
1E03,
1E03,
1E03,
1E03,
1E03,
1E03,
1E03,
1E03,
1E03,
1E03,
1E03,
1E03,
1E03,
1E03,
1E03,
1E03,
1E03,
1E03,
1E03,
1E03,
1E03,
1E03,
1E03,
1E03,
1E03,
1E03,
1E03,
1E03,
1E03,
1E03,
1E03,
1E03,
1E04,
1E04,
1E03,
1E03,
1E03,
1E03,
1E03,
1E03,
1E04,
1E04,
1E04,
1E04,
1E03,
1E03,
1E04,
1E04,
1E04,
1E04,
1A03,
1A03,
1A03,
1A03,
1E04,
1DE4,
1DE4,
1DE4,
21E4,
25E5,
21A4,
1120,
04C0,
08C1,
1945,
25A9,
25A9,
1504,
08C1,
1522,
2184,
25A5,
1D84,
1101,
0060,
0040,
2DCA,
5F37,
633A,
5F1A,
633B,
675B,
6B5C,
6B5C,
6F5C,
6F7C,
6F7D,
6F7C,
6F7C,
6F7C,
6F7C,
6F7C,
6F7C,
6F7C,
6F7C,
6F7C,
6F7C,
6F7C,
6F7C,
6F7C,
6F7C,
6F7C,
6F7C,
6F7C,
6F7C,
6F7C,
6F7C,
6F7C,
6F7C,
6F7C,
6F7C,
6F7C,
6F7C,
6F7C,
6F7C,
6F7C,
6F7B,
6F7C,
6F7C,
6F7C,
6F7C,
6F7C,
6F7C,
6F7C,
6F7C,
6F7C,
6F7C,
6F7C,
6F7C,
6F7C,
6F7C,
6F7B,
6F7B,
6F7B,
6F7B,
6B7B,
6B7B,
6359,
4A91,
1925,
0480,
1121,
1DA4,
1DE4,
1DC3,
1DE3,
1DE3,
1DE2,
1DE2,
1DE2,
19E2,
19E2,
1A02,
1A02,
1A02,
1A02,
1A03,
1A03,
1E03,
1A03,
1A03,
1A03,
1E03,
1E03,
1A03,
19E3,
19E3,
15C2,
11C1,
11C1,
15C1,
19E3,
1A03,
1E04,
1E04,
1A04,
1A04,
1A04,
1A04,
1A04,
1A04,
1A04,
1A04,
1A04,
1A04,
1E04,
1E04,
1E04,
1E04,
1E04,
1E04,
1E04,
1E04,
1E04,
1E04,
1E04,
1E04,
1E04,
1E04,
1E04,
1E24,
1E24,
1E24,
1E24,
1E04,
1E04,
1E04,
1E04,
1E04,
1E04,
1E04,
1E04,
1E24,
1E24,
1E24,
1E24,
1E24,
1E24,
1E24,
1E24,
1E24,
1E24,
1E24,
1E24,
1E24,
1E24,
1E24,
1E24,
1E24,
1E24,
1E24,
1E24,
1E24,
1E24,
1E24,
1E24,
1E24,
1E24,
1E24,
1E24,
1E24,
1E24,
1E24,
1E24,
1E24,
1E24,
1E24,
1E24,
1E24,
1E24,
1E24,
1E24,
1E24,
1E24,
1E24,
1E24,
1E24,
1E24,
1E24,
1E04,
1E04,
1E24,
1A24,
1A24,
1E24,
1E24,
1E24,
1E24,
1E24,
1E24,
1E24,
1E24,
1E24,
1E24,
1E24,
1E04,
1E24,
1E24,
1E04,
2205,
19C4,
0941,
00E0,
00E0,
0D41,
19A5,
25C7,
21C6,
0D22,
00C0,
0921,
15A3,
1DE4,
1E04,
1E03,
1E04,
1E04,
1E04,
1E04,
1E04,
1E03,
1E03,
1E03,
1E03,
1E03,
1E03,
1E03,
1E03,
1E03,
1E03,
1E04,
1E03,
1E03,
1E03,
1E03,
1E03,
1E03,
1E03,
1E03,
1E03,
1E03,
1E03,
1E03,
1E03,
1E03,
1E03,
1E03,
1E03,
1E03,
1E03,
1E03,
1E03,
1E03,
1E03,
1E03,
1E03,
1E03,
1E03,
1E03,
1E03,
1E04,
1E04,
1E04,
1A04,
1A03,
1A04,
1E04,
1A04,
1A04,
1A04,
1A03,
1A03,
19E3,
19E3,
19E3,
1DE4,
19E4,
1DE4,
21E5,
21C6,
1964,
04E0,
0080,
0CE3,
29AA,
4691,
4AB2,
29CB,
0CE4,
0CE1,
1523,
1944,
1122,
0080,
0020,
08A3,
3E50,
675B,
633B,
631A,
673B,
6B5C,
6B5C,
6F5C,
6F7D,
6F7D,
6F7D,
6F7C,
6F7C,
6F7C,
6F7C,
6F7C,
6F7C,
6F7C,
6F7C,
6F7C,
6F7C,
6F7C,
6F7C,
6F7C,
6F7C,
6F7C,
6F7C,
6F7C,
6F7C,
6F7C,
6F7C,
6F7C,
6F7C,
6F7C,
6F7C,
6F7C,
6F7C,
6F7C,
6F7C,
6F7C,
6F7B,
6F7C,
6F7C,
6F7C,
6F7C,
6F7C,
6F7C,
6F7C,
6F7C,
6F7C,
6F7C,
6F7C,
6F7C,
6F7C,
6F7C,
6F7B,
6F7B,
6F7B,
6F7B,
6F7B,
6B7B,
6759,
4A71,
1504,
08A0,
1542,
21E5,
21E4,
1DC4,
1DE3,
1DE3,
1DE2,
1DE2,
1DE2,
19E2,
1DE2,
1DE2,
19E2,
1A02,
1A02,
1E03,
1E03,
1E03,
1E03,
1E03,
1DE3,
19E3,
1DE3,
1DE3,
1DE3,
19E3,
15C2,
11A1,
11A1,
11C1,
19E3,
19E3,
1E04,
1E04,
1A04,
1A04,
1A04,
1A04,
1A04,
1A04,
1A04,
1A04,
1A04,
1A04,
1E04,
1E04,
1E04,
1E04,
1E04,
1E04,
1E04,
1E04,
1E04,
1E04,
1E04,
1E04,
1E04,
1E04,
1E04,
1E24,
1E24,
1E24,
1E24,
1E04,
1E04,
1E04,
1E04,
1E04,
1E04,
1E04,
1E04,
1E24,
1E24,
1E24,
1E24,
1E24,
1E24,
1E24,
1E24,
1E24,
1E24,
1E24,
1E24,
1E24,
1E24,
1E24,
1E24,
1E24,
1E24,
1E24,
1E24,
1E24,
1E24,
1E24,
1E24,
1E24,
1E24,
1E24,
1E24,
1E24,
1E24,
1E24,
1E24,
1E24,
1E24,
1E24,
1E24,
1E24,
1E24,
1E24,
1E24,
1E24,
1E24,
1E24,
1E24,
1E24,
1E24,
1E24,
1E04,
1E04,
1E24,
1A24,
1A24,
1E24,
1E24,
1E24,
1E24,
1E24,
1E24,
1E24,
1E24,
1E24,
1E24,
1E24,
1E24,
1E24,
1E24,
1E04,
1DE5,
1183,
00E0,
00C0,
0921,
1984,
21C6,
25C7,
21A6,
0D02,
00C0,
0921,
15A4,
1DE4,
1E04,
1E03,
1E04,
1E04,
1E04,
1E03,
1E03,
1E03,
1E03,
1E03,
1E03,
1E03,
1E03,
1E24,
1E24,
1E04,
1E04,
1E04,
1E04,
1E24,
1E24,
1E24,
1E24,
1E04,
1E03,
1E03,
1E03,
1E03,
1E03,
1E03,
1E03,
1E03,
1E03,
1E03,
1E03,
1E03,
1E03,
1E03,
1E03,
1E03,
1E03,
1E03,
1E03,
1E03,
1E03,
1E03,
1E03,
1E03,
1E04,
1E04,
1A04,
1A03,
1A04,
1E04,
1E04,
1A04,
1A03,
1A03,
1A03,
19E3,
19E3,
19E3,
1DE4,
1DE4,
21E5,
21C6,
1985,
0D02,
00A0,
04A1,
1D47,
3A2F,
5717,
6359,
4AB4,
2DCC,
0CC2,
0480,
0080,
0060,
0040,
0481,
2149,
4EB5,
675B,
631A,
633A,
675B,
6B5B,
6B5C,
6F7C,
6F7C,
6F7D,
6F7C,
6F7C,
6F7C,
6F7C,
6F7C,
6F7C,
6F7C,
6F7C,
6F7C,
6F7C,
6F7C,
6F7C,
6F7C,
6F7C,
6F7C,
6F7C,
6F7C,
6F7C,
6F7C,
6F7C,
6F7C,
6F7C,
6F7C,
6F7C,
6F7C,
6F7C,
6F7C,
6F7C,
6F7C,
6F7C,
6F7C,
6F7C,
6F7C,
6F7C,
6F7C,
6F7C,
6F7C,
6F7C,
6F7C,
6F7C,
6F7C,
6F7C,
6F7C,
6F7C,
6F7C,
6F7B,
6F7B,
6F7B,
6F7B,
6F7B,
6F7B,
6759,
4A92,
2146,
0CC0,
1521,
21E5,
21E4,
1DC3,
1DE3,
1DE2,
1DE2,
1DE2,
1DE2,
1DE2,
1DE2,
1DE2,
1DE2,
1E02,
1E02,
1DE2,
1E02,
1E02,
1DE2,
19E2,
19C3,
19C3,
19C3,
1DE3,
1DE3,
15C2,
11A1,
11A1,
11A1,
15C2,
19E3,
19E3,
1A04,
1A04,
1A04,
1A04,
1A04,
1A04,
1A04,
1A04,
1A04,
1A04,
1A04,
1A04,
1E04,
1E04,
1E04,
1E04,
1E04,
1E04,
1E04,
1E04,
1E04,
1E04,
1E04,
1E04,
1A04,
1A04,
1E24,
1E24,
1E24,
1E24,
1E24,
1E04,
1E04,
1E04,
1E04,
1E04,
1E04,
1E04,
1E04,
1E24,
1E24,
1E24,
1E24,
1E24,
1E24,
1E24,
1E24,
1E24,
1E24,
1E24,
1E24,
1E24,
1E24,
1E24,
1E24,
1E24,
1E24,
1E24,
1E24,
1E24,
1E24,
1E24,
1E24,
1E24,
1E24,
1E24,
1E24,
1E24,
1E24,
1E24,
1E24,
1E24,
1E24,
1E24,
1E24,
1E24,
1E24,
1E24,
1E24,
1E24,
1E24,
1E24,
1E24,
1E24,
1E24,
1E24,
1E24,
1E24,
1E24,
1E24,
1E24,
1E24,
1E24,
1E24,
1E24,
1E24,
1E24,
1E24,
1E24,
1E24,
1E24,
1E24,
1E24,
1E24,
1E24,
1E04,
19C5,
0941,
00C0,
00E0,
1163,
21C6,
21C7,
25C8,
21A7,
0901,
00A0,
0921,
15A4,
1DE4,
1E03,
1E03,
1E04,
1E04,
1E04,
1E03,
1E03,
1E03,
1E03,
1E03,
1E03,
1E03,
1E03,
1E24,
1E24,
1E04,
1E04,
1E04,
1E24,
1E24,
1E24,
1E24,
1E24,
1E04,
1E03,
1E03,
1E03,
1E03,
1E03,
1E03,
1E03,
1E03,
1E03,
1E03,
1E03,
1E03,
1E03,
1E03,
1E03,
1E03,
1E03,
1E03,
1E03,
1E03,
1E03,
1E03,
1E03,
1E03,
1A03,
1A04,
1A04,
1A04,
1A04,
1A04,
1A04,
1A04,
1A04,
1E04,
19E4,
19E4,
19E4,
1DE4,
21C5,
25C5,
25E6,
1D85,
0CE2,
0080,
08A1,
1D48,
3E30,
52D5,
5F39,
675B,
635B,
56D6,
31CB,
14E4,
0482,
0461,
0CA3,
2128,
3E11,
5F19,
6B5B,
673B,
675B,
6B5C,
6B5B,
6F5C,
6F7C,
6F7C,
6F7C,
6F7D,
6F7C,
6F7C,
6F7C,
6F7C,
6F7C,
6F7C,
6F7C,
6F7C,
6F7C,
6F7C,
6F7C,
6F7C,
6F7C,
6F7C,
6F7C,
6F7C,
6F7C,
6F7C,
6F7C,
6F7C,
6F7C,
6F7C,
6F7C,
6F7C,
6F7C,
6F7C,
6F7C,
6F7B,
6F7C,
6F7C,
6F7C,
6F7C,
6F7C,
6F7C,
6F7C,
6F7C,
6F7C,
6F7C,
6F7C,
6F7C,
6F7C,
6F7C,
6F7C,
6F7C,
6F7B,
6F7B,
6F7B,
6F7B,
6F7B,
6F7B,
6759,
52D4,
31CB,
10E2,
1100,
21A4,
21E4,
1DE4,
1DC3,
1DC3,
1DE3,
1DE3,
1DE3,
1DE3,
1DE3,
1E03,
1E03,
1DE3,
1DE3,
1DE3,
1DE3,
19C2,
19C2,
19A2,
19C3,
19C3,
19C3,
19A3,
1182,
0D60,
0D60,
0D80,
15C2,
19E3,
19E3,
19E3,
1A04,
1A04,
1A04,
1A04,
1A04,
1A04,
1A04,
1A04,
1A04,
1A04,
1A04,
1A04,
1E04,
1E04,
1E04,
1E04,
1E04,
1E04,
1E04,
1E04,
1E04,
1E04,
1E04,
1E04,
1A04,
1A04,
1E24,
1E24,
1E24,
1E24,
1E24,
1E04,
1E04,
1E04,
1E04,
1E04,
1E04,
1E04,
1E04,
1E24,
1E24,
1E24,
1E24,
1E24,
1E24,
1E24,
1E24,
1E24,
1E24,
1E24,
1E24,
1E24,
1E24,
1E24,
1E24,
1E24,
1E24,
1E24,
1E24,
1E24,
1E24,
1E24,
1E24,
1E24,
1E24,
1E24,
1E24,
1E24,
1E24,
1E24,
1E24,
1E24,
1E24,
1E24,
1E24,
1E24,
1E24,
1E24,
1E24,
1E24,
1E24,
1E24,
1E24,
1E24,
1E24,
1E24,
1E24,
1E24,
1E24,
1E24,
1E24,
1E24,
1E24,
1E24,
1E24,
1E24,
1E24,
1E24,
1E24,
1E24,
1E24,
1E24,
1E24,
1E24,
1E24,
1E24,
15A4,
0520,
00E0,
0501,
19A5,
21C7,
21C6,
25E8,
1DA6,
04E0,
00A0,
0921,
15A3,
1DC3,
1DE3,
1E03,
1E04,
1E04,
1E04,
1E03,
1E03,
1E03,
1E03,
1E03,
1E03,
1E03,
1E03,
1E24,
1E24,
1E04,
1E04,
1E04,
1E04,
1E04,
1E24,
1E24,
1E04,
1E04,
1E03,
1E03,
1E03,
1E03,
1E03,
1E03,
1E03,
1E03,
1E03,
1E03,
1E03,
1E03,
1E03,
1E03,
1E03,
1E03,
1E03,
1E03,
1E03,
1E03,
1E03,
1E03,
1E03,
1E03,
1A03,
1A04,
1A04,
1A03,
1A04,
1A04,
1A03,
1A04,
1E04,
19E4,
19E4,
1DE5,
1DE4,
1DC4,
25C5,
25C6,
2185,
1502,
0480,
0CA2,
2568,
4230,
56D6,
633A,
673B,
673B,
6B5C,
6B7C,
5F17,
4E93,
4231,
39EF,
4210,
5295,
5F19,
6B5B,
6B5C,
6B7C,
6F7C,
6F7C,
6F7C,
6F7C,
6F7C,
6F7C,
6F7C,
6F7D,
6F7C,
6F7C,
6F7C,
6F7C,
6F7C,
6F7C,
6F7C,
6F7C,
6F7C,
6F7C,
6F7C,
6F7C,
6F7C,
6F7C,
6F7C,
6F7C,
6F7C,
6F7C,
6F7C,
6F7C,
6F7C,
6F7C,
6F7C,
6F7C,
6F7C,
6F7C,
6F7C,
6F7C,
6F7C,
6F7C,
6F7C,
6F7C,
6F7C,
6F7C,
6F7C,
6F7C,
6F7C,
6F7C,
6F7C,
6F7C,
6F7C,
6F7C,
6F7C,
6F7C,
6F7B,
6F7B,
6F7B,
6F7B,
6F7B,
6F7B,
6B7A,
5AF6,
35ED,
14E2,
08C0,
1941,
21C4,
21E4,
1DE4,
1DE4,
1DE4,
1DE4,
1DE4,
1DE4,
1DE4,
1E04,
1DE4,
1DE4,
1DE3,
1DE4,
19C3,
15A2,
15A2,
15A2,
19C4,
19A3,
15A3,
1583,
0520,
0100,
0520,
0D80,
15C1,
19E3,
1A03,
1A03,
1A03,
1A03,
1A04,
1A04,
1A04,
1A04,
1A04,
1A04,
1A04,
1A04,
1A04,
1A04,
1E04,
1E04,
1E04,
1E04,
1E04,
1E04,
1E04,
1E04,
1E04,
1E04,
1E04,
1E04,
1A04,
1E04,
1E04,
1E04,
1E24,
1E24,
1E24,
1E04,
1E04,
1E04,
1E04,
1E04,
1E04,
1E04,
1E04,
1E24,
1E24,
1E24,
1E24,
1E24,
1E24,
1E24,
1E24,
1E24,
1E24,
1E24,
1E24,
1E24,
1E24,
1E24,
1E24,
1E24,
1E24,
1E24,
1E24,
1E24,
1E24,
1E24,
1E24,
1E24,
1E24,
1E24,
1E24,
1E24,
1E24,
1E24,
1E24,
1E24,
1E24,
1E24,
1E24,
1E24,
1E24,
1E24,
1E24,
1E24,
1E24,
1E24,
1E24,
1E24,
1E24,
1E24,
1E24,
1E24,
1E24,
1E24,
1E24,
1E24,
1E24,
1E24,
1E24,
1E24,
1E24,
1A24,
1A24,
1A24,
1E24,
1E24,
1E24,
1E24,
1E24,
1E24,
1183,
00E0,
00E0,
1163,
1DC6,
1DC6,
1DC6,
25E8,
1DA6,
00C0,
00A0,
0D22,
19A3,
19C3,
19E2,
1DE3,
1E04,
1E03,
1E03,
1E03,
1E03,
1E04,
1E04,
1E03,
1E03,
1E03,
1E03,
1E03,
1E03,
1E03,
1E03,
1E03,
1E03,
1E03,
1E03,
1E03,
1E03,
1E03,
1E03,
1E03,
1E03,
1E03,
1E03,
1E03,
1E03,
1E03,
1E03,
1E03,
1E03,
1E03,
1E03,
1E03,
1E03,
1E03,
1E03,
1E03,
1E03,
1E03,
1E03,
1E03,
1E03,
1E03,
1E03,
1A03,
1A03,
1A03,
1A04,
1A04,
1A04,
1E04,
1E04,
1DE4,
1DE5,
1DE5,
1DC5,
21C5,
25C6,
2186,
1103,
0480,
10E3,
31CD,
4A72,
56D5,
5F18,
675B,
6B5C,
6B5C,
6B5D,
6B7C,
6B7B,
6F7B,
6F7B,
6F7C,
6B7B,
6F9D,
6F9D,
6F7C,
6B7C,
6B7C,
6F7C,
6F7C,
6F7C,
6F7C,
6F7C,
6F7C,
6F7C,
6F7D,
6F7D,
6F7D,
6F7C,
6F7C,
6F7C,
6F7C,
6F7C,
6F7C,
6F7C,
6F7C,
6F7C,
6F7C,
6F7C,
6F7C,
6F7C,
6F7C,
6F7C,
6F7C,
6F7C,
6F7C,
6F7C,
6F7C,
6F7C,
6F7C,
6F7C,
6F7C,
6F7B,
6F7C,
6F7B,
6F7B,
6F7B,
6F7B,
6F7B,
6F7B,
6F7B,
6F7B,
6F7B,
6F7C,
6F7C,
6F7C,
6F7C,
6F7C,
6F7C,
6F7C,
6F7B,
6F7B,
6F7B,
6F7B,
6F7B,
6F7B,
6F7B,
6338,
4671,
2146,
08A0,
08C0,
1141,
1984,
19A4,
1DA4,
1DC4,
1DC4,
1DC4,
21E5,
21E5,
1DC4,
19A4,
19A3,
1983,
1983,
1582,
1161,
1161,
19A3,
2606,
2607,
21E6,
1584,
0520,
0100,
0540,
11A1,
19E2,
1A03,
1A03,
1A03,
1A03,
1A03,
1A03,
1A03,
1A03,
1A03,
1A04,
1A04,
1A04,
1A04,
1A04,
1A04,
1E04,
1E04,
1E04,
1E04,
1E04,
1E04,
1E04,
1E04,
1E04,
1E04,
1E04,
1E04,
1E04,
1A04,
1E04,
1E04,
1E04,
1E04,
1E04,
1E04,
1E04,
1E04,
1E04,
1E04,
1E04,
1E04,
1E04,
1E24,
1E24,
1E24,
1E24,
1E24,
1E24,
1E24,
1E24,
1E24,
1E24,
1E24,
1E24,
1E24,
1E24,
1E24,
1E24,
1E24,
1E24,
1E24,
1E24,
1E24,
1E24,
1E24,
1E24,
1E24,
1E24,
1E24,
1E24,
1E24,
1E24,
1E24,
1E24,
1E24,
1E24,
1E24,
1E24,
1E24,
1E24,
1E24,
1E24,
1E24,
1E24,
1E24,
1E24,
1E24,
1E24,
1E24,
1E24,
1E24,
1E24,
1E24,
1E24,
1E24,
1E24,
1E24,
1E24,
1A24,
1A24,
1A24,
1A24,
1E24,
1E24,
1E24,
1E24,
1E24,
1E24,
1E24,
0941,
00C0,
0921,
1DC5,
1DC6,
1DA5,
1DC6,
25E8,
1DA6,
00C0,
00A0,
0921,
1583,
19C3,
1DE2,
1DE3,
1E03,
1E03,
1E03,
1E03,
1E04,
1E04,
1E04,
1E03,
1E03,
1E03,
1E03,
1E03,
1E03,
1E03,
1E03,
1E03,
1E03,
1E03,
1E03,
1E03,
1E03,
1E03,
1E03,
1E03,
1E03,
1E03,
1E03,
1E03,
1E03,
1E03,
1E03,
1E03,
1E03,
1E03,
1E03,
1E03,
1E03,
1E03,
1E03,
1E03,
1E03,
1E03,
1E03,
1E03,
1E03,
1E03,
1E03,
1A03,
1A03,
1A04,
1A04,
1A03,
19E4,
1DE4,
1DE4,
1DE4,
1DE5,
1DE5,
1DC6,
21A6,
2165,
1503,
0060,
0060,
298B,
52D6,
5F19,
5F19,
633A,
675B,
6B5C,
6B5C,
6B5C,
6B5C,
6F7C,
6F9D,
739D,
739D,
6F9D,
6F9D,
6F7C,
6F7C,
6F7C,
6F7C,
6F7C,
6F7C,
6F7C,
6F7C,
6F7C,
6F7C,
6F7C,
6F7D,
6F7D,
6F7D,
6F7C,
6F7C,
6F7C,
6F7C,
6F7C,
6F7C,
6F7C,
6F7C,
6F7C,
6F7C,
6F7C,
6F7C,
6F7C,
6F7C,
6F7C,
6F7C,
6F7C,
6F7C,
6F7C,
6F7C,
6F7C,
6F7C,
6F7C,
6F7C,
6F7B,
6F7C,
6F7C,
6F7B,
6F7B,
6F7B,
6F7B,
6F7B,
6F7B,
6F7B,
6F7B,
6F7B,
6F7C,
6F7C,
6F7C,
6F7C,
6F7C,
6F7C,
6F7B,
6F7B,
6F7B,
6F7B,
6F7B,
6F7B,
6F9B,
6B7A,
5F17,
422F,
1D24,
0480,
0080,
00C0,
08E0,
0D01,
1122,
1142,
1542,
1542,
1542,
1142,
1122,
1121,
1101,
1122,
1943,
1D85,
29E8,
3A6B,
42CE,
46CE,
366A,
19A4,
1161,
0D61,
1181,
15C2,
19E3,
1A03,
1A03,
1A03,
1A03,
1A03,
1A03,
1A03,
1A03,
1A03,
1A04,
1A04,
1A04,
1A04,
1A04,
1A04,
1E04,
1E04,
1E04,
1E04,
1E04,
1E04,
1E04,
1E04,
1E04,
1E03,
1E03,
1E03,
1E03,
1E03,
1E03,
1E03,
1E04,
1E04,
1E04,
1E04,
1E04,
1E04,
1E04,
1E04,
1E04,
1E04,
1E04,
1E24,
1E24,
1E24,
1E24,
1E24,
1E24,
1E24,
1E24,
1E24,
1E24,
1E24,
1E24,
1E24,
1E24,
1E24,
1E24,
1E24,
1E24,
1E05,
1E25,
1E24,
1E24,
1E24,
1E24,
1E24,
1E24,
1E24,
1E24,
1E24,
1E24,
1E24,
1E24,
1E24,
1E24,
1E24,
1E24,
1E24,
1E24,
1E24,
1E24,
1E24,
1E24,
1E24,
1E24,
1E24,
1E24,
1E24,
1E24,
1E24,
1E24,
1E24,
1E24,
1E24,
1E24,
1E24,
1E24,
1A24,
1A24,
1A24,
1A24,
1E24,
1E24,
1E24,
1E24,
1E24,
1E24,
1E24,
0500,
00E0,
1162,
21C6,
21C5,
1DC5,
21C6,
25E7,
19A5,
00C0,
00A0,
0920,
0D41,
1581,
1DC2,
1DE3,
19E3,
1A03,
1A03,
1A03,
1A03,
1A23,
1E23,
1E03,
1E03,
1E03,
1E03,
1E03,
1E03,
1E03,
1E03,
1E03,
1E03,
1E03,
1E03,
1E03,
1E03,
1E03,
1E03,
1E03,
1E03,
1E03,
1E03,
1E03,
1E03,
1E03,
1E03,
1E03,
1E03,
1E03,
1E03,
1E03,
1E03,
1E03,
1E03,
1E03,
1E03,
1E03,
1E03,
1E03,
1E03,
1E03,
1A03,
1A03,
1A03,
1A03,
19E3,
19E3,
1DE4,
1DE4,
1DE4,
1DC5,
21E6,
21E6,
1D86,
1524,
10C2,
0460,
0040,
1906,
4672,
633A,
675B,
633B,
673C,
6B5C,
6B5C,
6B5C,
6B7D,
6B7C,
6B7C,
6F7D,
6F7D,
6F7C,
6F7C,
6F7C,
6F7C,
6F7C,
6F7C,
6F7C,
6F7C,
6F7C,
6F7C,
6F7C,
6F7C,
6F7C,
6F7C,
6F7D,
6F7D,
6F7D,
6F7D,
6F7C,
6F7C,
6F7C,
6F7C,
6F7C,
6F7C,
6F7C,
6F7C,
6F7C,
6F7C,
6F7C,
6F7C,
6F7C,
6F7C,
6F7C,
6F7C,
6F7C,
6F7C,
6F7C,
6F7C,
6F7C,
6F7B,
6F7B,
6F7B,
6F7B,
6F7B,
6F7B,
6F7B,
6F7B,
6F7B,
6F7B,
6F7B,
6F7B,
6F7B,
6F7B,
6F7C,
6F7C,
6F7C,
6F7C,
6F7C,
6F7C,
6F7B,
6F7B,
6F7B,
6F7B,
6F7B,
6F7B,
6F7B,
6F9B,
6F9B,
5F16,
3E0E,
1D25,
0880,
0060,
0040,
0060,
0080,
0080,
04A0,
04A0,
08A0,
0CC1,
10E2,
1503,
1924,
2166,
31EA,
3E6E,
4ED2,
5734,
5733,
4AF0,
3249,
19A3,
15A2,
19E3,
19E3,
19E2,
19E3,
1A03,
1E03,
1A03,
1A03,
1A03,
1A03,
1A03,
1A03,
1A04,
1A04,
1A04,
1A04,
1A04,
1A04,
1A04,
1A04,
1A04,
1A04,
1A04,
1A04,
1E04,
1E04,
1E04,
1E04,
1E04,
1E04,
1E04,
1E04,
1E04,
1E04,
1E04,
1E04,
1E04,
1E04,
1E04,
1E04,
1E04,
1E04,
1E04,
1E04,
1E04,
1E04,
1E24,
1E24,
1E24,
1E24,
1E24,
1E24,
1E24,
1E24,
1E24,
1E24,
1E24,
1E24,
1E24,
1E24,
1E24,
1E24,
1E24,
1E24,
1E24,
1E24,
1E24,
1E24,
1E24,
1E24,
1E24,
1E24,
1E24,
1E24,
1E24,
1E24,
1E24,
1E24,
1E24,
1E24,
1E24,
1E24,
1E24,
1E24,
1E24,
1E24,
1E24,
1E24,
1E24,
1E24,
1E24,
1E24,
1E24,
1E24,
1E24,
1E24,
1E24,
1E24,
1E24,
1E24,
1E24,
1A24,
1A24,
1A24,
1A24,
1A24,
1E24,
1E24,
1E24,
1E24,
1E24,
1E24,
1E24,
00E0,
0520,
1583,
21C6,
21E5,
21C5,
21E5,
21E6,
1584,
00C0,
00C0,
0920,
0920,
1160,
19C2,
1DE3,
19E3,
1A03,
1A03,
1A03,
1A03,
1A03,
1E03,
1A03,
1E03,
1E03,
1E03,
1E03,
1E03,
1E03,
1E03,
1E03,
1E03,
1E03,
1E03,
1E03,
1E03,
1E03,
1E03,
1E03,
1E03,
1E03,
1E03,
1E03,
1E03,
1E03,
1E03,
1E03,
1E03,
1E03,
1E03,
1E03,
1E03,
1E03,
1E03,
1E03,
1E03,
1E03,
1E03,
1E03,
1E03,
1E03,
1A03,
1A03,
19E3,
1A03,
19E3,
19E4,
1DE4,
1DE4,
21C5,
21C6,
1DA6,
1985,
1104,
08A2,
0861,
0882,
1D27,
422F,
5F18,
675B,
673B,
675C,
6B5C,
6B5D,
6B5D,
6B5D,
6F7D,
6F7C,
6B7C,
6F7C,
6F7D,
6F7C,
6F7C,
6F7C,
6F7C,
6F7C,
6F7C,
6F7C,
6F7C,
6F7D,
6F7D,
6F7D,
6F7D,
6F7C,
6F7C,
6F7D,
6F7D,
6F7D,
6F7D,
6F7D,
6F7D,
6F7C,
6F7C,
6F7C,
6F7C,
6F7C,
6F7C,
6F7C,
6F7C,
6F7C,
6F7C,
6F7C,
6F7C,
6F7C,
6F7C,
6F7C,
6F7C,
6F7C,
6F7C,
6F7C,
6F7B,
6F7B,
6F7B,
6F7B,
6F7B,
6F7C,
6F7B,
6F7B,
6F7B,
6F7B,
6F7B,
6F7B,
6F7B,
6F7B,
6F7C,
6F7C,
6F7C,
6F7C,
6F7C,
6B7C,
6B7B,
6B7B,
6B7B,
6F7B,
6F7B,
6F7B,
6F7B,
6F7B,
6F9B,
6B7A,
6317,
4E92,
35EC,
2548,
1505,
10C4,
0CC4,
1105,
1926,
1D27,
2147,
2989,
31CB,
3A0D,
3E4F,
4A91,
52F4,
5F56,
5F76,
5B55,
4EF1,
364B,
1984,
1581,
19C2,
1DE4,
1DE3,
19E3,
19E2,
1A03,
1E03,
1E03,
1A03,
1A03,
1A03,
1A04,
1A04,
1A04,
1A04,
1A04,
1A04,
1A04,
1A04,
1A04,
1A04,
1A04,
1A04,
1A04,
1A04,
1E04,
1E04,
1E04,
1E04,
1E04,
1E04,
1E04,
1E04,
1E04,
1E04,
1E04,
1E04,
1E04,
1E04,
1E04,
1E04,
1E04,
1E04,
1E04,
1E04,
1E04,
1E04,
1E24,
1E24,
1E24,
1E24,
1E24,
1E24,
1E24,
1E24,
1E24,
1E24,
1E24,
1E24,
1E24,
1E24,
1E24,
1E24,
1E24,
1E24,
1E24,
1E24,
1E24,
1E05,
1E25,
1E24,
1E24,
1E24,
1E24,
1E24,
1E24,
1E24,
1E24,
1E24,
1E24,
1E24,
1E24,
1E24,
1E24,
1E24,
1E24,
1E24,
1E24,
1E24,
1E24,
1E24,
1E24,
1E24,
1E24,
1E24,
1E24,
1E24,
1E24,
1E24,
1E24,
1E24,
1A24,
1A24,
1A24,
1A24,
1A24,
1A24,
1E24,
1E24,
1E24,
1E24,
1E24,
1E24,
1E24,
00E0,
0D41,
1DA5,
21E6,
21E5,
21E5,
21E5,
21E5,
1583,
00E0,
0500,
0D21,
0920,
1160,
19C2,
1DE3,
19E3,
1A03,
1A03,
1A03,
1A03,
1E03,
1E03,
1A03,
1E03,
1E03,
1E03,
1E03,
1E03,
1E03,
1E03,
1E03,
1E03,
1E03,
1E03,
1E03,
1E03,
1E03,
1E03,
1E03,
1E03,
1E03,
1E03,
1E03,
1E03,
1E03,
1E03,
1E03,
1E03,
1E03,
1E03,
1E03,
1E03,
1E03,
1E03,
1E03,
1E03,
1E03,
1E03,
1E03,
1E03,
1E03,
1A03,
1A03,
19E3,
19E3,
1DE4,
1DE4,
1DE4,
21E5,
21C7,
21A7,
1565,
08E2,
0081,
0461,
10A4,
296A,
4652,
5F18,
6B5B,
6B5C,
673C,
6B5C,
6B5D,
6B5D,
6B5D,
6F7D,
6F7D,
6F7C,
6F7C,
6F7C,
6F7C,
6F7C,
6F7C,
6F7C,
6F7C,
6F7C,
6F7C,
6F7C,
6F7C,
6F7C,
6F7D,
6F7D,
6F7C,
6F7C,
6F7C,
6F7D,
6F7D,
6F7D,
6F7D,
6F7D,
6F7C,
6F7C,
6F7C,
6F7C,
6F7C,
6F7C,
6F7C,
6F7C,
6F7C,
6F7C,
6F7C,
6F7C,
6F7C,
6F7C,
6F7C,
6F7C,
6F7C,
6F7C,
6F7C,
6F7C,
6F7B,
6F7B,
6F7B,
6F7B,
6F7B,
6F7C,
6F7B,
6F7B,
6F7B,
6F7B,
6F7B,
6F7B,
6F7B,
6F7B,
6F7C,
6F7C,
6F7C,
6F7C,
6F7C,
6F7C,
6F7B,
6F7B,
6F7B,
6F7B,
6F7B,
6F7C,
6F7B,
6F7B,
6F7B,
6F7B,
6F9C,
6F7B,
6339,
5AF6,
4EB4,
4A73,
4A72,
4A73,
4E94,
4E94,
4EB4,
56F6,
5B16,
5F37,
5F38,
6379,
6799,
6798,
67B8,
5B55,
3E6D,
1964,
0900,
1160,
1DC3,
1DE4,
1E03,
19E3,
19E2,
19E3,
1E03,
1A03,
1A03,
1A03,
1A03,
1A04,
1A04,
1A04,
1A04,
1A04,
1A04,
1E04,
1E04,
1E04,
1A04,
1A04,
1A04,
1A03,
1A03,
1A04,
1E04,
1A03,
19E3,
19E3,
19E3,
19E3,
19E3,
15E2,
19E3,
1E04,
1A04,
1A04,
1E04,
1E04,
1E04,
1E04,
1E04,
1E04,
1E04,
1E04,
1E04,
1E24,
1E24,
1E24,
1E24,
1E24,
1E24,
1E24,
1E24,
1E24,
1E24,
1E24,
1E24,
1E24,
1E24,
1E24,
1E24,
1E24,
1E24,
1E24,
1E24,
1E24,
1E05,
1E25,
1E24,
1E24,
1E24,
1E24,
1E24,
1E24,
1E24,
1E24,
1E24,
1E24,
1E24,
1E24,
1E24,
1E24,
1E24,
1E24,
1E24,
1E24,
1E24,
1E24,
1E24,
1E24,
1E24,
1E24,
1E24,
1E24,
1E24,
1E24,
1E24,
1E24,
1E24,
1A24,
1A24,
1A24,
1A24,
1A24,
1A24,
1E24,
1E24,
1E24,
1E24,
1E24,
1E24,
1E24,
00E0,
1163,
1DE5,
21E6,
21E5,
21E5,
1DC5,
1DC5,
19A4,
1142,
0D22,
0921,
0920,
1161,
19C2,
1DE3,
1DE3,
1A03,
1A03,
1A03,
1E03,
1E03,
1E03,
1E03,
1E03,
1E03,
1E03,
1E03,
1E03,
1E03,
1E03,
1E03,
1E03,
1E03,
1E03,
1E03,
1E03,
1E03,
1E03,
1E03,
1E03,
1E03,
1E03,
1E03,
1E03,
1E03,
1E03,
1E03,
1E03,
1E03,
1E03,
1E03,
1E03,
1E03,
1E03,
1E03,
1E03,
1E03,
1E03,
1E03,
1A03,
1A03,
1A03,
19E3,
1A03,
1E04,
1DE4,
1DE5,
21E5,
21E6,
1DA6,
1945,
08C2,
0080,
0082,
18E6,
2D8B,
4652,
5EF8,
6B5B,
6B5C,
6B5C,
6B5C,
6B5D,
6B5D,
6B5C,
6F7C,
6F7D,
6F7C,
6F7C,
6F7C,
6F7C,
6F7C,
6F7C,
6F7C,
6F7C,
6F7C,
6F7C,
6F7C,
6F7C,
6F7C,
6F7C,
6F7D,
6F7D,
6F7D,
6F7D,
6F7D,
6F7D,
6F7D,
6F7D,
6F7D,
6F7C,
6F7C,
6F7C,
6F7C,
6F7C,
6F7C,
6F7C,
6F7C,
6F7C,
6F7C,
6F7C,
6F7C,
6F7C,
6F7C,
6F7C,
6F7C,
6F7C,
6F7C,
6F7C,
6F7C,
6F7B,
6F7B,
6F7B,
6F7B,
6F7B,
6F7B,
6F7B,
6F7B,
6F7B,
6F7B,
6F7B,
6F7B,
6F7B,
6F7B,
6F7B,
6F7C,
6F7C,
6F7C,
6F7C,
6F7C,
6F7C,
6F7B,
6F7B,
6F7B,
6F7B,
6F7B,
6F7B,
6F7B,
6F7B,
6F7B,
6F7B,
6F7B,
6F7C,
6F9C,
6F9C,
6F7C,
6F7C,
6F7C,
6B7B,
6B7B,
6B7B,
6B7C,
6B9C,
6F9C,
6B9C,
6B9B,
677A,
679A,
6799,
6397,
4AD1,
2186,
08E0,
0900,
1160,
19C3,
1DE4,
1E03,
1A03,
19E3,
1A03,
1A03,
1A03,
1A03,
1A04,
1A04,
1A04,
1A04,
1A04,
1A04,
1A04,
1A04,
19E3,
15E3,
19E3,
19E3,
1E04,
1E04,
19E4,
19E3,
1A04,
15C2,
11A1,
11A1,
11A1,
11A1,
0DA1,
0D80,
0D80,
0D80,
11A2,
15C2,
15C2,
19E3,
1E04,
1E04,
1E04,
1E04,
1E04,
1E04,
1E04,
1E04,
1E24,
1E24,
1E24,
1E24,
1E24,
1E24,
1E24,
1E24,
1E24,
1E24,
1E24,
1E24,
1E24,
1E24,
1E24,
1E24,
1E24,
1E24,
1E24,
1E24,
1E24,
1E24,
1E24,
1E24,
1E24,
1E24,
1E24,
1E24,
1E24,
1E24,
1E24,
1E24,
1E24,
1E24,
1E24,
1E24,
1E24,
1E24,
1E24,
1E24,
1E24,
1E24,
1E24,
1E24,
1E24,
1E24,
1E24,
1E24,
1E24,
1E24,
1E24,
1E24,
1E24,
1E24,
1E24,
1A24,
1A24,
1A24,
1E24,
1E24,
1E24,
1E24,
1E24,
1E24,
1E24,
1E24,
1E24,
0501,
15A4,
1DE5,
1DE5,
21E5,
21E5,
1DC5,
1DC5,
1DC5,
1DC6,
1584,
0920,
0900,
1182,
1DE3,
1DE3,
1DE3,
1DE3,
1E03,
1E03,
1E03,
1E03,
1E03,
1E03,
1E03,
1E03,
1E03,
1E03,
1E03,
1E03,
1E03,
1E03,
1E03,
1E03,
1E03,
1E03,
1E03,
1E03,
1E03,
1E03,
1E03,
1E03,
1E03,
1E03,
1E03,
1E03,
1E03,
1E03,
1E03,
1E03,
1E03,
1E03,
1E03,
1E03,
1E03,
1E03,
1E03,
1E03,
1E03,
1E03,
1A03,
1A03,
19E3,
1A03,
1DE4,
1DE4,
1DC4,
1DC4,
1DC4,
1984,
1143,
08C2,
0080,
08C2,
2169,
3A10,
4E74,
5ED7,
6B3B,
6B5B,
6B5C,
6B5C,
6B5D,
6B5D,
6B5D,
6F7C,
6F7C,
6F7C,
6F7C,
6F7C,
6F7C,
6F7C,
6F7C,
6F7C,
6F7C,
6F7C,
6F7C,
6F7C,
6F7C,
6F7C,
6F7C,
6F7D,
6F7D,
6F7D,
6F7D,
6F7D,
6F7D,
6F7D,
6F7D,
6F7D,
6F7D,
6F7C,
6F7C,
6F7C,
6F7C,
6F7C,
6F7C,
6F7C,
6F7C,
6F7C,
6F7C,
6F7C,
6F7C,
6F7C,
6F7B,
6F7C,
6F7C,
6F7C,
6F7C,
6F7C,
6F7C,
6F7B,
6F7B,
6F7B,
6F7B,
6F7B,
6F7B,
6F7B,
6F7B,
6F7B,
6F7B,
6F7B,
6F7B,
6F7B,
6F7B,
6F7B,
6F7C,
6F7C,
6F7C,
6F7C,
6F7C,
6F7C,
6F7B,
6F7B,
6F7B,
6F7B,
6F7B,
6F7B,
6F7B,
6F7B,
6F7C,
6F7B,
6F7C,
6F7C,
6F7C,
6F9C,
6F9D,
6F9C,
6F9C,
6F9C,
6F9C,
6F9C,
6F9C,
6F7C,
6F9C,
6F9C,
6B9B,
677A,
677A,
6798,
52F2,
29C9,
1101,
0D00,
1162,
19A2,
1DC3,
1DE3,
1E03,
1E03,
1E03,
1A03,
1A03,
1A03,
1A03,
1A03,
1A04,
1A04,
1A04,
1A04,
1A04,
1E04,
19E3,
0DA1,
0D80,
11A1,
19C3,
1E04,
1E04,
19E4,
19E4,
15C2,
1181,
0D60,
0D80,
0960,
0D60,
0D60,
0960,
0960,
0960,
0960,
0D80,
0D80,
11A1,
19E3,
1E04,
1E04,
1E04,
1E04,
1E04,
1E04,
1E04,
1E24,
1E24,
1E24,
1E24,
1E24,
1E24,
1E24,
1E24,
1E24,
1E24,
1E24,
1E24,
1E24,
1E24,
1E24,
1E24,
1E24,
1E24,
1E24,
1E24,
1E24,
1E24,
1E24,
1E24,
1E24,
1E24,
1E24,
1E24,
1E24,
1E24,
1E24,
1E24,
1E24,
1E24,
1E24,
1E24,
1E24,
1E24,
1E24,
1E24,
1E24,
1E24,
1E24,
1E24,
1E24,
1E24,
1E24,
1E24,
1E24,
1E24,
1E24,
1E24,
1E24,
1E24,
1E24,
1E24,
1E24,
1E24,
1E24,
1E24,
1E24,
1E24,
1E24,
1E24,
1E24,
1E24,
1E24,
0500,
15A3,
1DE4,
21E5,
1DE5,
1DE5,
1DE5,
21E5,
21E6,
21E6,
1984,
0920,
0920,
19A3,
21E4,
1DE3,
1DE3,
1DE3,
1DE3,
1E03,
1E03,
1E03,
1E03,
1E03,
1E03,
1E03,
1E03,
1E03,
1E04,
1E04,
1E04,
1E03,
1E03,
1E03,
1E03,
1E03,
1E03,
1E03,
1E03,
1E03,
1E03,
1E03,
1E03,
1E03,
1E03,
1E03,
1E03,
1E03,
1E03,
1E03,
1E03,
1E03,
1E03,
1E03,
1E03,
1E03,
1E03,
1E03,
1E03,
1A03,
1A03,
19E3,
19E3,
19E3,
15C3,
15A3,
1582,
1562,
1141,
08E1,
0080,
0060,
08C2,
258A,
4673,
56D8,
5EF9,
673B,
6B5B,
6B5B,
6F5C,
6F5D,
6B5D,
6B5D,
6F7D,
6F7C,
6F7C,
6F7C,
6F7C,
6F7C,
6F7C,
6F7C,
6F7C,
6F7C,
6F7C,
6F7C,
6F7C,
6F7C,
6F7C,
6F7C,
6F7D,
6F7D,
6F7D,
6F7D,
6F7D,
6F7D,
6F7D,
6F7D,
6F7C,
6F7C,
6F7C,
6F7C,
6F7C,
6F7C,
6F7C,
6F7C,
6F7C,
6F7C,
6F7C,
6F7C,
6F7C,
6F7C,
6F7C,
6F7C,
6F7C,
6F7B,
6F7B,
6F7C,
6F7B,
6F7B,
6F7B,
6F7B,
6F7B,
6F7B,
6F7B,
6F7B,
6F7B,
6F7B,
6F7B,
6F7B,
6F7B,
6F7B,
6F7B,
6F7B,
6F7B,
6F7B,
6F7C,
6F7C,
6F7C,
6F7C,
6F7C,
6F7C,
6F7B,
6F7B,
6F7B,
6F7B,
6F7B,
6F7B,
6F7C,
6F7B,
6F7B,
6F7B,
6F7C,
6F7C,
6F7C,
6F7C,
6F7C,
6F7C,
6F7C,
6F7C,
6F7C,
6F7C,
6F7C,
6F7C,
6B7B,
6B7B,
6B9B,
6B7A,
679A,
6377,
426E,
1944,
1122,
1583,
19A4,
1DC3,
1DE3,
1DE3,
1E03,
1A03,
1A03,
1A03,
1A03,
1A03,
1A03,
1A03,
1A03,
1A03,
1A04,
1E04,
1A04,
15C3,
0D81,
0540,
0540,
1181,
19E3,
1DE4,
1E04,
1DE4,
15C3,
1181,
0960,
0940,
0D60,
11A1,
11A1,
11A1,
15C2,
15C2,
11C2,
0D80,
0D80,
0D80,
0DA0,
15E2,
1E04,
1E04,
1E04,
1E04,
1E04,
1E04,
1E04,
1E24,
1E24,
1E24,
1E24,
1E24,
1E24,
1E24,
1E24,
1E24,
1E24,
1E24,
1E24,
1E24,
1E24,
1E24,
1E24,
1E24,
1E24,
1E24,
1E24,
1E24,
1E24,
1E24,
1E24,
1E24,
1E24,
1E24,
1E24,
1E24,
1E24,
1E24,
1E24,
1E24,
1E24,
1E24,
1E24,
1E24,
1E24,
1E24,
1E24,
1E24,
1E24,
1E24,
1E24,
1E24,
1E24,
1E24,
1E24,
1E24,
1E24,
1E24,
1E24,
1E24,
1E24,
1E24,
1E24,
1E24,
1E24,
1E24,
1E24,
1E24,
1E24,
1E24,
1E24,
1E24,
1E24,
1E24,
0520,
15A2,
1DE4,
2205,
1DE4,
1DE5,
1DE5,
21E5,
21E6,
19C4,
1162,
0920,
0D41,
19C4,
21E4,
1DE4,
1DE4,
1DE4,
1DE3,
1E03,
1E04,
1E04,
1E04,
1E03,
1E03,
1E03,
1E04,
1E04,
1E04,
1E04,
1E04,
1E03,
1E03,
1E03,
1E03,
1E03,
1E03,
1E03,
1E03,
1E03,
1E03,
1E03,
1E03,
1E03,
1E03,
1E03,
1E04,
1E04,
1E03,
1E03,
1E03,
1E03,
1E03,
1E03,
1E03,
1E03,
1E03,
1E03,
1E03,
1A03,
1A03,
19E3,
15E3,
11A2,
0D81,
0940,
0920,
0900,
04C0,
0060,
0020,
0481,
258A,
4672,
5B19,
633B,
673A,
6B3B,
6B5B,
6B5C,
6F5D,
6F5D,
6F7D,
6F7D,
6F7D,
6F7C,
6F7C,
6F7C,
6F7C,
6F7C,
6F7C,
6F7C,
6F7D,
6F7C,
6F7C,
6F7C,
6F7C,
6F7C,
6F7C,
6F7D,
6F7D,
6F7D,
6F7D,
6F7D,
6F7D,
6F7D,
6F7D,
6F7D,
6F7C,
6F7C,
6F7C,
6F7C,
6F7C,
6F7C,
6F7C,
6F7C,
6F7C,
6F7C,
6F7C,
6F7C,
6F7C,
6F7C,
6F7C,
6F7C,
6F7C,
6F7C,
6F7C,
6F7B,
6F7B,
6F7B,
6F7B,
6F7B,
6F7B,
6F7B,
6F7B,
6F7B,
6F7B,
6F7B,
6F7B,
6F7B,
6F7B,
6F7B,
6F7B,
6F7B,
6F7B,
6F7B,
6F7C,
6F7C,
6F7C,
6F7C,
6F7C,
6B7C,
6B7B,
6B7B,
6B7B,
6F7B,
6F7B,
6F7B,
6F7C,
6F7C,
6F7B,
6F7B,
6F7B,
6F7C,
6F7C,
6F7C,
6F7C,
6F7C,
6F7C,
6F7C,
6F7C,
6F7C,
6F7C,
6F7C,
6F9C,
6B9C,
6B9B,
6B9A,
6799,
5B35,
2DE9,
0CE1,
1142,
1DC5,
1DC4,
1DE3,
1DE3,
1DE3,
1A03,
1A03,
1A03,
1A03,
1A03,
1A03,
1A03,
1A03,
1A03,
1A03,
1E04,
1E04,
15C3,
0D81,
0540,
0100,
0540,
11A1,
1DE4,
1DE5,
1E05,
19C4,
1181,
0940,
0540,
0D60,
15A1,
19E3,
1DE3,
19E3,
1E04,
1E04,
1A04,
15E3,
15C2,
15C2,
11C1,
19E2,
1E04,
1A04,
1E04,
1E04,
1E04,
1E04,
1E04,
1E24,
1E24,
1E24,
1E24,
1E24,
1E24,
1E24,
1E24,
1E24,
1E24,
1E24,
1E24,
1E24,
1E24,
1E24,
1E24,
1E05,
1E25,
1E24,
1E24,
1E24,
1E24,
1E24,
1E24,
1E24,
1E24,
1E24,
1E24,
1E24,
1E24,
1E24,
1E24,
1E24,
1E24,
1E24,
1E24,
1E24,
1E24,
1E24,
1E24,
1E24,
1E24,
1E24,
1E24,
1E24,
1E24,
1E24,
1E24,
1E24,
1E24,
1E24,
1E24,
1E24,
1E24,
1E24,
1E24,
1E24,
1E24,
1E24,
1E24,
1E24,
1E24,
1E24,
1E24,
1E24,
1E24,
1E24,
1182,
1DE4,
1DE4,
1DE4,
1DE4,
1DE4,
1DE5,
21E6,
1DC5,
1182,
0920,
0920,
0D62,
1583,
19A3,
19C3,
1DE4,
1DE4,
1DE3,
1DE4,
1E04,
1E04,
1E04,
1E03,
1E03,
1E04,
1E04,
1E04,
1E04,
1E04,
1E04,
1E03,
1E03,
1E04,
1E04,
1E03,
1E03,
1E03,
1E03,
1E03,
1E03,
1E03,
1E03,
1E03,
1E04,
1E03,
1E04,
1E03,
1E03,
1E03,
1E03,
1E03,
1E03,
1E03,
1E03,
1E03,
1E03,
1E03,
1E03,
1A03,
1A03,
19E3,
15E2,
11A1,
0960,
0920,
0900,
08E0,
00A0,
0060,
0CA2,
298A,
4252,
5AF9,
633B,
633B,
673B,
6B3B,
6B5C,
6F5C,
6F5D,
6F7D,
6F7D,
6F7D,
6F7D,
6F7D,
6F7C,
6F7C,
6F7C,
6F7C,
6F7C,
6F7C,
6F7C,
6F7C,
6F7C,
6F7C,
6F7C,
6F7C,
6F7C,
6F7D,
6F7D,
6F7D,
6F7D,
6F7D,
6F7D,
6F7D,
6F7D,
6F7C,
6F7C,
6F7C,
6F7C,
6F7C,
6F7C,
6F7C,
6F7C,
6F7C,
6F7C,
6F7C,
6F7C,
6F7C,
6F7C,
6F7C,
6F7C,
6F7C,
6F7C,
6F7C,
6F7C,
6F7B,
6F7B,
6F7B,
6F7B,
6F7B,
6F7B,
6F7B,
6F7B,
6F7B,
6F7B,
6F7B,
6F7B,
6F7B,
6F7B,
6F7B,
6F7B,
6F7B,
6F7B,
6F7B,
6F7C,
6F7C,
6F7C,
6F7C,
6F7C,
6F7C,
6F7B,
6F7B,
6F7B,
6F7B,
6F7B,
6F7B,
6F7C,
6F7C,
6F7C,
6F7B,
6F7B,
6F7C,
6F7C,
6F7C,
6F7C,
6F7C,
6F7C,
6F7C,
6F7C,
6F7C,
6F7C,
6F7C,
6F9C,
6F9C,
6F9B,
6B9A,
5B36,
3A2D,
1924,
0CE1,
1963,
1DC5,
1DC4,
1DE4,
1DE3,
1DE3,
19E2,
19E2,
1A03,
1A03,
1A03,
1A03,
1E03,
1A03,
1E03,
1E04,
1E04,
1E04,
1DE4,
15A2,
0940,
0520,
1181,
19C3,
1DE5,
1DE5,
19C4,
15A2,
0D60,
0940,
0D60,
15A2,
1DE4,
1DE4,
1DE4,
1DE4,
1E04,
1A04,
1E04,
1E04,
1A04,
1A03,
1A03,
1A03,
1E04,
1A04,
1E04,
1E04,
1E04,
1E04,
1E04,
1E24,
1E24,
1E24,
1E24,
1E24,
1E24,
1E24,
1E24,
1E24,
1E24,
1E24,
1E24,
1E24,
1E24,
1E24,
1E24,
1E05,
1E25,
1E24,
1E24,
1E24,
1E24,
1E24,
1E24,
1E24,
1E24,
1E24,
1E24,
1E24,
1E24,
1E24,
1E24,
1E24,
1E24,
1E24,
1E24,
1E24,
1E24,
1E24,
1E24,
1E24,
1E24,
1E24,
1E24,
1E24,
1E24,
1E24,
1E24,
1E24,
1E24,
1E24,
1E24,
1E24,
1E24,
1E24,
1E24,
1E24,
1E24,
1E24,
1E24,
1E24,
1E24,
1E24,
1E24,
1E24,
1E24,
1E24,
1DE4,
1DE4,
1DE4,
1DE4,
1DE4,
1DE4,
1DE5,
21E5,
19A4,
0D40,
0520,
0920,
0D61,
0D61,
0D40,
0D61,
15A3,
1DE4,
1DE4,
1DE4,
1DE4,
1E04,
1E04,
1E04,
1E04,
1E04,
1E04,
1E04,
1E04,
1E04,
1E04,
1E04,
1E04,
1E04,
1E04,
1E04,
1E03,
1E03,
1E03,
1E03,
1E03,
1E03,
1E03,
1E03,
1E04,
1E04,
1E04,
1E03,
1E03,
1E03,
1E03,
1E03,
1E03,
1E03,
1E03,
1E03,
1E03,
1E03,
1E03,
1A03,
19E3,
1DE3,
19E3,
15C2,
1181,
1182,
1543,
0D02,
08C1,
0CC2,
29AA,
4EB4,
5AF9,
633B,
673B,
673B,
675B,
6B5C,
6B5C,
6B5D,
6F7D,
6F7D,
6F7D,
6F7D,
6F7D,
6F7D,
6F7C,
6F7C,
6F7C,
6F7C,
6F7C,
6F7C,
6F7C,
6F7C,
6F7C,
6F7C,
6F7C,
6F7C,
6F7C,
6F7D,
6F7D,
6F7D,
6F7C,
6F7C,
6F7C,
6F7C,
6F7C,
6F7C,
6F7C,
6F7C,
6F7C,
6F7C,
6F7C,
6F7C,
6F7C,
6F7C,
6F7C,
6F7C,
6F7C,
6F7C,
6F7B,
6F7B,
6F7C,
6F7C,
6F7B,
6F7B,
6F7B,
6F7B,
6F7B,
6F7B,
6F7B,
6F7B,
6F7B,
6F7B,
6F7B,
6F7B,
6F7B,
6F7B,
6F7B,
6F7B,
6F7B,
6F7B,
6F7B,
6F7B,
6F7B,
6F7B,
6F7C,
6F7C,
6F7C,
6F7C,
6F7C,
6F7C,
6F7B,
6F7B,
6F7B,
6F7B,
6F7C,
6F7C,
6F7C,
6F7C,
6F7C,
6F7C,
6F7C,
6F7C,
6F7C,
6F7C,
6F7C,
6F7C,
6F7C,
6F7C,
6F7C,
6F7C,
6F7C,
6F7C,
6F7C,
6B9B,
6FBB,
6799,
4270,
1524,
08C0,
1523,
1DA4,
21C4,
1DC4,
1DE3,
1DE3,
1DE3,
19E2,
1A03,
1A03,
1A03,
1A03,
1A03,
1E03,
19E3,
19E3,
19E3,
1DE4,
2206,
2A47,
2205,
0D61,
0940,
15A4,
19C4,
19A4,
1583,
0D61,
0D60,
0960,
0D81,
15A2,
1DE4,
1DE4,
1DE4,
1DE4,
1DE4,
19E4,
19E4,
19E4,
1A03,
1E04,
1E04,
1E04,
1E04,
1E04,
1E04,
1E04,
1E04,
1E04,
1E04,
1E04,
1E04,
1E04,
1E24,
1E24,
1E24,
1E24,
1E24,
1E24,
1E24,
1E24,
1E24,
1E24,
1E24,
1E24,
1E24,
1E24,
1E24,
1E24,
1E24,
1E24,
1E24,
1E24,
1E24,
1E24,
1E24,
1E24,
1E24,
1E24,
1E24,
1E24,
1E24,
1E24,
1E24,
1E24,
1E24,
1E24,
1E24,
1E24,
1E24,
1E24,
1E24,
1E24,
1E24,
1E24,
1E24,
1E24,
1E24,
1E24,
1E24,
1E24,
1E24,
1E24,
1E24,
1E24,
1E24,
1E24,
1E24,
1E24,
1E24,
1E24,
1E24,
1E24,
1E24,
1E24,
1E24,
1E24,
1E24,
1E04,
1DE4,
1DE4,
1DE4,
1E04,
1E04,
1E05,
1DE5,
19C4,
0D61,
0940,
0D41,
1582,
1182,
0940,
0520,
0D61,
15A3,
19C4,
19C3,
19C3,
19C3,
1DE3,
1DE4,
1E04,
1E04,
1E04,
1E04,
1E04,
1E04,
1E04,
1E04,
1E04,
1E04,
1E04,
1E04,
1E03,
1E03,
1E04,
1E04,
1E03,
1E03,
1E03,
1E03,
1E04,
1E04,
1E04,
1E03,
1E03,
1E03,
1E03,
1E03,
1E03,
1E03,
1E03,
1E03,
1E03,
1A03,
1A03,
1A03,
1A03,
19E3,
1DE3,
1DE4,
1DE4,
1DC4,
1D64,
1102,
08C2,
1D47,
4650,
6339,
675B,
675B,
675B,
675C,
6B5C,
6B5C,
6B5C,
6F5D,
6F7D,
6F7D,
6F7D,
6F7D,
6F7D,
6F7D,
6F7C,
6F7C,
6F7C,
6F7C,
6F7C,
6F7C,
6F7C,
6F7C,
6F7C,
6F7C,
6F7C,
6F7C,
6F7C,
6F7D,
6F7D,
6F7D,
6F7C,
6F7C,
6F7C,
6F7C,
6F7C,
6F7C,
6F7C,
6F7C,
6F7C,
6F7C,
6F7C,
6F7C,
6F7C,
6F7C,
6F7C,
6F7C,
6F7C,
6F7C,
6F7C,
6F7C,
6F7C,
6F7C,
6F7B,
6F7B,
6F7B,
6F7B,
6F7B,
6F7B,
6F7B,
6F7B,
6F7B,
6F7B,
6F7B,
6F7B,
6F7B,
6F7B,
6F7B,
6F7B,
6F7B,
6F7B,
6F7B,
6F7B,
6B7B,
6F7C,
6F7C,
6F7C,
6F7C,
6F7C,
6F7C,
6F7C,
6F7B,
6F7B,
6F7B,
6F7B,
6F7C,
6F7C,
6F7C,
6F7C,
6F7C,
6F7C,
6F7C,
6F7C,
6F7C,
6F7C,
6F7C,
6F7C,
6F7C,
6F7C,
6F7C,
6F7C,
6F7C,
6F7C,
6F7C,
6B9B,
6FBB,
5F57,
2DCB,
10E2,
1102,
1D64,
1DA4,
1DC3,
1DC3,
1DE3,
19E3,
19E3,
19E2,
19E3,
1A03,
1A03,
1A03,
1A03,
1E03,
1DE3,
19E3,
1DE4,
2206,
2A49,
328B,
2E49,
19A4,
1163,
1584,
1563,
0D41,
0500,
0520,
0940,
1182,
15C3,
19E4,
1DE4,
1DE3,
1DE4,
1DE4,
1DE4,
19E4,
19E4,
1A04,
1E03,
1E04,
1E04,
1E04,
1E04,
1E04,
1E04,
1E04,
1E04,
1E04,
1E04,
1E04,
1E04,
1E04,
1E24,
1E24,
1E24,
1E24,
1E24,
1E24,
1E24,
1E24,
1E24,
1E24,
1E24,
1E24,
1E24,
1E24,
1E24,
1E24,
1E24,
1E24,
1E24,
1E24,
1E24,
1E24,
1E24,
1E24,
1E24,
1E24,
1E24,
1E24,
1E24,
1E24,
1E24,
1E24,
1E24,
1E24,
1E24,
1E24,
1E24,
1E24,
1E24,
1E24,
1E24,
1E24,
1E24,
1E24,
1E24,
1E24,
1E24,
1E24,
1E24,
1E24,
1E24,
1E24,
1E24,
1E24,
1E24,
1E24,
1E24,
1E24,
1E24,
1E24,
1E24,
1E24,
1E24,
1E24,
1E24,
1E04,
1E04,
1E04,
1E04,
1E04,
1E04,
1E04,
1E04,
1DE4,
15C3,
15A2,
15A3,
1DE4,
15A3,
0921,
0500,
0920,
1181,
1182,
15A2,
15A2,
15A2,
15A3,
19C3,
19E3,
1DE3,
1E04,
1E04,
1E04,
1E04,
1E04,
1E03,
1E03,
1E04,
1E04,
1E03,
1E04,
1E04,
1E04,
1E04,
1E04,
1E04,
1E03,
1E04,
1E04,
1E03,
1E04,
1E03,
1E03,
1E03,
1E03,
1E03,
1E03,
1E03,
1E03,
1E03,
1A03,
1A03,
19E3,
19E3,
1E03,
1DE3,
1DE3,
1DE4,
1DE5,
1DA5,
1523,
0CC1,
14E4,
31CD,
56D6,
6B7C,
675C,
675B,
675C,
6B5C,
6B5C,
6B5C,
6B5D,
6B7D,
6F7D,
6F7D,
6F7D,
6F7D,
6F7D,
6F7C,
6F7C,
6F7C,
6F7C,
6F7C,
6F7C,
6F7C,
6F7C,
6F7C,
6F7C,
6F7C,
6F7C,
6F7C,
6F7C,
6F7C,
6F7C,
6F7C,
6F7C,
6F7C,
6F7C,
6F7C,
6F7C,
6F7C,
6F7C,
6F7C,
6F7C,
6F7C,
6F7C,
6F7C,
6F7C,
6F7B,
6F7C,
6F7C,
6F7C,
6F7C,
6F7B,
6F7C,
6F7C,
6F7C,
6F7B,
6F7B,
6F7B,
6F7B,
6F7B,
6F7B,
6F7B,
6F7B,
6F7B,
6F7B,
6F7B,
6F7B,
6F7B,
6F7B,
6F7B,
6F7B,
6F7B,
6F7B,
6F7B,
6F7C,
6B7C,
6B7C,
6B7C,
6B7C,
6B7C,
6B7C,
6B7C,
6F7B,
6F7B,
6F7B,
6F7B,
6F7B,
6F7B,
6F7B,
6F7B,
6F7B,
6F7B,
6F7C,
6F7C,
6F7C,
6F7C,
6F7C,
6F7C,
6F7C,
6F7C,
6F7C,
6F7C,
6F7C,
6F7C,
6F7C,
6B7C,
6B9B,
6F9B,
5714,
2588,
0CE2,
1523,
2185,
1DC4,
1DC3,
1DC3,
1DE3,
19E3,
19E3,
19E3,
1DE3,
1DE3,
1A03,
1A03,
1E03,
1DE3,
1DC4,
1DC4,
2607,
2E6A,
368C,
3EAE,
2E4B,
1565,
0922,
0922,
0922,
0500,
00E0,
0500,
1181,
19C4,
1DE5,
1DE4,
19E3,
1DE3,
1DE4,
1E04,
1E04,
19E4,
1A04,
1A04,
1E04,
1E04,
1E04,
1E04,
1E04,
1E04,
1E04,
1E04,
1E04,
1E04,
1E04,
1E04,
1E04,
1E04,
1E04,
1E04,
1E04,
1E04,
1E04,
1E04,
1E04,
1E04,
1E04,
1E04,
1E04,
1E04,
1E04,
1E04,
1E04,
1E24,
1E24,
1E24,
1E24,
1E24,
1E24,
1E24,
1E24,
1E24,
1E24,
1E24,
1E24,
1E24,
1E24,
1E24,
1E24,
1E24,
1E24,
1E24,
1E24,
1E24,
1E24,
1E24,
1E24,
1E24,
1E24,
1E24,
1E24,
1E24,
1E24,
1E24,
1E24,
1E24,
1E24,
1E24,
1E24,
1E24,
1E24,
1E24,
1E24,
1E24,
1E24,
1E24,
1E24,
1E24,
1E24,
1E24,
1E24,
1E24,
1E24,
1E04,
1E04,
1E04,
1E04,
1E04,
1E04,
1E04,
1E04,
1E04,
1DE4,
1DE4,
1DE4,
1E05,
1183,
0100,
0100,
0520,
0D60,
1181,
1582,
1582,
1582,
1182,
1182,
1182,
15A2,
19C3,
1DE3,
1E04,
1E04,
1E04,
1E04,
1E03,
1E03,
1E03,
1E03,
1E04,
1E04,
1E04,
1E04,
1E04,
1E04,
1E04,
1E04,
1E04,
1E03,
1E03,
1E03,
1E03,
1E03,
1E03,
1E03,
1E03,
1E03,
1E03,
1E03,
1A03,
1A03,
19E3,
19E3,
1E03,
1DE3,
1DE4,
1DE5,
1DE6,
1564,
0CC1,
0CA2,
296A,
4E94,
5F39,
675C,
675C,
675C,
675C,
675C,
6B5C,
6B7D,
6B7D,
6B7D,
6F7D,
6F7D,
6F7D,
6F7D,
6F7C,
6F7C,
6F7C,
6F7C,
6F7C,
6F7C,
6F7C,
6F7C,
6F7C,
6F7C,
6F7C,
6F7C,
6F7C,
6F7C,
6F7C,
6F7C,
6F7C,
6F7C,
6F7C,
6F7C,
6F7C,
6F7C,
6F7C,
6F7C,
6F7C,
6F7C,
6F7C,
6F7C,
6F7C,
6F7C,
6F7C,
6F7C,
6F7C,
6F7C,
6F7C,
6F7C,
6F7C,
6F7C,
6F7C,
6F7C,
6F7B,
6F7B,
6F7B,
6F7B,
6F7B,
6F7B,
6F7B,
6F7B,
6F7B,
6F7B,
6F7B,
6F7B,
6F7B,
6F7B,
6F7B,
6F7B,
6B7B,
6B7B,
6B7B,
6B7C,
6B7C,
6B7C,
6B7C,
6B7C,
6B7C,
6B7C,
6B7C,
6B7B,
6F7B,
6F7B,
6F7B,
6F7B,
6F7B,
6F7B,
6F7B,
6F7B,
6F7B,
6F7C,
6F7C,
6F7C,
6F7C,
6F7C,
6F7C,
6F7C,
6F7C,
6F7C,
6F7C,
6F7C,
6F7C,
6F7C,
6B7B,
6F9B,
6B9A,
52F3,
2167,
0CC1,
1923,
21A5,
1DC4,
19C3,
1DE3,
1DE3,
1DE3,
19E3,
1DE3,
1DE3,
1DE3,
1DE4,
1DE4,
1E04,
1DC4,
19A4,
1DC6,
2E29,
42CE,
4F12,
46CF,
29E9,
0D02,
04E0,
0901,
0D42,
0921,
0500,
0940,
11A2,
19C4,
1E05,
19E4,
19E3,
1DE3,
1DE4,
1E04,
1E04,
1DE4,
1A04,
1E04,
1E04,
1E04,
1E04,
1E04,
1E04,
1E03,
1E04,
1E04,
1E04,
1E04,
1E04,
1E04,
1E04,
1E04,
1E04,
1E04,
1E04,
1E04,
1E04,
1E04,
1E04,
1E04,
1E04,
1E04,
1E04,
1E04,
1E04,
1E04,
1E04,
1E24,
1E24,
1E24,
1E24,
1E24,
1E24,
1E24,
1E24,
1E24,
1E24,
1E24,
1E24,
1E24,
1E24,
1E24,
1E24,
1E24,
1E24,
1E24,
1E24,
1E24,
1E24,
1E24,
1E24,
1E24,
1E24,
1E24,
1E24,
1E24,
1E24,
1E24,
1E24,
1E24,
1E24,
1E24,
1E24,
1E24,
1E24,
1E24,
1E24,
1E24,
1E24,
1E24,
1E24,
1E24,
1E24,
1E24,
1E24,
1E24,
1E24,
1E04,
1E04,
1E04,
1E04,
1E04,
1E04,
1E04,
1E04,
1E04,
1E04,
1E05,
1E04,
1DE4,
0D62,
00E0,
0100,
0941,
1161,
15A2,
19A3,
19A3,
15A3,
1582,
1162,
0D41,
0940,
1181,
19E3,
1E04,
1E04,
1E04,
1E04,
1E04,
1E03,
1E03,
1E03,
1E04,
1E04,
1E04,
1E04,
1E03,
1E03,
1E04,
1E04,
1E04,
1E03,
1E03,
1E03,
1E03,
1E03,
1E03,
1E03,
1E03,
1E03,
1E03,
1E03,
1A03,
1A03,
1A03,
1DE3,
1DE3,
1DE4,
21E4,
21E6,
19A5,
0D03,
08A1,
1905,
4230,
5F18,
673B,
673B,
675C,
6B5C,
6B5C,
6B5C,
6B5D,
6B7D,
6F7D,
6F7D,
6F7D,
6F7D,
6F7D,
6F7D,
6F7C,
6F7C,
6F7C,
6F7C,
6F7C,
6F7C,
6F7C,
6F7C,
6F7C,
6F7C,
6F7C,
6F7C,
6F7C,
6F7C,
6F7C,
6F7C,
6F7C,
6F7C,
6F7C,
6F7C,
6F7C,
6F7C,
6F7C,
6F7C,
6F7C,
6F7C,
6F7C,
6F7C,
6F7C,
6F7C,
6F7C,
6F7C,
6F7C,
6F7C,
6F7C,
6F7C,
6F7C,
6F7C,
6F7C,
6F7C,
6F7C,
6F7C,
6F7B,
6F7B,
6F7B,
6F7B,
6F7B,
6F7B,
6F7B,
6F7B,
6F7B,
6F7B,
6F7B,
6F7B,
6F7B,
6F7B,
6B7B,
6B7B,
6B7B,
6B7C,
6B7C,
6B7C,
6B7C,
6B7C,
6B7C,
6B7C,
6B7C,
6B7B,
6F7B,
6F7B,
6F7B,
6F7B,
6F7B,
6F7B,
6F7B,
6F7B,
6F7B,
6F7C,
6F7C,
6F7C,
6F7C,
6F7C,
6F7C,
6F7C,
6F7C,
6F7C,
6F7C,
6F7C,
6F7C,
6F7C,
6F7B,
6F9B,
6B79,
4ED2,
1D46,
0CC1,
1923,
2185,
1DC4,
19C3,
1DE3,
1DE3,
1DE3,
1DE3,
1DE3,
1DE3,
1DE3,
1E03,
1E03,
19C3,
19A4,
1984,
21A6,
364C,
5312,
6396,
5312,
25C8,
0901,
04E1,
0D43,
1584,
1184,
1182,
15A2,
15C3,
1DE4,
2205,
1DE4,
19E3,
1DE4,
1DE4,
1DE4,
1DE4,
1DE4,
1E03,
1E04,
1E04,
1E04,
1E04,
1E04,
1E04,
1E03,
1E04,
1E04,
1E04,
1E04,
1E04,
1E04,
1E04,
1E04,
1E04,
1E04,
1E04,
1E04,
1E04,
1E04,
1E04,
1E04,
1E04,
1E04,
1E04,
1E04,
1E04,
1E04,
1E04,
1E24,
1E24,
1E24,
1E24,
1E24,
1E24,
1E24,
1E24,
1E24,
1E24,
1E24,
1E24,
1E24,
1E24,
1E24,
1E24,
1E24,
1E24,
1E24,
1E24,
1E24,
1E24,
1E24,
1E24,
1E24,
1E24,
1E24,
1E24,
1E24,
1E24,
1E24,
1E24,
1E24,
1E24,
1E24,
1E24,
1E24,
1E24,
1E25,
1E25,
1E24,
1E24,
1E24,
1E24,
1E24,
1E24,
1E24,
1E24,
1E24,
1E24,
1E04,
1E04,
1E04,
1E04,
1E04,
1E04,
1E04,
1E04,
1E04,
1E04,
1E04,
1E04,
19E4,
0D61,
0100,
0941,
11A3,
19C4,
1DC4,
1DC5,
1DC4,
1DC5,
1DC5,
1182,
0500,
0100,
0940,
15C2,
1DE3,
1E04,
1E04,
1E04,
1E04,
1E04,
1E04,
1E04,
1E04,
1E04,
1E04,
1E04,
1E03,
1E04,
1E04,
1E04,
1E04,
1E04,
1E03,
1E03,
1E03,
1E03,
1E03,
1E03,
1E03,
1E03,
1E03,
1E03,
1A03,
1A03,
1A03,
1E03,
1DE3,
21E4,
21E4,
1DC5,
1143,
00A1,
0CA3,
2DAB,
52B4,
633A,
673B,
673B,
6B5C,
6B5D,
6B5D,
6B5D,
6B5C,
6B7D,
6F7D,
6F7D,
6F7D,
6F7D,
6F7D,
6F7D,
6F7D,
6F7C,
6F7C,
6F7D,
6F7D,
6F7D,
6F7D,
6F7D,
6F7D,
6F7D,
6F7D,
6F7D,
6F7C,
6F7C,
6F7C,
6F7C,
6F7C,
6F7C,
6F7C,
6F7C,
6F7C,
6F7C,
6F7C,
6F7C,
6F7C,
6F7C,
6F7C,
6F7C,
6F7C,
6F7C,
6F7C,
6F7C,
6F7C,
6F7C,
6F7C,
6F7C,
6F7C,
6F7C,
6F7C,
6F7C,
6F7C,
6B7C,
6F7C,
6F7B,
6F7B,
6F7B,
6F7B,
6F7B,
6F7B,
6F7B,
6F7B,
6F7B,
6F7B,
6F7B,
6F7B,
6B7B,
6B7B,
6B7B,
6B7C,
6B7C,
6B7C,
6B7C,
6B7C,
6B7C,
6B7C,
6B7C,
6B7C,
6B7C,
6B7C,
6B7C,
6B7C,
6B7C,
6F7B,
6F7B,
6F7B,
6F7B,
6F7B,
6F7C,
6F7C,
6F7C,
6F7C,
6F7C,
6F7C,
6F7C,
6F7C,
6F7C,
6F7C,
6F7C,
6F7C,
6F7C,
6F7B,
6B9B,
6779,
4AB1,
1D46,
0CC1,
1943,
2185,
1DC4,
1DE4,
1DE4,
1DE3,
1DE3,
1DE3,
1DE3,
1DE3,
1DE3,
1E03,
19E2,
11A1,
1162,
1985,
2E0A,
46B0,
5B34,
6797,
5713,
25A8,
08E1,
0902,
1985,
1DC6,
1DC5,
1DC4,
19E4,
1DE4,
1E04,
2205,
1E04,
1DE4,
1DE4,
1DE4,
1DE4,
1DE4,
1DE3,
1DE3,
1E04,
1E04,
1E04,
1E04,
1E04,
1E04,
1E04,
1E04,
1E04,
1E04,
1E04,
1E04,
1E04,
1E04,
1E04,
1E04,
1E04,
1E04,
1E04,
1E04,
1E04,
1E04,
1E04,
1E04,
1E04,
1E04,
1E04,
1E04,
1E04,
1E04,
1E04,
1E04,
1E04,
1E04,
1E04,
1E24,
1E24,
1E24,
1E24,
1E24,
1E24,
1E24,
1E24,
1E24,
1E24,
1E24,
1E24,
1E24,
1E24,
1E24,
1E24,
1E24,
1E24,
1E24,
1E24,
1E24,
1E24,
1E24,
1E24,
1E24,
1E24,
1E24,
1E24,
1E24,
1E24,
1E24,
1E25,
1E25,
1E25,
1E25,
1E25,
1E25,
1E25,
1E24,
1E24,
1E24,
1E24,
1E24,
1E24,
1E24,
1E04,
1E04,
1E04,
1E04,
1E04,
1E04,
1E03,
1E04,
1E04,
1E04,
1E04,
1A04,
1E03,
15C2,
0D81,
15A3,
1DE5,
1DE5,
21E5,
21E5,
21E5,
25E6,
21E6,
1583,
00E0,
00E0,
0520,
15A1,
1DE3,
1E04,
1E04,
1E04,
1E04,
1E03,
1E04,
1E04,
1E04,
1E04,
1E04,
1E04,
1E03,
1E04,
1E04,
1E04,
1E04,
1E04,
1E03,
1E03,
1E03,
1E03,
1E03,
1E03,
1E03,
1E03,
1E03,
1A03,
1A03,
1A03,
1A03,
1DE3,
1DE4,
21E5,
21C5,
1984,
04E0,
0080,
1D27,
4251,
5F18,
673B,
673B,
6B5C,
6B5C,
6B5D,
6B7D,
6B5D,
6F5D,
6F7D,
6F7D,
6F7D,
6F7D,
6F7D,
6F7D,
6F7D,
6F7C,
6F7C,
6F7D,
6F7D,
6F7D,
6F7D,
6F7D,
6F7D,
6F7D,
6F7D,
6F7D,
6F7C,
6F7C,
6F7C,
6F7C,
6F7C,
6F7C,
6F7C,
6F7C,
6F7C,
6F7C,
6F7C,
6F7C,
6F7C,
6F7C,
6F7C,
6F7C,
6F7C,
6F7C,
6F7C,
6F7C,
6F7C,
6F7C,
6F7C,
6F7C,
6F7C,
6F7C,
6F7C,
6F7C,
6F7C,
6F7C,
6B7C,
6F7C,
6F7B,
6F7B,
6F7B,
6F7B,
6F7B,
6F7B,
6F7B,
6F7B,
6F7B,
6F7B,
6F7B,
6F7B,
6B7B,
6B7B,
6B7B,
6B7C,
6B7C,
6B7C,
6B7C,
6B7C,
6B7C,
6B7C,
6B7C,
6B7C,
6B7C,
6B7C,
6B7C,
6B7C,
6B7C,
6F7B,
6F7B,
6F7B,
6F7B,
6F7B,
6F7C,
6F7C,
6F7C,
6F7C,
6F7C,
6F7C,
6F7C,
6F7C,
6F7C,
6F7C,
6F7C,
6F7B,
6F7B,
6B7B,
6B9B,
6B79,
52D3,
2588,
10E1,
1522,
1D85,
1DA4,
19C3,
19E3,
19E3,
1DE3,
1DE3,
1DE3,
19E3,
19E3,
15C3,
0D81,
0961,
1164,
29EA,
42B0,
5714,
5F35,
6376,
5713,
25A8,
08E1,
1144,
21C7,
1DE5,
1DE4,
1DE4,
1DE4,
1E04,
1E04,
2205,
2205,
1DE4,
19E4,
19C3,
15C3,
15C3,
19E3,
1E03,
1E04,
1E04,
1E04,
1E04,
1E04,
1E04,
1E04,
1E04,
1E04,
1E04,
1E04,
1E04,
1E04,
1E04,
1E04,
1E04,
1E04,
1E04,
1E04,
1E04,
1E04,
1E04,
1E04,
1E04,
1E04,
1E04,
1E04,
1E04,
1E04,
1E04,
1E04,
1E04,
1E04,
1E04,
1E04,
1E24,
1E24,
1E24,
1E24,
1E24,
1E24,
1E24,
1E24,
1E24,
1E24,
1E24,
1E24,
1E24,
1E24,
1E24,
1E24,
1E24,
1E24,
1E24,
1E24,
1E24,
1E24,
1E24,
1E24,
1E24,
1E24,
1E24,
1E24,
1E24,
1E24,
1E24,
1E25,
1E25,
1E25,
1E25,
1E25,
1E25,
1E25,
1E24,
1E24,
1E24,
1E24,
1E24,
1E24,
1E24,
1E04,
1E04,
1E04,
1E04,
1E03,
1E03,
1E23,
1E03,
1E04,
1E04,
1E04,
1E04,
1E03,
1E03,
1A03,
1E04,
1E05,
1DE4,
1DE4,
1DE5,
21E5,
21E5,
21E5,
0D42,
00C0,
00E0,
0D40,
19C2,
1DE3,
1E03,
1E03,
1E04,
1E04,
1E04,
1E04,
1E04,
1E04,
1E04,
1E04,
1E04,
1E03,
1E03,
1E03,
1E04,
1E04,
1E03,
1E03,
1E03,
1E03,
1E03,
1E03,
1E03,
1E03,
1E03,
1A03,
1A03,
1A03,
1A03,
1E03,
1DE3,
1DE4,
21E5,
19A4,
0D21,
0080,
10C4,
35CD,
56D6,
633A,
673B,
673B,
6B5C,
6B5C,
6B7D,
6F5D,
6B7D,
6F7D,
6F7D,
6F7D,
6F7D,
6F7D,
6F7D,
6F7D,
6F7D,
6F7D,
6F7D,
6F7D,
6F7D,
6F7D,
6F7D,
6F7D,
6F7D,
6F7D,
6F7C,
6F7C,
6F7C,
6F7C,
6F7C,
6F7C,
6F7C,
6F7C,
6F7C,
6F7C,
6F7C,
6F7C,
6F7C,
6F7C,
6F7C,
6F7C,
6F7C,
6F7C,
6F7C,
6F7C,
6F7C,
6F7C,
6F7C,
6F7C,
6F7C,
6F7C,
6F7C,
6F7C,
6F7C,
6F7C,
6F7C,
6F7B,
6F7B,
6F7B,
6F7B,
6F7B,
6F7B,
6F7B,
6F7B,
6F7B,
6F7B,
6F7B,
6F7B,
6F7B,
6F7B,
6F7B,
6F7B,
6B7B,
6B7B,
6B7C,
6B7C,
6B7C,
6B7C,
6B7C,
6B7C,
6B7C,
6B7C,
6B7C,
6B7C,
6B7C,
6B7C,
6B7C,
6B7C,
6F7B,
6F7B,
6F7B,
6F7B,
6F7B,
6F7C,
6F7C,
6F7C,
6F7C,
6F7C,
6F7C,
6F7C,
6F7C,
6F7C,
6F7C,
6F7C,
6F7C,
6F7C,
6F7B,
6F9B,
6B9A,
5B15,
35EB,
10E1,
0D00,
19A4,
19C3,
15C1,
15C1,
19E2,
19E2,
1E02,
19E2,
15C3,
1182,
0960,
0941,
1164,
25EA,
4691,
5735,
6357,
6356,
6776,
5713,
25A8,
04E1,
0D43,
1DC6,
1DE5,
1DE3,
1DE2,
1DE3,
1E04,
2204,
2205,
2205,
1DE4,
19C3,
1182,
0D81,
11A1,
19C3,
1E04,
1E04,
1E04,
1E04,
1E04,
1E04,
1E04,
1E04,
1E04,
1E04,
1E04,
1E04,
1E04,
1E04,
1E04,
1E04,
1E04,
1E04,
1E04,
1E04,
1E04,
1E04,
1E04,
1E04,
1E04,
1E04,
1E04,
1E04,
1E04,
1E04,
1E04,
1E04,
1E04,
1E04,
1E04,
1E04,
1E24,
1E24,
1E24,
1E24,
1E24,
1E24,
1E24,
1E24,
1E24,
1E24,
1E24,
1E24,
1E24,
1E24,
1E24,
1E24,
1E24,
1E24,
1E24,
1E24,
1E24,
1E24,
1E24,
1E24,
1E24,
1E24,
1E24,
1E24,
1E24,
1E24,
1E24,
1E24,
1E24,
1E25,
1E25,
1E25,
1E25,
1E25,
1E25,
1E25,
1E24,
1E24,
1E24,
1E24,
1E24,
1E04,
1E04,
1E04,
1E04,
1E03,
1E03,
1E03,
1E04,
1E04,
1E04,
1E03,
1E03,
1E03,
1E03,
1E04,
1E04,
1E04,
1E04,
1DE4,
1DE4,
1DE4,
1DC4,
1583,
0500,
00C0,
0500,
1582,
1DC4,
1E04,
1E03,
1A03,
1E03,
1E04,
1E04,
1E04,
1E04,
1E04,
1E04,
1E04,
1E04,
1E03,
1E03,
1E03,
1E03,
1E03,
1E03,
1E03,
1E03,
1E03,
1E03,
1E03,
1E03,
1E03,
1E03,
1E03,
1A03,
1A03,
1A03,
1E03,
1DE3,
21E5,
1DC6,
0D43,
00A0,
0480,
2569,
4A93,
5F39,
633A,
673B,
6B5C,
6B5C,
6B5C,
6F7D,
6F7D,
6F7D,
6F7D,
6F7D,
6F7D,
6F7D,
6F7D,
6F7D,
6F7D,
6F7D,
6F7D,
6F7D,
6F7D,
6F7D,
6F7D,
6F7D,
6F7C,
6F7C,
6F7D,
6F7D,
6F7C,
6F7C,
6F7C,
6F7C,
6F7C,
6F7C,
6F7C,
6F7C,
6F7C,
6F7B,
6F7B,
6F7C,
6F7C,
6F7C,
6F7C,
6F7C,
6F7C,
6F7C,
6F7C,
6F7C,
6F7C,
6F7C,
6F7C,
6F7C,
6F7C,
6F7C,
6F7C,
6F7C,
6F7C,
6F7C,
6F7B,
6F7B,
6F7B,
6F7B,
6F7B,
6F7B,
6F7B,
6F7B,
6F7B,
6F7B,
6F7B,
6F7B,
6F7B,
6F7B,
6F7B,
6F7B,
6B7B,
6B7B,
6B7C,
6B7C,
6B7C,
6B7C,
6B7C,
6B7C,
6B7C,
6B7C,
6B7C,
6B7C,
6B7C,
6B7C,
6B7C,
6B7C,
6F7B,
6F7B,
6F7B,
6F7B,
6F7B,
6F7C,
6F7C,
6F7C,
6F7C,
6F7C,
6F7C,
6F7C,
6F7C,
6F7C,
6F7C,
6F7C,
6F7C,
6F7C,
6F7B,
6F7B,
6F9B,
6758,
464F,
1924,
0CE1,
1584,
21E5,
1DE4,
1DE3,
1DE3,
1DE3,
19C2,
15A1,
0D41,
0500,
0500,
0D44,
25EA,
4271,
5B16,
6359,
6759,
6358,
6778,
56F4,
29A9,
00C0,
0501,
19C5,
1DC4,
19C3,
1DE2,
1DE2,
1DE3,
1E04,
1E04,
2205,
1DE4,
15A3,
0D61,
0540,
0D61,
19C3,
1E04,
1E04,
1E04,
1E04,
1E04,
1E04,
1E04,
1E04,
1E04,
1E04,
1E04,
1E04,
1E04,
1E04,
1E04,
1E04,
1E04,
1E04,
1E04,
1E04,
1E04,
1E04,
1E04,
1E04,
1E04,
1E04,
1E04,
1E04,
1E04,
1E04,
1E04,
1E04,
1E04,
1E04,
1E04,
1E04,
1E24,
1E24,
1E24,
1E24,
1E24,
1E24,
1E24,
1E24,
1E24,
1E24,
1E24,
1E24,
1E24,
1E24,
1E24,
1E24,
1E24,
1E24,
1E24,
1E24,
1E24,
1E24,
1E24,
1E24,
1E24,
1E24,
1E24,
1E24,
1E24,
1E24,
1E24,
1E24,
1E24,
1E24,
1E24,
1E25,
1E25,
1E25,
1E25,
1E25,
1E24,
1E24,
1E24,
1E24,
1E24,
1E04,
1E04,
1E04,
1E04,
1E04,
1E04,
1E04,
1E04,
1E04,
1E04,
1E03,
1E03,
1E04,
1E04,
1E04,
1E04,
1E04,
1E04,
1DE4,
1DE4,
1DE4,
19A4,
0920,
00C0,
00E0,
1142,
19A4,
1DE4,
1E04,
1E03,
1A03,
1E03,
1E04,
1E04,
1E04,
1E04,
1E04,
1E04,
1E04,
1E04,
1E03,
1E04,
1E04,
1E04,
1E04,
1E03,
1E03,
1E03,
1E03,
1E03,
1E03,
1E03,
1E03,
1E03,
1E03,
1A03,
1A03,
1A03,
1E03,
1DE4,
21E5,
19A5,
04E1,
0080,
10C4,
3E0F,
5AF7,
633A,
675B,
6B5B,
6B5C,
6B5C,
6F5C,
6F7D,
6F7D,
6F7D,
6F7D,
6F7D,
6F7D,
6F7D,
6F7D,
6F7D,
6F7D,
6F7D,
6F7C,
6F7C,
6F7C,
6F7D,
6F7D,
6F7C,
6F7C,
6F7C,
6F7C,
6F7C,
6F7C,
6F7C,
6F7C,
6F7C,
6F7C,
6F7C,
6F7C,
6F7C,
6F7C,
6F7B,
6F7B,
6F7C,
6F7C,
6F7C,
6F7C,
6F7C,
6F7C,
6F7C,
6F7C,
6F7C,
6F7C,
6F7C,
6F7C,
6F7C,
6F7C,
6F7C,
6F7C,
6F7C,
6F7C,
6F7C,
6F7B,
6F7B,
6F7B,
6F7B,
6F7B,
6F7B,
6F7B,
6F7B,
6F7B,
6F7B,
6F7B,
6F7B,
6F7B,
6F7B,
6F7B,
6F7B,
6B7B,
6B7B,
6B7C,
6B7C,
6B7C,
6B7C,
6B7C,
6B7C,
6B7C,
6B7C,
6B7C,
6B7C,
6B7C,
6B7C,
6B7C,
6B7C,
6F7B,
6F7B,
6F7B,
6F7B,
6F7B,
6F7C,
6F7C,
6F7C,
6F7C,
6F7C,
6F7C,
6F7C,
6F7C,
6F7C,
6F7C,
6F7C,
6F7C,
6F7C,
6F7B,
6F7B,
6F9B,
6B9A,
52D4,
2DAB,
1524,
1123,
1963,
1983,
1DA3,
1DA4,
1DA3,
1161,
0900,
00C0,
00C0,
1125,
25CB,
3E51,
56D6,
6339,
673A,
675B,
677A,
677A,
5B16,
2DCB,
00C0,
00C0,
1163,
19A4,
19C3,
19E2,
1DE2,
1DE3,
1DE3,
1DE4,
1E05,
1DE5,
15A3,
0940,
0100,
0960,
19C3,
1E04,
1E04,
1E04,
1E04,
1E04,
1E04,
1E04,
1E04,
1E04,
1E04,
1E04,
1E04,
1E04,
1E04,
1E04,
1E04,
1E04,
1E04,
1E04,
1E04,
1E04,
1E04,
1E04,
1E04,
1E04,
1E04,
1E04,
1E04,
1E04,
1E04,
1E04,
1E04,
1E04,
1E04,
1E04,
1E04,
1E24,
1E24,
1E24,
1E24,
1E24,
1E24,
1E24,
1E24,
1E24,
1E24,
1E24,
1E24,
1E24,
1E24,
1E24,
1E24,
1E24,
1E24,
1E24,
1E24,
1E24,
1E24,
1E24,
1E24,
1E24,
1E24,
1E24,
1E24,
1E24,
1E24,
1E24,
1E24,
1E24,
1E24,
1E24,
1E25,
1E25,
1E24,
1E24,
1E24,
1E24,
1E24,
1E24,
1E24,
1E24,
1E04,
1E04,
1E04,
1E04,
1E04,
1E04,
1E04,
1E04,
1E04,
1E04,
1E04,
1E04,
1E04,
1E04,
1E04,
1E04,
1E04,
1E04,
1DE4,
1DE4,
1DC4,
1162,
0500,
00C0,
0921,
15A3,
1DC4,
21E5,
1DE4,
1E03,
1A03,
1E04,
1E04,
1E04,
1E04,
1E04,
1E04,
1E04,
1E04,
1E04,
1E03,
1E04,
1E04,
1E04,
1E04,
1E04,
1E03,
1E03,
1E03,
1E03,
1E03,
1E03,
1E03,
1A03,
1A03,
1A03,
19E3,
1E03,
1DE3,
2204,
21C5,
1142,
00A0,
00A1,
258A,
4E94,
6339,
673A,
675B,
6B5C,
6B5C,
6F7D,
6F7D,
6F7D,
6F7D,
6F7D,
6F7D,
6F7D,
6F7D,
6F7D,
6F7D,
6F7D,
6F7D,
6F7D,
6F7C,
6F7C,
6F7C,
6F7C,
6F7C,
6F7C,
6F7C,
6F7C,
6F7C,
6F7C,
6F7C,
6F7C,
6F7C,
6F7C,
6F7C,
6F7C,
6F7C,
6F7C,
6F7C,
6F7C,
6F7B,
6F7B,
6F7B,
6F7B,
6F7B,
6F7B,
6F7B,
6F7C,
6F7C,
6F7C,
6F7C,
6F7C,
6F7C,
6F7C,
6F7C,
6F7C,
6F7C,
6F7C,
6F7C,
6F7C,
6F7C,
6F7C,
6F7B,
6F7B,
6F7B,
6F7B,
6F7B,
6F7B,
6F7B,
6F7B,
6F7B,
6F7B,
6F7B,
6F7B,
6F7B,
6B7B,
6B7B,
6B7B,
6B7C,
6B7C,
6B7C,
6B7C,
6B7C,
6B7C,
6B7C,
6B7C,
6B7C,
6B7C,
6B7C,
6B7C,
6B7C,
6B7C,
6F7B,
6F7B,
6F7B,
6F7B,
6F7B,
6F7C,
6F7C,
6F7C,
6F7C,
6F7C,
6F7C,
6F7C,
6F7C,
6F7C,
6F7C,
6F7C,
6F7C,
6F7C,
6F7C,
6F7B,
6F7B,
6F9B,
6338,
4A92,
2DCC,
10E3,
0480,
04A0,
08E0,
1121,
0D00,
00A0,
0080,
04A0,
1526,
322E,
4AB5,
5718,
635B,
6B5B,
6B5C,
6B5C,
6B7B,
6B7A,
6358,
362E,
04C1,
00A0,
0500,
1182,
19C3,
1DE3,
1DE2,
1DE3,
1DE3,
1DE4,
1E04,
1DE5,
1182,
0120,
0100,
0940,
15C2,
1DE4,
1E04,
1E04,
1E04,
1E04,
1E04,
1E04,
1E04,
1E04,
1E04,
1A04,
1E04,
1E04,
1E04,
1E04,
1E04,
1E04,
1E04,
1E04,
1E04,
1E04,
1E04,
1E04,
1E04,
1E04,
1E04,
1E04,
1E04,
1E04,
1E24,
1E24,
1E24,
1E24,
1E24,
1E24,
1E24,
1E24,
1E24,
1E24,
1E24,
1E24,
1E24,
1E24,
1E24,
1E24,
1E24,
1E24,
1E24,
1E24,
1E24,
1E24,
1E24,
1E24,
1E24,
1E24,
1E24,
1E24,
1E24,
1E24,
1E24,
1E24,
1E24,
1E24,
1E24,
1E24,
1E24,
1E24,
1E24,
1E24,
1E24,
1E24,
1E24,
1E24,
1E24,
1E24,
1E24,
1E24,
1E24,
1E24,
1E04,
1E04,
1E04,
1E04,
1E04,
1E04,
1E04,
1E04,
1E04,
1E04,
1E04,
1E04,
1E04,
1E04,
1E04,
1E04,
1E04,
1E04,
1E04,
1E04,
1E04,
1DE3,
19C3,
1161,
0920,
0D41,
15A3,
1DC4,
21E5,
21E5,
1DE4,
1E03,
1A03,
1E04,
1E04,
1E04,
1E04,
1E04,
1E04,
1E04,
1E04,
1E04,
1E03,
1E04,
1E04,
1E04,
1E04,
1E04,
1E03,
1E03,
1E03,
1E03,
1E03,
1E03,
1E03,
1E03,
1E03,
19E3,
1DE3,
1DE3,
1DE3,
21E4,
19A4,
08E0,
0080,
1105,
4251,
5F19,
6339,
633A,
6B5B,
6B5C,
6B5C,
6F7D,
6F7D,
6F7D,
6F7C,
6F7C,
6F7C,
6F7D,
6F7D,
6F7D,
6F7D,
6F7D,
6F7D,
6F7D,
6F7C,
6F7C,
6F7C,
6F7C,
6F7C,
6F7C,
6F7C,
6F7C,
6F7C,
6F7C,
6F7C,
6F7C,
6F7C,
6F7C,
6F7C,
6F7C,
6F7C,
6F7C,
6F7C,
6F7C,
6F7B,
6F7B,
6F7B,
6F7B,
6F7B,
6F7B,
6F7B,
6F7C,
6F7C,
6F7C,
6F7C,
6F7C,
6F7C,
6F7C,
6F7C,
6F7C,
6F7C,
6F7C,
6F7C,
6F7C,
6F7C,
6F7C,
6F7B,
6F7B,
6F7B,
6F7B,
6F7B,
6F7B,
6F7B,
6F7B,
6F7B,
6F7B,
6F7B,
6F7B,
6F7B,
6B7B,
6B7C,
6B7C,
6B7C,
6B7C,
6B7C,
6B7C,
6B7C,
6B7C,
6B7C,
6B7C,
6B7C,
6B7C,
6B7C,
6B7C,
6B7C,
6B7B,
6F7B,
6F7B,
6F7B,
6F7B,
6F7B,
6F7C,
6F7C,
6F7C,
6F7C,
6F7C,
6F7C,
6F7C,
6F7C,
6F7C,
6F7C,
6F7C,
6F7C,
6F7C,
6F7C,
6F7B,
6F7B,
6F7B,
6F9B,
6359,
4EB4,
31AB,
10A2,
0020,
0020,
0040,
0080,
0CC1,
10E3,
2589,
4272,
5B18,
635C,
675D,
6B5D,
6B5C,
6B7C,
6F7C,
6B7B,
6B9B,
6779,
4271,
0D04,
0080,
00E0,
1161,
1DC4,
2204,
1DE3,
21E3,
1E04,
1DE4,
1DE4,
19E5,
0D62,
0100,
0100,
0940,
15A2,
1DE4,
1E04,
1E04,
1E04,
1E04,
1E04,
1E04,
1E04,
1E04,
1E04,
1E04,
1E04,
1E04,
1E04,
1E04,
1E04,
1E04,
1E04,
1E04,
1E04,
1E04,
1E04,
1E04,
1E04,
1E04,
1E04,
1E04,
1E04,
1E04,
1E24,
1E24,
1E24,
1E24,
1E24,
1E24,
1E24,
1E24,
1E24,
1E24,
1E24,
1E24,
1E24,
1E24,
1E24,
1E24,
1E24,
1E24,
1E24,
1E24,
1E24,
1E24,
1E24,
1E24,
1E24,
1E24,
1E24,
1E24,
1E24,
1E24,
1E24,
1E24,
1E24,
1E24,
1E24,
1E24,
1E24,
1E24,
1E24,
1E24,
1E24,
1E24,
1E24,
1E24,
1E24,
1E24,
1E24,
1E24,
1E24,
1E24,
1E24,
1E04,
1E04,
1E04,
1E04,
1E04,
1E04,
1E04,
1E04,
1E04,
1E04,
1E04,
1E04,
1E04,
1E04,
1E04,
1E04,
1E04,
1E04,
1E04,
1E04,
1DE3,
19C3,
15A2,
1582,
19A3,
1DE4,
21E5,
2205,
2204,
1E04,
1E03,
1E03,
1E03,
1E03,
1E04,
1E04,
1E04,
1E04,
1E04,
1E04,
1E04,
1E03,
1E03,
1E03,
1E04,
1E04,
1E03,
1E03,
1A03,
1E03,
1E03,
1E03,
1E03,
1E03,
1E03,
1DE3,
1DE3,
1DE3,
1DE3,
1DE4,
19A4,
1142,
00A0,
04A1,
2DAB,
56D6,
675B,
673A,
675B,
6B5C,
6F5C,
6F7C,
6F7C,
6F7C,
6F7C,
6F7C,
6F7C,
6F7C,
6F7D,
6F7D,
6F7D,
6F7D,
6F7D,
6F7D,
6F7D,
6F7C,
6F7C,
6F7C,
6F7C,
6F7C,
6F7C,
6F7C,
6F7C,
6F7C,
6F7C,
6F7C,
6F7C,
6F7C,
6F7C,
6F7C,
6F7C,
6F7B,
6F7B,
6F7C,
6F7C,
6F7B,
6F7B,
6F7B,
6F7B,
6F7B,
6F7B,
6F7B,
6F7C,
6F7C,
6F7C,
6F7C,
6F7C,
6F7C,
6F7C,
6F7C,
6F7C,
6F7C,
6F7C,
6F7C,
6F7C,
6F7B,
6F7B,
6F7B,
6F7B,
6F7B,
6F7B,
6F7B,
6F7B,
6F7B,
6F7B,
6F7B,
6B7B,
6B7B,
6B7B,
6B7C,
6B7C,
6B7C,
6B7C,
6B7C,
6B7C,
6B7C,
6B7C,
6B7C,
6B7C,
6B7C,
6B7C,
6B7C,
6B7C,
6B7C,
6B7B,
6B7B,
6B7B,
6F7B,
6F7B,
6F7B,
6F7B,
6F7B,
6F7C,
6F7C,
6F7C,
6F7C,
6F7C,
6F7C,
6F7C,
6F7C,
6F7C,
6F7C,
6F7C,
6F7C,
6F7C,
6F7C,
6F7C,
6F7C,
6F7C,
6F7C,
6F7B,
6B5A,
6318,
4631,
2949,
18E5,
1083,
2127,
3A0D,
4671,
56D5,
675A,
6B7C,
6B7C,
6B5C,
6B7C,
6B7D,
6F7D,
6F7C,
6B7B,
6B9B,
6B7A,
4EB3,
1946,
0080,
00C0,
1563,
21E5,
2204,
21E3,
21E4,
2204,
1DE4,
1DE5,
1DE5,
0D62,
0100,
00E0,
0940,
15C2,
1DE4,
1E04,
1E03,
1E03,
1E04,
1E04,
1E04,
1E04,
1E04,
1E04,
1E04,
1E04,
1E04,
1E04,
1E04,
1E04,
1E04,
1E04,
1E04,
1E04,
1E04,
1E04,
1E04,
1E04,
1E04,
1E04,
1E04,
1E04,
1E04,
1E24,
1E24,
1E24,
1E24,
1E24,
1E24,
1E24,
1E24,
1E24,
1E24,
1E24,
1E24,
1E24,
1E24,
1E24,
1E24,
1E24,
1E24,
1E24,
1E24,
1E24,
1E24,
1E24,
1E24,
1E24,
1E24,
1E24,
1E24,
1E24,
1E24,
1E24,
1E24,
1E24,
1E24,
1E24,
1E24,
1E24,
1E24,
1E24,
1E24,
1E24,
1E24,
1E24,
1E24,
1E24,
1E24,
1E24,
1E24,
1E24,
1E24,
1E04,
1E04,
1E04,
1E04,
1E04,
1E04,
1E04,
1E04,
1E04,
1E04,
1E04,
1E04,
1E04,
1E04,
1E04,
1E04,
1E04,
1E04,
1A04,
1E04,
1E04,
1E04,
19E3,
19C3,
1DE4,
1DE4,
2205,
2205,
2205,
1E04,
1E04,
1E04,
1E03,
1E03,
1E03,
1E04,
1E04,
1E04,
1E04,
1A04,
1E04,
1E04,
1E03,
1E03,
1E03,
1E03,
1E03,
1E03,
1E03,
1A03,
1A03,
1E03,
1E03,
1E03,
1E03,
1DE3,
1DE3,
1DE3,
1DE3,
1DE4,
1DE4,
1583,
08E0,
00A0,
1947,
4672,
5F19,
673B,
675B,
6B5B,
6F7C,
6F7C,
6F7C,
6F7C,
6F7C,
6F7C,
6F7C,
6F7C,
6F7C,
6F7D,
6F7D,
6F7D,
6F7D,
6F7D,
6F7D,
6F7D,
6F7D,
6F7C,
6F7C,
6F7C,
6F7C,
6F7C,
6F7C,
6F7C,
6F7C,
6F7C,
6F7C,
6F7C,
6F7C,
6F7C,
6F7C,
6F7B,
6F7B,
6F7B,
6F7C,
6F7C,
6F7B,
6F7B,
6F7B,
6F7B,
6F7B,
6F7B,
6F7B,
6F7C,
6F7C,
6F7C,
6F7C,
6F7C,
6F7C,
6F7C,
6F7C,
6F7C,
6F7C,
6F7C,
6F7C,
6F7C,
6F7B,
6F7B,
6F7B,
6F7B,
6F7B,
6F7B,
6F7B,
6F7B,
6F7B,
6F7B,
6F7B,
6B7B,
6B7B,
6B7B,
6B7C,
6B7C,
6B7C,
6B7C,
6B7C,
6B7C,
6B7C,
6B7C,
6B7C,
6B7C,
6B7C,
6B7C,
6B7C,
6B7C,
6B7C,
6B7B,
6B7B,
6B7B,
6F7B,
6F7B,
6F7B,
6F7B,
6F7B,
6F7C,
6F7C,
6F7C,
6F7C,
6F7C,
6F7C,
6F7C,
6F7C,
6F7C,
6F7C,
6F7C,
6F7C,
6F7C,
6F7C,
6F7C,
6F7C,
6F7C,
6F7C,
6F7B,
6F7C,
739D,
739C,
6B5A,
5AD6,
5273,
5AD6,
6318,
675A,
6B7B,
6B7C,
6F7C,
6F7D,
6F7D,
6F7D,
6F7D,
6F7D,
6F7C,
6B7B,
6B7B,
6F7B,
56F5,
25A9,
04A0,
04E0,
1983,
21E5,
21E4,
1DC3,
21E4,
2205,
21E5,
1DE5,
19C4,
0D42,
00E0,
00E0,
0941,
19C3,
1DE4,
1E04,
1E04,
1E04,
1E04,
1E04,
1E04,
1E04,
1E04,
1E04,
1E04,
1E04,
1E04,
1E04,
1E04,
1E04,
1E04,
1E04,
1E04,
1E04,
1E04,
1E04,
1E04,
1E04,
1E04,
1E04,
1E04,
1E04,
1E04,
1E24,
1E24,
1E24,
1E24,
1E24,
1E24,
1E24,
1E24,
1E24,
1E24,
1E24,
1E24,
1E24,
1E24,
1E24,
1E24,
1E24,
1E24,
1E24,
1E24,
1E24,
1E24,
1E24,
1E24,
1E24,
1E24,
1E24,
1E24,
1E24,
1E24,
1E24,
1E24,
1E24,
1E24,
1E24,
1E24,
1E24,
1E24,
1E24,
1E24,
1E24,
1E24,
1E24,
1E24,
1E24,
1E24,
1E24,
1E24,
1E24,
1E24,
1E04,
1E04,
1E04,
1E04,
1E04,
1E04,
1E04,
1E04,
1E04,
1E04,
1E04,
1E04,
1E04,
1E04,
1E04,
1E04,
1E04,
1E04,
1E04,
1E04,
1E04,
1E04,
1DE4,
1DE4,
1DE4,
2205,
2205,
2205,
2205,
1E04,
1E04,
1E04,
1E04,
1E04,
1E04,
1E04,
1E04,
1E04,
1E04,
1E04,
1E04,
1E04,
1E03,
1E03,
1E03,
1E03,
1E03,
1E03,
1E03,
1E03,
1A03,
1E03,
1E03,
1E03,
1E03,
1DE3,
1DE3,
1DE3,
1DE3,
1DE3,
19A3,
0D21,
00A0,
1103,
362D,
5B17,
675B,
675B,
675B,
6B5B,
6F7C,
6F7C,
6F7C,
6F7C,
6F7C,
6F7C,
6F7C,
6F7C,
6F7C,
6F7C,
6F7C,
6F7C,
6F7C,
6F7C,
6F7C,
6F7C,
6F7C,
6F7C,
6F7C,
6F7C,
6F7C,
6F7C,
6F7C,
6F7C,
6F7C,
6F7C,
6F7C,
6F7C,
6F7C,
6F7C,
6F7C,
6F7C,
6F7C,
6F7C,
6F7C,
6F7C,
6F7B,
6F7B,
6F7B,
6F7B,
6F7B,
6F7B,
6F7B,
6F7C,
6F7C,
6F7C,
6F7C,
6F7C,
6F7C,
6F7C,
6F7C,
6F7C,
6F7C,
6F7C,
6F7C,
6F7C,
6B7B,
6B7B,
6F7B,
6F7B,
6F7B,
6F7B,
6F7B,
6F7B,
6F7B,
6F7B,
6B7B,
6B7B,
6B7B,
6B7B,
6B7C,
6B7C,
6B7C,
6B7C,
6B7C,
6B7C,
6B7C,
6B7C,
6B7C,
6B7C,
6B7C,
6B7C,
6B7C,
6B7C,
6B7C,
6B7B,
6B7B,
6F7B,
6F7B,
6F7B,
6F7B,
6F7B,
6F7B,
6F7C,
6F7C,
6F7C,
6F7C,
6F7C,
6F7C,
6F7C,
6F7C,
6F7C,
6F7C,
6F7C,
6F7C,
6F7C,
6F7C,
6F7C,
6F7C,
6F7C,
6F7C,
6F7C,
6F7C,
739C,
779D,
77BE,
779D,
737D,
777D,
737D,
6F7C,
6B7C,
6B7C,
6B7D,
6F7D,
6F7D,
6F7D,
6F7D,
6F7D,
6F7C,
6F7C,
6B7B,
6F7B,
6338,
360D,
1103,
08E1,
1964,
21C6,
21C4,
1DC3,
21E5,
2606,
21E5,
19A4,
1183,
0921,
00C0,
00E0,
0940,
19C3,
1DE5,
1DE5,
1DE5,
2205,
1E05,
2205,
1E04,
1E04,
1E04,
1E04,
1E04,
1E04,
1E04,
1E04,
1E04,
1E04,
1E04,
1E04,
1E04,
1E04,
1E04,
1E04,
1E04,
1E04,
1E04,
1E04,
1E04,
1E04,
1E04,
1E24,
1E24,
1E24,
1E24,
1E24,
1E24,
1E24,
1E24,
1E24,
1E24,
1E24,
1E24,
1E24,
1E24,
1E24,
1E24,
1E24,
1E24,
1E24,
1E24,
1E24,
1E24,
1E24,
1E24,
1E24,
1E24,
1E24,
1E24,
1E24,
1E24,
1E24,
1E24,
1E24,
1E24,
1E24,
1E24,
1E24,
1E24,
1E24,
1E24,
1E24,
1E24,
1E24,
1E24,
1E24,
1E24,
1E24,
1E24,
1E24,
1E24,
1E04,
1E04,
1E04,
1E04,
1E04,
1E04,
1E04,
1E04,
1E04,
1E04,
1E04,
1E04,
1E04,
1E04,
1E04,
1E04,
1E04,
1E04,
1E04,
1E04,
1E04,
1E04,
1DE4,
1DE4,
1E05,
1E05,
1E05,
1E05,
2204,
1E04,
1E04,
1E04,
1E04,
1E04,
1E04,
1E04,
1E04,
1E04,
1E04,
1E04,
1E04,
1E04,
1E03,
1E03,
1E03,
1E03,
1E03,
1E03,
1E03,
1E03,
1E03,
1E03,
1E03,
1A03,
1A03,
1DE3,
1DE3,
1DE4,
21E4,
1DC3,
1161,
00C0,
04A0,
2588,
4AB3,
6359,
675B,
673B,
6B5B,
6B5C,
6F7C,
6F7C,
6F7C,
6F7C,
6F7C,
6F7C,
6F7C,
6F7C,
6F7C,
6F7C,
6F7C,
6F7C,
6F7C,
6F7C,
6F7C,
6F7C,
6F7C,
6F7C,
6F7C,
6F7C,
6F7C,
6F7C,
6F7C,
6F7C,
6F7C,
6F7C,
6F7C,
6F7C,
6F7C,
6F7C,
6F7C,
6F7C,
6F7C,
6F7C,
6F7C,
6F7C,
6F7B,
6F7B,
6F7B,
6F7B,
6F7B,
6F7B,
6F7B,
6F7C,
6F7C,
6F7C,
6F7C,
6F7C,
6F7C,
6F7C,
6F7C,
6F7C,
6F7C,
6F7C,
6F7C,
6F7C,
6B7B,
6B7B,
6F7B,
6F7B,
6F7B,
6F7B,
6F7B,
6F7B,
6F7B,
6F7B,
6B7B,
6B7B,
6B7B,
6B7C,
6B7C,
6B7C,
6B7C,
6B7C,
6B7C,
6B7C,
6B7C,
6B7C,
6B7C,
6B7C,
6B7C,
6B7C,
6B7C,
6B7C,
6B7C,
6B7C,
6B7C,
6F7B,
6F7B,
6F7B,
6F7B,
6F7B,
6F7B,
6F7C,
6F7C,
6F7C,
6F7C,
6F7C,
6F7C,
6F7C,
6F7C,
6F7C,
6F7C,
6F7C,
6F7C,
6F7C,
6F7C,
6F7C,
6F7C,
6F7C,
6F7C,
6F7C,
6F7C,
6F7C,
6F7C,
6F7C,
6F7C,
737D,
737D,
777D,
737D,
6F7C,
6B7C,
6F7D,
6F7D,
6F7D,
6F7D,
6F7D,
6F7D,
6F7D,
6F7C,
6B7B,
6F9C,
6B7A,
4AB2,
2167,
0CE2,
1964,
21C5,
21C4,
21E5,
25E6,
25E6,
1DA4,
1162,
0D20,
0500,
00C0,
00E0,
0920,
15A3,
1DE5,
1DE5,
1DE5,
1DE5,
19E4,
19E3,
19E4,
19E4,
1E04,
1E04,
1E04,
1E04,
1E04,
1E04,
1E04,
1E04,
1E04,
1E04,
1E04,
1E04,
1E04,
1E04,
1E04,
1E04,
1E04,
1E04,
1E04,
1E04,
1E04,
1E24,
1E24,
1E24,
1E24,
1E24,
1E24,
1E24,
1E24,
1E24,
1E24,
1E24,
1E24,
1E24,
1E24,
1E24,
1E24,
1E24,
1E24,
1E24,
1E24,
1E24,
1E24,
1E24,
1E24,
1E24,
1E24,
1E24,
1E24,
1E24,
1E24,
1E24,
1E24,
1E24,
1E24,
1E24,
1E24,
1E24,
1E24,
1E24,
1E24,
1E24,
1E24,
1E24,
1E24,
1E24,
1E24,
1E24,
1E24,
1E24,
1E24,
1E04,
1E04,
1E04,
1E04,
1E04,
1E04,
1E04,
1E04,
1E04,
1E04,
1E03,
1E03,
1E03,
1E03,
1E03,
1E04,
1E04,
1E04,
1E04,
1E04,
1E04,
1E04,
1E04,
1E04,
1E04,
1E04,
1E05,
1E05,
1E04,
1E04,
1E04,
1E04,
1E04,
1E04,
1E04,
1E04,
1E04,
1E04,
1E04,
1E04,
1E04,
1E04,
1E04,
1E04,
1E04,
1E04,
1E04,
1E04,
1E04,
1E03,
1E03,
1E03,
1E03,
1A03,
1A03,
1E03,
1DE3,
21E4,
21E5,
19A3,
04E0,
0080,
1505,
3E50,
5B17,
635A,
633A,
675B,
6B5C,
6F7C,
6F7C,
6F7C,
6F7C,
6F7C,
6F7C,
6F7C,
6F7C,
6F7C,
6F7C,
6F7C,
6F7C,
6F7C,
6F7C,
6F7C,
6F7C,
6F7C,
6F7C,
6F7C,
6F7C,
6F7C,
6F7C,
6F7C,
6F7C,
6F7C,
6F7C,
6F7C,
6F7C,
6F7C,
6F7C,
6F7C,
6F7C,
6F7C,
6F7C,
6F7C,
6F7C,
6F7C,
6F7B,
6F7B,
6F7B,
6F7B,
6F7B,
6F7B,
6F7B,
6F7C,
6F7C,
6F7C,
6F7C,
6F7C,
6F7C,
6F7C,
6F7C,
6F7C,
6F7C,
6F7C,
6F7C,
6F7C,
6F5C,
6F5B,
6F7B,
6F7B,
6F7B,
6F7B,
6F5B,
6F5B,
6F7B,
6F7B,
6B7B,
6B7C,
6B7C,
6B7C,
6B7C,
6B7C,
6B7C,
6B7C,
6F5C,
6F5C,
6B7C,
6B7B,
6B7C,
6B7C,
6B7C,
6B7C,
6B7C,
6B7C,
6B7C,
6B7C,
6B7C,
6F5C,
6F7B,
6F7B,
6F7B,
6F7B,
6F7B,
6F7C,
6F7C,
6F7C,
6F7C,
6F7C,
6F7C,
6F7C,
6F7C,
6F7C,
6F7C,
6F7C,
6F7C,
6F7C,
6F7C,
6F7C,
6F7C,
6F7C,
6F7C,
6F7C,
6F7C,
6F7C,
6F7C,
6F7C,
6F7C,
6F7C,
6F7C,
6F7D,
6F7C,
6F7C,
6F7C,
6F7D,
6F7D,
6F7D,
6F7D,
6F7D,
6F7D,
6F7D,
6F7C,
6F7C,
6F9C,
73BD,
6779,
3A2E,
1524,
1523,
1D84,
21C4,
29E6,
2A07,
25E6,
1DA4,
1141,
0900,
0901,
0922,
0D23,
0D42,
1582,
1DC4,
1DC5,
1DC4,
1182,
0940,
0540,
1181,
19E4,
1E04,
1E04,
1E04,
1E04,
1E04,
1E04,
1E04,
1E04,
1E04,
1E04,
1E04,
1E04,
1E24,
1E04,
1E04,
1E04,
1E04,
1E24,
1E04,
1E04,
1E04,
1E24,
1E24,
1E24,
1E24,
1E24,
1E24,
1E24,
1E24,
1E24,
1E24,
1E24,
1E24,
1E24,
1E24,
1E24,
1E24,
1E24,
1E24,
1E24,
1E24,
1E24,
1E24,
1E24,
1E24,
1E24,
1E24,
1E24,
1E24,
1E24,
1E24,
1E24,
1E24,
1E24,
1E24,
1E24,
1E24,
1E24,
1E24,
1E24,
1E24,
1E24,
1E24,
1E24,
1E24,
1E24,
1E24,
1E24,
1E24,
1E24,
1E24,
1E24,
1E24,
1E04,
1E04,
1E04,
1E04,
1E04,
1E04,
1E04,
1E04,
1E03,
1E03,
1E03,
1E03,
1E04,
1E04,
1E04,
1E04,
1E04,
1E04,
1E04,
1E04,
1E04,
1E04,
1E04,
1E04,
1E04,
1E04,
1E24,
1E04,
1E04,
1E04,
1E03,
1E03,
1E04,
1E04,
1E04,
1E04,
1E03,
1E03,
1E03,
1E03,
1E03,
1E03,
1E03,
1E03,
1E03,
1E03,
1E03,
1E03,
1E03,
1E03,
1E03,
1A03,
1A03,
1E03,
1DE3,
21E4,
21C5,
1122,
0080,
04A1,
2DCC,
56F6,
6339,
633A,
673A,
6B5B,
6F7C,
6F7C,
6F7C,
6F7C,
6F7C,
6F7C,
6F7C,
6F7C,
6F7C,
6F7C,
6F7C,
6F7C,
6F7C,
6F7C,
6F7C,
6F7C,
6F7C,
6F7C,
6F7C,
6F7C,
6F7C,
6F7C,
6F7C,
6F7C,
6F7C,
6F7C,
6F7C,
6F7C,
6F7C,
6F7C,
6F7C,
6F7C,
6F7C,
6F7B,
6F7B,
6F7B,
6F7C,
6F7C,
6F7B,
6F7B,
6F7B,
6F7B,
6F7B,
6F7B,
6F7B,
6F7C,
6F7C,
6F7C,
6F7C,
6F7C,
6F7B,
6F7B,
6F7B,
6F7B,
6F7C,
6F7C,
6F7C,
6F7C,
6F7B,
6F7B,
6F7B,
6F7B,
6F5B,
6F5B,
6F5B,
6F7B,
6F7B,
6F5C,
6F5C,
6B7C,
6B7C,
6B7C,
6B7C,
6B7C,
6F5C,
6F5C,
6F5C,
6F7B,
6F7B,
6B7B,
6B7B,
6B7C,
6B7C,
6B7C,
6B7C,
6B7C,
6F5C,
6F7B,
6F7B,
6F7B,
6F7B,
6F7B,
6F7B,
6F7B,
6F7B,
6F7C,
6F7C,
6F7C,
6F7C,
6F7C,
6F7C,
6F7C,
6F7C,
6F7C,
6F7C,
6F7C,
6F7C,
6F7C,
6F7C,
6F7C,
6F7C,
6F7C,
6F7C,
6F7C,
6F7C,
6F7C,
6F7D,
6F7D,
6F7D,
6F7D,
6F7D,
6F7D,
6F7D,
6F7D,
6F7D,
6F7C,
6F7D,
6F7D,
6F7D,
6F7D,
6F7D,
6F7D,
6F7C,
6F7C,
6F9D,
739D,
73BD,
56F5,
29A9,
1944,
1943,
1962,
21A4,
21A5,
1D84,
1543,
08E1,
04C0,
1143,
25E9,
2A0A,
1984,
0D41,
0D41,
1142,
0921,
00E0,
0100,
0120,
0D80,
19E3,
1E04,
1A04,
1A04,
1E04,
1E04,
1E04,
1E04,
1E04,
1E04,
1E04,
1E24,
1E24,
1E24,
1E04,
1E04,
1E24,
1E24,
1E24,
1E04,
1E04,
1E24,
1E24,
1E24,
1E24,
1E24,
1E24,
1E24,
1E24,
1E24,
1E24,
1E24,
1E24,
1E24,
1E24,
1E24,
1E24,
1E24,
1E24,
1E24,
1E24,
1E24,
1E24,
1E24,
1E24,
1E24,
1E24,
1E24,
1E24,
1E24,
1E24,
1E24,
1E24,
1E24,
1E24,
1E24,
1E24,
1E24,
1E24,
1E24,
1E24,
1E24,
1E24,
1E24,
1E24,
1E24,
1E24,
1E24,
1E24,
1E24,
1E24,
1E24,
1E24,
1E24,
1E04,
1E24,
1E24,
1E03,
1E03,
1E03,
1E03,
1E03,
1E03,
1E03,
1E03,
1E03,
1E04,
1E04,
1E04,
1E04,
1E04,
1E04,
1E04,
1E04,
1E24,
1E04,
1E04,
1E04,
1E04,
1E04,
1E03,
1E03,
1E03,
1E03,
1E03,
1E03,
1E04,
1E04,
1E04,
1E04,
1E03,
1E03,
1E03,
1E03,
1E23,
1E04,
1E04,
1E04,
1E04,
1E04,
1E04,
1E03,
1E03,
1E03,
1E03,
1A03,
1E03,
1DE4,
1DE4,
1DC4,
1983,
04C0,
0080,
1D47,
4692,
6339,
633A,
673A,
675B,
6B7C,
6F7C,
6F7D,
6F7D,
6F7C,
6F7C,
6F7C,
6F7C,
6F7C,
6F7C,
6F7C,
6F7C,
6F7C,
6F7C,
6F7C,
6F7C,
6F7C,
6F7C,
6F7C,
6F7C,
6F7C,
6F7C,
6F7C,
6F7C,
6F7C,
6F7C,
6F7C,
6F7C,
6F7C,
6F7C,
6F7C,
6F7C,
6F7C,
6F7C,
6F7B,
6F7B,
6F7B,
6F7C,
6F7C,
6F7B,
6F7B,
6F7B,
6F7B,
6F7B,
6F7B,
6F7B,
6F7C,
6F7C,
6F7C,
6F7C,
6F7C,
6F7B,
6F7B,
6F7B,
6F7B,
6F7C,
6F7C,
6F7C,
6F7C,
6F7B,
6F7B,
6F7B,
6F5B,
6F5B,
6F5B,
6F5B,
6F5B,
6F5B,
6F5C,
6F5C,
6B7C,
6B7C,
6B7C,
6B7C,
6B7C,
6F5C,
6F5C,
6F5C,
6F7B,
6F7B,
6B7B,
6B7B,
6B7B,
6B7C,
6B7C,
6B7C,
6B5C,
6F5C,
6F7B,
6F7B,
6F7B,
6F7B,
6F7B,
6F7B,
6F7B,
6F7B,
6F7C,
6F7C,
6F7C,
6F7C,
6F7C,
6F7B,
6F7C,
6F7C,
6F7C,
6F7C,
6F7C,
6F7C,
6F7C,
6F7C,
6F7C,
6F7C,
6F7C,
6F7C,
6F7C,
6F7C,
6F7C,
6F7D,
6F7D,
6F7D,
6F7D,
6F7D,
6F7D,
6F7D,
6F7D,
6F7D,
6F7D,
6F7D,
6F7D,
6F7D,
6F7D,
6F7D,
6F9D,
6F7D,
6F7D,
6F9D,
6F7D,
6F9D,
6FBB,
4AB1,
29C9,
1944,
0CE0,
08E0,
08E1,
04C0,
0480,
0040,
0060,
25A7,
4AD1,
4AF2,
2E29,
0D21,
00A0,
0080,
0080,
00A0,
0100,
0D81,
15C2,
19E2,
1A04,
1A04,
1E04,
1E24,
1E24,
1E04,
1E04,
1E04,
1E04,
1E04,
1E24,
1E24,
1E24,
1E24,
1E04,
1E24,
1A24,
1E24,
1E24,
1E04,
1E24,
1E24,
1E24,
1E24,
1E24,
1E24,
1E24,
1E24,
1E24,
1E24,
1E24,
1E24,
1E24,
1E24,
1E24,
1E24,
1E24,
1E24,
1E24,
1E24,
1E24,
1E24,
1E24,
1E24,
1E24,
1E24,
1E24,
1E24,
1E24,
1E24,
1E24,
1E24,
1E24,
1E24,
1E24,
2224,
1E24,
1E24,
1E24,
1E24,
1E24,
1E24,
1E24,
1E24,
1E24,
1E24,
1E24,
1E24,
1E24,
1E24,
1E24,
1E24,
1E24,
1E04,
1E04,
1E04,
1E03,
1E03,
1E03,
1E03,
1E03,
1E03,
1E03,
1E03,
1E03,
1E04,
1E04,
1E04,
1E04,
1E04,
1E04,
1E04,
1E04,
1E04,
1E04,
1E04,
1E04,
1E04,
1E03,
1E03,
1E03,
1E03,
1E03,
1E03,
1E03,
1E04,
1E04,
1E04,
1E04,
1E03,
1E03,
1E03,
1E03,
1E03,
1E03,
1E03,
1E03,
1E03,
1E03,
1E03,
1E03,
1E03,
1E03,
1E03,
1E03,
1E03,
1DE4,
21E4,
19A3,
0D21,
00A0,
08C2,
31EC,
5B16,
635A,
633A,
673B,
6B5B,
6B7C,
6F7C,
6F7D,
737D,
6F7C,
6F7C,
6F7C,
6F7C,
6F7C,
6F7C,
6F7C,
6F7C,
6F7C,
6F7C,
6F7C,
6F7C,
6F7C,
6F7C,
6F7C,
6F7C,
6F7C,
6F7C,
6F7C,
6F7C,
6F7C,
6F7C,
6F7C,
6F7C,
6F7C,
6F7C,
6F7C,
6F7C,
6F7C,
6F7C,
6F7B,
6F7B,
6F7B,
6F7C,
6F7C,
6F7B,
6F7B,
6F7B,
6F7B,
6F7C,
6F7C,
6F7C,
6F7C,
6F5C,
6F7C,
6F7C,
6F5C,
6F5B,
6F7B,
6F7B,
6F7B,
6F7C,
6F7C,
6F7C,
6F5C,
6F5B,
6F5B,
6F5B,
6F5C,
6F5B,
6F5B,
6F5B,
6F5B,
6F5B,
6F5C,
6F5C,
6B7C,
6B7C,
6B5B,
6B5B,
6B7C,
6F5C,
6F5B,
6F5B,
6F7B,
6F7B,
6B7B,
6B7B,
6B7B,
6B7B,
6B7B,
6B7B,
6F5B,
6F5B,
6F7B,
6F7B,
6F7B,
6F7B,
6F7B,
6F7B,
6F7B,
6F7B,
6F7C,
6F7C,
6F7C,
6F7C,
6F7C,
6F7B,
6F7C,
6F7C,
6F7C,
6F7C,
6F7C,
6F7C,
6F7C,
6F7C,
6F7C,
6F7C,
6F7C,
6F7C,
6F7C,
6F7C,
6F7C,
6F7D,
6F7D,
6F7D,
6F7D,
6F7D,
6F7D,
6F7D,
6F7D,
6F7D,
6F7D,
6F7D,
6F7D,
6F7D,
6F7D,
6F7D,
6F7D,
6F7D,
6F7D,
6F7D,
6F7D,
6F9D,
6FBC,
6357,
4ED2,
31EB,
10E2,
0060,
0060,
0040,
0040,
0480,
1D45,
466F,
5F35,
6376,
4EF1,
364A,
1D64,
04C0,
00A0,
00E0,
0941,
15A3,
19E3,
19E3,
1A03,
1E04,
1E04,
1E24,
1E24,
1E04,
1E04,
1E04,
1E04,
1E04,
1E24,
1E24,
1E24,
1E24,
1E04,
1E24,
1E24,
1E24,
1E24,
1E24,
1E24,
1E24,
1E24,
1E24,
1E24,
1E24,
1E24,
1E24,
1E24,
1E24,
1E24,
1E24,
1E24,
1E24,
1E24,
1E24,
1E24,
1E24,
1E24,
1E24,
1E24,
1E24,
1E24,
1E24,
1E24,
1E24,
1E24,
1E24,
1E24,
1E24,
1E24,
1E24,
1E24,
1E24,
1E24,
1E24,
1E24,
1E24,
1E24,
1E24,
1E24,
1E24,
1E24,
1E24,
1E24,
1E24,
1E24,
1E24,
1E24,
1E24,
1E24,
1E24,
1E24;
