Copyright 1986-2022 Xilinx, Inc. All Rights Reserved. Copyright 2022-2023 Advanced Micro Devices, Inc. All Rights Reserved.
------------------------------------------------------------------------------------------------------------------------------------------------------------------------------------------------------------------------------
| Tool Version : Vivado v.2023.2 (win64) Build 4029153 Fri Oct 13 20:14:34 MDT 2023
| Date         : Mon Jul 21 10:49:48 2025
| Host         : DESKTOP-EFRMAI2 running 64-bit major release  (build 9200)
| Command      : report_timing_summary -max_paths 10 -report_unconstrained -file top_wrapper_timing_summary_routed.rpt -pb top_wrapper_timing_summary_routed.pb -rpx top_wrapper_timing_summary_routed.rpx -warn_on_violation
| Design       : top_wrapper
| Device       : 7a35t-cpg236
| Speed File   : -1  PRODUCTION 1.23 2018-06-13
| Design State : Routed
------------------------------------------------------------------------------------------------------------------------------------------------------------------------------------------------------------------------------

Timing Summary Report

------------------------------------------------------------------------------------------------
| Timer Settings
| --------------
------------------------------------------------------------------------------------------------

  Enable Multi Corner Analysis               :  Yes
  Enable Pessimism Removal                   :  Yes
  Pessimism Removal Resolution               :  Nearest Common Node
  Enable Input Delay Default Clock           :  No
  Enable Preset / Clear Arcs                 :  No
  Disable Flight Delays                      :  No
  Ignore I/O Paths                           :  No
  Timing Early Launch at Borrowing Latches   :  No
  Borrow Time for Max Delay Exceptions       :  Yes
  Merge Timing Exceptions                    :  Yes
  Inter-SLR Compensation                     :  Conservative

  Corner  Analyze    Analyze    
  Name    Max Paths  Min Paths  
  ------  ---------  ---------  
  Slow    Yes        Yes        
  Fast    Yes        Yes        


------------------------------------------------------------------------------------------------
| Report Methodology
| ------------------
------------------------------------------------------------------------------------------------

Rule       Severity          Description                  Violations  
---------  ----------------  ---------------------------  ----------  
TIMING-17  Critical Warning  Non-clocked sequential cell  44          

Note: This report is based on the most recent report_methodology run and may not be up-to-date. Run report_methodology on the current design for the latest report.



check_timing report

Table of Contents
-----------------
1. checking no_clock (44)
2. checking constant_clock (0)
3. checking pulse_width_clock (0)
4. checking unconstrained_internal_endpoints (99)
5. checking no_input_delay (13)
6. checking no_output_delay (14)
7. checking multiple_clock (0)
8. checking generated_clocks (0)
9. checking loops (0)
10. checking partial_input_delay (0)
11. checking partial_output_delay (0)
12. checking latch_loops (0)

1. checking no_clock (44)
-------------------------
 There are 44 register/latch pins with no clock driven by root clock pin: ov7670_pclk (HIGH)


2. checking constant_clock (0)
------------------------------
 There are 0 register/latch pins with constant_clock.


3. checking pulse_width_clock (0)
---------------------------------
 There are 0 register/latch pins which need pulse_width check


4. checking unconstrained_internal_endpoints (99)
-------------------------------------------------
 There are 99 pins that are not constrained for maximum delay. (HIGH)

 There are 0 pins that are not constrained for maximum delay due to constant clock.


5. checking no_input_delay (13)
-------------------------------
 There are 13 input ports with no input delay specified. (HIGH)

 There are 0 input ports with no input delay but user has a false path constraint.


6. checking no_output_delay (14)
--------------------------------
 There are 14 ports with no output delay specified. (HIGH)

 There are 0 ports with no output delay but user has a false path constraint

 There are 0 ports with no output delay but with a timing clock defined on it or propagating through it


7. checking multiple_clock (0)
------------------------------
 There are 0 register/latch pins with multiple clocks.


8. checking generated_clocks (0)
--------------------------------
 There are 0 generated clocks that are not connected to a clock source.


9. checking loops (0)
---------------------
 There are 0 combinational loops in the design.


10. checking partial_input_delay (0)
------------------------------------
 There are 0 input ports with partial input delay specified.


11. checking partial_output_delay (0)
-------------------------------------
 There are 0 ports with partial output delay specified.


12. checking latch_loops (0)
----------------------------
 There are 0 combinational latch loops in the design through latch input



------------------------------------------------------------------------------------------------
| Design Timing Summary
| ---------------------
------------------------------------------------------------------------------------------------

    WNS(ns)      TNS(ns)  TNS Failing Endpoints  TNS Total Endpoints      WHS(ns)      THS(ns)  THS Failing Endpoints  THS Total Endpoints     WPWS(ns)     TPWS(ns)  TPWS Failing Endpoints  TPWS Total Endpoints  
    -------      -------  ---------------------  -------------------      -------      -------  ---------------------  -------------------     --------     --------  ----------------------  --------------------  
     32.489        0.000                      0                 1233        0.106        0.000                      0                 1233        3.000        0.000                       0                   152  


All user specified timing constraints are met.


------------------------------------------------------------------------------------------------
| Clock Summary
| -------------
------------------------------------------------------------------------------------------------

Clock                        Waveform(ns)       Period(ns)      Frequency(MHz)
-----                        ------------       ----------      --------------
sys_clock                    {0.000 5.000}      10.000          100.000         
  clk_out25_top_clk_wiz_0_0  {0.000 20.000}     40.000          25.000          
  clkfbout_top_clk_wiz_0_0   {0.000 5.000}      10.000          100.000         


------------------------------------------------------------------------------------------------
| Intra Clock Table
| -----------------
------------------------------------------------------------------------------------------------

Clock                            WNS(ns)      TNS(ns)  TNS Failing Endpoints  TNS Total Endpoints      WHS(ns)      THS(ns)  THS Failing Endpoints  THS Total Endpoints     WPWS(ns)     TPWS(ns)  TPWS Failing Endpoints  TPWS Total Endpoints  
-----                            -------      -------  ---------------------  -------------------      -------      -------  ---------------------  -------------------     --------     --------  ----------------------  --------------------  
sys_clock                                                                                                                                                                      3.000        0.000                       0                     1  
  clk_out25_top_clk_wiz_0_0       32.489        0.000                      0                 1233        0.106        0.000                      0                 1233       19.500        0.000                       0                   148  
  clkfbout_top_clk_wiz_0_0                                                                                                                                                     7.845        0.000                       0                     3  


------------------------------------------------------------------------------------------------
| Inter Clock Table
| -----------------
------------------------------------------------------------------------------------------------

From Clock    To Clock          WNS(ns)      TNS(ns)  TNS Failing Endpoints  TNS Total Endpoints      WHS(ns)      THS(ns)  THS Failing Endpoints  THS Total Endpoints  
----------    --------          -------      -------  ---------------------  -------------------      -------      -------  ---------------------  -------------------  


------------------------------------------------------------------------------------------------
| Other Path Groups Table
| -----------------------
------------------------------------------------------------------------------------------------

Path Group    From Clock    To Clock          WNS(ns)      TNS(ns)  TNS Failing Endpoints  TNS Total Endpoints      WHS(ns)      THS(ns)  THS Failing Endpoints  THS Total Endpoints  
----------    ----------    --------          -------      -------  ---------------------  -------------------      -------      -------  ---------------------  -------------------  


------------------------------------------------------------------------------------------------
| User Ignored Path Table
| -----------------------
------------------------------------------------------------------------------------------------

Path Group    From Clock    To Clock    
----------    ----------    --------    


------------------------------------------------------------------------------------------------
| Unconstrained Path Table
| ------------------------
------------------------------------------------------------------------------------------------

Path Group                 From Clock                 To Clock                 
----------                 ----------                 --------                 
(none)                                                                           
(none)                     clk_out25_top_clk_wiz_0_0                             
(none)                     clkfbout_top_clk_wiz_0_0                              
(none)                                                clk_out25_top_clk_wiz_0_0  


------------------------------------------------------------------------------------------------
| Timing Details
| --------------
------------------------------------------------------------------------------------------------


---------------------------------------------------------------------------------------------------
From Clock:  sys_clock
  To Clock:  sys_clock

Setup :           NA  Failing Endpoints,  Worst Slack           NA  ,  Total Violation           NA
Hold  :           NA  Failing Endpoints,  Worst Slack           NA  ,  Total Violation           NA
PW    :            0  Failing Endpoints,  Worst Slack        3.000ns,  Total Violation        0.000ns
---------------------------------------------------------------------------------------------------


Pulse Width Checks
--------------------------------------------------------------------------------------
Clock Name:         sys_clock
Waveform(ns):       { 0.000 5.000 }
Period(ns):         10.000
Sources:            { sys_clock }

Check Type        Corner  Lib Pin           Reference Pin  Required(ns)  Actual(ns)  Slack(ns)  Location        Pin
Min Period        n/a     PLLE2_ADV/CLKIN1  n/a            1.249         10.000      8.751      PLLE2_ADV_X1Y0  top_i/clk_wiz_0/inst/plle2_adv_inst/CLKIN1
Max Period        n/a     PLLE2_ADV/CLKIN1  n/a            52.633        10.000      42.633     PLLE2_ADV_X1Y0  top_i/clk_wiz_0/inst/plle2_adv_inst/CLKIN1
Low Pulse Width   Slow    PLLE2_ADV/CLKIN1  n/a            2.000         5.000       3.000      PLLE2_ADV_X1Y0  top_i/clk_wiz_0/inst/plle2_adv_inst/CLKIN1
Low Pulse Width   Fast    PLLE2_ADV/CLKIN1  n/a            2.000         5.000       3.000      PLLE2_ADV_X1Y0  top_i/clk_wiz_0/inst/plle2_adv_inst/CLKIN1
High Pulse Width  Slow    PLLE2_ADV/CLKIN1  n/a            2.000         5.000       3.000      PLLE2_ADV_X1Y0  top_i/clk_wiz_0/inst/plle2_adv_inst/CLKIN1
High Pulse Width  Fast    PLLE2_ADV/CLKIN1  n/a            2.000         5.000       3.000      PLLE2_ADV_X1Y0  top_i/clk_wiz_0/inst/plle2_adv_inst/CLKIN1



---------------------------------------------------------------------------------------------------
From Clock:  clk_out25_top_clk_wiz_0_0
  To Clock:  clk_out25_top_clk_wiz_0_0

Setup :            0  Failing Endpoints,  Worst Slack       32.489ns,  Total Violation        0.000ns
Hold  :            0  Failing Endpoints,  Worst Slack        0.106ns,  Total Violation        0.000ns
PW    :            0  Failing Endpoints,  Worst Slack       19.500ns,  Total Violation        0.000ns
---------------------------------------------------------------------------------------------------


Max Delay Paths
--------------------------------------------------------------------------------------
Slack (MET) :             32.489ns  (required time - arrival time)
  Source:                 top_i/BRAM_FIFO_Limit_0/U0/write_enable_reg/C
                            (rising edge-triggered cell FDRE clocked by clk_out25_top_clk_wiz_0_0  {rise@0.000ns fall@20.000ns period=40.000ns})
  Destination:            top_i/blk_mem_gen_0/U0/inst_blk_mem_gen/gnbram.gnativebmg.native_blk_mem_gen/valid.cstr/ramloop[8].ram.r/prim_noinit.ram/DEVICE_7SERIES.NO_BMM_INFO.TRUE_DP.CASCADED_PRIM36.ram_T/ADDRARDADDR[15]
                            (rising edge-triggered cell RAMB36E1 clocked by clk_out25_top_clk_wiz_0_0  {rise@0.000ns fall@20.000ns period=40.000ns})
  Path Group:             clk_out25_top_clk_wiz_0_0
  Path Type:              Setup (Max at Slow Process Corner)
  Requirement:            40.000ns  (clk_out25_top_clk_wiz_0_0 rise@40.000ns - clk_out25_top_clk_wiz_0_0 rise@0.000ns)
  Data Path Delay:        6.677ns  (logic 0.605ns (9.060%)  route 6.072ns (90.940%))
  Logic Levels:           1  (LUT2=1)
  Clock Path Skew:        -0.013ns (DCD - SCD + CPR)
    Destination Clock Delay (DCD):    -2.043ns = ( 37.957 - 40.000 ) 
    Source Clock Delay      (SCD):    -2.456ns
    Clock Pessimism Removal (CPR):    -0.425ns
  Clock Uncertainty:      0.098ns  ((TSJ^2 + DJ^2)^1/2) / 2 + PE
    Total System Jitter     (TSJ):    0.071ns
    Discrete Jitter          (DJ):    0.183ns
    Phase Error              (PE):    0.000ns

    Location             Delay type                Incr(ns)  Path(ns)    Netlist Resource(s)
  -------------------------------------------------------------------    -------------------
                         (clock clk_out25_top_clk_wiz_0_0 rise edge)
                                                      0.000     0.000 r  
    W5                                                0.000     0.000 r  sys_clock (IN)
                         net (fo=0)                   0.000     0.000    top_i/clk_wiz_0/inst/clk_in1
    W5                   IBUF (Prop_ibuf_I_O)         1.458     1.458 r  top_i/clk_wiz_0/inst/clkin1_ibufg/O
                         net (fo=1, routed)           1.253     2.711    top_i/clk_wiz_0/inst/clk_in1_top_clk_wiz_0_0
    PLLE2_ADV_X1Y0       PLLE2_ADV (Prop_plle2_adv_CLKIN1_CLKOUT1)
                                                     -8.482    -5.770 r  top_i/clk_wiz_0/inst/plle2_adv_inst/CLKOUT1
                         net (fo=1, routed)           1.655    -4.115    top_i/clk_wiz_0/inst/clk_out25_top_clk_wiz_0_0
    BUFGCTRL_X0Y0        BUFG (Prop_bufg_I_O)         0.096    -4.019 r  top_i/clk_wiz_0/inst/clkout2_buf/O
                         net (fo=147, routed)         1.563    -2.456    top_i/BRAM_FIFO_Limit_0/U0/clk
    SLICE_X39Y39         FDRE                                         r  top_i/BRAM_FIFO_Limit_0/U0/write_enable_reg/C
  -------------------------------------------------------------------    -------------------
    SLICE_X39Y39         FDRE (Prop_fdre_C_Q)         0.456    -2.000 r  top_i/BRAM_FIFO_Limit_0/U0/write_enable_reg/Q
                         net (fo=35, routed)          1.057    -0.942    top_i/BRAM_FIFO_Limit_0/U0/write_enable
    SLICE_X47Y40         LUT2 (Prop_lut2_I0_O)        0.149    -0.793 r  top_i/BRAM_FIFO_Limit_0/U0/bram_addr_out[15]_INST_0/O
                         net (fo=28, routed)          5.015     4.222    top_i/blk_mem_gen_0/U0/inst_blk_mem_gen/gnbram.gnativebmg.native_blk_mem_gen/valid.cstr/ramloop[8].ram.r/prim_noinit.ram/addra[15]
    RAMB36_X1Y4          RAMB36E1                                     r  top_i/blk_mem_gen_0/U0/inst_blk_mem_gen/gnbram.gnativebmg.native_blk_mem_gen/valid.cstr/ramloop[8].ram.r/prim_noinit.ram/DEVICE_7SERIES.NO_BMM_INFO.TRUE_DP.CASCADED_PRIM36.ram_T/ADDRARDADDR[15]
  -------------------------------------------------------------------    -------------------

                         (clock clk_out25_top_clk_wiz_0_0 rise edge)
                                                     40.000    40.000 r  
    W5                                                0.000    40.000 r  sys_clock (IN)
                         net (fo=0)                   0.000    40.000    top_i/clk_wiz_0/inst/clk_in1
    W5                   IBUF (Prop_ibuf_I_O)         1.388    41.388 r  top_i/clk_wiz_0/inst/clkin1_ibufg/O
                         net (fo=1, routed)           1.181    42.569    top_i/clk_wiz_0/inst/clk_in1_top_clk_wiz_0_0
    PLLE2_ADV_X1Y0       PLLE2_ADV (Prop_plle2_adv_CLKIN1_CLKOUT1)
                                                     -7.750    34.819 r  top_i/clk_wiz_0/inst/plle2_adv_inst/CLKOUT1
                         net (fo=1, routed)           1.576    36.396    top_i/clk_wiz_0/inst/clk_out25_top_clk_wiz_0_0
    BUFGCTRL_X0Y0        BUFG (Prop_bufg_I_O)         0.091    36.487 r  top_i/clk_wiz_0/inst/clkout2_buf/O
                         net (fo=147, routed)         1.471    37.957    top_i/blk_mem_gen_0/U0/inst_blk_mem_gen/gnbram.gnativebmg.native_blk_mem_gen/valid.cstr/ramloop[8].ram.r/prim_noinit.ram/clka
    RAMB36_X1Y4          RAMB36E1                                     r  top_i/blk_mem_gen_0/U0/inst_blk_mem_gen/gnbram.gnativebmg.native_blk_mem_gen/valid.cstr/ramloop[8].ram.r/prim_noinit.ram/DEVICE_7SERIES.NO_BMM_INFO.TRUE_DP.CASCADED_PRIM36.ram_T/CLKARDCLK
                         clock pessimism             -0.425    37.532    
                         clock uncertainty           -0.098    37.433    
    RAMB36_X1Y4          RAMB36E1 (Setup_ramb36e1_CLKARDCLK_ADDRARDADDR[15])
                                                     -0.723    36.710    top_i/blk_mem_gen_0/U0/inst_blk_mem_gen/gnbram.gnativebmg.native_blk_mem_gen/valid.cstr/ramloop[8].ram.r/prim_noinit.ram/DEVICE_7SERIES.NO_BMM_INFO.TRUE_DP.CASCADED_PRIM36.ram_T
  -------------------------------------------------------------------
                         required time                         36.710    
                         arrival time                          -4.222    
  -------------------------------------------------------------------
                         slack                                 32.489    

Slack (MET) :             32.923ns  (required time - arrival time)
  Source:                 top_i/BRAM_FIFO_Limit_0/U0/write_enable_reg/C
                            (rising edge-triggered cell FDRE clocked by clk_out25_top_clk_wiz_0_0  {rise@0.000ns fall@20.000ns period=40.000ns})
  Destination:            top_i/blk_mem_gen_0/U0/inst_blk_mem_gen/gnbram.gnativebmg.native_blk_mem_gen/valid.cstr/ramloop[13].ram.r/prim_noinit.ram/DEVICE_7SERIES.NO_BMM_INFO.TRUE_DP.SIMPLE_PRIM36.ram/ENARDEN
                            (rising edge-triggered cell RAMB36E1 clocked by clk_out25_top_clk_wiz_0_0  {rise@0.000ns fall@20.000ns period=40.000ns})
  Path Group:             clk_out25_top_clk_wiz_0_0
  Path Type:              Setup (Max at Slow Process Corner)
  Requirement:            40.000ns  (clk_out25_top_clk_wiz_0_0 rise@40.000ns - clk_out25_top_clk_wiz_0_0 rise@0.000ns)
  Data Path Delay:        6.529ns  (logic 0.937ns (14.351%)  route 5.592ns (85.649%))
  Logic Levels:           2  (LUT2=1 LUT5=1)
  Clock Path Skew:        -0.007ns (DCD - SCD + CPR)
    Destination Clock Delay (DCD):    -2.037ns = ( 37.963 - 40.000 ) 
    Source Clock Delay      (SCD):    -2.456ns
    Clock Pessimism Removal (CPR):    -0.425ns
  Clock Uncertainty:      0.098ns  ((TSJ^2 + DJ^2)^1/2) / 2 + PE
    Total System Jitter     (TSJ):    0.071ns
    Discrete Jitter          (DJ):    0.183ns
    Phase Error              (PE):    0.000ns

    Location             Delay type                Incr(ns)  Path(ns)    Netlist Resource(s)
  -------------------------------------------------------------------    -------------------
                         (clock clk_out25_top_clk_wiz_0_0 rise edge)
                                                      0.000     0.000 r  
    W5                                                0.000     0.000 r  sys_clock (IN)
                         net (fo=0)                   0.000     0.000    top_i/clk_wiz_0/inst/clk_in1
    W5                   IBUF (Prop_ibuf_I_O)         1.458     1.458 r  top_i/clk_wiz_0/inst/clkin1_ibufg/O
                         net (fo=1, routed)           1.253     2.711    top_i/clk_wiz_0/inst/clk_in1_top_clk_wiz_0_0
    PLLE2_ADV_X1Y0       PLLE2_ADV (Prop_plle2_adv_CLKIN1_CLKOUT1)
                                                     -8.482    -5.770 r  top_i/clk_wiz_0/inst/plle2_adv_inst/CLKOUT1
                         net (fo=1, routed)           1.655    -4.115    top_i/clk_wiz_0/inst/clk_out25_top_clk_wiz_0_0
    BUFGCTRL_X0Y0        BUFG (Prop_bufg_I_O)         0.096    -4.019 r  top_i/clk_wiz_0/inst/clkout2_buf/O
                         net (fo=147, routed)         1.563    -2.456    top_i/BRAM_FIFO_Limit_0/U0/clk
    SLICE_X39Y39         FDRE                                         r  top_i/BRAM_FIFO_Limit_0/U0/write_enable_reg/C
  -------------------------------------------------------------------    -------------------
    SLICE_X39Y39         FDRE (Prop_fdre_C_Q)         0.456    -2.000 f  top_i/BRAM_FIFO_Limit_0/U0/write_enable_reg/Q
                         net (fo=35, routed)          1.057    -0.942    top_i/BRAM_FIFO_Limit_0/U0/write_enable
    SLICE_X47Y40         LUT2 (Prop_lut2_I0_O)        0.149    -0.793 f  top_i/BRAM_FIFO_Limit_0/U0/bram_addr_out[15]_INST_0/O
                         net (fo=28, routed)          3.088     2.295    top_i/blk_mem_gen_0/U0/inst_blk_mem_gen/gnbram.gnativebmg.native_blk_mem_gen/valid.cstr/bindec_a.bindec_inst_a/addra[3]
    SLICE_X12Y37         LUT5 (Prop_lut5_I3_O)        0.332     2.627 r  top_i/blk_mem_gen_0/U0/inst_blk_mem_gen/gnbram.gnativebmg.native_blk_mem_gen/valid.cstr/bindec_a.bindec_inst_a/DEVICE_7SERIES.NO_BMM_INFO.TRUE_DP.SIMPLE_PRIM36.ram_i_1__0/O
                         net (fo=1, routed)           1.447     4.074    top_i/blk_mem_gen_0/U0/inst_blk_mem_gen/gnbram.gnativebmg.native_blk_mem_gen/valid.cstr/ramloop[13].ram.r/prim_noinit.ram/ena_array[0]
    RAMB36_X1Y5          RAMB36E1                                     r  top_i/blk_mem_gen_0/U0/inst_blk_mem_gen/gnbram.gnativebmg.native_blk_mem_gen/valid.cstr/ramloop[13].ram.r/prim_noinit.ram/DEVICE_7SERIES.NO_BMM_INFO.TRUE_DP.SIMPLE_PRIM36.ram/ENARDEN
  -------------------------------------------------------------------    -------------------

                         (clock clk_out25_top_clk_wiz_0_0 rise edge)
                                                     40.000    40.000 r  
    W5                                                0.000    40.000 r  sys_clock (IN)
                         net (fo=0)                   0.000    40.000    top_i/clk_wiz_0/inst/clk_in1
    W5                   IBUF (Prop_ibuf_I_O)         1.388    41.388 r  top_i/clk_wiz_0/inst/clkin1_ibufg/O
                         net (fo=1, routed)           1.181    42.569    top_i/clk_wiz_0/inst/clk_in1_top_clk_wiz_0_0
    PLLE2_ADV_X1Y0       PLLE2_ADV (Prop_plle2_adv_CLKIN1_CLKOUT1)
                                                     -7.750    34.819 r  top_i/clk_wiz_0/inst/plle2_adv_inst/CLKOUT1
                         net (fo=1, routed)           1.576    36.396    top_i/clk_wiz_0/inst/clk_out25_top_clk_wiz_0_0
    BUFGCTRL_X0Y0        BUFG (Prop_bufg_I_O)         0.091    36.487 r  top_i/clk_wiz_0/inst/clkout2_buf/O
                         net (fo=147, routed)         1.477    37.963    top_i/blk_mem_gen_0/U0/inst_blk_mem_gen/gnbram.gnativebmg.native_blk_mem_gen/valid.cstr/ramloop[13].ram.r/prim_noinit.ram/clka
    RAMB36_X1Y5          RAMB36E1                                     r  top_i/blk_mem_gen_0/U0/inst_blk_mem_gen/gnbram.gnativebmg.native_blk_mem_gen/valid.cstr/ramloop[13].ram.r/prim_noinit.ram/DEVICE_7SERIES.NO_BMM_INFO.TRUE_DP.SIMPLE_PRIM36.ram/CLKARDCLK
                         clock pessimism             -0.425    37.538    
                         clock uncertainty           -0.098    37.439    
    RAMB36_X1Y5          RAMB36E1 (Setup_ramb36e1_CLKARDCLK_ENARDEN)
                                                     -0.443    36.996    top_i/blk_mem_gen_0/U0/inst_blk_mem_gen/gnbram.gnativebmg.native_blk_mem_gen/valid.cstr/ramloop[13].ram.r/prim_noinit.ram/DEVICE_7SERIES.NO_BMM_INFO.TRUE_DP.SIMPLE_PRIM36.ram
  -------------------------------------------------------------------
                         required time                         36.996    
                         arrival time                          -4.074    
  -------------------------------------------------------------------
                         slack                                 32.923    

Slack (MET) :             33.078ns  (required time - arrival time)
  Source:                 top_i/BRAM_FIFO_Limit_0/U0/write_enable_reg/C
                            (rising edge-triggered cell FDRE clocked by clk_out25_top_clk_wiz_0_0  {rise@0.000ns fall@20.000ns period=40.000ns})
  Destination:            top_i/blk_mem_gen_0/U0/inst_blk_mem_gen/gnbram.gnativebmg.native_blk_mem_gen/valid.cstr/ramloop[18].ram.r/prim_noinit.ram/DEVICE_7SERIES.NO_BMM_INFO.TRUE_DP.SIMPLE_PRIM36.ram/ENARDEN
                            (rising edge-triggered cell RAMB36E1 clocked by clk_out25_top_clk_wiz_0_0  {rise@0.000ns fall@20.000ns period=40.000ns})
  Path Group:             clk_out25_top_clk_wiz_0_0
  Path Type:              Setup (Max at Slow Process Corner)
  Requirement:            40.000ns  (clk_out25_top_clk_wiz_0_0 rise@40.000ns - clk_out25_top_clk_wiz_0_0 rise@0.000ns)
  Data Path Delay:        6.108ns  (logic 0.959ns (15.700%)  route 5.149ns (84.300%))
  Logic Levels:           2  (LUT2=1 LUT5=1)
  Clock Path Skew:        -0.069ns (DCD - SCD + CPR)
    Destination Clock Delay (DCD):    -2.027ns = ( 37.973 - 40.000 ) 
    Source Clock Delay      (SCD):    -2.456ns
    Clock Pessimism Removal (CPR):    -0.497ns
  Clock Uncertainty:      0.098ns  ((TSJ^2 + DJ^2)^1/2) / 2 + PE
    Total System Jitter     (TSJ):    0.071ns
    Discrete Jitter          (DJ):    0.183ns
    Phase Error              (PE):    0.000ns

    Location             Delay type                Incr(ns)  Path(ns)    Netlist Resource(s)
  -------------------------------------------------------------------    -------------------
                         (clock clk_out25_top_clk_wiz_0_0 rise edge)
                                                      0.000     0.000 r  
    W5                                                0.000     0.000 r  sys_clock (IN)
                         net (fo=0)                   0.000     0.000    top_i/clk_wiz_0/inst/clk_in1
    W5                   IBUF (Prop_ibuf_I_O)         1.458     1.458 r  top_i/clk_wiz_0/inst/clkin1_ibufg/O
                         net (fo=1, routed)           1.253     2.711    top_i/clk_wiz_0/inst/clk_in1_top_clk_wiz_0_0
    PLLE2_ADV_X1Y0       PLLE2_ADV (Prop_plle2_adv_CLKIN1_CLKOUT1)
                                                     -8.482    -5.770 r  top_i/clk_wiz_0/inst/plle2_adv_inst/CLKOUT1
                         net (fo=1, routed)           1.655    -4.115    top_i/clk_wiz_0/inst/clk_out25_top_clk_wiz_0_0
    BUFGCTRL_X0Y0        BUFG (Prop_bufg_I_O)         0.096    -4.019 r  top_i/clk_wiz_0/inst/clkout2_buf/O
                         net (fo=147, routed)         1.563    -2.456    top_i/BRAM_FIFO_Limit_0/U0/clk
    SLICE_X39Y39         FDRE                                         r  top_i/BRAM_FIFO_Limit_0/U0/write_enable_reg/C
  -------------------------------------------------------------------    -------------------
    SLICE_X39Y39         FDRE (Prop_fdre_C_Q)         0.456    -2.000 f  top_i/BRAM_FIFO_Limit_0/U0/write_enable_reg/Q
                         net (fo=35, routed)          1.057    -0.942    top_i/BRAM_FIFO_Limit_0/U0/write_enable
    SLICE_X47Y40         LUT2 (Prop_lut2_I0_O)        0.149    -0.793 f  top_i/BRAM_FIFO_Limit_0/U0/bram_addr_out[15]_INST_0/O
                         net (fo=28, routed)          3.338     2.545    top_i/blk_mem_gen_0/U0/inst_blk_mem_gen/gnbram.gnativebmg.native_blk_mem_gen/valid.cstr/bindec_a.bindec_inst_a/addra[3]
    SLICE_X12Y47         LUT5 (Prop_lut5_I4_O)        0.354     2.899 r  top_i/blk_mem_gen_0/U0/inst_blk_mem_gen/gnbram.gnativebmg.native_blk_mem_gen/valid.cstr/bindec_a.bindec_inst_a/DEVICE_7SERIES.NO_BMM_INFO.TRUE_DP.SIMPLE_PRIM36.ram_i_1__5/O
                         net (fo=1, routed)           0.754     3.653    top_i/blk_mem_gen_0/U0/inst_blk_mem_gen/gnbram.gnativebmg.native_blk_mem_gen/valid.cstr/ramloop[18].ram.r/prim_noinit.ram/ena_array[0]
    RAMB36_X0Y8          RAMB36E1                                     r  top_i/blk_mem_gen_0/U0/inst_blk_mem_gen/gnbram.gnativebmg.native_blk_mem_gen/valid.cstr/ramloop[18].ram.r/prim_noinit.ram/DEVICE_7SERIES.NO_BMM_INFO.TRUE_DP.SIMPLE_PRIM36.ram/ENARDEN
  -------------------------------------------------------------------    -------------------

                         (clock clk_out25_top_clk_wiz_0_0 rise edge)
                                                     40.000    40.000 r  
    W5                                                0.000    40.000 r  sys_clock (IN)
                         net (fo=0)                   0.000    40.000    top_i/clk_wiz_0/inst/clk_in1
    W5                   IBUF (Prop_ibuf_I_O)         1.388    41.388 r  top_i/clk_wiz_0/inst/clkin1_ibufg/O
                         net (fo=1, routed)           1.181    42.569    top_i/clk_wiz_0/inst/clk_in1_top_clk_wiz_0_0
    PLLE2_ADV_X1Y0       PLLE2_ADV (Prop_plle2_adv_CLKIN1_CLKOUT1)
                                                     -7.750    34.819 r  top_i/clk_wiz_0/inst/plle2_adv_inst/CLKOUT1
                         net (fo=1, routed)           1.576    36.396    top_i/clk_wiz_0/inst/clk_out25_top_clk_wiz_0_0
    BUFGCTRL_X0Y0        BUFG (Prop_bufg_I_O)         0.091    36.487 r  top_i/clk_wiz_0/inst/clkout2_buf/O
                         net (fo=147, routed)         1.487    37.973    top_i/blk_mem_gen_0/U0/inst_blk_mem_gen/gnbram.gnativebmg.native_blk_mem_gen/valid.cstr/ramloop[18].ram.r/prim_noinit.ram/clka
    RAMB36_X0Y8          RAMB36E1                                     r  top_i/blk_mem_gen_0/U0/inst_blk_mem_gen/gnbram.gnativebmg.native_blk_mem_gen/valid.cstr/ramloop[18].ram.r/prim_noinit.ram/DEVICE_7SERIES.NO_BMM_INFO.TRUE_DP.SIMPLE_PRIM36.ram/CLKARDCLK
                         clock pessimism             -0.497    37.476    
                         clock uncertainty           -0.098    37.377    
    RAMB36_X0Y8          RAMB36E1 (Setup_ramb36e1_CLKARDCLK_ENARDEN)
                                                     -0.647    36.730    top_i/blk_mem_gen_0/U0/inst_blk_mem_gen/gnbram.gnativebmg.native_blk_mem_gen/valid.cstr/ramloop[18].ram.r/prim_noinit.ram/DEVICE_7SERIES.NO_BMM_INFO.TRUE_DP.SIMPLE_PRIM36.ram
  -------------------------------------------------------------------
                         required time                         36.730    
                         arrival time                          -3.653    
  -------------------------------------------------------------------
                         slack                                 33.078    

Slack (MET) :             33.144ns  (required time - arrival time)
  Source:                 top_i/BRAM_FIFO_Limit_0/U0/write_enable_reg/C
                            (rising edge-triggered cell FDRE clocked by clk_out25_top_clk_wiz_0_0  {rise@0.000ns fall@20.000ns period=40.000ns})
  Destination:            top_i/blk_mem_gen_0/U0/inst_blk_mem_gen/gnbram.gnativebmg.native_blk_mem_gen/valid.cstr/ramloop[8].ram.r/prim_noinit.ram/DEVICE_7SERIES.NO_BMM_INFO.TRUE_DP.CASCADED_PRIM36.ram_B/ADDRARDADDR[15]
                            (rising edge-triggered cell RAMB36E1 clocked by clk_out25_top_clk_wiz_0_0  {rise@0.000ns fall@20.000ns period=40.000ns})
  Path Group:             clk_out25_top_clk_wiz_0_0
  Path Type:              Setup (Max at Slow Process Corner)
  Requirement:            40.000ns  (clk_out25_top_clk_wiz_0_0 rise@40.000ns - clk_out25_top_clk_wiz_0_0 rise@0.000ns)
  Data Path Delay:        6.028ns  (logic 0.605ns (10.037%)  route 5.423ns (89.963%))
  Logic Levels:           1  (LUT2=1)
  Clock Path Skew:        -0.007ns (DCD - SCD + CPR)
    Destination Clock Delay (DCD):    -2.037ns = ( 37.963 - 40.000 ) 
    Source Clock Delay      (SCD):    -2.456ns
    Clock Pessimism Removal (CPR):    -0.425ns
  Clock Uncertainty:      0.098ns  ((TSJ^2 + DJ^2)^1/2) / 2 + PE
    Total System Jitter     (TSJ):    0.071ns
    Discrete Jitter          (DJ):    0.183ns
    Phase Error              (PE):    0.000ns

    Location             Delay type                Incr(ns)  Path(ns)    Netlist Resource(s)
  -------------------------------------------------------------------    -------------------
                         (clock clk_out25_top_clk_wiz_0_0 rise edge)
                                                      0.000     0.000 r  
    W5                                                0.000     0.000 r  sys_clock (IN)
                         net (fo=0)                   0.000     0.000    top_i/clk_wiz_0/inst/clk_in1
    W5                   IBUF (Prop_ibuf_I_O)         1.458     1.458 r  top_i/clk_wiz_0/inst/clkin1_ibufg/O
                         net (fo=1, routed)           1.253     2.711    top_i/clk_wiz_0/inst/clk_in1_top_clk_wiz_0_0
    PLLE2_ADV_X1Y0       PLLE2_ADV (Prop_plle2_adv_CLKIN1_CLKOUT1)
                                                     -8.482    -5.770 r  top_i/clk_wiz_0/inst/plle2_adv_inst/CLKOUT1
                         net (fo=1, routed)           1.655    -4.115    top_i/clk_wiz_0/inst/clk_out25_top_clk_wiz_0_0
    BUFGCTRL_X0Y0        BUFG (Prop_bufg_I_O)         0.096    -4.019 r  top_i/clk_wiz_0/inst/clkout2_buf/O
                         net (fo=147, routed)         1.563    -2.456    top_i/BRAM_FIFO_Limit_0/U0/clk
    SLICE_X39Y39         FDRE                                         r  top_i/BRAM_FIFO_Limit_0/U0/write_enable_reg/C
  -------------------------------------------------------------------    -------------------
    SLICE_X39Y39         FDRE (Prop_fdre_C_Q)         0.456    -2.000 r  top_i/BRAM_FIFO_Limit_0/U0/write_enable_reg/Q
                         net (fo=35, routed)          1.057    -0.942    top_i/BRAM_FIFO_Limit_0/U0/write_enable
    SLICE_X47Y40         LUT2 (Prop_lut2_I0_O)        0.149    -0.793 r  top_i/BRAM_FIFO_Limit_0/U0/bram_addr_out[15]_INST_0/O
                         net (fo=28, routed)          4.365     3.572    top_i/blk_mem_gen_0/U0/inst_blk_mem_gen/gnbram.gnativebmg.native_blk_mem_gen/valid.cstr/ramloop[8].ram.r/prim_noinit.ram/addra[15]
    RAMB36_X1Y3          RAMB36E1                                     r  top_i/blk_mem_gen_0/U0/inst_blk_mem_gen/gnbram.gnativebmg.native_blk_mem_gen/valid.cstr/ramloop[8].ram.r/prim_noinit.ram/DEVICE_7SERIES.NO_BMM_INFO.TRUE_DP.CASCADED_PRIM36.ram_B/ADDRARDADDR[15]
  -------------------------------------------------------------------    -------------------

                         (clock clk_out25_top_clk_wiz_0_0 rise edge)
                                                     40.000    40.000 r  
    W5                                                0.000    40.000 r  sys_clock (IN)
                         net (fo=0)                   0.000    40.000    top_i/clk_wiz_0/inst/clk_in1
    W5                   IBUF (Prop_ibuf_I_O)         1.388    41.388 r  top_i/clk_wiz_0/inst/clkin1_ibufg/O
                         net (fo=1, routed)           1.181    42.569    top_i/clk_wiz_0/inst/clk_in1_top_clk_wiz_0_0
    PLLE2_ADV_X1Y0       PLLE2_ADV (Prop_plle2_adv_CLKIN1_CLKOUT1)
                                                     -7.750    34.819 r  top_i/clk_wiz_0/inst/plle2_adv_inst/CLKOUT1
                         net (fo=1, routed)           1.576    36.396    top_i/clk_wiz_0/inst/clk_out25_top_clk_wiz_0_0
    BUFGCTRL_X0Y0        BUFG (Prop_bufg_I_O)         0.091    36.487 r  top_i/clk_wiz_0/inst/clkout2_buf/O
                         net (fo=147, routed)         1.477    37.963    top_i/blk_mem_gen_0/U0/inst_blk_mem_gen/gnbram.gnativebmg.native_blk_mem_gen/valid.cstr/ramloop[8].ram.r/prim_noinit.ram/clka
    RAMB36_X1Y3          RAMB36E1                                     r  top_i/blk_mem_gen_0/U0/inst_blk_mem_gen/gnbram.gnativebmg.native_blk_mem_gen/valid.cstr/ramloop[8].ram.r/prim_noinit.ram/DEVICE_7SERIES.NO_BMM_INFO.TRUE_DP.CASCADED_PRIM36.ram_B/CLKARDCLK
                         clock pessimism             -0.425    37.538    
                         clock uncertainty           -0.098    37.439    
    RAMB36_X1Y3          RAMB36E1 (Setup_ramb36e1_CLKARDCLK_ADDRARDADDR[15])
                                                     -0.723    36.716    top_i/blk_mem_gen_0/U0/inst_blk_mem_gen/gnbram.gnativebmg.native_blk_mem_gen/valid.cstr/ramloop[8].ram.r/prim_noinit.ram/DEVICE_7SERIES.NO_BMM_INFO.TRUE_DP.CASCADED_PRIM36.ram_B
  -------------------------------------------------------------------
                         required time                         36.716    
                         arrival time                          -3.572    
  -------------------------------------------------------------------
                         slack                                 33.144    

Slack (MET) :             33.258ns  (required time - arrival time)
  Source:                 top_i/blk_mem_gen_0/U0/inst_blk_mem_gen/gnbram.gnativebmg.native_blk_mem_gen/valid.cstr/ramloop[21].ram.r/prim_noinit.ram/DEVICE_7SERIES.NO_BMM_INFO.TRUE_DP.SIMPLE_PRIM36.ram/CLKBWRCLK
                            (rising edge-triggered cell RAMB36E1 clocked by clk_out25_top_clk_wiz_0_0  {rise@0.000ns fall@20.000ns period=40.000ns})
  Destination:            top_i/OutputFrame_Colour_0/U0/G_out_reg[3]/D
                            (rising edge-triggered cell FDRE clocked by clk_out25_top_clk_wiz_0_0  {rise@0.000ns fall@20.000ns period=40.000ns})
  Path Group:             clk_out25_top_clk_wiz_0_0
  Path Type:              Setup (Max at Slow Process Corner)
  Requirement:            40.000ns  (clk_out25_top_clk_wiz_0_0 rise@40.000ns - clk_out25_top_clk_wiz_0_0 rise@0.000ns)
  Data Path Delay:        6.519ns  (logic 1.641ns (25.173%)  route 4.878ns (74.827%))
  Logic Levels:           4  (LUT4=1 LUT5=1 LUT6=1 MUXF7=1)
  Clock Path Skew:        -0.154ns (DCD - SCD + CPR)
    Destination Clock Delay (DCD):    -2.068ns = ( 37.932 - 40.000 ) 
    Source Clock Delay      (SCD):    -2.419ns
    Clock Pessimism Removal (CPR):    -0.505ns
  Clock Uncertainty:      0.098ns  ((TSJ^2 + DJ^2)^1/2) / 2 + PE
    Total System Jitter     (TSJ):    0.071ns
    Discrete Jitter          (DJ):    0.183ns
    Phase Error              (PE):    0.000ns

    Location             Delay type                Incr(ns)  Path(ns)    Netlist Resource(s)
  -------------------------------------------------------------------    -------------------
                         (clock clk_out25_top_clk_wiz_0_0 rise edge)
                                                      0.000     0.000 r  
    W5                                                0.000     0.000 r  sys_clock (IN)
                         net (fo=0)                   0.000     0.000    top_i/clk_wiz_0/inst/clk_in1
    W5                   IBUF (Prop_ibuf_I_O)         1.458     1.458 r  top_i/clk_wiz_0/inst/clkin1_ibufg/O
                         net (fo=1, routed)           1.253     2.711    top_i/clk_wiz_0/inst/clk_in1_top_clk_wiz_0_0
    PLLE2_ADV_X1Y0       PLLE2_ADV (Prop_plle2_adv_CLKIN1_CLKOUT1)
                                                     -8.482    -5.770 r  top_i/clk_wiz_0/inst/plle2_adv_inst/CLKOUT1
                         net (fo=1, routed)           1.655    -4.115    top_i/clk_wiz_0/inst/clk_out25_top_clk_wiz_0_0
    BUFGCTRL_X0Y0        BUFG (Prop_bufg_I_O)         0.096    -4.019 r  top_i/clk_wiz_0/inst/clkout2_buf/O
                         net (fo=147, routed)         1.599    -2.419    top_i/blk_mem_gen_0/U0/inst_blk_mem_gen/gnbram.gnativebmg.native_blk_mem_gen/valid.cstr/ramloop[21].ram.r/prim_noinit.ram/clka
    RAMB36_X0Y11         RAMB36E1                                     r  top_i/blk_mem_gen_0/U0/inst_blk_mem_gen/gnbram.gnativebmg.native_blk_mem_gen/valid.cstr/ramloop[21].ram.r/prim_noinit.ram/DEVICE_7SERIES.NO_BMM_INFO.TRUE_DP.SIMPLE_PRIM36.ram/CLKBWRCLK
  -------------------------------------------------------------------    -------------------
    RAMB36_X0Y11         RAMB36E1 (Prop_ramb36e1_CLKBWRCLK_DOBDO[3])
                                                      0.882    -1.537 r  top_i/blk_mem_gen_0/U0/inst_blk_mem_gen/gnbram.gnativebmg.native_blk_mem_gen/valid.cstr/ramloop[21].ram.r/prim_noinit.ram/DEVICE_7SERIES.NO_BMM_INFO.TRUE_DP.SIMPLE_PRIM36.ram/DOBDO[3]
                         net (fo=1, routed)           2.300     0.762    top_i/blk_mem_gen_0/U0/inst_blk_mem_gen/gnbram.gnativebmg.native_blk_mem_gen/valid.cstr/has_mux_b.B/ramloop[21].ram.ram_doutb[3]
    SLICE_X48Y63         LUT6 (Prop_lut6_I3_O)        0.124     0.886 r  top_i/blk_mem_gen_0/U0/inst_blk_mem_gen/gnbram.gnativebmg.native_blk_mem_gen/valid.cstr/has_mux_b.B/doutb[10]_INST_0_i_4/O
                         net (fo=1, routed)           0.000     0.886    top_i/blk_mem_gen_0/U0/inst_blk_mem_gen/gnbram.gnativebmg.native_blk_mem_gen/valid.cstr/has_mux_b.B/doutb[10]_INST_0_i_4_n_0
    SLICE_X48Y63         MUXF7 (Prop_muxf7_I0_O)      0.212     1.098 r  top_i/blk_mem_gen_0/U0/inst_blk_mem_gen/gnbram.gnativebmg.native_blk_mem_gen/valid.cstr/has_mux_b.B/doutb[10]_INST_0_i_2/O
                         net (fo=1, routed)           1.567     2.665    top_i/blk_mem_gen_0/U0/inst_blk_mem_gen/gnbram.gnativebmg.native_blk_mem_gen/valid.cstr/has_mux_b.B/doutb[10]_INST_0_i_2_n_0
    SLICE_X49Y46         LUT5 (Prop_lut5_I2_O)        0.299     2.964 r  top_i/blk_mem_gen_0/U0/inst_blk_mem_gen/gnbram.gnativebmg.native_blk_mem_gen/valid.cstr/has_mux_b.B/doutb[10]_INST_0/O
                         net (fo=1, routed)           1.012     3.975    top_i/OutputFrame_Colour_0/U0/bram_data[7]
    SLICE_X33Y46         LUT4 (Prop_lut4_I3_O)        0.124     4.099 r  top_i/OutputFrame_Colour_0/U0/G_out[3]_i_1/O
                         net (fo=1, routed)           0.000     4.099    top_i/OutputFrame_Colour_0/U0/G_out[3]_i_1_n_0
    SLICE_X33Y46         FDRE                                         r  top_i/OutputFrame_Colour_0/U0/G_out_reg[3]/D
  -------------------------------------------------------------------    -------------------

                         (clock clk_out25_top_clk_wiz_0_0 rise edge)
                                                     40.000    40.000 r  
    W5                                                0.000    40.000 r  sys_clock (IN)
                         net (fo=0)                   0.000    40.000    top_i/clk_wiz_0/inst/clk_in1
    W5                   IBUF (Prop_ibuf_I_O)         1.388    41.388 r  top_i/clk_wiz_0/inst/clkin1_ibufg/O
                         net (fo=1, routed)           1.181    42.569    top_i/clk_wiz_0/inst/clk_in1_top_clk_wiz_0_0
    PLLE2_ADV_X1Y0       PLLE2_ADV (Prop_plle2_adv_CLKIN1_CLKOUT1)
                                                     -7.750    34.819 r  top_i/clk_wiz_0/inst/plle2_adv_inst/CLKOUT1
                         net (fo=1, routed)           1.576    36.396    top_i/clk_wiz_0/inst/clk_out25_top_clk_wiz_0_0
    BUFGCTRL_X0Y0        BUFG (Prop_bufg_I_O)         0.091    36.487 r  top_i/clk_wiz_0/inst/clkout2_buf/O
                         net (fo=147, routed)         1.445    37.932    top_i/OutputFrame_Colour_0/U0/clk
    SLICE_X33Y46         FDRE                                         r  top_i/OutputFrame_Colour_0/U0/G_out_reg[3]/C
                         clock pessimism             -0.505    37.426    
                         clock uncertainty           -0.098    37.328    
    SLICE_X33Y46         FDRE (Setup_fdre_C_D)        0.029    37.357    top_i/OutputFrame_Colour_0/U0/G_out_reg[3]
  -------------------------------------------------------------------
                         required time                         37.357    
                         arrival time                          -4.099    
  -------------------------------------------------------------------
                         slack                                 33.258    

Slack (MET) :             33.414ns  (required time - arrival time)
  Source:                 top_i/BRAM_FIFO_Limit_0/U0/write_enable_reg/C
                            (rising edge-triggered cell FDRE clocked by clk_out25_top_clk_wiz_0_0  {rise@0.000ns fall@20.000ns period=40.000ns})
  Destination:            top_i/blk_mem_gen_0/U0/inst_blk_mem_gen/gnbram.gnativebmg.native_blk_mem_gen/valid.cstr/ramloop[16].ram.r/prim_noinit.ram/DEVICE_7SERIES.NO_BMM_INFO.TRUE_DP.SIMPLE_PRIM36.ram/ENARDEN
                            (rising edge-triggered cell RAMB36E1 clocked by clk_out25_top_clk_wiz_0_0  {rise@0.000ns fall@20.000ns period=40.000ns})
  Path Group:             clk_out25_top_clk_wiz_0_0
  Path Type:              Setup (Max at Slow Process Corner)
  Requirement:            40.000ns  (clk_out25_top_clk_wiz_0_0 rise@40.000ns - clk_out25_top_clk_wiz_0_0 rise@0.000ns)
  Data Path Delay:        5.750ns  (logic 0.930ns (16.175%)  route 4.820ns (83.825%))
  Logic Levels:           2  (LUT2=1 LUT5=1)
  Clock Path Skew:        -0.071ns (DCD - SCD + CPR)
    Destination Clock Delay (DCD):    -2.029ns = ( 37.971 - 40.000 ) 
    Source Clock Delay      (SCD):    -2.456ns
    Clock Pessimism Removal (CPR):    -0.497ns
  Clock Uncertainty:      0.098ns  ((TSJ^2 + DJ^2)^1/2) / 2 + PE
    Total System Jitter     (TSJ):    0.071ns
    Discrete Jitter          (DJ):    0.183ns
    Phase Error              (PE):    0.000ns

    Location             Delay type                Incr(ns)  Path(ns)    Netlist Resource(s)
  -------------------------------------------------------------------    -------------------
                         (clock clk_out25_top_clk_wiz_0_0 rise edge)
                                                      0.000     0.000 r  
    W5                                                0.000     0.000 r  sys_clock (IN)
                         net (fo=0)                   0.000     0.000    top_i/clk_wiz_0/inst/clk_in1
    W5                   IBUF (Prop_ibuf_I_O)         1.458     1.458 r  top_i/clk_wiz_0/inst/clkin1_ibufg/O
                         net (fo=1, routed)           1.253     2.711    top_i/clk_wiz_0/inst/clk_in1_top_clk_wiz_0_0
    PLLE2_ADV_X1Y0       PLLE2_ADV (Prop_plle2_adv_CLKIN1_CLKOUT1)
                                                     -8.482    -5.770 r  top_i/clk_wiz_0/inst/plle2_adv_inst/CLKOUT1
                         net (fo=1, routed)           1.655    -4.115    top_i/clk_wiz_0/inst/clk_out25_top_clk_wiz_0_0
    BUFGCTRL_X0Y0        BUFG (Prop_bufg_I_O)         0.096    -4.019 r  top_i/clk_wiz_0/inst/clkout2_buf/O
                         net (fo=147, routed)         1.563    -2.456    top_i/BRAM_FIFO_Limit_0/U0/clk
    SLICE_X39Y39         FDRE                                         r  top_i/BRAM_FIFO_Limit_0/U0/write_enable_reg/C
  -------------------------------------------------------------------    -------------------
    SLICE_X39Y39         FDRE (Prop_fdre_C_Q)         0.456    -2.000 f  top_i/BRAM_FIFO_Limit_0/U0/write_enable_reg/Q
                         net (fo=35, routed)          1.057    -0.942    top_i/BRAM_FIFO_Limit_0/U0/write_enable
    SLICE_X47Y40         LUT2 (Prop_lut2_I0_O)        0.149    -0.793 f  top_i/BRAM_FIFO_Limit_0/U0/bram_addr_out[15]_INST_0/O
                         net (fo=28, routed)          3.088     2.295    top_i/blk_mem_gen_0/U0/inst_blk_mem_gen/gnbram.gnativebmg.native_blk_mem_gen/valid.cstr/bindec_a.bindec_inst_a/addra[3]
    SLICE_X12Y37         LUT5 (Prop_lut5_I3_O)        0.325     2.620 r  top_i/blk_mem_gen_0/U0/inst_blk_mem_gen/gnbram.gnativebmg.native_blk_mem_gen/valid.cstr/bindec_a.bindec_inst_a/DEVICE_7SERIES.NO_BMM_INFO.TRUE_DP.SIMPLE_PRIM36.ram_i_1__3/O
                         net (fo=1, routed)           0.674     3.294    top_i/blk_mem_gen_0/U0/inst_blk_mem_gen/gnbram.gnativebmg.native_blk_mem_gen/valid.cstr/ramloop[16].ram.r/prim_noinit.ram/ena_array[0]
    RAMB36_X0Y7          RAMB36E1                                     r  top_i/blk_mem_gen_0/U0/inst_blk_mem_gen/gnbram.gnativebmg.native_blk_mem_gen/valid.cstr/ramloop[16].ram.r/prim_noinit.ram/DEVICE_7SERIES.NO_BMM_INFO.TRUE_DP.SIMPLE_PRIM36.ram/ENARDEN
  -------------------------------------------------------------------    -------------------

                         (clock clk_out25_top_clk_wiz_0_0 rise edge)
                                                     40.000    40.000 r  
    W5                                                0.000    40.000 r  sys_clock (IN)
                         net (fo=0)                   0.000    40.000    top_i/clk_wiz_0/inst/clk_in1
    W5                   IBUF (Prop_ibuf_I_O)         1.388    41.388 r  top_i/clk_wiz_0/inst/clkin1_ibufg/O
                         net (fo=1, routed)           1.181    42.569    top_i/clk_wiz_0/inst/clk_in1_top_clk_wiz_0_0
    PLLE2_ADV_X1Y0       PLLE2_ADV (Prop_plle2_adv_CLKIN1_CLKOUT1)
                                                     -7.750    34.819 r  top_i/clk_wiz_0/inst/plle2_adv_inst/CLKOUT1
                         net (fo=1, routed)           1.576    36.396    top_i/clk_wiz_0/inst/clk_out25_top_clk_wiz_0_0
    BUFGCTRL_X0Y0        BUFG (Prop_bufg_I_O)         0.091    36.487 r  top_i/clk_wiz_0/inst/clkout2_buf/O
                         net (fo=147, routed)         1.485    37.971    top_i/blk_mem_gen_0/U0/inst_blk_mem_gen/gnbram.gnativebmg.native_blk_mem_gen/valid.cstr/ramloop[16].ram.r/prim_noinit.ram/clka
    RAMB36_X0Y7          RAMB36E1                                     r  top_i/blk_mem_gen_0/U0/inst_blk_mem_gen/gnbram.gnativebmg.native_blk_mem_gen/valid.cstr/ramloop[16].ram.r/prim_noinit.ram/DEVICE_7SERIES.NO_BMM_INFO.TRUE_DP.SIMPLE_PRIM36.ram/CLKARDCLK
                         clock pessimism             -0.497    37.474    
                         clock uncertainty           -0.098    37.375    
    RAMB36_X0Y7          RAMB36E1 (Setup_ramb36e1_CLKARDCLK_ENARDEN)
                                                     -0.667    36.708    top_i/blk_mem_gen_0/U0/inst_blk_mem_gen/gnbram.gnativebmg.native_blk_mem_gen/valid.cstr/ramloop[16].ram.r/prim_noinit.ram/DEVICE_7SERIES.NO_BMM_INFO.TRUE_DP.SIMPLE_PRIM36.ram
  -------------------------------------------------------------------
                         required time                         36.708    
                         arrival time                          -3.294    
  -------------------------------------------------------------------
                         slack                                 33.414    

Slack (MET) :             33.514ns  (required time - arrival time)
  Source:                 top_i/BRAM_FIFO_Limit_0/U0/write_enable_reg/C
                            (rising edge-triggered cell FDRE clocked by clk_out25_top_clk_wiz_0_0  {rise@0.000ns fall@20.000ns period=40.000ns})
  Destination:            top_i/blk_mem_gen_0/U0/inst_blk_mem_gen/gnbram.gnativebmg.native_blk_mem_gen/valid.cstr/ramloop[6].ram.r/prim_noinit.ram/DEVICE_7SERIES.NO_BMM_INFO.TRUE_DP.CASCADED_PRIM36.ram_B/ADDRARDADDR[15]
                            (rising edge-triggered cell RAMB36E1 clocked by clk_out25_top_clk_wiz_0_0  {rise@0.000ns fall@20.000ns period=40.000ns})
  Path Group:             clk_out25_top_clk_wiz_0_0
  Path Type:              Setup (Max at Slow Process Corner)
  Requirement:            40.000ns  (clk_out25_top_clk_wiz_0_0 rise@40.000ns - clk_out25_top_clk_wiz_0_0 rise@0.000ns)
  Data Path Delay:        5.660ns  (logic 0.605ns (10.688%)  route 5.055ns (89.312%))
  Logic Levels:           1  (LUT2=1)
  Clock Path Skew:        -0.005ns (DCD - SCD + CPR)
    Destination Clock Delay (DCD):    -2.035ns = ( 37.965 - 40.000 ) 
    Source Clock Delay      (SCD):    -2.456ns
    Clock Pessimism Removal (CPR):    -0.425ns
  Clock Uncertainty:      0.098ns  ((TSJ^2 + DJ^2)^1/2) / 2 + PE
    Total System Jitter     (TSJ):    0.071ns
    Discrete Jitter          (DJ):    0.183ns
    Phase Error              (PE):    0.000ns

    Location             Delay type                Incr(ns)  Path(ns)    Netlist Resource(s)
  -------------------------------------------------------------------    -------------------
                         (clock clk_out25_top_clk_wiz_0_0 rise edge)
                                                      0.000     0.000 r  
    W5                                                0.000     0.000 r  sys_clock (IN)
                         net (fo=0)                   0.000     0.000    top_i/clk_wiz_0/inst/clk_in1
    W5                   IBUF (Prop_ibuf_I_O)         1.458     1.458 r  top_i/clk_wiz_0/inst/clkin1_ibufg/O
                         net (fo=1, routed)           1.253     2.711    top_i/clk_wiz_0/inst/clk_in1_top_clk_wiz_0_0
    PLLE2_ADV_X1Y0       PLLE2_ADV (Prop_plle2_adv_CLKIN1_CLKOUT1)
                                                     -8.482    -5.770 r  top_i/clk_wiz_0/inst/plle2_adv_inst/CLKOUT1
                         net (fo=1, routed)           1.655    -4.115    top_i/clk_wiz_0/inst/clk_out25_top_clk_wiz_0_0
    BUFGCTRL_X0Y0        BUFG (Prop_bufg_I_O)         0.096    -4.019 r  top_i/clk_wiz_0/inst/clkout2_buf/O
                         net (fo=147, routed)         1.563    -2.456    top_i/BRAM_FIFO_Limit_0/U0/clk
    SLICE_X39Y39         FDRE                                         r  top_i/BRAM_FIFO_Limit_0/U0/write_enable_reg/C
  -------------------------------------------------------------------    -------------------
    SLICE_X39Y39         FDRE (Prop_fdre_C_Q)         0.456    -2.000 r  top_i/BRAM_FIFO_Limit_0/U0/write_enable_reg/Q
                         net (fo=35, routed)          1.057    -0.942    top_i/BRAM_FIFO_Limit_0/U0/write_enable
    SLICE_X47Y40         LUT2 (Prop_lut2_I0_O)        0.149    -0.793 r  top_i/BRAM_FIFO_Limit_0/U0/bram_addr_out[15]_INST_0/O
                         net (fo=28, routed)          3.998     3.205    top_i/blk_mem_gen_0/U0/inst_blk_mem_gen/gnbram.gnativebmg.native_blk_mem_gen/valid.cstr/ramloop[6].ram.r/prim_noinit.ram/addra[15]
    RAMB36_X2Y3          RAMB36E1                                     r  top_i/blk_mem_gen_0/U0/inst_blk_mem_gen/gnbram.gnativebmg.native_blk_mem_gen/valid.cstr/ramloop[6].ram.r/prim_noinit.ram/DEVICE_7SERIES.NO_BMM_INFO.TRUE_DP.CASCADED_PRIM36.ram_B/ADDRARDADDR[15]
  -------------------------------------------------------------------    -------------------

                         (clock clk_out25_top_clk_wiz_0_0 rise edge)
                                                     40.000    40.000 r  
    W5                                                0.000    40.000 r  sys_clock (IN)
                         net (fo=0)                   0.000    40.000    top_i/clk_wiz_0/inst/clk_in1
    W5                   IBUF (Prop_ibuf_I_O)         1.388    41.388 r  top_i/clk_wiz_0/inst/clkin1_ibufg/O
                         net (fo=1, routed)           1.181    42.569    top_i/clk_wiz_0/inst/clk_in1_top_clk_wiz_0_0
    PLLE2_ADV_X1Y0       PLLE2_ADV (Prop_plle2_adv_CLKIN1_CLKOUT1)
                                                     -7.750    34.819 r  top_i/clk_wiz_0/inst/plle2_adv_inst/CLKOUT1
                         net (fo=1, routed)           1.576    36.396    top_i/clk_wiz_0/inst/clk_out25_top_clk_wiz_0_0
    BUFGCTRL_X0Y0        BUFG (Prop_bufg_I_O)         0.091    36.487 r  top_i/clk_wiz_0/inst/clkout2_buf/O
                         net (fo=147, routed)         1.479    37.965    top_i/blk_mem_gen_0/U0/inst_blk_mem_gen/gnbram.gnativebmg.native_blk_mem_gen/valid.cstr/ramloop[6].ram.r/prim_noinit.ram/clka
    RAMB36_X2Y3          RAMB36E1                                     r  top_i/blk_mem_gen_0/U0/inst_blk_mem_gen/gnbram.gnativebmg.native_blk_mem_gen/valid.cstr/ramloop[6].ram.r/prim_noinit.ram/DEVICE_7SERIES.NO_BMM_INFO.TRUE_DP.CASCADED_PRIM36.ram_B/CLKARDCLK
                         clock pessimism             -0.425    37.540    
                         clock uncertainty           -0.098    37.441    
    RAMB36_X2Y3          RAMB36E1 (Setup_ramb36e1_CLKARDCLK_ADDRARDADDR[15])
                                                     -0.723    36.718    top_i/blk_mem_gen_0/U0/inst_blk_mem_gen/gnbram.gnativebmg.native_blk_mem_gen/valid.cstr/ramloop[6].ram.r/prim_noinit.ram/DEVICE_7SERIES.NO_BMM_INFO.TRUE_DP.CASCADED_PRIM36.ram_B
  -------------------------------------------------------------------
                         required time                         36.718    
                         arrival time                          -3.205    
  -------------------------------------------------------------------
                         slack                                 33.514    

Slack (MET) :             33.528ns  (required time - arrival time)
  Source:                 top_i/BRAM_FIFO_Limit_0/U0/write_enable_reg/C
                            (rising edge-triggered cell FDRE clocked by clk_out25_top_clk_wiz_0_0  {rise@0.000ns fall@20.000ns period=40.000ns})
  Destination:            top_i/blk_mem_gen_0/U0/inst_blk_mem_gen/gnbram.gnativebmg.native_blk_mem_gen/valid.cstr/ramloop[17].ram.r/prim_noinit.ram/DEVICE_7SERIES.NO_BMM_INFO.TRUE_DP.SIMPLE_PRIM36.ram/ENARDEN
                            (rising edge-triggered cell RAMB36E1 clocked by clk_out25_top_clk_wiz_0_0  {rise@0.000ns fall@20.000ns period=40.000ns})
  Path Group:             clk_out25_top_clk_wiz_0_0
  Path Type:              Setup (Max at Slow Process Corner)
  Requirement:            40.000ns  (clk_out25_top_clk_wiz_0_0 rise@40.000ns - clk_out25_top_clk_wiz_0_0 rise@0.000ns)
  Data Path Delay:        5.863ns  (logic 0.937ns (15.981%)  route 4.926ns (84.019%))
  Logic Levels:           2  (LUT2=1 LUT5=1)
  Clock Path Skew:        -0.068ns (DCD - SCD + CPR)
    Destination Clock Delay (DCD):    -2.026ns = ( 37.974 - 40.000 ) 
    Source Clock Delay      (SCD):    -2.456ns
    Clock Pessimism Removal (CPR):    -0.497ns
  Clock Uncertainty:      0.098ns  ((TSJ^2 + DJ^2)^1/2) / 2 + PE
    Total System Jitter     (TSJ):    0.071ns
    Discrete Jitter          (DJ):    0.183ns
    Phase Error              (PE):    0.000ns

    Location             Delay type                Incr(ns)  Path(ns)    Netlist Resource(s)
  -------------------------------------------------------------------    -------------------
                         (clock clk_out25_top_clk_wiz_0_0 rise edge)
                                                      0.000     0.000 r  
    W5                                                0.000     0.000 r  sys_clock (IN)
                         net (fo=0)                   0.000     0.000    top_i/clk_wiz_0/inst/clk_in1
    W5                   IBUF (Prop_ibuf_I_O)         1.458     1.458 r  top_i/clk_wiz_0/inst/clkin1_ibufg/O
                         net (fo=1, routed)           1.253     2.711    top_i/clk_wiz_0/inst/clk_in1_top_clk_wiz_0_0
    PLLE2_ADV_X1Y0       PLLE2_ADV (Prop_plle2_adv_CLKIN1_CLKOUT1)
                                                     -8.482    -5.770 r  top_i/clk_wiz_0/inst/plle2_adv_inst/CLKOUT1
                         net (fo=1, routed)           1.655    -4.115    top_i/clk_wiz_0/inst/clk_out25_top_clk_wiz_0_0
    BUFGCTRL_X0Y0        BUFG (Prop_bufg_I_O)         0.096    -4.019 r  top_i/clk_wiz_0/inst/clkout2_buf/O
                         net (fo=147, routed)         1.563    -2.456    top_i/BRAM_FIFO_Limit_0/U0/clk
    SLICE_X39Y39         FDRE                                         r  top_i/BRAM_FIFO_Limit_0/U0/write_enable_reg/C
  -------------------------------------------------------------------    -------------------
    SLICE_X39Y39         FDRE (Prop_fdre_C_Q)         0.456    -2.000 f  top_i/BRAM_FIFO_Limit_0/U0/write_enable_reg/Q
                         net (fo=35, routed)          1.057    -0.942    top_i/BRAM_FIFO_Limit_0/U0/write_enable
    SLICE_X47Y40         LUT2 (Prop_lut2_I0_O)        0.149    -0.793 f  top_i/BRAM_FIFO_Limit_0/U0/bram_addr_out[15]_INST_0/O
                         net (fo=28, routed)          3.338     2.545    top_i/blk_mem_gen_0/U0/inst_blk_mem_gen/gnbram.gnativebmg.native_blk_mem_gen/valid.cstr/bindec_a.bindec_inst_a/addra[3]
    SLICE_X12Y47         LUT5 (Prop_lut5_I4_O)        0.332     2.877 r  top_i/blk_mem_gen_0/U0/inst_blk_mem_gen/gnbram.gnativebmg.native_blk_mem_gen/valid.cstr/bindec_a.bindec_inst_a/DEVICE_7SERIES.NO_BMM_INFO.TRUE_DP.SIMPLE_PRIM36.ram_i_1__4/O
                         net (fo=1, routed)           0.531     3.408    top_i/blk_mem_gen_0/U0/inst_blk_mem_gen/gnbram.gnativebmg.native_blk_mem_gen/valid.cstr/ramloop[17].ram.r/prim_noinit.ram/ena_array[0]
    RAMB36_X0Y9          RAMB36E1                                     r  top_i/blk_mem_gen_0/U0/inst_blk_mem_gen/gnbram.gnativebmg.native_blk_mem_gen/valid.cstr/ramloop[17].ram.r/prim_noinit.ram/DEVICE_7SERIES.NO_BMM_INFO.TRUE_DP.SIMPLE_PRIM36.ram/ENARDEN
  -------------------------------------------------------------------    -------------------

                         (clock clk_out25_top_clk_wiz_0_0 rise edge)
                                                     40.000    40.000 r  
    W5                                                0.000    40.000 r  sys_clock (IN)
                         net (fo=0)                   0.000    40.000    top_i/clk_wiz_0/inst/clk_in1
    W5                   IBUF (Prop_ibuf_I_O)         1.388    41.388 r  top_i/clk_wiz_0/inst/clkin1_ibufg/O
                         net (fo=1, routed)           1.181    42.569    top_i/clk_wiz_0/inst/clk_in1_top_clk_wiz_0_0
    PLLE2_ADV_X1Y0       PLLE2_ADV (Prop_plle2_adv_CLKIN1_CLKOUT1)
                                                     -7.750    34.819 r  top_i/clk_wiz_0/inst/plle2_adv_inst/CLKOUT1
                         net (fo=1, routed)           1.576    36.396    top_i/clk_wiz_0/inst/clk_out25_top_clk_wiz_0_0
    BUFGCTRL_X0Y0        BUFG (Prop_bufg_I_O)         0.091    36.487 r  top_i/clk_wiz_0/inst/clkout2_buf/O
                         net (fo=147, routed)         1.488    37.974    top_i/blk_mem_gen_0/U0/inst_blk_mem_gen/gnbram.gnativebmg.native_blk_mem_gen/valid.cstr/ramloop[17].ram.r/prim_noinit.ram/clka
    RAMB36_X0Y9          RAMB36E1                                     r  top_i/blk_mem_gen_0/U0/inst_blk_mem_gen/gnbram.gnativebmg.native_blk_mem_gen/valid.cstr/ramloop[17].ram.r/prim_noinit.ram/DEVICE_7SERIES.NO_BMM_INFO.TRUE_DP.SIMPLE_PRIM36.ram/CLKARDCLK
                         clock pessimism             -0.497    37.477    
                         clock uncertainty           -0.098    37.378    
    RAMB36_X0Y9          RAMB36E1 (Setup_ramb36e1_CLKARDCLK_ENARDEN)
                                                     -0.443    36.935    top_i/blk_mem_gen_0/U0/inst_blk_mem_gen/gnbram.gnativebmg.native_blk_mem_gen/valid.cstr/ramloop[17].ram.r/prim_noinit.ram/DEVICE_7SERIES.NO_BMM_INFO.TRUE_DP.SIMPLE_PRIM36.ram
  -------------------------------------------------------------------
                         required time                         36.935    
                         arrival time                          -3.408    
  -------------------------------------------------------------------
                         slack                                 33.528    

Slack (MET) :             33.589ns  (required time - arrival time)
  Source:                 top_i/BRAM_FIFO_Limit_0/U0/write_enable_reg/C
                            (rising edge-triggered cell FDRE clocked by clk_out25_top_clk_wiz_0_0  {rise@0.000ns fall@20.000ns period=40.000ns})
  Destination:            top_i/blk_mem_gen_0/U0/inst_blk_mem_gen/gnbram.gnativebmg.native_blk_mem_gen/valid.cstr/ramloop[27].ram.r/prim_noinit.ram/DEVICE_7SERIES.NO_BMM_INFO.TRUE_DP.SIMPLE_PRIM36.ram/ENARDEN
                            (rising edge-triggered cell RAMB36E1 clocked by clk_out25_top_clk_wiz_0_0  {rise@0.000ns fall@20.000ns period=40.000ns})
  Path Group:             clk_out25_top_clk_wiz_0_0
  Path Type:              Setup (Max at Slow Process Corner)
  Requirement:            40.000ns  (clk_out25_top_clk_wiz_0_0 rise@40.000ns - clk_out25_top_clk_wiz_0_0 rise@0.000ns)
  Data Path Delay:        5.568ns  (logic 0.926ns (16.632%)  route 4.642ns (83.368%))
  Logic Levels:           2  (LUT2=1 LUT5=1)
  Clock Path Skew:        -0.098ns (DCD - SCD + CPR)
    Destination Clock Delay (DCD):    -2.048ns = ( 37.952 - 40.000 ) 
    Source Clock Delay      (SCD):    -2.456ns
    Clock Pessimism Removal (CPR):    -0.505ns
  Clock Uncertainty:      0.098ns  ((TSJ^2 + DJ^2)^1/2) / 2 + PE
    Total System Jitter     (TSJ):    0.071ns
    Discrete Jitter          (DJ):    0.183ns
    Phase Error              (PE):    0.000ns

    Location             Delay type                Incr(ns)  Path(ns)    Netlist Resource(s)
  -------------------------------------------------------------------    -------------------
                         (clock clk_out25_top_clk_wiz_0_0 rise edge)
                                                      0.000     0.000 r  
    W5                                                0.000     0.000 r  sys_clock (IN)
                         net (fo=0)                   0.000     0.000    top_i/clk_wiz_0/inst/clk_in1
    W5                   IBUF (Prop_ibuf_I_O)         1.458     1.458 r  top_i/clk_wiz_0/inst/clkin1_ibufg/O
                         net (fo=1, routed)           1.253     2.711    top_i/clk_wiz_0/inst/clk_in1_top_clk_wiz_0_0
    PLLE2_ADV_X1Y0       PLLE2_ADV (Prop_plle2_adv_CLKIN1_CLKOUT1)
                                                     -8.482    -5.770 r  top_i/clk_wiz_0/inst/plle2_adv_inst/CLKOUT1
                         net (fo=1, routed)           1.655    -4.115    top_i/clk_wiz_0/inst/clk_out25_top_clk_wiz_0_0
    BUFGCTRL_X0Y0        BUFG (Prop_bufg_I_O)         0.096    -4.019 r  top_i/clk_wiz_0/inst/clkout2_buf/O
                         net (fo=147, routed)         1.563    -2.456    top_i/BRAM_FIFO_Limit_0/U0/clk
    SLICE_X39Y39         FDRE                                         r  top_i/BRAM_FIFO_Limit_0/U0/write_enable_reg/C
  -------------------------------------------------------------------    -------------------
    SLICE_X39Y39         FDRE (Prop_fdre_C_Q)         0.456    -2.000 f  top_i/BRAM_FIFO_Limit_0/U0/write_enable_reg/Q
                         net (fo=35, routed)          0.918    -1.082    top_i/BRAM_FIFO_Limit_0/U0/write_enable
    SLICE_X48Y35         LUT2 (Prop_lut2_I0_O)        0.118    -0.964 f  top_i/BRAM_FIFO_Limit_0/U0/bram_addr_out[16]_INST_0/O
                         net (fo=24, routed)          2.952     1.988    top_i/blk_mem_gen_0/U0/inst_blk_mem_gen/gnbram.gnativebmg.native_blk_mem_gen/valid.cstr/bindec_a.bindec_inst_a/addra[4]
    SLICE_X12Y63         LUT5 (Prop_lut5_I0_O)        0.352     2.340 r  top_i/blk_mem_gen_0/U0/inst_blk_mem_gen/gnbram.gnativebmg.native_blk_mem_gen/valid.cstr/bindec_a.bindec_inst_a/DEVICE_7SERIES.NO_BMM_INFO.TRUE_DP.SIMPLE_PRIM36.ram_i_1__14/O
                         net (fo=1, routed)           0.772     3.112    top_i/blk_mem_gen_0/U0/inst_blk_mem_gen/gnbram.gnativebmg.native_blk_mem_gen/valid.cstr/ramloop[27].ram.r/prim_noinit.ram/ena_array[0]
    RAMB36_X0Y13         RAMB36E1                                     r  top_i/blk_mem_gen_0/U0/inst_blk_mem_gen/gnbram.gnativebmg.native_blk_mem_gen/valid.cstr/ramloop[27].ram.r/prim_noinit.ram/DEVICE_7SERIES.NO_BMM_INFO.TRUE_DP.SIMPLE_PRIM36.ram/ENARDEN
  -------------------------------------------------------------------    -------------------

                         (clock clk_out25_top_clk_wiz_0_0 rise edge)
                                                     40.000    40.000 r  
    W5                                                0.000    40.000 r  sys_clock (IN)
                         net (fo=0)                   0.000    40.000    top_i/clk_wiz_0/inst/clk_in1
    W5                   IBUF (Prop_ibuf_I_O)         1.388    41.388 r  top_i/clk_wiz_0/inst/clkin1_ibufg/O
                         net (fo=1, routed)           1.181    42.569    top_i/clk_wiz_0/inst/clk_in1_top_clk_wiz_0_0
    PLLE2_ADV_X1Y0       PLLE2_ADV (Prop_plle2_adv_CLKIN1_CLKOUT1)
                                                     -7.750    34.819 r  top_i/clk_wiz_0/inst/plle2_adv_inst/CLKOUT1
                         net (fo=1, routed)           1.576    36.396    top_i/clk_wiz_0/inst/clk_out25_top_clk_wiz_0_0
    BUFGCTRL_X0Y0        BUFG (Prop_bufg_I_O)         0.091    36.487 r  top_i/clk_wiz_0/inst/clkout2_buf/O
                         net (fo=147, routed)         1.465    37.952    top_i/blk_mem_gen_0/U0/inst_blk_mem_gen/gnbram.gnativebmg.native_blk_mem_gen/valid.cstr/ramloop[27].ram.r/prim_noinit.ram/clka
    RAMB36_X0Y13         RAMB36E1                                     r  top_i/blk_mem_gen_0/U0/inst_blk_mem_gen/gnbram.gnativebmg.native_blk_mem_gen/valid.cstr/ramloop[27].ram.r/prim_noinit.ram/DEVICE_7SERIES.NO_BMM_INFO.TRUE_DP.SIMPLE_PRIM36.ram/CLKARDCLK
                         clock pessimism             -0.505    37.446    
                         clock uncertainty           -0.098    37.348    
    RAMB36_X0Y13         RAMB36E1 (Setup_ramb36e1_CLKARDCLK_ENARDEN)
                                                     -0.647    36.701    top_i/blk_mem_gen_0/U0/inst_blk_mem_gen/gnbram.gnativebmg.native_blk_mem_gen/valid.cstr/ramloop[27].ram.r/prim_noinit.ram/DEVICE_7SERIES.NO_BMM_INFO.TRUE_DP.SIMPLE_PRIM36.ram
  -------------------------------------------------------------------
                         required time                         36.701    
                         arrival time                          -3.112    
  -------------------------------------------------------------------
                         slack                                 33.589    

Slack (MET) :             33.732ns  (required time - arrival time)
  Source:                 top_i/blk_mem_gen_0/U0/inst_blk_mem_gen/gnbram.gnativebmg.native_blk_mem_gen/valid.cstr/ramloop[27].ram.r/prim_noinit.ram/DEVICE_7SERIES.NO_BMM_INFO.TRUE_DP.SIMPLE_PRIM36.ram/CLKBWRCLK
                            (rising edge-triggered cell RAMB36E1 clocked by clk_out25_top_clk_wiz_0_0  {rise@0.000ns fall@20.000ns period=40.000ns})
  Destination:            top_i/OutputFrame_Colour_0/U0/R_out_reg[3]/D
                            (rising edge-triggered cell FDRE clocked by clk_out25_top_clk_wiz_0_0  {rise@0.000ns fall@20.000ns period=40.000ns})
  Path Group:             clk_out25_top_clk_wiz_0_0
  Path Type:              Setup (Max at Slow Process Corner)
  Requirement:            40.000ns  (clk_out25_top_clk_wiz_0_0 rise@40.000ns - clk_out25_top_clk_wiz_0_0 rise@0.000ns)
  Data Path Delay:        6.098ns  (logic 1.672ns (27.418%)  route 4.426ns (72.582%))
  Logic Levels:           4  (LUT3=1 LUT5=1 LUT6=1 MUXF7=1)
  Clock Path Skew:        -0.146ns (DCD - SCD + CPR)
    Destination Clock Delay (DCD):    -2.068ns = ( 37.932 - 40.000 ) 
    Source Clock Delay      (SCD):    -2.427ns
    Clock Pessimism Removal (CPR):    -0.505ns
  Clock Uncertainty:      0.098ns  ((TSJ^2 + DJ^2)^1/2) / 2 + PE
    Total System Jitter     (TSJ):    0.071ns
    Discrete Jitter          (DJ):    0.183ns
    Phase Error              (PE):    0.000ns

    Location             Delay type                Incr(ns)  Path(ns)    Netlist Resource(s)
  -------------------------------------------------------------------    -------------------
                         (clock clk_out25_top_clk_wiz_0_0 rise edge)
                                                      0.000     0.000 r  
    W5                                                0.000     0.000 r  sys_clock (IN)
                         net (fo=0)                   0.000     0.000    top_i/clk_wiz_0/inst/clk_in1
    W5                   IBUF (Prop_ibuf_I_O)         1.458     1.458 r  top_i/clk_wiz_0/inst/clkin1_ibufg/O
                         net (fo=1, routed)           1.253     2.711    top_i/clk_wiz_0/inst/clk_in1_top_clk_wiz_0_0
    PLLE2_ADV_X1Y0       PLLE2_ADV (Prop_plle2_adv_CLKIN1_CLKOUT1)
                                                     -8.482    -5.770 r  top_i/clk_wiz_0/inst/plle2_adv_inst/CLKOUT1
                         net (fo=1, routed)           1.655    -4.115    top_i/clk_wiz_0/inst/clk_out25_top_clk_wiz_0_0
    BUFGCTRL_X0Y0        BUFG (Prop_bufg_I_O)         0.096    -4.019 r  top_i/clk_wiz_0/inst/clkout2_buf/O
                         net (fo=147, routed)         1.591    -2.427    top_i/blk_mem_gen_0/U0/inst_blk_mem_gen/gnbram.gnativebmg.native_blk_mem_gen/valid.cstr/ramloop[27].ram.r/prim_noinit.ram/clka
    RAMB36_X0Y13         RAMB36E1                                     r  top_i/blk_mem_gen_0/U0/inst_blk_mem_gen/gnbram.gnativebmg.native_blk_mem_gen/valid.cstr/ramloop[27].ram.r/prim_noinit.ram/DEVICE_7SERIES.NO_BMM_INFO.TRUE_DP.SIMPLE_PRIM36.ram/CLKBWRCLK
  -------------------------------------------------------------------    -------------------
    RAMB36_X0Y13         RAMB36E1 (Prop_ramb36e1_CLKBWRCLK_DOPBDOP[0])
                                                      0.882    -1.545 r  top_i/blk_mem_gen_0/U0/inst_blk_mem_gen/gnbram.gnativebmg.native_blk_mem_gen/valid.cstr/ramloop[27].ram.r/prim_noinit.ram/DEVICE_7SERIES.NO_BMM_INFO.TRUE_DP.SIMPLE_PRIM36.ram/DOPBDOP[0]
                         net (fo=1, routed)           2.168     0.622    top_i/blk_mem_gen_0/U0/inst_blk_mem_gen/gnbram.gnativebmg.native_blk_mem_gen/valid.cstr/has_mux_b.B/ramloop[27].ram.ram_doutb[8]
    SLICE_X48Y61         LUT6 (Prop_lut6_I0_O)        0.124     0.746 r  top_i/blk_mem_gen_0/U0/inst_blk_mem_gen/gnbram.gnativebmg.native_blk_mem_gen/valid.cstr/has_mux_b.B/doutb[15]_INST_0_i_5/O
                         net (fo=1, routed)           0.000     0.746    top_i/blk_mem_gen_0/U0/inst_blk_mem_gen/gnbram.gnativebmg.native_blk_mem_gen/valid.cstr/has_mux_b.B/doutb[15]_INST_0_i_5_n_0
    SLICE_X48Y61         MUXF7 (Prop_muxf7_I1_O)      0.217     0.963 r  top_i/blk_mem_gen_0/U0/inst_blk_mem_gen/gnbram.gnativebmg.native_blk_mem_gen/valid.cstr/has_mux_b.B/doutb[15]_INST_0_i_2/O
                         net (fo=1, routed)           1.074     2.038    top_i/blk_mem_gen_0/U0/inst_blk_mem_gen/gnbram.gnativebmg.native_blk_mem_gen/valid.cstr/has_mux_b.B/doutb[15]_INST_0_i_2_n_0
    SLICE_X47Y46         LUT5 (Prop_lut5_I2_O)        0.299     2.337 r  top_i/blk_mem_gen_0/U0/inst_blk_mem_gen/gnbram.gnativebmg.native_blk_mem_gen/valid.cstr/has_mux_b.B/doutb[15]_INST_0/O
                         net (fo=3, routed)           1.184     3.521    top_i/OutputFrame_Colour_0/U0/bram_data[11]
    SLICE_X33Y46         LUT3 (Prop_lut3_I0_O)        0.150     3.671 r  top_i/OutputFrame_Colour_0/U0/R_out[3]_i_2/O
                         net (fo=1, routed)           0.000     3.671    top_i/OutputFrame_Colour_0/U0/R_out[3]_i_2_n_0
    SLICE_X33Y46         FDRE                                         r  top_i/OutputFrame_Colour_0/U0/R_out_reg[3]/D
  -------------------------------------------------------------------    -------------------

                         (clock clk_out25_top_clk_wiz_0_0 rise edge)
                                                     40.000    40.000 r  
    W5                                                0.000    40.000 r  sys_clock (IN)
                         net (fo=0)                   0.000    40.000    top_i/clk_wiz_0/inst/clk_in1
    W5                   IBUF (Prop_ibuf_I_O)         1.388    41.388 r  top_i/clk_wiz_0/inst/clkin1_ibufg/O
                         net (fo=1, routed)           1.181    42.569    top_i/clk_wiz_0/inst/clk_in1_top_clk_wiz_0_0
    PLLE2_ADV_X1Y0       PLLE2_ADV (Prop_plle2_adv_CLKIN1_CLKOUT1)
                                                     -7.750    34.819 r  top_i/clk_wiz_0/inst/plle2_adv_inst/CLKOUT1
                         net (fo=1, routed)           1.576    36.396    top_i/clk_wiz_0/inst/clk_out25_top_clk_wiz_0_0
    BUFGCTRL_X0Y0        BUFG (Prop_bufg_I_O)         0.091    36.487 r  top_i/clk_wiz_0/inst/clkout2_buf/O
                         net (fo=147, routed)         1.445    37.932    top_i/OutputFrame_Colour_0/U0/clk
    SLICE_X33Y46         FDRE                                         r  top_i/OutputFrame_Colour_0/U0/R_out_reg[3]/C
                         clock pessimism             -0.505    37.426    
                         clock uncertainty           -0.098    37.328    
    SLICE_X33Y46         FDRE (Setup_fdre_C_D)        0.075    37.403    top_i/OutputFrame_Colour_0/U0/R_out_reg[3]
  -------------------------------------------------------------------
                         required time                         37.403    
                         arrival time                          -3.671    
  -------------------------------------------------------------------
                         slack                                 33.732    





Min Delay Paths
--------------------------------------------------------------------------------------
Slack (MET) :             0.106ns  (arrival time - required time)
  Source:                 top_i/BRAM_reader_0/U0/current_addr_reg[11]/C
                            (rising edge-triggered cell FDRE clocked by clk_out25_top_clk_wiz_0_0  {rise@0.000ns fall@20.000ns period=40.000ns})
  Destination:            top_i/BRAM_reader_0/U0/current_addr_reg[12]/D
                            (rising edge-triggered cell FDRE clocked by clk_out25_top_clk_wiz_0_0  {rise@0.000ns fall@20.000ns period=40.000ns})
  Path Group:             clk_out25_top_clk_wiz_0_0
  Path Type:              Hold (Min at Fast Process Corner)
  Requirement:            0.000ns  (clk_out25_top_clk_wiz_0_0 rise@0.000ns - clk_out25_top_clk_wiz_0_0 rise@0.000ns)
  Data Path Delay:        0.478ns  (logic 0.355ns (74.232%)  route 0.123ns (25.768%))
  Logic Levels:           2  (CARRY4=2)
  Clock Path Skew:        0.267ns (DCD - SCD - CPR)
    Destination Clock Delay (DCD):    -0.338ns
    Source Clock Delay      (SCD):    -0.565ns
    Clock Pessimism Removal (CPR):    -0.039ns

    Location             Delay type                Incr(ns)  Path(ns)    Netlist Resource(s)
  -------------------------------------------------------------------    -------------------
                         (clock clk_out25_top_clk_wiz_0_0 rise edge)
                                                      0.000     0.000 r  
    W5                                                0.000     0.000 r  sys_clock (IN)
                         net (fo=0)                   0.000     0.000    top_i/clk_wiz_0/inst/clk_in1
    W5                   IBUF (Prop_ibuf_I_O)         0.226     0.226 r  top_i/clk_wiz_0/inst/clkin1_ibufg/O
                         net (fo=1, routed)           0.440     0.667    top_i/clk_wiz_0/inst/clk_in1_top_clk_wiz_0_0
    PLLE2_ADV_X1Y0       PLLE2_ADV (Prop_plle2_adv_CLKIN1_CLKOUT1)
                                                     -2.322    -1.656 r  top_i/clk_wiz_0/inst/plle2_adv_inst/CLKOUT1
                         net (fo=1, routed)           0.501    -1.155    top_i/clk_wiz_0/inst/clk_out25_top_clk_wiz_0_0
    BUFGCTRL_X0Y0        BUFG (Prop_bufg_I_O)         0.026    -1.129 r  top_i/clk_wiz_0/inst/clkout2_buf/O
                         net (fo=147, routed)         0.564    -0.565    top_i/BRAM_reader_0/U0/clk
    SLICE_X39Y49         FDRE                                         r  top_i/BRAM_reader_0/U0/current_addr_reg[11]/C
  -------------------------------------------------------------------    -------------------
    SLICE_X39Y49         FDRE (Prop_fdre_C_Q)         0.141    -0.424 r  top_i/BRAM_reader_0/U0/current_addr_reg[11]/Q
                         net (fo=32, routed)          0.123    -0.302    top_i/BRAM_reader_0/U0/bram_read_addr[11]
    SLICE_X39Y49         CARRY4 (Prop_carry4_S[3]_CO[3])
                                                      0.160    -0.142 r  top_i/BRAM_reader_0/U0/current_addr_reg[11]_i_1/CO[3]
                         net (fo=1, routed)           0.001    -0.141    top_i/BRAM_reader_0/U0/current_addr_reg[11]_i_1_n_0
    SLICE_X39Y50         CARRY4 (Prop_carry4_CI_O[0])
                                                      0.054    -0.087 r  top_i/BRAM_reader_0/U0/current_addr_reg[15]_i_1/O[0]
                         net (fo=1, routed)           0.000    -0.087    top_i/BRAM_reader_0/U0/current_addr_reg[15]_i_1_n_7
    SLICE_X39Y50         FDRE                                         r  top_i/BRAM_reader_0/U0/current_addr_reg[12]/D
  -------------------------------------------------------------------    -------------------

                         (clock clk_out25_top_clk_wiz_0_0 rise edge)
                                                      0.000     0.000 r  
    W5                                                0.000     0.000 r  sys_clock (IN)
                         net (fo=0)                   0.000     0.000    top_i/clk_wiz_0/inst/clk_in1
    W5                   IBUF (Prop_ibuf_I_O)         0.414     0.414 r  top_i/clk_wiz_0/inst/clkin1_ibufg/O
                         net (fo=1, routed)           0.481     0.895    top_i/clk_wiz_0/inst/clk_in1_top_clk_wiz_0_0
    PLLE2_ADV_X1Y0       PLLE2_ADV (Prop_plle2_adv_CLKIN1_CLKOUT1)
                                                     -2.638    -1.743 r  top_i/clk_wiz_0/inst/plle2_adv_inst/CLKOUT1
                         net (fo=1, routed)           0.546    -1.197    top_i/clk_wiz_0/inst/clk_out25_top_clk_wiz_0_0
    BUFGCTRL_X0Y0        BUFG (Prop_bufg_I_O)         0.029    -1.168 r  top_i/clk_wiz_0/inst/clkout2_buf/O
                         net (fo=147, routed)         0.830    -0.338    top_i/BRAM_reader_0/U0/clk
    SLICE_X39Y50         FDRE                                         r  top_i/BRAM_reader_0/U0/current_addr_reg[12]/C
                         clock pessimism              0.039    -0.298    
    SLICE_X39Y50         FDRE (Hold_fdre_C_D)         0.105    -0.193    top_i/BRAM_reader_0/U0/current_addr_reg[12]
  -------------------------------------------------------------------
                         required time                          0.193    
                         arrival time                          -0.087    
  -------------------------------------------------------------------
                         slack                                  0.106    

Slack (MET) :             0.110ns  (arrival time - required time)
  Source:                 top_i/BRAM_reader_0/U0/current_addr_reg[2]/C
                            (rising edge-triggered cell FDRE clocked by clk_out25_top_clk_wiz_0_0  {rise@0.000ns fall@20.000ns period=40.000ns})
  Destination:            top_i/blk_mem_gen_0/U0/inst_blk_mem_gen/gnbram.gnativebmg.native_blk_mem_gen/valid.cstr/ramloop[30].ram.r/prim_noinit.ram/DEVICE_7SERIES.NO_BMM_INFO.TRUE_DP.SIMPLE_PRIM36.ram/ADDRBWRADDR[5]
                            (rising edge-triggered cell RAMB36E1 clocked by clk_out25_top_clk_wiz_0_0  {rise@0.000ns fall@20.000ns period=40.000ns})
  Path Group:             clk_out25_top_clk_wiz_0_0
  Path Type:              Hold (Min at Fast Process Corner)
  Requirement:            0.000ns  (clk_out25_top_clk_wiz_0_0 rise@0.000ns - clk_out25_top_clk_wiz_0_0 rise@0.000ns)
  Data Path Delay:        0.606ns  (logic 0.141ns (23.262%)  route 0.465ns (76.738%))
  Logic Levels:           0  
  Clock Path Skew:        0.313ns (DCD - SCD - CPR)
    Destination Clock Delay (DCD):    -0.291ns
    Source Clock Delay      (SCD):    -0.565ns
    Clock Pessimism Removal (CPR):    -0.039ns

    Location             Delay type                Incr(ns)  Path(ns)    Netlist Resource(s)
  -------------------------------------------------------------------    -------------------
                         (clock clk_out25_top_clk_wiz_0_0 rise edge)
                                                      0.000     0.000 r  
    W5                                                0.000     0.000 r  sys_clock (IN)
                         net (fo=0)                   0.000     0.000    top_i/clk_wiz_0/inst/clk_in1
    W5                   IBUF (Prop_ibuf_I_O)         0.226     0.226 r  top_i/clk_wiz_0/inst/clkin1_ibufg/O
                         net (fo=1, routed)           0.440     0.667    top_i/clk_wiz_0/inst/clk_in1_top_clk_wiz_0_0
    PLLE2_ADV_X1Y0       PLLE2_ADV (Prop_plle2_adv_CLKIN1_CLKOUT1)
                                                     -2.322    -1.656 r  top_i/clk_wiz_0/inst/plle2_adv_inst/CLKOUT1
                         net (fo=1, routed)           0.501    -1.155    top_i/clk_wiz_0/inst/clk_out25_top_clk_wiz_0_0
    BUFGCTRL_X0Y0        BUFG (Prop_bufg_I_O)         0.026    -1.129 r  top_i/clk_wiz_0/inst/clkout2_buf/O
                         net (fo=147, routed)         0.564    -0.565    top_i/BRAM_reader_0/U0/clk
    SLICE_X39Y47         FDRE                                         r  top_i/BRAM_reader_0/U0/current_addr_reg[2]/C
  -------------------------------------------------------------------    -------------------
    SLICE_X39Y47         FDRE (Prop_fdre_C_Q)         0.141    -0.424 r  top_i/BRAM_reader_0/U0/current_addr_reg[2]/Q
                         net (fo=32, routed)          0.465     0.041    top_i/blk_mem_gen_0/U0/inst_blk_mem_gen/gnbram.gnativebmg.native_blk_mem_gen/valid.cstr/ramloop[30].ram.r/prim_noinit.ram/addrb[2]
    RAMB36_X1Y10         RAMB36E1                                     r  top_i/blk_mem_gen_0/U0/inst_blk_mem_gen/gnbram.gnativebmg.native_blk_mem_gen/valid.cstr/ramloop[30].ram.r/prim_noinit.ram/DEVICE_7SERIES.NO_BMM_INFO.TRUE_DP.SIMPLE_PRIM36.ram/ADDRBWRADDR[5]
  -------------------------------------------------------------------    -------------------

                         (clock clk_out25_top_clk_wiz_0_0 rise edge)
                                                      0.000     0.000 r  
    W5                                                0.000     0.000 r  sys_clock (IN)
                         net (fo=0)                   0.000     0.000    top_i/clk_wiz_0/inst/clk_in1
    W5                   IBUF (Prop_ibuf_I_O)         0.414     0.414 r  top_i/clk_wiz_0/inst/clkin1_ibufg/O
                         net (fo=1, routed)           0.481     0.895    top_i/clk_wiz_0/inst/clk_in1_top_clk_wiz_0_0
    PLLE2_ADV_X1Y0       PLLE2_ADV (Prop_plle2_adv_CLKIN1_CLKOUT1)
                                                     -2.638    -1.743 r  top_i/clk_wiz_0/inst/plle2_adv_inst/CLKOUT1
                         net (fo=1, routed)           0.546    -1.197    top_i/clk_wiz_0/inst/clk_out25_top_clk_wiz_0_0
    BUFGCTRL_X0Y0        BUFG (Prop_bufg_I_O)         0.029    -1.168 r  top_i/clk_wiz_0/inst/clkout2_buf/O
                         net (fo=147, routed)         0.877    -0.291    top_i/blk_mem_gen_0/U0/inst_blk_mem_gen/gnbram.gnativebmg.native_blk_mem_gen/valid.cstr/ramloop[30].ram.r/prim_noinit.ram/clka
    RAMB36_X1Y10         RAMB36E1                                     r  top_i/blk_mem_gen_0/U0/inst_blk_mem_gen/gnbram.gnativebmg.native_blk_mem_gen/valid.cstr/ramloop[30].ram.r/prim_noinit.ram/DEVICE_7SERIES.NO_BMM_INFO.TRUE_DP.SIMPLE_PRIM36.ram/CLKBWRCLK
                         clock pessimism              0.039    -0.252    
    RAMB36_X1Y10         RAMB36E1 (Hold_ramb36e1_CLKBWRCLK_ADDRBWRADDR[5])
                                                      0.183    -0.069    top_i/blk_mem_gen_0/U0/inst_blk_mem_gen/gnbram.gnativebmg.native_blk_mem_gen/valid.cstr/ramloop[30].ram.r/prim_noinit.ram/DEVICE_7SERIES.NO_BMM_INFO.TRUE_DP.SIMPLE_PRIM36.ram
  -------------------------------------------------------------------
                         required time                          0.069    
                         arrival time                           0.041    
  -------------------------------------------------------------------
                         slack                                  0.110    

Slack (MET) :             0.116ns  (arrival time - required time)
  Source:                 top_i/BRAM_reader_0/U0/current_addr_reg[3]/C
                            (rising edge-triggered cell FDRE clocked by clk_out25_top_clk_wiz_0_0  {rise@0.000ns fall@20.000ns period=40.000ns})
  Destination:            top_i/blk_mem_gen_0/U0/inst_blk_mem_gen/gnbram.gnativebmg.native_blk_mem_gen/valid.cstr/ramloop[30].ram.r/prim_noinit.ram/DEVICE_7SERIES.NO_BMM_INFO.TRUE_DP.SIMPLE_PRIM36.ram/ADDRBWRADDR[6]
                            (rising edge-triggered cell RAMB36E1 clocked by clk_out25_top_clk_wiz_0_0  {rise@0.000ns fall@20.000ns period=40.000ns})
  Path Group:             clk_out25_top_clk_wiz_0_0
  Path Type:              Hold (Min at Fast Process Corner)
  Requirement:            0.000ns  (clk_out25_top_clk_wiz_0_0 rise@0.000ns - clk_out25_top_clk_wiz_0_0 rise@0.000ns)
  Data Path Delay:        0.612ns  (logic 0.141ns (23.030%)  route 0.471ns (76.970%))
  Logic Levels:           0  
  Clock Path Skew:        0.313ns (DCD - SCD - CPR)
    Destination Clock Delay (DCD):    -0.291ns
    Source Clock Delay      (SCD):    -0.565ns
    Clock Pessimism Removal (CPR):    -0.039ns

    Location             Delay type                Incr(ns)  Path(ns)    Netlist Resource(s)
  -------------------------------------------------------------------    -------------------
                         (clock clk_out25_top_clk_wiz_0_0 rise edge)
                                                      0.000     0.000 r  
    W5                                                0.000     0.000 r  sys_clock (IN)
                         net (fo=0)                   0.000     0.000    top_i/clk_wiz_0/inst/clk_in1
    W5                   IBUF (Prop_ibuf_I_O)         0.226     0.226 r  top_i/clk_wiz_0/inst/clkin1_ibufg/O
                         net (fo=1, routed)           0.440     0.667    top_i/clk_wiz_0/inst/clk_in1_top_clk_wiz_0_0
    PLLE2_ADV_X1Y0       PLLE2_ADV (Prop_plle2_adv_CLKIN1_CLKOUT1)
                                                     -2.322    -1.656 r  top_i/clk_wiz_0/inst/plle2_adv_inst/CLKOUT1
                         net (fo=1, routed)           0.501    -1.155    top_i/clk_wiz_0/inst/clk_out25_top_clk_wiz_0_0
    BUFGCTRL_X0Y0        BUFG (Prop_bufg_I_O)         0.026    -1.129 r  top_i/clk_wiz_0/inst/clkout2_buf/O
                         net (fo=147, routed)         0.564    -0.565    top_i/BRAM_reader_0/U0/clk
    SLICE_X39Y47         FDRE                                         r  top_i/BRAM_reader_0/U0/current_addr_reg[3]/C
  -------------------------------------------------------------------    -------------------
    SLICE_X39Y47         FDRE (Prop_fdre_C_Q)         0.141    -0.424 r  top_i/BRAM_reader_0/U0/current_addr_reg[3]/Q
                         net (fo=32, routed)          0.471     0.047    top_i/blk_mem_gen_0/U0/inst_blk_mem_gen/gnbram.gnativebmg.native_blk_mem_gen/valid.cstr/ramloop[30].ram.r/prim_noinit.ram/addrb[3]
    RAMB36_X1Y10         RAMB36E1                                     r  top_i/blk_mem_gen_0/U0/inst_blk_mem_gen/gnbram.gnativebmg.native_blk_mem_gen/valid.cstr/ramloop[30].ram.r/prim_noinit.ram/DEVICE_7SERIES.NO_BMM_INFO.TRUE_DP.SIMPLE_PRIM36.ram/ADDRBWRADDR[6]
  -------------------------------------------------------------------    -------------------

                         (clock clk_out25_top_clk_wiz_0_0 rise edge)
                                                      0.000     0.000 r  
    W5                                                0.000     0.000 r  sys_clock (IN)
                         net (fo=0)                   0.000     0.000    top_i/clk_wiz_0/inst/clk_in1
    W5                   IBUF (Prop_ibuf_I_O)         0.414     0.414 r  top_i/clk_wiz_0/inst/clkin1_ibufg/O
                         net (fo=1, routed)           0.481     0.895    top_i/clk_wiz_0/inst/clk_in1_top_clk_wiz_0_0
    PLLE2_ADV_X1Y0       PLLE2_ADV (Prop_plle2_adv_CLKIN1_CLKOUT1)
                                                     -2.638    -1.743 r  top_i/clk_wiz_0/inst/plle2_adv_inst/CLKOUT1
                         net (fo=1, routed)           0.546    -1.197    top_i/clk_wiz_0/inst/clk_out25_top_clk_wiz_0_0
    BUFGCTRL_X0Y0        BUFG (Prop_bufg_I_O)         0.029    -1.168 r  top_i/clk_wiz_0/inst/clkout2_buf/O
                         net (fo=147, routed)         0.877    -0.291    top_i/blk_mem_gen_0/U0/inst_blk_mem_gen/gnbram.gnativebmg.native_blk_mem_gen/valid.cstr/ramloop[30].ram.r/prim_noinit.ram/clka
    RAMB36_X1Y10         RAMB36E1                                     r  top_i/blk_mem_gen_0/U0/inst_blk_mem_gen/gnbram.gnativebmg.native_blk_mem_gen/valid.cstr/ramloop[30].ram.r/prim_noinit.ram/DEVICE_7SERIES.NO_BMM_INFO.TRUE_DP.SIMPLE_PRIM36.ram/CLKBWRCLK
                         clock pessimism              0.039    -0.252    
    RAMB36_X1Y10         RAMB36E1 (Hold_ramb36e1_CLKBWRCLK_ADDRBWRADDR[6])
                                                      0.183    -0.069    top_i/blk_mem_gen_0/U0/inst_blk_mem_gen/gnbram.gnativebmg.native_blk_mem_gen/valid.cstr/ramloop[30].ram.r/prim_noinit.ram/DEVICE_7SERIES.NO_BMM_INFO.TRUE_DP.SIMPLE_PRIM36.ram
  -------------------------------------------------------------------
                         required time                          0.069    
                         arrival time                           0.047    
  -------------------------------------------------------------------
                         slack                                  0.116    

Slack (MET) :             0.117ns  (arrival time - required time)
  Source:                 top_i/BRAM_reader_0/U0/current_addr_reg[11]/C
                            (rising edge-triggered cell FDRE clocked by clk_out25_top_clk_wiz_0_0  {rise@0.000ns fall@20.000ns period=40.000ns})
  Destination:            top_i/BRAM_reader_0/U0/current_addr_reg[14]/D
                            (rising edge-triggered cell FDRE clocked by clk_out25_top_clk_wiz_0_0  {rise@0.000ns fall@20.000ns period=40.000ns})
  Path Group:             clk_out25_top_clk_wiz_0_0
  Path Type:              Hold (Min at Fast Process Corner)
  Requirement:            0.000ns  (clk_out25_top_clk_wiz_0_0 rise@0.000ns - clk_out25_top_clk_wiz_0_0 rise@0.000ns)
  Data Path Delay:        0.489ns  (logic 0.366ns (74.811%)  route 0.123ns (25.189%))
  Logic Levels:           2  (CARRY4=2)
  Clock Path Skew:        0.267ns (DCD - SCD - CPR)
    Destination Clock Delay (DCD):    -0.338ns
    Source Clock Delay      (SCD):    -0.565ns
    Clock Pessimism Removal (CPR):    -0.039ns

    Location             Delay type                Incr(ns)  Path(ns)    Netlist Resource(s)
  -------------------------------------------------------------------    -------------------
                         (clock clk_out25_top_clk_wiz_0_0 rise edge)
                                                      0.000     0.000 r  
    W5                                                0.000     0.000 r  sys_clock (IN)
                         net (fo=0)                   0.000     0.000    top_i/clk_wiz_0/inst/clk_in1
    W5                   IBUF (Prop_ibuf_I_O)         0.226     0.226 r  top_i/clk_wiz_0/inst/clkin1_ibufg/O
                         net (fo=1, routed)           0.440     0.667    top_i/clk_wiz_0/inst/clk_in1_top_clk_wiz_0_0
    PLLE2_ADV_X1Y0       PLLE2_ADV (Prop_plle2_adv_CLKIN1_CLKOUT1)
                                                     -2.322    -1.656 r  top_i/clk_wiz_0/inst/plle2_adv_inst/CLKOUT1
                         net (fo=1, routed)           0.501    -1.155    top_i/clk_wiz_0/inst/clk_out25_top_clk_wiz_0_0
    BUFGCTRL_X0Y0        BUFG (Prop_bufg_I_O)         0.026    -1.129 r  top_i/clk_wiz_0/inst/clkout2_buf/O
                         net (fo=147, routed)         0.564    -0.565    top_i/BRAM_reader_0/U0/clk
    SLICE_X39Y49         FDRE                                         r  top_i/BRAM_reader_0/U0/current_addr_reg[11]/C
  -------------------------------------------------------------------    -------------------
    SLICE_X39Y49         FDRE (Prop_fdre_C_Q)         0.141    -0.424 r  top_i/BRAM_reader_0/U0/current_addr_reg[11]/Q
                         net (fo=32, routed)          0.123    -0.302    top_i/BRAM_reader_0/U0/bram_read_addr[11]
    SLICE_X39Y49         CARRY4 (Prop_carry4_S[3]_CO[3])
                                                      0.160    -0.142 r  top_i/BRAM_reader_0/U0/current_addr_reg[11]_i_1/CO[3]
                         net (fo=1, routed)           0.001    -0.141    top_i/BRAM_reader_0/U0/current_addr_reg[11]_i_1_n_0
    SLICE_X39Y50         CARRY4 (Prop_carry4_CI_O[2])
                                                      0.065    -0.076 r  top_i/BRAM_reader_0/U0/current_addr_reg[15]_i_1/O[2]
                         net (fo=1, routed)           0.000    -0.076    top_i/BRAM_reader_0/U0/current_addr_reg[15]_i_1_n_5
    SLICE_X39Y50         FDRE                                         r  top_i/BRAM_reader_0/U0/current_addr_reg[14]/D
  -------------------------------------------------------------------    -------------------

                         (clock clk_out25_top_clk_wiz_0_0 rise edge)
                                                      0.000     0.000 r  
    W5                                                0.000     0.000 r  sys_clock (IN)
                         net (fo=0)                   0.000     0.000    top_i/clk_wiz_0/inst/clk_in1
    W5                   IBUF (Prop_ibuf_I_O)         0.414     0.414 r  top_i/clk_wiz_0/inst/clkin1_ibufg/O
                         net (fo=1, routed)           0.481     0.895    top_i/clk_wiz_0/inst/clk_in1_top_clk_wiz_0_0
    PLLE2_ADV_X1Y0       PLLE2_ADV (Prop_plle2_adv_CLKIN1_CLKOUT1)
                                                     -2.638    -1.743 r  top_i/clk_wiz_0/inst/plle2_adv_inst/CLKOUT1
                         net (fo=1, routed)           0.546    -1.197    top_i/clk_wiz_0/inst/clk_out25_top_clk_wiz_0_0
    BUFGCTRL_X0Y0        BUFG (Prop_bufg_I_O)         0.029    -1.168 r  top_i/clk_wiz_0/inst/clkout2_buf/O
                         net (fo=147, routed)         0.830    -0.338    top_i/BRAM_reader_0/U0/clk
    SLICE_X39Y50         FDRE                                         r  top_i/BRAM_reader_0/U0/current_addr_reg[14]/C
                         clock pessimism              0.039    -0.298    
    SLICE_X39Y50         FDRE (Hold_fdre_C_D)         0.105    -0.193    top_i/BRAM_reader_0/U0/current_addr_reg[14]
  -------------------------------------------------------------------
                         required time                          0.193    
                         arrival time                          -0.076    
  -------------------------------------------------------------------
                         slack                                  0.117    

Slack (MET) :             0.142ns  (arrival time - required time)
  Source:                 top_i/BRAM_reader_0/U0/current_addr_reg[11]/C
                            (rising edge-triggered cell FDRE clocked by clk_out25_top_clk_wiz_0_0  {rise@0.000ns fall@20.000ns period=40.000ns})
  Destination:            top_i/BRAM_reader_0/U0/current_addr_reg[13]/D
                            (rising edge-triggered cell FDRE clocked by clk_out25_top_clk_wiz_0_0  {rise@0.000ns fall@20.000ns period=40.000ns})
  Path Group:             clk_out25_top_clk_wiz_0_0
  Path Type:              Hold (Min at Fast Process Corner)
  Requirement:            0.000ns  (clk_out25_top_clk_wiz_0_0 rise@0.000ns - clk_out25_top_clk_wiz_0_0 rise@0.000ns)
  Data Path Delay:        0.514ns  (logic 0.391ns (76.036%)  route 0.123ns (23.964%))
  Logic Levels:           2  (CARRY4=2)
  Clock Path Skew:        0.267ns (DCD - SCD - CPR)
    Destination Clock Delay (DCD):    -0.338ns
    Source Clock Delay      (SCD):    -0.565ns
    Clock Pessimism Removal (CPR):    -0.039ns

    Location             Delay type                Incr(ns)  Path(ns)    Netlist Resource(s)
  -------------------------------------------------------------------    -------------------
                         (clock clk_out25_top_clk_wiz_0_0 rise edge)
                                                      0.000     0.000 r  
    W5                                                0.000     0.000 r  sys_clock (IN)
                         net (fo=0)                   0.000     0.000    top_i/clk_wiz_0/inst/clk_in1
    W5                   IBUF (Prop_ibuf_I_O)         0.226     0.226 r  top_i/clk_wiz_0/inst/clkin1_ibufg/O
                         net (fo=1, routed)           0.440     0.667    top_i/clk_wiz_0/inst/clk_in1_top_clk_wiz_0_0
    PLLE2_ADV_X1Y0       PLLE2_ADV (Prop_plle2_adv_CLKIN1_CLKOUT1)
                                                     -2.322    -1.656 r  top_i/clk_wiz_0/inst/plle2_adv_inst/CLKOUT1
                         net (fo=1, routed)           0.501    -1.155    top_i/clk_wiz_0/inst/clk_out25_top_clk_wiz_0_0
    BUFGCTRL_X0Y0        BUFG (Prop_bufg_I_O)         0.026    -1.129 r  top_i/clk_wiz_0/inst/clkout2_buf/O
                         net (fo=147, routed)         0.564    -0.565    top_i/BRAM_reader_0/U0/clk
    SLICE_X39Y49         FDRE                                         r  top_i/BRAM_reader_0/U0/current_addr_reg[11]/C
  -------------------------------------------------------------------    -------------------
    SLICE_X39Y49         FDRE (Prop_fdre_C_Q)         0.141    -0.424 r  top_i/BRAM_reader_0/U0/current_addr_reg[11]/Q
                         net (fo=32, routed)          0.123    -0.302    top_i/BRAM_reader_0/U0/bram_read_addr[11]
    SLICE_X39Y49         CARRY4 (Prop_carry4_S[3]_CO[3])
                                                      0.160    -0.142 r  top_i/BRAM_reader_0/U0/current_addr_reg[11]_i_1/CO[3]
                         net (fo=1, routed)           0.001    -0.141    top_i/BRAM_reader_0/U0/current_addr_reg[11]_i_1_n_0
    SLICE_X39Y50         CARRY4 (Prop_carry4_CI_O[1])
                                                      0.090    -0.051 r  top_i/BRAM_reader_0/U0/current_addr_reg[15]_i_1/O[1]
                         net (fo=1, routed)           0.000    -0.051    top_i/BRAM_reader_0/U0/current_addr_reg[15]_i_1_n_6
    SLICE_X39Y50         FDRE                                         r  top_i/BRAM_reader_0/U0/current_addr_reg[13]/D
  -------------------------------------------------------------------    -------------------

                         (clock clk_out25_top_clk_wiz_0_0 rise edge)
                                                      0.000     0.000 r  
    W5                                                0.000     0.000 r  sys_clock (IN)
                         net (fo=0)                   0.000     0.000    top_i/clk_wiz_0/inst/clk_in1
    W5                   IBUF (Prop_ibuf_I_O)         0.414     0.414 r  top_i/clk_wiz_0/inst/clkin1_ibufg/O
                         net (fo=1, routed)           0.481     0.895    top_i/clk_wiz_0/inst/clk_in1_top_clk_wiz_0_0
    PLLE2_ADV_X1Y0       PLLE2_ADV (Prop_plle2_adv_CLKIN1_CLKOUT1)
                                                     -2.638    -1.743 r  top_i/clk_wiz_0/inst/plle2_adv_inst/CLKOUT1
                         net (fo=1, routed)           0.546    -1.197    top_i/clk_wiz_0/inst/clk_out25_top_clk_wiz_0_0
    BUFGCTRL_X0Y0        BUFG (Prop_bufg_I_O)         0.029    -1.168 r  top_i/clk_wiz_0/inst/clkout2_buf/O
                         net (fo=147, routed)         0.830    -0.338    top_i/BRAM_reader_0/U0/clk
    SLICE_X39Y50         FDRE                                         r  top_i/BRAM_reader_0/U0/current_addr_reg[13]/C
                         clock pessimism              0.039    -0.298    
    SLICE_X39Y50         FDRE (Hold_fdre_C_D)         0.105    -0.193    top_i/BRAM_reader_0/U0/current_addr_reg[13]
  -------------------------------------------------------------------
                         required time                          0.193    
                         arrival time                          -0.051    
  -------------------------------------------------------------------
                         slack                                  0.142    

Slack (MET) :             0.142ns  (arrival time - required time)
  Source:                 top_i/BRAM_reader_0/U0/current_addr_reg[11]/C
                            (rising edge-triggered cell FDRE clocked by clk_out25_top_clk_wiz_0_0  {rise@0.000ns fall@20.000ns period=40.000ns})
  Destination:            top_i/BRAM_reader_0/U0/current_addr_reg[15]/D
                            (rising edge-triggered cell FDRE clocked by clk_out25_top_clk_wiz_0_0  {rise@0.000ns fall@20.000ns period=40.000ns})
  Path Group:             clk_out25_top_clk_wiz_0_0
  Path Type:              Hold (Min at Fast Process Corner)
  Requirement:            0.000ns  (clk_out25_top_clk_wiz_0_0 rise@0.000ns - clk_out25_top_clk_wiz_0_0 rise@0.000ns)
  Data Path Delay:        0.514ns  (logic 0.391ns (76.036%)  route 0.123ns (23.964%))
  Logic Levels:           2  (CARRY4=2)
  Clock Path Skew:        0.267ns (DCD - SCD - CPR)
    Destination Clock Delay (DCD):    -0.338ns
    Source Clock Delay      (SCD):    -0.565ns
    Clock Pessimism Removal (CPR):    -0.039ns

    Location             Delay type                Incr(ns)  Path(ns)    Netlist Resource(s)
  -------------------------------------------------------------------    -------------------
                         (clock clk_out25_top_clk_wiz_0_0 rise edge)
                                                      0.000     0.000 r  
    W5                                                0.000     0.000 r  sys_clock (IN)
                         net (fo=0)                   0.000     0.000    top_i/clk_wiz_0/inst/clk_in1
    W5                   IBUF (Prop_ibuf_I_O)         0.226     0.226 r  top_i/clk_wiz_0/inst/clkin1_ibufg/O
                         net (fo=1, routed)           0.440     0.667    top_i/clk_wiz_0/inst/clk_in1_top_clk_wiz_0_0
    PLLE2_ADV_X1Y0       PLLE2_ADV (Prop_plle2_adv_CLKIN1_CLKOUT1)
                                                     -2.322    -1.656 r  top_i/clk_wiz_0/inst/plle2_adv_inst/CLKOUT1
                         net (fo=1, routed)           0.501    -1.155    top_i/clk_wiz_0/inst/clk_out25_top_clk_wiz_0_0
    BUFGCTRL_X0Y0        BUFG (Prop_bufg_I_O)         0.026    -1.129 r  top_i/clk_wiz_0/inst/clkout2_buf/O
                         net (fo=147, routed)         0.564    -0.565    top_i/BRAM_reader_0/U0/clk
    SLICE_X39Y49         FDRE                                         r  top_i/BRAM_reader_0/U0/current_addr_reg[11]/C
  -------------------------------------------------------------------    -------------------
    SLICE_X39Y49         FDRE (Prop_fdre_C_Q)         0.141    -0.424 r  top_i/BRAM_reader_0/U0/current_addr_reg[11]/Q
                         net (fo=32, routed)          0.123    -0.302    top_i/BRAM_reader_0/U0/bram_read_addr[11]
    SLICE_X39Y49         CARRY4 (Prop_carry4_S[3]_CO[3])
                                                      0.160    -0.142 r  top_i/BRAM_reader_0/U0/current_addr_reg[11]_i_1/CO[3]
                         net (fo=1, routed)           0.001    -0.141    top_i/BRAM_reader_0/U0/current_addr_reg[11]_i_1_n_0
    SLICE_X39Y50         CARRY4 (Prop_carry4_CI_O[3])
                                                      0.090    -0.051 r  top_i/BRAM_reader_0/U0/current_addr_reg[15]_i_1/O[3]
                         net (fo=1, routed)           0.000    -0.051    top_i/BRAM_reader_0/U0/current_addr_reg[15]_i_1_n_4
    SLICE_X39Y50         FDRE                                         r  top_i/BRAM_reader_0/U0/current_addr_reg[15]/D
  -------------------------------------------------------------------    -------------------

                         (clock clk_out25_top_clk_wiz_0_0 rise edge)
                                                      0.000     0.000 r  
    W5                                                0.000     0.000 r  sys_clock (IN)
                         net (fo=0)                   0.000     0.000    top_i/clk_wiz_0/inst/clk_in1
    W5                   IBUF (Prop_ibuf_I_O)         0.414     0.414 r  top_i/clk_wiz_0/inst/clkin1_ibufg/O
                         net (fo=1, routed)           0.481     0.895    top_i/clk_wiz_0/inst/clk_in1_top_clk_wiz_0_0
    PLLE2_ADV_X1Y0       PLLE2_ADV (Prop_plle2_adv_CLKIN1_CLKOUT1)
                                                     -2.638    -1.743 r  top_i/clk_wiz_0/inst/plle2_adv_inst/CLKOUT1
                         net (fo=1, routed)           0.546    -1.197    top_i/clk_wiz_0/inst/clk_out25_top_clk_wiz_0_0
    BUFGCTRL_X0Y0        BUFG (Prop_bufg_I_O)         0.029    -1.168 r  top_i/clk_wiz_0/inst/clkout2_buf/O
                         net (fo=147, routed)         0.830    -0.338    top_i/BRAM_reader_0/U0/clk
    SLICE_X39Y50         FDRE                                         r  top_i/BRAM_reader_0/U0/current_addr_reg[15]/C
                         clock pessimism              0.039    -0.298    
    SLICE_X39Y50         FDRE (Hold_fdre_C_D)         0.105    -0.193    top_i/BRAM_reader_0/U0/current_addr_reg[15]
  -------------------------------------------------------------------
                         required time                          0.193    
                         arrival time                          -0.051    
  -------------------------------------------------------------------
                         slack                                  0.142    

Slack (MET) :             0.145ns  (arrival time - required time)
  Source:                 top_i/BRAM_reader_0/U0/current_addr_reg[11]/C
                            (rising edge-triggered cell FDRE clocked by clk_out25_top_clk_wiz_0_0  {rise@0.000ns fall@20.000ns period=40.000ns})
  Destination:            top_i/BRAM_reader_0/U0/current_addr_reg[16]/D
                            (rising edge-triggered cell FDRE clocked by clk_out25_top_clk_wiz_0_0  {rise@0.000ns fall@20.000ns period=40.000ns})
  Path Group:             clk_out25_top_clk_wiz_0_0
  Path Type:              Hold (Min at Fast Process Corner)
  Requirement:            0.000ns  (clk_out25_top_clk_wiz_0_0 rise@0.000ns - clk_out25_top_clk_wiz_0_0 rise@0.000ns)
  Data Path Delay:        0.517ns  (logic 0.394ns (76.175%)  route 0.123ns (23.825%))
  Logic Levels:           3  (CARRY4=3)
  Clock Path Skew:        0.267ns (DCD - SCD - CPR)
    Destination Clock Delay (DCD):    -0.338ns
    Source Clock Delay      (SCD):    -0.565ns
    Clock Pessimism Removal (CPR):    -0.039ns

    Location             Delay type                Incr(ns)  Path(ns)    Netlist Resource(s)
  -------------------------------------------------------------------    -------------------
                         (clock clk_out25_top_clk_wiz_0_0 rise edge)
                                                      0.000     0.000 r  
    W5                                                0.000     0.000 r  sys_clock (IN)
                         net (fo=0)                   0.000     0.000    top_i/clk_wiz_0/inst/clk_in1
    W5                   IBUF (Prop_ibuf_I_O)         0.226     0.226 r  top_i/clk_wiz_0/inst/clkin1_ibufg/O
                         net (fo=1, routed)           0.440     0.667    top_i/clk_wiz_0/inst/clk_in1_top_clk_wiz_0_0
    PLLE2_ADV_X1Y0       PLLE2_ADV (Prop_plle2_adv_CLKIN1_CLKOUT1)
                                                     -2.322    -1.656 r  top_i/clk_wiz_0/inst/plle2_adv_inst/CLKOUT1
                         net (fo=1, routed)           0.501    -1.155    top_i/clk_wiz_0/inst/clk_out25_top_clk_wiz_0_0
    BUFGCTRL_X0Y0        BUFG (Prop_bufg_I_O)         0.026    -1.129 r  top_i/clk_wiz_0/inst/clkout2_buf/O
                         net (fo=147, routed)         0.564    -0.565    top_i/BRAM_reader_0/U0/clk
    SLICE_X39Y49         FDRE                                         r  top_i/BRAM_reader_0/U0/current_addr_reg[11]/C
  -------------------------------------------------------------------    -------------------
    SLICE_X39Y49         FDRE (Prop_fdre_C_Q)         0.141    -0.424 r  top_i/BRAM_reader_0/U0/current_addr_reg[11]/Q
                         net (fo=32, routed)          0.123    -0.302    top_i/BRAM_reader_0/U0/bram_read_addr[11]
    SLICE_X39Y49         CARRY4 (Prop_carry4_S[3]_CO[3])
                                                      0.160    -0.142 r  top_i/BRAM_reader_0/U0/current_addr_reg[11]_i_1/CO[3]
                         net (fo=1, routed)           0.001    -0.141    top_i/BRAM_reader_0/U0/current_addr_reg[11]_i_1_n_0
    SLICE_X39Y50         CARRY4 (Prop_carry4_CI_CO[3])
                                                      0.039    -0.102 r  top_i/BRAM_reader_0/U0/current_addr_reg[15]_i_1/CO[3]
                         net (fo=1, routed)           0.000    -0.102    top_i/BRAM_reader_0/U0/current_addr_reg[15]_i_1_n_0
    SLICE_X39Y51         CARRY4 (Prop_carry4_CI_O[0])
                                                      0.054    -0.048 r  top_i/BRAM_reader_0/U0/current_addr_reg[16]_i_3/O[0]
                         net (fo=1, routed)           0.000    -0.048    top_i/BRAM_reader_0/U0/current_addr_reg[16]_i_3_n_7
    SLICE_X39Y51         FDRE                                         r  top_i/BRAM_reader_0/U0/current_addr_reg[16]/D
  -------------------------------------------------------------------    -------------------

                         (clock clk_out25_top_clk_wiz_0_0 rise edge)
                                                      0.000     0.000 r  
    W5                                                0.000     0.000 r  sys_clock (IN)
                         net (fo=0)                   0.000     0.000    top_i/clk_wiz_0/inst/clk_in1
    W5                   IBUF (Prop_ibuf_I_O)         0.414     0.414 r  top_i/clk_wiz_0/inst/clkin1_ibufg/O
                         net (fo=1, routed)           0.481     0.895    top_i/clk_wiz_0/inst/clk_in1_top_clk_wiz_0_0
    PLLE2_ADV_X1Y0       PLLE2_ADV (Prop_plle2_adv_CLKIN1_CLKOUT1)
                                                     -2.638    -1.743 r  top_i/clk_wiz_0/inst/plle2_adv_inst/CLKOUT1
                         net (fo=1, routed)           0.546    -1.197    top_i/clk_wiz_0/inst/clk_out25_top_clk_wiz_0_0
    BUFGCTRL_X0Y0        BUFG (Prop_bufg_I_O)         0.029    -1.168 r  top_i/clk_wiz_0/inst/clkout2_buf/O
                         net (fo=147, routed)         0.830    -0.338    top_i/BRAM_reader_0/U0/clk
    SLICE_X39Y51         FDRE                                         r  top_i/BRAM_reader_0/U0/current_addr_reg[16]/C
                         clock pessimism              0.039    -0.298    
    SLICE_X39Y51         FDRE (Hold_fdre_C_D)         0.105    -0.193    top_i/BRAM_reader_0/U0/current_addr_reg[16]
  -------------------------------------------------------------------
                         required time                          0.193    
                         arrival time                          -0.048    
  -------------------------------------------------------------------
                         slack                                  0.145    

Slack (MET) :             0.161ns  (arrival time - required time)
  Source:                 top_i/BRAM_reader_0/U0/current_addr_reg[13]/C
                            (rising edge-triggered cell FDRE clocked by clk_out25_top_clk_wiz_0_0  {rise@0.000ns fall@20.000ns period=40.000ns})
  Destination:            top_i/blk_mem_gen_0/U0/inst_blk_mem_gen/gnbram.gnativebmg.native_blk_mem_gen/valid.cstr/has_mux_b.B/no_softecc_sel_reg.ce_pri.sel_pipe_reg[1]/D
                            (rising edge-triggered cell FDRE clocked by clk_out25_top_clk_wiz_0_0  {rise@0.000ns fall@20.000ns period=40.000ns})
  Path Group:             clk_out25_top_clk_wiz_0_0
  Path Type:              Hold (Min at Fast Process Corner)
  Requirement:            0.000ns  (clk_out25_top_clk_wiz_0_0 rise@0.000ns - clk_out25_top_clk_wiz_0_0 rise@0.000ns)
  Data Path Delay:        0.506ns  (logic 0.141ns (27.848%)  route 0.365ns (72.152%))
  Logic Levels:           0  
  Clock Path Skew:        0.275ns (DCD - SCD - CPR)
    Destination Clock Delay (DCD):    -0.332ns
    Source Clock Delay      (SCD):    -0.567ns
    Clock Pessimism Removal (CPR):    -0.039ns

    Location             Delay type                Incr(ns)  Path(ns)    Netlist Resource(s)
  -------------------------------------------------------------------    -------------------
                         (clock clk_out25_top_clk_wiz_0_0 rise edge)
                                                      0.000     0.000 r  
    W5                                                0.000     0.000 r  sys_clock (IN)
                         net (fo=0)                   0.000     0.000    top_i/clk_wiz_0/inst/clk_in1
    W5                   IBUF (Prop_ibuf_I_O)         0.226     0.226 r  top_i/clk_wiz_0/inst/clkin1_ibufg/O
                         net (fo=1, routed)           0.440     0.667    top_i/clk_wiz_0/inst/clk_in1_top_clk_wiz_0_0
    PLLE2_ADV_X1Y0       PLLE2_ADV (Prop_plle2_adv_CLKIN1_CLKOUT1)
                                                     -2.322    -1.656 r  top_i/clk_wiz_0/inst/plle2_adv_inst/CLKOUT1
                         net (fo=1, routed)           0.501    -1.155    top_i/clk_wiz_0/inst/clk_out25_top_clk_wiz_0_0
    BUFGCTRL_X0Y0        BUFG (Prop_bufg_I_O)         0.026    -1.129 r  top_i/clk_wiz_0/inst/clkout2_buf/O
                         net (fo=147, routed)         0.562    -0.567    top_i/BRAM_reader_0/U0/clk
    SLICE_X39Y50         FDRE                                         r  top_i/BRAM_reader_0/U0/current_addr_reg[13]/C
  -------------------------------------------------------------------    -------------------
    SLICE_X39Y50         FDRE (Prop_fdre_C_Q)         0.141    -0.426 r  top_i/BRAM_reader_0/U0/current_addr_reg[13]/Q
                         net (fo=31, routed)          0.365    -0.061    top_i/blk_mem_gen_0/U0/inst_blk_mem_gen/gnbram.gnativebmg.native_blk_mem_gen/valid.cstr/has_mux_b.B/addrb[1]
    SLICE_X48Y49         FDRE                                         r  top_i/blk_mem_gen_0/U0/inst_blk_mem_gen/gnbram.gnativebmg.native_blk_mem_gen/valid.cstr/has_mux_b.B/no_softecc_sel_reg.ce_pri.sel_pipe_reg[1]/D
  -------------------------------------------------------------------    -------------------

                         (clock clk_out25_top_clk_wiz_0_0 rise edge)
                                                      0.000     0.000 r  
    W5                                                0.000     0.000 r  sys_clock (IN)
                         net (fo=0)                   0.000     0.000    top_i/clk_wiz_0/inst/clk_in1
    W5                   IBUF (Prop_ibuf_I_O)         0.414     0.414 r  top_i/clk_wiz_0/inst/clkin1_ibufg/O
                         net (fo=1, routed)           0.481     0.895    top_i/clk_wiz_0/inst/clk_in1_top_clk_wiz_0_0
    PLLE2_ADV_X1Y0       PLLE2_ADV (Prop_plle2_adv_CLKIN1_CLKOUT1)
                                                     -2.638    -1.743 r  top_i/clk_wiz_0/inst/plle2_adv_inst/CLKOUT1
                         net (fo=1, routed)           0.546    -1.197    top_i/clk_wiz_0/inst/clk_out25_top_clk_wiz_0_0
    BUFGCTRL_X0Y0        BUFG (Prop_bufg_I_O)         0.029    -1.168 r  top_i/clk_wiz_0/inst/clkout2_buf/O
                         net (fo=147, routed)         0.837    -0.332    top_i/blk_mem_gen_0/U0/inst_blk_mem_gen/gnbram.gnativebmg.native_blk_mem_gen/valid.cstr/has_mux_b.B/clka
    SLICE_X48Y49         FDRE                                         r  top_i/blk_mem_gen_0/U0/inst_blk_mem_gen/gnbram.gnativebmg.native_blk_mem_gen/valid.cstr/has_mux_b.B/no_softecc_sel_reg.ce_pri.sel_pipe_reg[1]/C
                         clock pessimism              0.039    -0.292    
    SLICE_X48Y49         FDRE (Hold_fdre_C_D)         0.070    -0.222    top_i/blk_mem_gen_0/U0/inst_blk_mem_gen/gnbram.gnativebmg.native_blk_mem_gen/valid.cstr/has_mux_b.B/no_softecc_sel_reg.ce_pri.sel_pipe_reg[1]
  -------------------------------------------------------------------
                         required time                          0.222    
                         arrival time                          -0.061    
  -------------------------------------------------------------------
                         slack                                  0.161    

Slack (MET) :             0.168ns  (arrival time - required time)
  Source:                 top_i/BRAM_reader_0/U0/current_addr_reg[4]/C
                            (rising edge-triggered cell FDRE clocked by clk_out25_top_clk_wiz_0_0  {rise@0.000ns fall@20.000ns period=40.000ns})
  Destination:            top_i/blk_mem_gen_0/U0/inst_blk_mem_gen/gnbram.gnativebmg.native_blk_mem_gen/valid.cstr/ramloop[17].ram.r/prim_noinit.ram/DEVICE_7SERIES.NO_BMM_INFO.TRUE_DP.SIMPLE_PRIM36.ram/ADDRBWRADDR[7]
                            (rising edge-triggered cell RAMB36E1 clocked by clk_out25_top_clk_wiz_0_0  {rise@0.000ns fall@20.000ns period=40.000ns})
  Path Group:             clk_out25_top_clk_wiz_0_0
  Path Type:              Hold (Min at Fast Process Corner)
  Requirement:            0.000ns  (clk_out25_top_clk_wiz_0_0 rise@0.000ns - clk_out25_top_clk_wiz_0_0 rise@0.000ns)
  Data Path Delay:        0.660ns  (logic 0.141ns (21.362%)  route 0.519ns (78.638%))
  Logic Levels:           0  
  Clock Path Skew:        0.309ns (DCD - SCD - CPR)
    Destination Clock Delay (DCD):    -0.290ns
    Source Clock Delay      (SCD):    -0.565ns
    Clock Pessimism Removal (CPR):    -0.034ns

    Location             Delay type                Incr(ns)  Path(ns)    Netlist Resource(s)
  -------------------------------------------------------------------    -------------------
                         (clock clk_out25_top_clk_wiz_0_0 rise edge)
                                                      0.000     0.000 r  
    W5                                                0.000     0.000 r  sys_clock (IN)
                         net (fo=0)                   0.000     0.000    top_i/clk_wiz_0/inst/clk_in1
    W5                   IBUF (Prop_ibuf_I_O)         0.226     0.226 r  top_i/clk_wiz_0/inst/clkin1_ibufg/O
                         net (fo=1, routed)           0.440     0.667    top_i/clk_wiz_0/inst/clk_in1_top_clk_wiz_0_0
    PLLE2_ADV_X1Y0       PLLE2_ADV (Prop_plle2_adv_CLKIN1_CLKOUT1)
                                                     -2.322    -1.656 r  top_i/clk_wiz_0/inst/plle2_adv_inst/CLKOUT1
                         net (fo=1, routed)           0.501    -1.155    top_i/clk_wiz_0/inst/clk_out25_top_clk_wiz_0_0
    BUFGCTRL_X0Y0        BUFG (Prop_bufg_I_O)         0.026    -1.129 r  top_i/clk_wiz_0/inst/clkout2_buf/O
                         net (fo=147, routed)         0.564    -0.565    top_i/BRAM_reader_0/U0/clk
    SLICE_X39Y48         FDRE                                         r  top_i/BRAM_reader_0/U0/current_addr_reg[4]/C
  -------------------------------------------------------------------    -------------------
    SLICE_X39Y48         FDRE (Prop_fdre_C_Q)         0.141    -0.424 r  top_i/BRAM_reader_0/U0/current_addr_reg[4]/Q
                         net (fo=32, routed)          0.519     0.095    top_i/blk_mem_gen_0/U0/inst_blk_mem_gen/gnbram.gnativebmg.native_blk_mem_gen/valid.cstr/ramloop[17].ram.r/prim_noinit.ram/addrb[4]
    RAMB36_X0Y9          RAMB36E1                                     r  top_i/blk_mem_gen_0/U0/inst_blk_mem_gen/gnbram.gnativebmg.native_blk_mem_gen/valid.cstr/ramloop[17].ram.r/prim_noinit.ram/DEVICE_7SERIES.NO_BMM_INFO.TRUE_DP.SIMPLE_PRIM36.ram/ADDRBWRADDR[7]
  -------------------------------------------------------------------    -------------------

                         (clock clk_out25_top_clk_wiz_0_0 rise edge)
                                                      0.000     0.000 r  
    W5                                                0.000     0.000 r  sys_clock (IN)
                         net (fo=0)                   0.000     0.000    top_i/clk_wiz_0/inst/clk_in1
    W5                   IBUF (Prop_ibuf_I_O)         0.414     0.414 r  top_i/clk_wiz_0/inst/clkin1_ibufg/O
                         net (fo=1, routed)           0.481     0.895    top_i/clk_wiz_0/inst/clk_in1_top_clk_wiz_0_0
    PLLE2_ADV_X1Y0       PLLE2_ADV (Prop_plle2_adv_CLKIN1_CLKOUT1)
                                                     -2.638    -1.743 r  top_i/clk_wiz_0/inst/plle2_adv_inst/CLKOUT1
                         net (fo=1, routed)           0.546    -1.197    top_i/clk_wiz_0/inst/clk_out25_top_clk_wiz_0_0
    BUFGCTRL_X0Y0        BUFG (Prop_bufg_I_O)         0.029    -1.168 r  top_i/clk_wiz_0/inst/clkout2_buf/O
                         net (fo=147, routed)         0.878    -0.290    top_i/blk_mem_gen_0/U0/inst_blk_mem_gen/gnbram.gnativebmg.native_blk_mem_gen/valid.cstr/ramloop[17].ram.r/prim_noinit.ram/clka
    RAMB36_X0Y9          RAMB36E1                                     r  top_i/blk_mem_gen_0/U0/inst_blk_mem_gen/gnbram.gnativebmg.native_blk_mem_gen/valid.cstr/ramloop[17].ram.r/prim_noinit.ram/DEVICE_7SERIES.NO_BMM_INFO.TRUE_DP.SIMPLE_PRIM36.ram/CLKBWRCLK
                         clock pessimism              0.034    -0.256    
    RAMB36_X0Y9          RAMB36E1 (Hold_ramb36e1_CLKBWRCLK_ADDRBWRADDR[7])
                                                      0.183    -0.073    top_i/blk_mem_gen_0/U0/inst_blk_mem_gen/gnbram.gnativebmg.native_blk_mem_gen/valid.cstr/ramloop[17].ram.r/prim_noinit.ram/DEVICE_7SERIES.NO_BMM_INFO.TRUE_DP.SIMPLE_PRIM36.ram
  -------------------------------------------------------------------
                         required time                          0.073    
                         arrival time                           0.095    
  -------------------------------------------------------------------
                         slack                                  0.168    

Slack (MET) :             0.180ns  (arrival time - required time)
  Source:                 top_i/BRAM_reader_0/U0/current_addr_reg[0]/C
                            (rising edge-triggered cell FDRE clocked by clk_out25_top_clk_wiz_0_0  {rise@0.000ns fall@20.000ns period=40.000ns})
  Destination:            top_i/blk_mem_gen_0/U0/inst_blk_mem_gen/gnbram.gnativebmg.native_blk_mem_gen/valid.cstr/ramloop[30].ram.r/prim_noinit.ram/DEVICE_7SERIES.NO_BMM_INFO.TRUE_DP.SIMPLE_PRIM36.ram/ADDRBWRADDR[3]
                            (rising edge-triggered cell RAMB36E1 clocked by clk_out25_top_clk_wiz_0_0  {rise@0.000ns fall@20.000ns period=40.000ns})
  Path Group:             clk_out25_top_clk_wiz_0_0
  Path Type:              Hold (Min at Fast Process Corner)
  Requirement:            0.000ns  (clk_out25_top_clk_wiz_0_0 rise@0.000ns - clk_out25_top_clk_wiz_0_0 rise@0.000ns)
  Data Path Delay:        0.676ns  (logic 0.141ns (20.855%)  route 0.535ns (79.145%))
  Logic Levels:           0  
  Clock Path Skew:        0.313ns (DCD - SCD - CPR)
    Destination Clock Delay (DCD):    -0.291ns
    Source Clock Delay      (SCD):    -0.565ns
    Clock Pessimism Removal (CPR):    -0.039ns

    Location             Delay type                Incr(ns)  Path(ns)    Netlist Resource(s)
  -------------------------------------------------------------------    -------------------
                         (clock clk_out25_top_clk_wiz_0_0 rise edge)
                                                      0.000     0.000 r  
    W5                                                0.000     0.000 r  sys_clock (IN)
                         net (fo=0)                   0.000     0.000    top_i/clk_wiz_0/inst/clk_in1
    W5                   IBUF (Prop_ibuf_I_O)         0.226     0.226 r  top_i/clk_wiz_0/inst/clkin1_ibufg/O
                         net (fo=1, routed)           0.440     0.667    top_i/clk_wiz_0/inst/clk_in1_top_clk_wiz_0_0
    PLLE2_ADV_X1Y0       PLLE2_ADV (Prop_plle2_adv_CLKIN1_CLKOUT1)
                                                     -2.322    -1.656 r  top_i/clk_wiz_0/inst/plle2_adv_inst/CLKOUT1
                         net (fo=1, routed)           0.501    -1.155    top_i/clk_wiz_0/inst/clk_out25_top_clk_wiz_0_0
    BUFGCTRL_X0Y0        BUFG (Prop_bufg_I_O)         0.026    -1.129 r  top_i/clk_wiz_0/inst/clkout2_buf/O
                         net (fo=147, routed)         0.564    -0.565    top_i/BRAM_reader_0/U0/clk
    SLICE_X39Y47         FDRE                                         r  top_i/BRAM_reader_0/U0/current_addr_reg[0]/C
  -------------------------------------------------------------------    -------------------
    SLICE_X39Y47         FDRE (Prop_fdre_C_Q)         0.141    -0.424 r  top_i/BRAM_reader_0/U0/current_addr_reg[0]/Q
                         net (fo=32, routed)          0.535     0.111    top_i/blk_mem_gen_0/U0/inst_blk_mem_gen/gnbram.gnativebmg.native_blk_mem_gen/valid.cstr/ramloop[30].ram.r/prim_noinit.ram/addrb[0]
    RAMB36_X1Y10         RAMB36E1                                     r  top_i/blk_mem_gen_0/U0/inst_blk_mem_gen/gnbram.gnativebmg.native_blk_mem_gen/valid.cstr/ramloop[30].ram.r/prim_noinit.ram/DEVICE_7SERIES.NO_BMM_INFO.TRUE_DP.SIMPLE_PRIM36.ram/ADDRBWRADDR[3]
  -------------------------------------------------------------------    -------------------

                         (clock clk_out25_top_clk_wiz_0_0 rise edge)
                                                      0.000     0.000 r  
    W5                                                0.000     0.000 r  sys_clock (IN)
                         net (fo=0)                   0.000     0.000    top_i/clk_wiz_0/inst/clk_in1
    W5                   IBUF (Prop_ibuf_I_O)         0.414     0.414 r  top_i/clk_wiz_0/inst/clkin1_ibufg/O
                         net (fo=1, routed)           0.481     0.895    top_i/clk_wiz_0/inst/clk_in1_top_clk_wiz_0_0
    PLLE2_ADV_X1Y0       PLLE2_ADV (Prop_plle2_adv_CLKIN1_CLKOUT1)
                                                     -2.638    -1.743 r  top_i/clk_wiz_0/inst/plle2_adv_inst/CLKOUT1
                         net (fo=1, routed)           0.546    -1.197    top_i/clk_wiz_0/inst/clk_out25_top_clk_wiz_0_0
    BUFGCTRL_X0Y0        BUFG (Prop_bufg_I_O)         0.029    -1.168 r  top_i/clk_wiz_0/inst/clkout2_buf/O
                         net (fo=147, routed)         0.877    -0.291    top_i/blk_mem_gen_0/U0/inst_blk_mem_gen/gnbram.gnativebmg.native_blk_mem_gen/valid.cstr/ramloop[30].ram.r/prim_noinit.ram/clka
    RAMB36_X1Y10         RAMB36E1                                     r  top_i/blk_mem_gen_0/U0/inst_blk_mem_gen/gnbram.gnativebmg.native_blk_mem_gen/valid.cstr/ramloop[30].ram.r/prim_noinit.ram/DEVICE_7SERIES.NO_BMM_INFO.TRUE_DP.SIMPLE_PRIM36.ram/CLKBWRCLK
                         clock pessimism              0.039    -0.252    
    RAMB36_X1Y10         RAMB36E1 (Hold_ramb36e1_CLKBWRCLK_ADDRBWRADDR[3])
                                                      0.183    -0.069    top_i/blk_mem_gen_0/U0/inst_blk_mem_gen/gnbram.gnativebmg.native_blk_mem_gen/valid.cstr/ramloop[30].ram.r/prim_noinit.ram/DEVICE_7SERIES.NO_BMM_INFO.TRUE_DP.SIMPLE_PRIM36.ram
  -------------------------------------------------------------------
                         required time                          0.069    
                         arrival time                           0.111    
  -------------------------------------------------------------------
                         slack                                  0.180    





Pulse Width Checks
--------------------------------------------------------------------------------------
Clock Name:         clk_out25_top_clk_wiz_0_0
Waveform(ns):       { 0.000 20.000 }
Period(ns):         40.000
Sources:            { top_i/clk_wiz_0/inst/plle2_adv_inst/CLKOUT1 }

Check Type        Corner  Lib Pin             Reference Pin  Required(ns)  Actual(ns)  Slack(ns)  Location        Pin
Min Period        n/a     RAMB36E1/CLKARDCLK  n/a            2.892         40.000      37.108     RAMB36_X2Y7     top_i/blk_mem_gen_0/U0/inst_blk_mem_gen/gnbram.gnativebmg.native_blk_mem_gen/valid.cstr/ramloop[2].ram.r/prim_noinit.ram/DEVICE_7SERIES.NO_BMM_INFO.TRUE_DP.CASCADED_PRIM36.ram_B/CLKARDCLK
Min Period        n/a     RAMB36E1/CLKBWRCLK  n/a            2.892         40.000      37.108     RAMB36_X2Y7     top_i/blk_mem_gen_0/U0/inst_blk_mem_gen/gnbram.gnativebmg.native_blk_mem_gen/valid.cstr/ramloop[2].ram.r/prim_noinit.ram/DEVICE_7SERIES.NO_BMM_INFO.TRUE_DP.CASCADED_PRIM36.ram_B/CLKBWRCLK
Min Period        n/a     RAMB36E1/CLKARDCLK  n/a            2.892         40.000      37.108     RAMB36_X2Y8     top_i/blk_mem_gen_0/U0/inst_blk_mem_gen/gnbram.gnativebmg.native_blk_mem_gen/valid.cstr/ramloop[2].ram.r/prim_noinit.ram/DEVICE_7SERIES.NO_BMM_INFO.TRUE_DP.CASCADED_PRIM36.ram_T/CLKARDCLK
Min Period        n/a     RAMB36E1/CLKBWRCLK  n/a            2.892         40.000      37.108     RAMB36_X2Y8     top_i/blk_mem_gen_0/U0/inst_blk_mem_gen/gnbram.gnativebmg.native_blk_mem_gen/valid.cstr/ramloop[2].ram.r/prim_noinit.ram/DEVICE_7SERIES.NO_BMM_INFO.TRUE_DP.CASCADED_PRIM36.ram_T/CLKBWRCLK
Min Period        n/a     RAMB36E1/CLKARDCLK  n/a            2.892         40.000      37.108     RAMB36_X2Y5     top_i/blk_mem_gen_0/U0/inst_blk_mem_gen/gnbram.gnativebmg.native_blk_mem_gen/valid.cstr/ramloop[5].ram.r/prim_noinit.ram/DEVICE_7SERIES.NO_BMM_INFO.TRUE_DP.CASCADED_PRIM36.ram_B/CLKARDCLK
Min Period        n/a     RAMB36E1/CLKBWRCLK  n/a            2.892         40.000      37.108     RAMB36_X2Y5     top_i/blk_mem_gen_0/U0/inst_blk_mem_gen/gnbram.gnativebmg.native_blk_mem_gen/valid.cstr/ramloop[5].ram.r/prim_noinit.ram/DEVICE_7SERIES.NO_BMM_INFO.TRUE_DP.CASCADED_PRIM36.ram_B/CLKBWRCLK
Min Period        n/a     RAMB36E1/CLKARDCLK  n/a            2.892         40.000      37.108     RAMB36_X2Y6     top_i/blk_mem_gen_0/U0/inst_blk_mem_gen/gnbram.gnativebmg.native_blk_mem_gen/valid.cstr/ramloop[5].ram.r/prim_noinit.ram/DEVICE_7SERIES.NO_BMM_INFO.TRUE_DP.CASCADED_PRIM36.ram_T/CLKARDCLK
Min Period        n/a     RAMB36E1/CLKBWRCLK  n/a            2.892         40.000      37.108     RAMB36_X2Y6     top_i/blk_mem_gen_0/U0/inst_blk_mem_gen/gnbram.gnativebmg.native_blk_mem_gen/valid.cstr/ramloop[5].ram.r/prim_noinit.ram/DEVICE_7SERIES.NO_BMM_INFO.TRUE_DP.CASCADED_PRIM36.ram_T/CLKBWRCLK
Min Period        n/a     RAMB36E1/CLKARDCLK  n/a            2.892         40.000      37.108     RAMB36_X2Y3     top_i/blk_mem_gen_0/U0/inst_blk_mem_gen/gnbram.gnativebmg.native_blk_mem_gen/valid.cstr/ramloop[6].ram.r/prim_noinit.ram/DEVICE_7SERIES.NO_BMM_INFO.TRUE_DP.CASCADED_PRIM36.ram_B/CLKARDCLK
Min Period        n/a     RAMB36E1/CLKBWRCLK  n/a            2.892         40.000      37.108     RAMB36_X2Y3     top_i/blk_mem_gen_0/U0/inst_blk_mem_gen/gnbram.gnativebmg.native_blk_mem_gen/valid.cstr/ramloop[6].ram.r/prim_noinit.ram/DEVICE_7SERIES.NO_BMM_INFO.TRUE_DP.CASCADED_PRIM36.ram_B/CLKBWRCLK
Max Period        n/a     PLLE2_ADV/CLKOUT1   n/a            160.000       40.000      120.000    PLLE2_ADV_X1Y0  top_i/clk_wiz_0/inst/plle2_adv_inst/CLKOUT1
Low Pulse Width   Slow    FDRE/C              n/a            0.500         20.000      19.500     SLICE_X40Y39    top_i/BRAM_FIFO_Limit_0/U0/pixel_count_reg[0]/C
Low Pulse Width   Fast    FDRE/C              n/a            0.500         20.000      19.500     SLICE_X40Y39    top_i/BRAM_FIFO_Limit_0/U0/pixel_count_reg[0]/C
Low Pulse Width   Slow    FDRE/C              n/a            0.500         20.000      19.500     SLICE_X40Y41    top_i/BRAM_FIFO_Limit_0/U0/pixel_count_reg[10]/C
Low Pulse Width   Fast    FDRE/C              n/a            0.500         20.000      19.500     SLICE_X40Y41    top_i/BRAM_FIFO_Limit_0/U0/pixel_count_reg[10]/C
Low Pulse Width   Slow    FDRE/C              n/a            0.500         20.000      19.500     SLICE_X40Y41    top_i/BRAM_FIFO_Limit_0/U0/pixel_count_reg[11]/C
Low Pulse Width   Fast    FDRE/C              n/a            0.500         20.000      19.500     SLICE_X40Y41    top_i/BRAM_FIFO_Limit_0/U0/pixel_count_reg[11]/C
Low Pulse Width   Slow    FDRE/C              n/a            0.500         20.000      19.500     SLICE_X40Y42    top_i/BRAM_FIFO_Limit_0/U0/pixel_count_reg[12]/C
Low Pulse Width   Fast    FDRE/C              n/a            0.500         20.000      19.500     SLICE_X40Y42    top_i/BRAM_FIFO_Limit_0/U0/pixel_count_reg[12]/C
Low Pulse Width   Slow    FDRE/C              n/a            0.500         20.000      19.500     SLICE_X40Y42    top_i/BRAM_FIFO_Limit_0/U0/pixel_count_reg[13]/C
Low Pulse Width   Fast    FDRE/C              n/a            0.500         20.000      19.500     SLICE_X40Y42    top_i/BRAM_FIFO_Limit_0/U0/pixel_count_reg[13]/C
High Pulse Width  Slow    FDRE/C              n/a            0.500         20.000      19.500     SLICE_X40Y39    top_i/BRAM_FIFO_Limit_0/U0/pixel_count_reg[0]/C
High Pulse Width  Fast    FDRE/C              n/a            0.500         20.000      19.500     SLICE_X40Y39    top_i/BRAM_FIFO_Limit_0/U0/pixel_count_reg[0]/C
High Pulse Width  Slow    FDRE/C              n/a            0.500         20.000      19.500     SLICE_X40Y41    top_i/BRAM_FIFO_Limit_0/U0/pixel_count_reg[10]/C
High Pulse Width  Fast    FDRE/C              n/a            0.500         20.000      19.500     SLICE_X40Y41    top_i/BRAM_FIFO_Limit_0/U0/pixel_count_reg[10]/C
High Pulse Width  Slow    FDRE/C              n/a            0.500         20.000      19.500     SLICE_X40Y41    top_i/BRAM_FIFO_Limit_0/U0/pixel_count_reg[11]/C
High Pulse Width  Fast    FDRE/C              n/a            0.500         20.000      19.500     SLICE_X40Y41    top_i/BRAM_FIFO_Limit_0/U0/pixel_count_reg[11]/C
High Pulse Width  Slow    FDRE/C              n/a            0.500         20.000      19.500     SLICE_X40Y42    top_i/BRAM_FIFO_Limit_0/U0/pixel_count_reg[12]/C
High Pulse Width  Fast    FDRE/C              n/a            0.500         20.000      19.500     SLICE_X40Y42    top_i/BRAM_FIFO_Limit_0/U0/pixel_count_reg[12]/C
High Pulse Width  Slow    FDRE/C              n/a            0.500         20.000      19.500     SLICE_X40Y42    top_i/BRAM_FIFO_Limit_0/U0/pixel_count_reg[13]/C
High Pulse Width  Fast    FDRE/C              n/a            0.500         20.000      19.500     SLICE_X40Y42    top_i/BRAM_FIFO_Limit_0/U0/pixel_count_reg[13]/C



---------------------------------------------------------------------------------------------------
From Clock:  clkfbout_top_clk_wiz_0_0
  To Clock:  clkfbout_top_clk_wiz_0_0

Setup :           NA  Failing Endpoints,  Worst Slack           NA  ,  Total Violation           NA
Hold  :           NA  Failing Endpoints,  Worst Slack           NA  ,  Total Violation           NA
PW    :            0  Failing Endpoints,  Worst Slack        7.845ns,  Total Violation        0.000ns
---------------------------------------------------------------------------------------------------


Pulse Width Checks
--------------------------------------------------------------------------------------
Clock Name:         clkfbout_top_clk_wiz_0_0
Waveform(ns):       { 0.000 5.000 }
Period(ns):         10.000
Sources:            { top_i/clk_wiz_0/inst/plle2_adv_inst/CLKFBOUT }

Check Type  Corner  Lib Pin             Reference Pin  Required(ns)  Actual(ns)  Slack(ns)  Location        Pin
Min Period  n/a     BUFG/I              n/a            2.155         10.000      7.845      BUFGCTRL_X0Y2   top_i/clk_wiz_0/inst/clkf_buf/I
Min Period  n/a     PLLE2_ADV/CLKFBOUT  n/a            1.249         10.000      8.751      PLLE2_ADV_X1Y0  top_i/clk_wiz_0/inst/plle2_adv_inst/CLKFBOUT
Min Period  n/a     PLLE2_ADV/CLKFBIN   n/a            1.249         10.000      8.751      PLLE2_ADV_X1Y0  top_i/clk_wiz_0/inst/plle2_adv_inst/CLKFBIN
Max Period  n/a     PLLE2_ADV/CLKFBIN   n/a            52.633        10.000      42.633     PLLE2_ADV_X1Y0  top_i/clk_wiz_0/inst/plle2_adv_inst/CLKFBIN
Max Period  n/a     PLLE2_ADV/CLKFBOUT  n/a            160.000       10.000      150.000    PLLE2_ADV_X1Y0  top_i/clk_wiz_0/inst/plle2_adv_inst/CLKFBOUT



--------------------------------------------------------------------------------------
Path Group:  (none)
From Clock:  
  To Clock:  

Max Delay           107 Endpoints
Min Delay           107 Endpoints
--------------------------------------------------------------------------------------


Max Delay Paths
--------------------------------------------------------------------------------------
Slack:                    inf
  Source:                 ov7670_data[0]
                            (input port)
  Destination:            LED[0]
                            (output port)
  Path Group:             (none)
  Path Type:              Max at Slow Process Corner
  Data Path Delay:        12.523ns  (logic 4.962ns (39.620%)  route 7.562ns (60.380%))
  Logic Levels:           2  (IBUF=1 OBUF=1)

    Location             Delay type                Incr(ns)  Path(ns)    Netlist Resource(s)
  -------------------------------------------------------------------    -------------------
    A16                                               0.000     0.000 r  ov7670_data[0] (IN)
                         net (fo=0)                   0.000     0.000    ov7670_data[0]
    A16                  IBUF (Prop_ibuf_I_O)         1.457     1.457 r  ov7670_data_IBUF[0]_inst/O
                         net (fo=2, routed)           7.562     9.019    LED_OBUF[0]
    U16                  OBUF (Prop_obuf_I_O)         3.505    12.523 r  LED_OBUF[0]_inst/O
                         net (fo=0)                   0.000    12.523    LED[0]
    U16                                                               r  LED[0] (OUT)
  -------------------------------------------------------------------    -------------------

Slack:                    inf
  Source:                 ov7670_data[5]
                            (input port)
  Destination:            LED[5]
                            (output port)
  Path Group:             (none)
  Path Type:              Max at Slow Process Corner
  Data Path Delay:        12.484ns  (logic 4.952ns (39.666%)  route 7.532ns (60.334%))
  Logic Levels:           2  (IBUF=1 OBUF=1)

    Location             Delay type                Incr(ns)  Path(ns)    Netlist Resource(s)
  -------------------------------------------------------------------    -------------------
    C16                                               0.000     0.000 r  ov7670_data[5] (IN)
                         net (fo=0)                   0.000     0.000    ov7670_data[5]
    C16                  IBUF (Prop_ibuf_I_O)         1.437     1.437 r  ov7670_data_IBUF[5]_inst/O
                         net (fo=2, routed)           7.532     8.970    LED_OBUF[5]
    U15                  OBUF (Prop_obuf_I_O)         3.514    12.484 r  LED_OBUF[5]_inst/O
                         net (fo=0)                   0.000    12.484    LED[5]
    U15                                                               r  LED[5] (OUT)
  -------------------------------------------------------------------    -------------------

Slack:                    inf
  Source:                 ov7670_data[4]
                            (input port)
  Destination:            LED[4]
                            (output port)
  Path Group:             (none)
  Path Type:              Max at Slow Process Corner
  Data Path Delay:        10.371ns  (logic 4.957ns (47.796%)  route 5.414ns (52.204%))
  Logic Levels:           2  (IBUF=1 OBUF=1)

    Location             Delay type                Incr(ns)  Path(ns)    Netlist Resource(s)
  -------------------------------------------------------------------    -------------------
    B16                                               0.000     0.000 r  ov7670_data[4] (IN)
                         net (fo=0)                   0.000     0.000    ov7670_data[4]
    B16                  IBUF (Prop_ibuf_I_O)         1.448     1.448 r  ov7670_data_IBUF[4]_inst/O
                         net (fo=3, routed)           5.414     6.863    LED_OBUF[4]
    W18                  OBUF (Prop_obuf_I_O)         3.509    10.371 r  LED_OBUF[4]_inst/O
                         net (fo=0)                   0.000    10.371    LED[4]
    W18                                                               r  LED[4] (OUT)
  -------------------------------------------------------------------    -------------------

Slack:                    inf
  Source:                 ov7670_data[2]
                            (input port)
  Destination:            LED[2]
                            (output port)
  Path Group:             (none)
  Path Type:              Max at Slow Process Corner
  Data Path Delay:        10.019ns  (logic 4.971ns (49.617%)  route 5.048ns (50.383%))
  Logic Levels:           2  (IBUF=1 OBUF=1)

    Location             Delay type                Incr(ns)  Path(ns)    Netlist Resource(s)
  -------------------------------------------------------------------    -------------------
    B15                                               0.000     0.000 r  ov7670_data[2] (IN)
                         net (fo=0)                   0.000     0.000    ov7670_data[2]
    B15                  IBUF (Prop_ibuf_I_O)         1.470     1.470 r  ov7670_data_IBUF[2]_inst/O
                         net (fo=3, routed)           5.048     6.518    LED_OBUF[2]
    U19                  OBUF (Prop_obuf_I_O)         3.501    10.019 r  LED_OBUF[2]_inst/O
                         net (fo=0)                   0.000    10.019    LED[2]
    U19                                                               r  LED[2] (OUT)
  -------------------------------------------------------------------    -------------------

Slack:                    inf
  Source:                 ov7670_data[3]
                            (input port)
  Destination:            LED[3]
                            (output port)
  Path Group:             (none)
  Path Type:              Max at Slow Process Corner
  Data Path Delay:        9.686ns  (logic 4.959ns (51.199%)  route 4.727ns (48.801%))
  Logic Levels:           2  (IBUF=1 OBUF=1)

    Location             Delay type                Incr(ns)  Path(ns)    Netlist Resource(s)
  -------------------------------------------------------------------    -------------------
    C15                                               0.000     0.000 r  ov7670_data[3] (IN)
                         net (fo=0)                   0.000     0.000    ov7670_data[3]
    C15                  IBUF (Prop_ibuf_I_O)         1.450     1.450 r  ov7670_data_IBUF[3]_inst/O
                         net (fo=3, routed)           4.727     6.177    LED_OBUF[3]
    V19                  OBUF (Prop_obuf_I_O)         3.509     9.686 r  LED_OBUF[3]_inst/O
                         net (fo=0)                   0.000     9.686    LED[3]
    V19                                                               r  LED[3] (OUT)
  -------------------------------------------------------------------    -------------------

Slack:                    inf
  Source:                 ov7670_data[1]
                            (input port)
  Destination:            LED[1]
                            (output port)
  Path Group:             (none)
  Path Type:              Max at Slow Process Corner
  Data Path Delay:        9.196ns  (logic 4.983ns (54.183%)  route 4.213ns (45.817%))
  Logic Levels:           2  (IBUF=1 OBUF=1)

    Location             Delay type                Incr(ns)  Path(ns)    Netlist Resource(s)
  -------------------------------------------------------------------    -------------------
    A17                                               0.000     0.000 r  ov7670_data[1] (IN)
                         net (fo=0)                   0.000     0.000    ov7670_data[1]
    A17                  IBUF (Prop_ibuf_I_O)         1.453     1.453 r  ov7670_data_IBUF[1]_inst/O
                         net (fo=3, routed)           4.213     5.667    LED_OBUF[1]
    E19                  OBUF (Prop_obuf_I_O)         3.530     9.196 r  LED_OBUF[1]_inst/O
                         net (fo=0)                   0.000     9.196    LED[1]
    E19                                                               r  LED[1] (OUT)
  -------------------------------------------------------------------    -------------------

Slack:                    inf
  Source:                 ov7670_data[6]
                            (input port)
  Destination:            LED[6]
                            (output port)
  Path Group:             (none)
  Path Type:              Max at Slow Process Corner
  Data Path Delay:        7.922ns  (logic 4.988ns (62.969%)  route 2.934ns (37.031%))
  Logic Levels:           2  (IBUF=1 OBUF=1)

    Location             Delay type                Incr(ns)  Path(ns)    Netlist Resource(s)
  -------------------------------------------------------------------    -------------------
    K17                                               0.000     0.000 r  ov7670_data[6] (IN)
                         net (fo=0)                   0.000     0.000    ov7670_data[6]
    K17                  IBUF (Prop_ibuf_I_O)         1.482     1.482 r  ov7670_data_IBUF[6]_inst/O
                         net (fo=2, routed)           2.934     4.416    LED_OBUF[6]
    U14                  OBUF (Prop_obuf_I_O)         3.506     7.922 r  LED_OBUF[6]_inst/O
                         net (fo=0)                   0.000     7.922    LED[6]
    U14                                                               r  LED[6] (OUT)
  -------------------------------------------------------------------    -------------------

Slack:                    inf
  Source:                 ov7670_data[7]
                            (input port)
  Destination:            LED[7]
                            (output port)
  Path Group:             (none)
  Path Type:              Max at Slow Process Corner
  Data Path Delay:        7.818ns  (logic 4.977ns (63.657%)  route 2.841ns (36.343%))
  Logic Levels:           2  (IBUF=1 OBUF=1)

    Location             Delay type                Incr(ns)  Path(ns)    Netlist Resource(s)
  -------------------------------------------------------------------    -------------------
    L17                                               0.000     0.000 r  ov7670_data[7] (IN)
                         net (fo=0)                   0.000     0.000    ov7670_data[7]
    L17                  IBUF (Prop_ibuf_I_O)         1.476     1.476 r  ov7670_data_IBUF[7]_inst/O
                         net (fo=3, routed)           2.841     4.317    LED_OBUF[7]
    V14                  OBUF (Prop_obuf_I_O)         3.501     7.818 r  LED_OBUF[7]_inst/O
                         net (fo=0)                   0.000     7.818    LED[7]
    V14                                                               r  LED[7] (OUT)
  -------------------------------------------------------------------    -------------------

Slack:                    inf
  Source:                 ov7670_data[0]
                            (input port)
  Destination:            top_i/Pixel_Capture_0/U0/temp_reg_reg[0]/D
  Path Group:             (none)
  Path Type:              Max at Slow Process Corner
  Data Path Delay:        6.327ns  (logic 1.457ns (23.028%)  route 4.870ns (76.972%))
  Logic Levels:           1  (IBUF=1)

    Location             Delay type                Incr(ns)  Path(ns)    Netlist Resource(s)
  -------------------------------------------------------------------    -------------------
    A16                                               0.000     0.000 r  ov7670_data[0] (IN)
                         net (fo=0)                   0.000     0.000    ov7670_data[0]
    A16                  IBUF (Prop_ibuf_I_O)         1.457     1.457 r  ov7670_data_IBUF[0]_inst/O
                         net (fo=2, routed)           4.870     6.327    top_i/Pixel_Capture_0/U0/pixel_data_in[0]
    SLICE_X37Y39         FDRE                                         r  top_i/Pixel_Capture_0/U0/temp_reg_reg[0]/D
  -------------------------------------------------------------------    -------------------

Slack:                    inf
  Source:                 ov7670_data[1]
                            (input port)
  Destination:            top_i/Pixel_Capture_0/U0/full_pixel_reg[1]/D
  Path Group:             (none)
  Path Type:              Max at Slow Process Corner
  Data Path Delay:        6.155ns  (logic 1.453ns (23.611%)  route 4.702ns (76.389%))
  Logic Levels:           1  (IBUF=1)

    Location             Delay type                Incr(ns)  Path(ns)    Netlist Resource(s)
  -------------------------------------------------------------------    -------------------
    A17                                               0.000     0.000 r  ov7670_data[1] (IN)
                         net (fo=0)                   0.000     0.000    ov7670_data[1]
    A17                  IBUF (Prop_ibuf_I_O)         1.453     1.453 r  ov7670_data_IBUF[1]_inst/O
                         net (fo=3, routed)           4.702     6.155    top_i/Pixel_Capture_0/U0/pixel_data_in[1]
    SLICE_X41Y41         FDRE                                         r  top_i/Pixel_Capture_0/U0/full_pixel_reg[1]/D
  -------------------------------------------------------------------    -------------------





Min Delay Paths
--------------------------------------------------------------------------------------
Slack:                    inf
  Source:                 top_i/Pixel_Capture_0/U0/vsync_current_reg/C
                            (rising edge-triggered cell FDRE)
  Destination:            top_i/Pixel_Capture_0/U0/vsync_previous_reg/D
  Path Group:             (none)
  Path Type:              Min at Fast Process Corner
  Data Path Delay:        0.276ns  (logic 0.128ns (46.338%)  route 0.148ns (53.662%))
  Logic Levels:           1  (FDRE=1)

    Location             Delay type                Incr(ns)  Path(ns)    Netlist Resource(s)
  -------------------------------------------------------------------    -------------------
    SLICE_X28Y38         FDRE                         0.000     0.000 r  top_i/Pixel_Capture_0/U0/vsync_current_reg/C
    SLICE_X28Y38         FDRE (Prop_fdre_C_Q)         0.128     0.128 r  top_i/Pixel_Capture_0/U0/vsync_current_reg/Q
                         net (fo=3, routed)           0.148     0.276    top_i/Pixel_Capture_0/U0/vsync_current
    SLICE_X28Y38         FDRE                                         r  top_i/Pixel_Capture_0/U0/vsync_previous_reg/D
  -------------------------------------------------------------------    -------------------

Slack:                    inf
  Source:                 top_i/Pixel_Capture_0/U0/temp_reg_reg[2]/C
                            (rising edge-triggered cell FDRE)
  Destination:            top_i/Pixel_Capture_0/U0/full_pixel_reg[10]/D
  Path Group:             (none)
  Path Type:              Min at Fast Process Corner
  Data Path Delay:        0.294ns  (logic 0.141ns (47.936%)  route 0.153ns (52.064%))
  Logic Levels:           1  (FDRE=1)

    Location             Delay type                Incr(ns)  Path(ns)    Netlist Resource(s)
  -------------------------------------------------------------------    -------------------
    SLICE_X37Y40         FDRE                         0.000     0.000 r  top_i/Pixel_Capture_0/U0/temp_reg_reg[2]/C
    SLICE_X37Y40         FDRE (Prop_fdre_C_Q)         0.141     0.141 r  top_i/Pixel_Capture_0/U0/temp_reg_reg[2]/Q
                         net (fo=1, routed)           0.153     0.294    top_i/Pixel_Capture_0/U0/temp_reg[2]
    SLICE_X38Y40         FDRE                                         r  top_i/Pixel_Capture_0/U0/full_pixel_reg[10]/D
  -------------------------------------------------------------------    -------------------

Slack:                    inf
  Source:                 top_i/Pixel_Capture_0/U0/temp_reg_reg[5]/C
                            (rising edge-triggered cell FDRE)
  Destination:            top_i/Pixel_Capture_0/U0/full_pixel_reg[13]/D
  Path Group:             (none)
  Path Type:              Min at Fast Process Corner
  Data Path Delay:        0.302ns  (logic 0.141ns (46.667%)  route 0.161ns (53.333%))
  Logic Levels:           1  (FDRE=1)

    Location             Delay type                Incr(ns)  Path(ns)    Netlist Resource(s)
  -------------------------------------------------------------------    -------------------
    SLICE_X33Y40         FDRE                         0.000     0.000 r  top_i/Pixel_Capture_0/U0/temp_reg_reg[5]/C
    SLICE_X33Y40         FDRE (Prop_fdre_C_Q)         0.141     0.141 r  top_i/Pixel_Capture_0/U0/temp_reg_reg[5]/Q
                         net (fo=1, routed)           0.161     0.302    top_i/Pixel_Capture_0/U0/temp_reg[5]
    SLICE_X34Y40         FDRE                                         r  top_i/Pixel_Capture_0/U0/full_pixel_reg[13]/D
  -------------------------------------------------------------------    -------------------

Slack:                    inf
  Source:                 top_i/Pixel_Capture_0/U0/temp_reg_reg[6]/C
                            (rising edge-triggered cell FDRE)
  Destination:            top_i/Pixel_Capture_0/U0/full_pixel_reg[14]/D
  Path Group:             (none)
  Path Type:              Min at Fast Process Corner
  Data Path Delay:        0.302ns  (logic 0.141ns (46.667%)  route 0.161ns (53.333%))
  Logic Levels:           1  (FDRE=1)

    Location             Delay type                Incr(ns)  Path(ns)    Netlist Resource(s)
  -------------------------------------------------------------------    -------------------
    SLICE_X33Y39         FDRE                         0.000     0.000 r  top_i/Pixel_Capture_0/U0/temp_reg_reg[6]/C
    SLICE_X33Y39         FDRE (Prop_fdre_C_Q)         0.141     0.141 r  top_i/Pixel_Capture_0/U0/temp_reg_reg[6]/Q
                         net (fo=1, routed)           0.161     0.302    top_i/Pixel_Capture_0/U0/temp_reg[6]
    SLICE_X34Y39         FDRE                                         r  top_i/Pixel_Capture_0/U0/full_pixel_reg[14]/D
  -------------------------------------------------------------------    -------------------

Slack:                    inf
  Source:                 top_i/Pixel_Capture_0/U0/temp_reg_reg[7]/C
                            (rising edge-triggered cell FDRE)
  Destination:            top_i/Pixel_Capture_0/U0/full_pixel_reg[15]/D
  Path Group:             (none)
  Path Type:              Min at Fast Process Corner
  Data Path Delay:        0.302ns  (logic 0.141ns (46.647%)  route 0.161ns (53.353%))
  Logic Levels:           1  (FDRE=1)

    Location             Delay type                Incr(ns)  Path(ns)    Netlist Resource(s)
  -------------------------------------------------------------------    -------------------
    SLICE_X37Y39         FDRE                         0.000     0.000 r  top_i/Pixel_Capture_0/U0/temp_reg_reg[7]/C
    SLICE_X37Y39         FDRE (Prop_fdre_C_Q)         0.141     0.141 r  top_i/Pixel_Capture_0/U0/temp_reg_reg[7]/Q
                         net (fo=1, routed)           0.161     0.302    top_i/Pixel_Capture_0/U0/temp_reg[7]
    SLICE_X38Y39         FDRE                                         r  top_i/Pixel_Capture_0/U0/full_pixel_reg[15]/D
  -------------------------------------------------------------------    -------------------

Slack:                    inf
  Source:                 top_i/Pixel_Capture_0/U0/temp_reg_reg[1]/C
                            (rising edge-triggered cell FDRE)
  Destination:            top_i/Pixel_Capture_0/U0/full_pixel_reg[9]/D
  Path Group:             (none)
  Path Type:              Min at Fast Process Corner
  Data Path Delay:        0.310ns  (logic 0.141ns (45.504%)  route 0.169ns (54.496%))
  Logic Levels:           1  (FDRE=1)

    Location             Delay type                Incr(ns)  Path(ns)    Netlist Resource(s)
  -------------------------------------------------------------------    -------------------
    SLICE_X39Y40         FDRE                         0.000     0.000 r  top_i/Pixel_Capture_0/U0/temp_reg_reg[1]/C
    SLICE_X39Y40         FDRE (Prop_fdre_C_Q)         0.141     0.141 r  top_i/Pixel_Capture_0/U0/temp_reg_reg[1]/Q
                         net (fo=1, routed)           0.169     0.310    top_i/Pixel_Capture_0/U0/temp_reg[1]
    SLICE_X41Y40         FDRE                                         r  top_i/Pixel_Capture_0/U0/full_pixel_reg[9]/D
  -------------------------------------------------------------------    -------------------

Slack:                    inf
  Source:                 top_i/Pixel_Capture_0/U0/temp_reg_reg[0]/C
                            (rising edge-triggered cell FDRE)
  Destination:            top_i/Pixel_Capture_0/U0/full_pixel_reg[8]/D
  Path Group:             (none)
  Path Type:              Min at Fast Process Corner
  Data Path Delay:        0.311ns  (logic 0.141ns (45.298%)  route 0.170ns (54.702%))
  Logic Levels:           1  (FDRE=1)

    Location             Delay type                Incr(ns)  Path(ns)    Netlist Resource(s)
  -------------------------------------------------------------------    -------------------
    SLICE_X37Y39         FDRE                         0.000     0.000 r  top_i/Pixel_Capture_0/U0/temp_reg_reg[0]/C
    SLICE_X37Y39         FDRE (Prop_fdre_C_Q)         0.141     0.141 r  top_i/Pixel_Capture_0/U0/temp_reg_reg[0]/Q
                         net (fo=1, routed)           0.170     0.311    top_i/Pixel_Capture_0/U0/temp_reg[0]
    SLICE_X36Y39         FDRE                                         r  top_i/Pixel_Capture_0/U0/full_pixel_reg[8]/D
  -------------------------------------------------------------------    -------------------

Slack:                    inf
  Source:                 top_i/Pixel_Capture_0/U0/vsync_current_reg/C
                            (rising edge-triggered cell FDRE)
  Destination:            top_i/Pixel_Capture_0/U0/start_capture_frame_reg/D
  Path Group:             (none)
  Path Type:              Min at Fast Process Corner
  Data Path Delay:        0.316ns  (logic 0.227ns (71.758%)  route 0.089ns (28.242%))
  Logic Levels:           2  (FDRE=1 LUT4=1)

    Location             Delay type                Incr(ns)  Path(ns)    Netlist Resource(s)
  -------------------------------------------------------------------    -------------------
    SLICE_X28Y38         FDRE                         0.000     0.000 r  top_i/Pixel_Capture_0/U0/vsync_current_reg/C
    SLICE_X28Y38         FDRE (Prop_fdre_C_Q)         0.128     0.128 r  top_i/Pixel_Capture_0/U0/vsync_current_reg/Q
                         net (fo=3, routed)           0.089     0.217    top_i/Pixel_Capture_0/U0/vsync_current
    SLICE_X28Y38         LUT4 (Prop_lut4_I1_O)        0.099     0.316 r  top_i/Pixel_Capture_0/U0/start_capture_frame_i_1/O
                         net (fo=1, routed)           0.000     0.316    top_i/Pixel_Capture_0/U0/start_capture_frame_i_1_n_0
    SLICE_X28Y38         FDRE                                         r  top_i/Pixel_Capture_0/U0/start_capture_frame_reg/D
  -------------------------------------------------------------------    -------------------

Slack:                    inf
  Source:                 top_i/Pixel_Capture_0/U0/vsync_current_reg/C
                            (rising edge-triggered cell FDRE)
  Destination:            top_i/Pixel_Capture_0/U0/capturing_reg/D
  Path Group:             (none)
  Path Type:              Min at Fast Process Corner
  Data Path Delay:        0.317ns  (logic 0.227ns (71.532%)  route 0.090ns (28.468%))
  Logic Levels:           2  (FDRE=1 LUT5=1)

    Location             Delay type                Incr(ns)  Path(ns)    Netlist Resource(s)
  -------------------------------------------------------------------    -------------------
    SLICE_X28Y38         FDRE                         0.000     0.000 r  top_i/Pixel_Capture_0/U0/vsync_current_reg/C
    SLICE_X28Y38         FDRE (Prop_fdre_C_Q)         0.128     0.128 f  top_i/Pixel_Capture_0/U0/vsync_current_reg/Q
                         net (fo=3, routed)           0.090     0.218    top_i/Pixel_Capture_0/U0/vsync_current
    SLICE_X28Y38         LUT5 (Prop_lut5_I2_O)        0.099     0.317 r  top_i/Pixel_Capture_0/U0/capturing_i_1/O
                         net (fo=1, routed)           0.000     0.317    top_i/Pixel_Capture_0/U0/capturing_i_1_n_0
    SLICE_X28Y38         FDRE                                         r  top_i/Pixel_Capture_0/U0/capturing_reg/D
  -------------------------------------------------------------------    -------------------

Slack:                    inf
  Source:                 top_i/Pixel_Capture_0/U0/temp_reg_reg[3]/C
                            (rising edge-triggered cell FDRE)
  Destination:            top_i/Pixel_Capture_0/U0/full_pixel_reg[11]/D
  Path Group:             (none)
  Path Type:              Min at Fast Process Corner
  Data Path Delay:        0.344ns  (logic 0.141ns (41.003%)  route 0.203ns (58.997%))
  Logic Levels:           1  (FDRE=1)

    Location             Delay type                Incr(ns)  Path(ns)    Netlist Resource(s)
  -------------------------------------------------------------------    -------------------
    SLICE_X37Y40         FDRE                         0.000     0.000 r  top_i/Pixel_Capture_0/U0/temp_reg_reg[3]/C
    SLICE_X37Y40         FDRE (Prop_fdre_C_Q)         0.141     0.141 r  top_i/Pixel_Capture_0/U0/temp_reg_reg[3]/Q
                         net (fo=1, routed)           0.203     0.344    top_i/Pixel_Capture_0/U0/temp_reg[3]
    SLICE_X36Y40         FDRE                                         r  top_i/Pixel_Capture_0/U0/full_pixel_reg[11]/D
  -------------------------------------------------------------------    -------------------





--------------------------------------------------------------------------------------
Path Group:  (none)
From Clock:  clk_out25_top_clk_wiz_0_0
  To Clock:  

Max Delay            16 Endpoints
Min Delay            16 Endpoints
--------------------------------------------------------------------------------------


Max Delay Paths
--------------------------------------------------------------------------------------
Slack:                    inf
  Source:                 top_i/clk_wiz_0/inst/plle2_adv_inst/CLKOUT1
                            (clock source 'clk_out25_top_clk_wiz_0_0'  {rise@0.000ns fall@20.000ns period=40.000ns})
  Destination:            ov7670_xclk
                            (output port)
  Path Group:             (none)
  Path Type:              Max at Slow Process Corner
  Data Path Delay:        8.186ns  (logic 3.604ns (44.022%)  route 4.583ns (55.978%))
  Logic Levels:           2  (BUFG=1 OBUF=1)
  Clock Uncertainty:      0.201ns  ((TSJ^2 + DJ^2)^1/2) / 2 + PE
    Total System Jitter     (TSJ):    0.050ns
    Discrete Jitter          (DJ):    0.183ns
    Phase Error              (PE):    0.105ns

    Location             Delay type                Incr(ns)  Path(ns)    Netlist Resource(s)
  -------------------------------------------------------------------    -------------------
                         (clock clk_out25_top_clk_wiz_0_0 fall edge)
                                                     20.000    20.000 f  
    W5                                                0.000    20.000 f  sys_clock (IN)
                         net (fo=0)                   0.000    20.000    top_i/clk_wiz_0/inst/clk_in1
    W5                   IBUF (Prop_ibuf_I_O)         1.458    21.458 f  top_i/clk_wiz_0/inst/clkin1_ibufg/O
                         net (fo=1, routed)           1.253    22.711    top_i/clk_wiz_0/inst/clk_in1_top_clk_wiz_0_0
  -------------------------------------------------------------------    -------------------
    PLLE2_ADV_X1Y0       PLLE2_ADV (Prop_plle2_adv_CLKIN1_CLKOUT1)
                                                     -8.482    14.230 f  top_i/clk_wiz_0/inst/plle2_adv_inst/CLKOUT1
                         net (fo=1, routed)           1.655    15.885    top_i/clk_wiz_0/inst/clk_out25_top_clk_wiz_0_0
    BUFGCTRL_X0Y0        BUFG (Prop_bufg_I_O)         0.096    15.981 f  top_i/clk_wiz_0/inst/clkout2_buf/O
                         net (fo=147, routed)         2.927    18.908    ov7670_xclk_OBUF
    M18                  OBUF (Prop_obuf_I_O)         3.508    22.416 f  ov7670_xclk_OBUF_inst/O
                         net (fo=0)                   0.000    22.416    ov7670_xclk
    M18                                                               f  ov7670_xclk (OUT)
  -------------------------------------------------------------------    -------------------

Slack:                    inf
  Source:                 top_i/OutputFrame_Colour_0/U0/Vp_out_reg/C
                            (rising edge-triggered cell FDRE clocked by clk_out25_top_clk_wiz_0_0  {rise@0.000ns fall@20.000ns period=40.000ns})
  Destination:            Vsync
                            (output port)
  Path Group:             (none)
  Path Type:              Max at Slow Process Corner
  Data Path Delay:        7.100ns  (logic 3.959ns (55.767%)  route 3.140ns (44.233%))
  Logic Levels:           1  (OBUF=1)
  Clock Uncertainty:      0.201ns  ((TSJ^2 + DJ^2)^1/2) / 2 + PE
    Total System Jitter     (TSJ):    0.050ns
    Discrete Jitter          (DJ):    0.183ns
    Phase Error              (PE):    0.105ns

    Location             Delay type                Incr(ns)  Path(ns)    Netlist Resource(s)
  -------------------------------------------------------------------    -------------------
                         (clock clk_out25_top_clk_wiz_0_0 rise edge)
                                                      0.000     0.000 r  
    W5                                                0.000     0.000 r  sys_clock (IN)
                         net (fo=0)                   0.000     0.000    top_i/clk_wiz_0/inst/clk_in1
    W5                   IBUF (Prop_ibuf_I_O)         1.458     1.458 r  top_i/clk_wiz_0/inst/clkin1_ibufg/O
                         net (fo=1, routed)           1.253     2.711    top_i/clk_wiz_0/inst/clk_in1_top_clk_wiz_0_0
    PLLE2_ADV_X1Y0       PLLE2_ADV (Prop_plle2_adv_CLKIN1_CLKOUT1)
                                                     -8.482    -5.770 r  top_i/clk_wiz_0/inst/plle2_adv_inst/CLKOUT1
                         net (fo=1, routed)           1.655    -4.115    top_i/clk_wiz_0/inst/clk_out25_top_clk_wiz_0_0
    BUFGCTRL_X0Y0        BUFG (Prop_bufg_I_O)         0.096    -4.019 r  top_i/clk_wiz_0/inst/clkout2_buf/O
                         net (fo=147, routed)         1.565    -2.454    top_i/OutputFrame_Colour_0/U0/clk
    SLICE_X36Y43         FDRE                                         r  top_i/OutputFrame_Colour_0/U0/Vp_out_reg/C
  -------------------------------------------------------------------    -------------------
    SLICE_X36Y43         FDRE (Prop_fdre_C_Q)         0.456    -1.998 r  top_i/OutputFrame_Colour_0/U0/Vp_out_reg/Q
                         net (fo=1, routed)           3.140     1.143    Vsync_OBUF
    R19                  OBUF (Prop_obuf_I_O)         3.503     4.646 r  Vsync_OBUF_inst/O
                         net (fo=0)                   0.000     4.646    Vsync
    R19                                                               r  Vsync (OUT)
  -------------------------------------------------------------------    -------------------

Slack:                    inf
  Source:                 top_i/OutputFrame_Colour_0/U0/R_out_reg[3]/C
                            (rising edge-triggered cell FDRE clocked by clk_out25_top_clk_wiz_0_0  {rise@0.000ns fall@20.000ns period=40.000ns})
  Destination:            vgaRed[3]
                            (output port)
  Path Group:             (none)
  Path Type:              Max at Slow Process Corner
  Data Path Delay:        7.073ns  (logic 4.096ns (57.916%)  route 2.977ns (42.084%))
  Logic Levels:           1  (OBUF=1)
  Clock Uncertainty:      0.201ns  ((TSJ^2 + DJ^2)^1/2) / 2 + PE
    Total System Jitter     (TSJ):    0.050ns
    Discrete Jitter          (DJ):    0.183ns
    Phase Error              (PE):    0.105ns

    Location             Delay type                Incr(ns)  Path(ns)    Netlist Resource(s)
  -------------------------------------------------------------------    -------------------
                         (clock clk_out25_top_clk_wiz_0_0 rise edge)
                                                      0.000     0.000 r  
    W5                                                0.000     0.000 r  sys_clock (IN)
                         net (fo=0)                   0.000     0.000    top_i/clk_wiz_0/inst/clk_in1
    W5                   IBUF (Prop_ibuf_I_O)         1.458     1.458 r  top_i/clk_wiz_0/inst/clkin1_ibufg/O
                         net (fo=1, routed)           1.253     2.711    top_i/clk_wiz_0/inst/clk_in1_top_clk_wiz_0_0
    PLLE2_ADV_X1Y0       PLLE2_ADV (Prop_plle2_adv_CLKIN1_CLKOUT1)
                                                     -8.482    -5.770 r  top_i/clk_wiz_0/inst/plle2_adv_inst/CLKOUT1
                         net (fo=1, routed)           1.655    -4.115    top_i/clk_wiz_0/inst/clk_out25_top_clk_wiz_0_0
    BUFGCTRL_X0Y0        BUFG (Prop_bufg_I_O)         0.096    -4.019 r  top_i/clk_wiz_0/inst/clkout2_buf/O
                         net (fo=147, routed)         1.565    -2.454    top_i/OutputFrame_Colour_0/U0/clk
    SLICE_X33Y46         FDRE                                         r  top_i/OutputFrame_Colour_0/U0/R_out_reg[3]/C
  -------------------------------------------------------------------    -------------------
    SLICE_X33Y46         FDRE (Prop_fdre_C_Q)         0.419    -2.035 r  top_i/OutputFrame_Colour_0/U0/R_out_reg[3]/Q
                         net (fo=1, routed)           2.977     0.942    vgaRed_OBUF[3]
    N19                  OBUF (Prop_obuf_I_O)         3.677     4.620 r  vgaRed_OBUF[3]_inst/O
                         net (fo=0)                   0.000     4.620    vgaRed[3]
    N19                                                               r  vgaRed[3] (OUT)
  -------------------------------------------------------------------    -------------------

Slack:                    inf
  Source:                 top_i/OutputFrame_Colour_0/U0/B_out_reg[1]/C
                            (rising edge-triggered cell FDRE clocked by clk_out25_top_clk_wiz_0_0  {rise@0.000ns fall@20.000ns period=40.000ns})
  Destination:            vgaBlue[1]
                            (output port)
  Path Group:             (none)
  Path Type:              Max at Slow Process Corner
  Data Path Delay:        7.004ns  (logic 4.021ns (57.419%)  route 2.982ns (42.581%))
  Logic Levels:           1  (OBUF=1)
  Clock Uncertainty:      0.201ns  ((TSJ^2 + DJ^2)^1/2) / 2 + PE
    Total System Jitter     (TSJ):    0.050ns
    Discrete Jitter          (DJ):    0.183ns
    Phase Error              (PE):    0.105ns

    Location             Delay type                Incr(ns)  Path(ns)    Netlist Resource(s)
  -------------------------------------------------------------------    -------------------
                         (clock clk_out25_top_clk_wiz_0_0 rise edge)
                                                      0.000     0.000 r  
    W5                                                0.000     0.000 r  sys_clock (IN)
                         net (fo=0)                   0.000     0.000    top_i/clk_wiz_0/inst/clk_in1
    W5                   IBUF (Prop_ibuf_I_O)         1.458     1.458 r  top_i/clk_wiz_0/inst/clkin1_ibufg/O
                         net (fo=1, routed)           1.253     2.711    top_i/clk_wiz_0/inst/clk_in1_top_clk_wiz_0_0
    PLLE2_ADV_X1Y0       PLLE2_ADV (Prop_plle2_adv_CLKIN1_CLKOUT1)
                                                     -8.482    -5.770 r  top_i/clk_wiz_0/inst/plle2_adv_inst/CLKOUT1
                         net (fo=1, routed)           1.655    -4.115    top_i/clk_wiz_0/inst/clk_out25_top_clk_wiz_0_0
    BUFGCTRL_X0Y0        BUFG (Prop_bufg_I_O)         0.096    -4.019 r  top_i/clk_wiz_0/inst/clkout2_buf/O
                         net (fo=147, routed)         1.564    -2.455    top_i/OutputFrame_Colour_0/U0/clk
    SLICE_X34Y45         FDRE                                         r  top_i/OutputFrame_Colour_0/U0/B_out_reg[1]/C
  -------------------------------------------------------------------    -------------------
    SLICE_X34Y45         FDRE (Prop_fdre_C_Q)         0.518    -1.937 r  top_i/OutputFrame_Colour_0/U0/B_out_reg[1]/Q
                         net (fo=1, routed)           2.982     1.046    vgaBlue_OBUF[1]
    L18                  OBUF (Prop_obuf_I_O)         3.503     4.549 r  vgaBlue_OBUF[1]_inst/O
                         net (fo=0)                   0.000     4.549    vgaBlue[1]
    L18                                                               r  vgaBlue[1] (OUT)
  -------------------------------------------------------------------    -------------------

Slack:                    inf
  Source:                 top_i/OutputFrame_Colour_0/U0/Hp_out_reg/C
                            (rising edge-triggered cell FDRE clocked by clk_out25_top_clk_wiz_0_0  {rise@0.000ns fall@20.000ns period=40.000ns})
  Destination:            Hsync
                            (output port)
  Path Group:             (none)
  Path Type:              Max at Slow Process Corner
  Data Path Delay:        6.969ns  (logic 3.953ns (56.718%)  route 3.016ns (43.282%))
  Logic Levels:           1  (OBUF=1)
  Clock Uncertainty:      0.201ns  ((TSJ^2 + DJ^2)^1/2) / 2 + PE
    Total System Jitter     (TSJ):    0.050ns
    Discrete Jitter          (DJ):    0.183ns
    Phase Error              (PE):    0.105ns

    Location             Delay type                Incr(ns)  Path(ns)    Netlist Resource(s)
  -------------------------------------------------------------------    -------------------
                         (clock clk_out25_top_clk_wiz_0_0 rise edge)
                                                      0.000     0.000 r  
    W5                                                0.000     0.000 r  sys_clock (IN)
                         net (fo=0)                   0.000     0.000    top_i/clk_wiz_0/inst/clk_in1
    W5                   IBUF (Prop_ibuf_I_O)         1.458     1.458 r  top_i/clk_wiz_0/inst/clkin1_ibufg/O
                         net (fo=1, routed)           1.253     2.711    top_i/clk_wiz_0/inst/clk_in1_top_clk_wiz_0_0
    PLLE2_ADV_X1Y0       PLLE2_ADV (Prop_plle2_adv_CLKIN1_CLKOUT1)
                                                     -8.482    -5.770 r  top_i/clk_wiz_0/inst/plle2_adv_inst/CLKOUT1
                         net (fo=1, routed)           1.655    -4.115    top_i/clk_wiz_0/inst/clk_out25_top_clk_wiz_0_0
    BUFGCTRL_X0Y0        BUFG (Prop_bufg_I_O)         0.096    -4.019 r  top_i/clk_wiz_0/inst/clkout2_buf/O
                         net (fo=147, routed)         1.565    -2.454    top_i/OutputFrame_Colour_0/U0/clk
    SLICE_X37Y46         FDRE                                         r  top_i/OutputFrame_Colour_0/U0/Hp_out_reg/C
  -------------------------------------------------------------------    -------------------
    SLICE_X37Y46         FDRE (Prop_fdre_C_Q)         0.456    -1.998 r  top_i/OutputFrame_Colour_0/U0/Hp_out_reg/Q
                         net (fo=1, routed)           3.016     1.019    Hsync_OBUF
    P19                  OBUF (Prop_obuf_I_O)         3.497     4.515 r  Hsync_OBUF_inst/O
                         net (fo=0)                   0.000     4.515    Hsync
    P19                                                               r  Hsync (OUT)
  -------------------------------------------------------------------    -------------------

Slack:                    inf
  Source:                 top_i/OutputFrame_Colour_0/U0/B_out_reg[2]/C
                            (rising edge-triggered cell FDRE clocked by clk_out25_top_clk_wiz_0_0  {rise@0.000ns fall@20.000ns period=40.000ns})
  Destination:            vgaBlue[2]
                            (output port)
  Path Group:             (none)
  Path Type:              Max at Slow Process Corner
  Data Path Delay:        6.871ns  (logic 4.037ns (58.755%)  route 2.834ns (41.245%))
  Logic Levels:           1  (OBUF=1)
  Clock Uncertainty:      0.201ns  ((TSJ^2 + DJ^2)^1/2) / 2 + PE
    Total System Jitter     (TSJ):    0.050ns
    Discrete Jitter          (DJ):    0.183ns
    Phase Error              (PE):    0.105ns

    Location             Delay type                Incr(ns)  Path(ns)    Netlist Resource(s)
  -------------------------------------------------------------------    -------------------
                         (clock clk_out25_top_clk_wiz_0_0 rise edge)
                                                      0.000     0.000 r  
    W5                                                0.000     0.000 r  sys_clock (IN)
                         net (fo=0)                   0.000     0.000    top_i/clk_wiz_0/inst/clk_in1
    W5                   IBUF (Prop_ibuf_I_O)         1.458     1.458 r  top_i/clk_wiz_0/inst/clkin1_ibufg/O
                         net (fo=1, routed)           1.253     2.711    top_i/clk_wiz_0/inst/clk_in1_top_clk_wiz_0_0
    PLLE2_ADV_X1Y0       PLLE2_ADV (Prop_plle2_adv_CLKIN1_CLKOUT1)
                                                     -8.482    -5.770 r  top_i/clk_wiz_0/inst/plle2_adv_inst/CLKOUT1
                         net (fo=1, routed)           1.655    -4.115    top_i/clk_wiz_0/inst/clk_out25_top_clk_wiz_0_0
    BUFGCTRL_X0Y0        BUFG (Prop_bufg_I_O)         0.096    -4.019 r  top_i/clk_wiz_0/inst/clkout2_buf/O
                         net (fo=147, routed)         1.564    -2.455    top_i/OutputFrame_Colour_0/U0/clk
    SLICE_X34Y46         FDRE                                         r  top_i/OutputFrame_Colour_0/U0/B_out_reg[2]/C
  -------------------------------------------------------------------    -------------------
    SLICE_X34Y46         FDRE (Prop_fdre_C_Q)         0.518    -1.937 r  top_i/OutputFrame_Colour_0/U0/B_out_reg[2]/Q
                         net (fo=1, routed)           2.834     0.897    vgaBlue_OBUF[2]
    K18                  OBUF (Prop_obuf_I_O)         3.519     4.416 r  vgaBlue_OBUF[2]_inst/O
                         net (fo=0)                   0.000     4.416    vgaBlue[2]
    K18                                                               r  vgaBlue[2] (OUT)
  -------------------------------------------------------------------    -------------------

Slack:                    inf
  Source:                 top_i/OutputFrame_Colour_0/U0/B_out_reg[3]/C
                            (rising edge-triggered cell FDRE clocked by clk_out25_top_clk_wiz_0_0  {rise@0.000ns fall@20.000ns period=40.000ns})
  Destination:            vgaBlue[3]
                            (output port)
  Path Group:             (none)
  Path Type:              Max at Slow Process Corner
  Data Path Delay:        6.865ns  (logic 4.043ns (58.886%)  route 2.823ns (41.114%))
  Logic Levels:           1  (OBUF=1)
  Clock Uncertainty:      0.201ns  ((TSJ^2 + DJ^2)^1/2) / 2 + PE
    Total System Jitter     (TSJ):    0.050ns
    Discrete Jitter          (DJ):    0.183ns
    Phase Error              (PE):    0.105ns

    Location             Delay type                Incr(ns)  Path(ns)    Netlist Resource(s)
  -------------------------------------------------------------------    -------------------
                         (clock clk_out25_top_clk_wiz_0_0 rise edge)
                                                      0.000     0.000 r  
    W5                                                0.000     0.000 r  sys_clock (IN)
                         net (fo=0)                   0.000     0.000    top_i/clk_wiz_0/inst/clk_in1
    W5                   IBUF (Prop_ibuf_I_O)         1.458     1.458 r  top_i/clk_wiz_0/inst/clkin1_ibufg/O
                         net (fo=1, routed)           1.253     2.711    top_i/clk_wiz_0/inst/clk_in1_top_clk_wiz_0_0
    PLLE2_ADV_X1Y0       PLLE2_ADV (Prop_plle2_adv_CLKIN1_CLKOUT1)
                                                     -8.482    -5.770 r  top_i/clk_wiz_0/inst/plle2_adv_inst/CLKOUT1
                         net (fo=1, routed)           1.655    -4.115    top_i/clk_wiz_0/inst/clk_out25_top_clk_wiz_0_0
    BUFGCTRL_X0Y0        BUFG (Prop_bufg_I_O)         0.096    -4.019 r  top_i/clk_wiz_0/inst/clkout2_buf/O
                         net (fo=147, routed)         1.564    -2.455    top_i/OutputFrame_Colour_0/U0/clk
    SLICE_X34Y46         FDRE                                         r  top_i/OutputFrame_Colour_0/U0/B_out_reg[3]/C
  -------------------------------------------------------------------    -------------------
    SLICE_X34Y46         FDRE (Prop_fdre_C_Q)         0.518    -1.937 r  top_i/OutputFrame_Colour_0/U0/B_out_reg[3]/Q
                         net (fo=1, routed)           2.823     0.886    vgaBlue_OBUF[3]
    J18                  OBUF (Prop_obuf_I_O)         3.525     4.411 r  vgaBlue_OBUF[3]_inst/O
                         net (fo=0)                   0.000     4.411    vgaBlue[3]
    J18                                                               r  vgaBlue[3] (OUT)
  -------------------------------------------------------------------    -------------------

Slack:                    inf
  Source:                 top_i/OutputFrame_Colour_0/U0/B_out_reg[0]/C
                            (rising edge-triggered cell FDRE clocked by clk_out25_top_clk_wiz_0_0  {rise@0.000ns fall@20.000ns period=40.000ns})
  Destination:            vgaBlue[0]
                            (output port)
  Path Group:             (none)
  Path Type:              Max at Slow Process Corner
  Data Path Delay:        6.856ns  (logic 4.013ns (58.534%)  route 2.843ns (41.466%))
  Logic Levels:           1  (OBUF=1)
  Clock Uncertainty:      0.201ns  ((TSJ^2 + DJ^2)^1/2) / 2 + PE
    Total System Jitter     (TSJ):    0.050ns
    Discrete Jitter          (DJ):    0.183ns
    Phase Error              (PE):    0.105ns

    Location             Delay type                Incr(ns)  Path(ns)    Netlist Resource(s)
  -------------------------------------------------------------------    -------------------
                         (clock clk_out25_top_clk_wiz_0_0 rise edge)
                                                      0.000     0.000 r  
    W5                                                0.000     0.000 r  sys_clock (IN)
                         net (fo=0)                   0.000     0.000    top_i/clk_wiz_0/inst/clk_in1
    W5                   IBUF (Prop_ibuf_I_O)         1.458     1.458 r  top_i/clk_wiz_0/inst/clkin1_ibufg/O
                         net (fo=1, routed)           1.253     2.711    top_i/clk_wiz_0/inst/clk_in1_top_clk_wiz_0_0
    PLLE2_ADV_X1Y0       PLLE2_ADV (Prop_plle2_adv_CLKIN1_CLKOUT1)
                                                     -8.482    -5.770 r  top_i/clk_wiz_0/inst/plle2_adv_inst/CLKOUT1
                         net (fo=1, routed)           1.655    -4.115    top_i/clk_wiz_0/inst/clk_out25_top_clk_wiz_0_0
    BUFGCTRL_X0Y0        BUFG (Prop_bufg_I_O)         0.096    -4.019 r  top_i/clk_wiz_0/inst/clkout2_buf/O
                         net (fo=147, routed)         1.564    -2.455    top_i/OutputFrame_Colour_0/U0/clk
    SLICE_X34Y46         FDRE                                         r  top_i/OutputFrame_Colour_0/U0/B_out_reg[0]/C
  -------------------------------------------------------------------    -------------------
    SLICE_X34Y46         FDRE (Prop_fdre_C_Q)         0.518    -1.937 r  top_i/OutputFrame_Colour_0/U0/B_out_reg[0]/Q
                         net (fo=1, routed)           2.843     0.907    vgaBlue_OBUF[0]
    N18                  OBUF (Prop_obuf_I_O)         3.495     4.402 r  vgaBlue_OBUF[0]_inst/O
                         net (fo=0)                   0.000     4.402    vgaBlue[0]
    N18                                                               r  vgaBlue[0] (OUT)
  -------------------------------------------------------------------    -------------------

Slack:                    inf
  Source:                 top_i/OutputFrame_Colour_0/U0/R_out_reg[2]/C
                            (rising edge-triggered cell FDRE clocked by clk_out25_top_clk_wiz_0_0  {rise@0.000ns fall@20.000ns period=40.000ns})
  Destination:            vgaRed[2]
                            (output port)
  Path Group:             (none)
  Path Type:              Max at Slow Process Corner
  Data Path Delay:        6.810ns  (logic 4.174ns (61.289%)  route 2.636ns (38.711%))
  Logic Levels:           1  (OBUF=1)
  Clock Uncertainty:      0.201ns  ((TSJ^2 + DJ^2)^1/2) / 2 + PE
    Total System Jitter     (TSJ):    0.050ns
    Discrete Jitter          (DJ):    0.183ns
    Phase Error              (PE):    0.105ns

    Location             Delay type                Incr(ns)  Path(ns)    Netlist Resource(s)
  -------------------------------------------------------------------    -------------------
                         (clock clk_out25_top_clk_wiz_0_0 rise edge)
                                                      0.000     0.000 r  
    W5                                                0.000     0.000 r  sys_clock (IN)
                         net (fo=0)                   0.000     0.000    top_i/clk_wiz_0/inst/clk_in1
    W5                   IBUF (Prop_ibuf_I_O)         1.458     1.458 r  top_i/clk_wiz_0/inst/clkin1_ibufg/O
                         net (fo=1, routed)           1.253     2.711    top_i/clk_wiz_0/inst/clk_in1_top_clk_wiz_0_0
    PLLE2_ADV_X1Y0       PLLE2_ADV (Prop_plle2_adv_CLKIN1_CLKOUT1)
                                                     -8.482    -5.770 r  top_i/clk_wiz_0/inst/plle2_adv_inst/CLKOUT1
                         net (fo=1, routed)           1.655    -4.115    top_i/clk_wiz_0/inst/clk_out25_top_clk_wiz_0_0
    BUFGCTRL_X0Y0        BUFG (Prop_bufg_I_O)         0.096    -4.019 r  top_i/clk_wiz_0/inst/clkout2_buf/O
                         net (fo=147, routed)         1.564    -2.455    top_i/OutputFrame_Colour_0/U0/clk
    SLICE_X34Y45         FDRE                                         r  top_i/OutputFrame_Colour_0/U0/R_out_reg[2]/C
  -------------------------------------------------------------------    -------------------
    SLICE_X34Y45         FDRE (Prop_fdre_C_Q)         0.478    -1.977 r  top_i/OutputFrame_Colour_0/U0/R_out_reg[2]/Q
                         net (fo=1, routed)           2.636     0.660    vgaRed_OBUF[2]
    J19                  OBUF (Prop_obuf_I_O)         3.696     4.356 r  vgaRed_OBUF[2]_inst/O
                         net (fo=0)                   0.000     4.356    vgaRed[2]
    J19                                                               r  vgaRed[2] (OUT)
  -------------------------------------------------------------------    -------------------

Slack:                    inf
  Source:                 top_i/OutputFrame_Colour_0/U0/G_out_reg[1]/C
                            (rising edge-triggered cell FDRE clocked by clk_out25_top_clk_wiz_0_0  {rise@0.000ns fall@20.000ns period=40.000ns})
  Destination:            vgaGreen[1]
                            (output port)
  Path Group:             (none)
  Path Type:              Max at Slow Process Corner
  Data Path Delay:        6.801ns  (logic 4.023ns (59.162%)  route 2.777ns (40.838%))
  Logic Levels:           1  (OBUF=1)
  Clock Uncertainty:      0.201ns  ((TSJ^2 + DJ^2)^1/2) / 2 + PE
    Total System Jitter     (TSJ):    0.050ns
    Discrete Jitter          (DJ):    0.183ns
    Phase Error              (PE):    0.105ns

    Location             Delay type                Incr(ns)  Path(ns)    Netlist Resource(s)
  -------------------------------------------------------------------    -------------------
                         (clock clk_out25_top_clk_wiz_0_0 rise edge)
                                                      0.000     0.000 r  
    W5                                                0.000     0.000 r  sys_clock (IN)
                         net (fo=0)                   0.000     0.000    top_i/clk_wiz_0/inst/clk_in1
    W5                   IBUF (Prop_ibuf_I_O)         1.458     1.458 r  top_i/clk_wiz_0/inst/clkin1_ibufg/O
                         net (fo=1, routed)           1.253     2.711    top_i/clk_wiz_0/inst/clk_in1_top_clk_wiz_0_0
    PLLE2_ADV_X1Y0       PLLE2_ADV (Prop_plle2_adv_CLKIN1_CLKOUT1)
                                                     -8.482    -5.770 r  top_i/clk_wiz_0/inst/plle2_adv_inst/CLKOUT1
                         net (fo=1, routed)           1.655    -4.115    top_i/clk_wiz_0/inst/clk_out25_top_clk_wiz_0_0
    BUFGCTRL_X0Y0        BUFG (Prop_bufg_I_O)         0.096    -4.019 r  top_i/clk_wiz_0/inst/clkout2_buf/O
                         net (fo=147, routed)         1.564    -2.455    top_i/OutputFrame_Colour_0/U0/clk
    SLICE_X34Y45         FDRE                                         r  top_i/OutputFrame_Colour_0/U0/G_out_reg[1]/C
  -------------------------------------------------------------------    -------------------
    SLICE_X34Y45         FDRE (Prop_fdre_C_Q)         0.518    -1.937 r  top_i/OutputFrame_Colour_0/U0/G_out_reg[1]/Q
                         net (fo=1, routed)           2.777     0.841    vgaGreen_OBUF[1]
    H17                  OBUF (Prop_obuf_I_O)         3.505     4.346 r  vgaGreen_OBUF[1]_inst/O
                         net (fo=0)                   0.000     4.346    vgaGreen[1]
    H17                                                               r  vgaGreen[1] (OUT)
  -------------------------------------------------------------------    -------------------





Min Delay Paths
--------------------------------------------------------------------------------------
Slack:                    inf
  Source:                 top_i/debouncer_0/U0/debounced_reg/C
                            (rising edge-triggered cell FDRE clocked by clk_out25_top_clk_wiz_0_0  {rise@0.000ns fall@20.000ns period=40.000ns})
  Destination:            top_i/Pixel_Capture_0/U0/start_capture_frame_reg/D
  Path Group:             (none)
  Path Type:              Min at Slow Process Corner
  Data Path Delay:        0.996ns  (logic 0.467ns (46.899%)  route 0.529ns (53.101%))
  Logic Levels:           1  (LUT4=1)
  Clock Uncertainty:      0.201ns  ((TSJ^2 + DJ^2)^1/2) / 2 + PE
    Total System Jitter     (TSJ):    0.050ns
    Discrete Jitter          (DJ):    0.183ns
    Phase Error              (PE):    0.105ns

    Location             Delay type                Incr(ns)  Path(ns)    Netlist Resource(s)
  -------------------------------------------------------------------    -------------------
                         (clock clk_out25_top_clk_wiz_0_0 rise edge)
                                                      0.000     0.000 r  
    W5                                                0.000     0.000 r  sys_clock (IN)
                         net (fo=0)                   0.000     0.000    top_i/clk_wiz_0/inst/clk_in1
    W5                   IBUF (Prop_ibuf_I_O)         1.388     1.388 r  top_i/clk_wiz_0/inst/clkin1_ibufg/O
                         net (fo=1, routed)           1.181     2.569    top_i/clk_wiz_0/inst/clk_in1_top_clk_wiz_0_0
    PLLE2_ADV_X1Y0       PLLE2_ADV (Prop_plle2_adv_CLKIN1_CLKOUT1)
                                                     -7.750    -5.181 r  top_i/clk_wiz_0/inst/plle2_adv_inst/CLKOUT1
                         net (fo=1, routed)           1.576    -3.604    top_i/clk_wiz_0/inst/clk_out25_top_clk_wiz_0_0
    BUFGCTRL_X0Y0        BUFG (Prop_bufg_I_O)         0.091    -3.513 r  top_i/clk_wiz_0/inst/clkout2_buf/O
                         net (fo=147, routed)         1.443    -2.070    top_i/debouncer_0/U0/clk
    SLICE_X28Y37         FDRE                                         r  top_i/debouncer_0/U0/debounced_reg/C
  -------------------------------------------------------------------    -------------------
    SLICE_X28Y37         FDRE (Prop_fdre_C_Q)         0.367    -1.703 r  top_i/debouncer_0/U0/debounced_reg/Q
                         net (fo=1, routed)           0.529    -1.174    top_i/Pixel_Capture_0/U0/capture_frame
    SLICE_X28Y38         LUT4 (Prop_lut4_I0_O)        0.100    -1.074 r  top_i/Pixel_Capture_0/U0/start_capture_frame_i_1/O
                         net (fo=1, routed)           0.000    -1.074    top_i/Pixel_Capture_0/U0/start_capture_frame_i_1_n_0
    SLICE_X28Y38         FDRE                                         r  top_i/Pixel_Capture_0/U0/start_capture_frame_reg/D
  -------------------------------------------------------------------    -------------------

Slack:                    inf
  Source:                 top_i/clk_wiz_0/inst/plle2_adv_inst/CLKOUT1
                            (clock source 'clk_out25_top_clk_wiz_0_0'  {rise@0.000ns fall@20.000ns period=40.000ns})
  Destination:            ov7670_xclk
                            (output port)
  Path Group:             (none)
  Path Type:              Min at Fast Process Corner
  Data Path Delay:        2.475ns  (logic 1.235ns (49.892%)  route 1.240ns (50.108%))
  Logic Levels:           2  (BUFG=1 OBUF=1)
  Clock Uncertainty:      0.201ns  ((TSJ^2 + DJ^2)^1/2) / 2 + PE
    Total System Jitter     (TSJ):    0.050ns
    Discrete Jitter          (DJ):    0.183ns
    Phase Error              (PE):    0.105ns

    Location             Delay type                Incr(ns)  Path(ns)    Netlist Resource(s)
  -------------------------------------------------------------------    -------------------
                         (clock clk_out25_top_clk_wiz_0_0 rise edge)
                                                      0.000     0.000 r  
    W5                                                0.000     0.000 r  sys_clock (IN)
                         net (fo=0)                   0.000     0.000    top_i/clk_wiz_0/inst/clk_in1
    W5                   IBUF (Prop_ibuf_I_O)         0.226     0.226 r  top_i/clk_wiz_0/inst/clkin1_ibufg/O
                         net (fo=1, routed)           0.440     0.667    top_i/clk_wiz_0/inst/clk_in1_top_clk_wiz_0_0
  -------------------------------------------------------------------    -------------------
    PLLE2_ADV_X1Y0       PLLE2_ADV (Prop_plle2_adv_CLKIN1_CLKOUT1)
                                                     -2.322    -1.656 r  top_i/clk_wiz_0/inst/plle2_adv_inst/CLKOUT1
                         net (fo=1, routed)           0.501    -1.155    top_i/clk_wiz_0/inst/clk_out25_top_clk_wiz_0_0
    BUFGCTRL_X0Y0        BUFG (Prop_bufg_I_O)         0.026    -1.129 r  top_i/clk_wiz_0/inst/clkout2_buf/O
                         net (fo=147, routed)         0.739    -0.390    ov7670_xclk_OBUF
    M18                  OBUF (Prop_obuf_I_O)         1.209     0.819 r  ov7670_xclk_OBUF_inst/O
                         net (fo=0)                   0.000     0.819    ov7670_xclk
    M18                                                               r  ov7670_xclk (OUT)
  -------------------------------------------------------------------    -------------------

Slack:                    inf
  Source:                 top_i/OutputFrame_Colour_0/U0/G_out_reg[0]/C
                            (rising edge-triggered cell FDRE clocked by clk_out25_top_clk_wiz_0_0  {rise@0.000ns fall@20.000ns period=40.000ns})
  Destination:            vgaGreen[0]
                            (output port)
  Path Group:             (none)
  Path Type:              Min at Fast Process Corner
  Data Path Delay:        2.061ns  (logic 1.386ns (67.236%)  route 0.675ns (32.764%))
  Logic Levels:           1  (OBUF=1)
  Clock Uncertainty:      0.201ns  ((TSJ^2 + DJ^2)^1/2) / 2 + PE
    Total System Jitter     (TSJ):    0.050ns
    Discrete Jitter          (DJ):    0.183ns
    Phase Error              (PE):    0.105ns

    Location             Delay type                Incr(ns)  Path(ns)    Netlist Resource(s)
  -------------------------------------------------------------------    -------------------
                         (clock clk_out25_top_clk_wiz_0_0 rise edge)
                                                      0.000     0.000 r  
    W5                                                0.000     0.000 r  sys_clock (IN)
                         net (fo=0)                   0.000     0.000    top_i/clk_wiz_0/inst/clk_in1
    W5                   IBUF (Prop_ibuf_I_O)         0.226     0.226 r  top_i/clk_wiz_0/inst/clkin1_ibufg/O
                         net (fo=1, routed)           0.440     0.667    top_i/clk_wiz_0/inst/clk_in1_top_clk_wiz_0_0
    PLLE2_ADV_X1Y0       PLLE2_ADV (Prop_plle2_adv_CLKIN1_CLKOUT1)
                                                     -2.322    -1.656 r  top_i/clk_wiz_0/inst/plle2_adv_inst/CLKOUT1
                         net (fo=1, routed)           0.501    -1.155    top_i/clk_wiz_0/inst/clk_out25_top_clk_wiz_0_0
    BUFGCTRL_X0Y0        BUFG (Prop_bufg_I_O)         0.026    -1.129 r  top_i/clk_wiz_0/inst/clkout2_buf/O
                         net (fo=147, routed)         0.562    -0.567    top_i/OutputFrame_Colour_0/U0/clk
    SLICE_X34Y46         FDRE                                         r  top_i/OutputFrame_Colour_0/U0/G_out_reg[0]/C
  -------------------------------------------------------------------    -------------------
    SLICE_X34Y46         FDRE (Prop_fdre_C_Q)         0.164    -0.403 r  top_i/OutputFrame_Colour_0/U0/G_out_reg[0]/Q
                         net (fo=1, routed)           0.675     0.272    vgaGreen_OBUF[0]
    J17                  OBUF (Prop_obuf_I_O)         1.222     1.494 r  vgaGreen_OBUF[0]_inst/O
                         net (fo=0)                   0.000     1.494    vgaGreen[0]
    J17                                                               r  vgaGreen[0] (OUT)
  -------------------------------------------------------------------    -------------------

Slack:                    inf
  Source:                 top_i/OutputFrame_Colour_0/U0/R_out_reg[1]/C
                            (rising edge-triggered cell FDRE clocked by clk_out25_top_clk_wiz_0_0  {rise@0.000ns fall@20.000ns period=40.000ns})
  Destination:            vgaRed[1]
                            (output port)
  Path Group:             (none)
  Path Type:              Min at Fast Process Corner
  Data Path Delay:        2.127ns  (logic 1.422ns (66.869%)  route 0.705ns (33.131%))
  Logic Levels:           1  (OBUF=1)
  Clock Uncertainty:      0.201ns  ((TSJ^2 + DJ^2)^1/2) / 2 + PE
    Total System Jitter     (TSJ):    0.050ns
    Discrete Jitter          (DJ):    0.183ns
    Phase Error              (PE):    0.105ns

    Location             Delay type                Incr(ns)  Path(ns)    Netlist Resource(s)
  -------------------------------------------------------------------    -------------------
                         (clock clk_out25_top_clk_wiz_0_0 rise edge)
                                                      0.000     0.000 r  
    W5                                                0.000     0.000 r  sys_clock (IN)
                         net (fo=0)                   0.000     0.000    top_i/clk_wiz_0/inst/clk_in1
    W5                   IBUF (Prop_ibuf_I_O)         0.226     0.226 r  top_i/clk_wiz_0/inst/clkin1_ibufg/O
                         net (fo=1, routed)           0.440     0.667    top_i/clk_wiz_0/inst/clk_in1_top_clk_wiz_0_0
    PLLE2_ADV_X1Y0       PLLE2_ADV (Prop_plle2_adv_CLKIN1_CLKOUT1)
                                                     -2.322    -1.656 r  top_i/clk_wiz_0/inst/plle2_adv_inst/CLKOUT1
                         net (fo=1, routed)           0.501    -1.155    top_i/clk_wiz_0/inst/clk_out25_top_clk_wiz_0_0
    BUFGCTRL_X0Y0        BUFG (Prop_bufg_I_O)         0.026    -1.129 r  top_i/clk_wiz_0/inst/clkout2_buf/O
                         net (fo=147, routed)         0.562    -0.567    top_i/OutputFrame_Colour_0/U0/clk
    SLICE_X34Y45         FDRE                                         r  top_i/OutputFrame_Colour_0/U0/R_out_reg[1]/C
  -------------------------------------------------------------------    -------------------
    SLICE_X34Y45         FDRE (Prop_fdre_C_Q)         0.148    -0.419 r  top_i/OutputFrame_Colour_0/U0/R_out_reg[1]/Q
                         net (fo=1, routed)           0.705     0.285    vgaRed_OBUF[1]
    H19                  OBUF (Prop_obuf_I_O)         1.274     1.560 r  vgaRed_OBUF[1]_inst/O
                         net (fo=0)                   0.000     1.560    vgaRed[1]
    H19                                                               r  vgaRed[1] (OUT)
  -------------------------------------------------------------------    -------------------

Slack:                    inf
  Source:                 top_i/OutputFrame_Colour_0/U0/G_out_reg[2]/C
                            (rising edge-triggered cell FDRE clocked by clk_out25_top_clk_wiz_0_0  {rise@0.000ns fall@20.000ns period=40.000ns})
  Destination:            vgaGreen[2]
                            (output port)
  Path Group:             (none)
  Path Type:              Min at Fast Process Corner
  Data Path Delay:        2.228ns  (logic 1.394ns (62.555%)  route 0.834ns (37.445%))
  Logic Levels:           1  (OBUF=1)
  Clock Uncertainty:      0.201ns  ((TSJ^2 + DJ^2)^1/2) / 2 + PE
    Total System Jitter     (TSJ):    0.050ns
    Discrete Jitter          (DJ):    0.183ns
    Phase Error              (PE):    0.105ns

    Location             Delay type                Incr(ns)  Path(ns)    Netlist Resource(s)
  -------------------------------------------------------------------    -------------------
                         (clock clk_out25_top_clk_wiz_0_0 rise edge)
                                                      0.000     0.000 r  
    W5                                                0.000     0.000 r  sys_clock (IN)
                         net (fo=0)                   0.000     0.000    top_i/clk_wiz_0/inst/clk_in1
    W5                   IBUF (Prop_ibuf_I_O)         0.226     0.226 r  top_i/clk_wiz_0/inst/clkin1_ibufg/O
                         net (fo=1, routed)           0.440     0.667    top_i/clk_wiz_0/inst/clk_in1_top_clk_wiz_0_0
    PLLE2_ADV_X1Y0       PLLE2_ADV (Prop_plle2_adv_CLKIN1_CLKOUT1)
                                                     -2.322    -1.656 r  top_i/clk_wiz_0/inst/plle2_adv_inst/CLKOUT1
                         net (fo=1, routed)           0.501    -1.155    top_i/clk_wiz_0/inst/clk_out25_top_clk_wiz_0_0
    BUFGCTRL_X0Y0        BUFG (Prop_bufg_I_O)         0.026    -1.129 r  top_i/clk_wiz_0/inst/clkout2_buf/O
                         net (fo=147, routed)         0.562    -0.567    top_i/OutputFrame_Colour_0/U0/clk
    SLICE_X34Y45         FDRE                                         r  top_i/OutputFrame_Colour_0/U0/G_out_reg[2]/C
  -------------------------------------------------------------------    -------------------
    SLICE_X34Y45         FDRE (Prop_fdre_C_Q)         0.164    -0.403 r  top_i/OutputFrame_Colour_0/U0/G_out_reg[2]/Q
                         net (fo=1, routed)           0.834     0.431    vgaGreen_OBUF[2]
    G17                  OBUF (Prop_obuf_I_O)         1.230     1.661 r  vgaGreen_OBUF[2]_inst/O
                         net (fo=0)                   0.000     1.661    vgaGreen[2]
    G17                                                               r  vgaGreen[2] (OUT)
  -------------------------------------------------------------------    -------------------

Slack:                    inf
  Source:                 top_i/OutputFrame_Colour_0/U0/G_out_reg[3]/C
                            (rising edge-triggered cell FDRE clocked by clk_out25_top_clk_wiz_0_0  {rise@0.000ns fall@20.000ns period=40.000ns})
  Destination:            vgaGreen[3]
                            (output port)
  Path Group:             (none)
  Path Type:              Min at Fast Process Corner
  Data Path Delay:        2.255ns  (logic 1.372ns (60.855%)  route 0.883ns (39.145%))
  Logic Levels:           1  (OBUF=1)
  Clock Uncertainty:      0.201ns  ((TSJ^2 + DJ^2)^1/2) / 2 + PE
    Total System Jitter     (TSJ):    0.050ns
    Discrete Jitter          (DJ):    0.183ns
    Phase Error              (PE):    0.105ns

    Location             Delay type                Incr(ns)  Path(ns)    Netlist Resource(s)
  -------------------------------------------------------------------    -------------------
                         (clock clk_out25_top_clk_wiz_0_0 rise edge)
                                                      0.000     0.000 r  
    W5                                                0.000     0.000 r  sys_clock (IN)
                         net (fo=0)                   0.000     0.000    top_i/clk_wiz_0/inst/clk_in1
    W5                   IBUF (Prop_ibuf_I_O)         0.226     0.226 r  top_i/clk_wiz_0/inst/clkin1_ibufg/O
                         net (fo=1, routed)           0.440     0.667    top_i/clk_wiz_0/inst/clk_in1_top_clk_wiz_0_0
    PLLE2_ADV_X1Y0       PLLE2_ADV (Prop_plle2_adv_CLKIN1_CLKOUT1)
                                                     -2.322    -1.656 r  top_i/clk_wiz_0/inst/plle2_adv_inst/CLKOUT1
                         net (fo=1, routed)           0.501    -1.155    top_i/clk_wiz_0/inst/clk_out25_top_clk_wiz_0_0
    BUFGCTRL_X0Y0        BUFG (Prop_bufg_I_O)         0.026    -1.129 r  top_i/clk_wiz_0/inst/clkout2_buf/O
                         net (fo=147, routed)         0.563    -0.566    top_i/OutputFrame_Colour_0/U0/clk
    SLICE_X33Y46         FDRE                                         r  top_i/OutputFrame_Colour_0/U0/G_out_reg[3]/C
  -------------------------------------------------------------------    -------------------
    SLICE_X33Y46         FDRE (Prop_fdre_C_Q)         0.141    -0.425 r  top_i/OutputFrame_Colour_0/U0/G_out_reg[3]/Q
                         net (fo=1, routed)           0.883     0.457    vgaGreen_OBUF[3]
    D17                  OBUF (Prop_obuf_I_O)         1.231     1.689 r  vgaGreen_OBUF[3]_inst/O
                         net (fo=0)                   0.000     1.689    vgaGreen[3]
    D17                                                               r  vgaGreen[3] (OUT)
  -------------------------------------------------------------------    -------------------

Slack:                    inf
  Source:                 top_i/OutputFrame_Colour_0/U0/R_out_reg[0]/C
                            (rising edge-triggered cell FDRE clocked by clk_out25_top_clk_wiz_0_0  {rise@0.000ns fall@20.000ns period=40.000ns})
  Destination:            vgaRed[0]
                            (output port)
  Path Group:             (none)
  Path Type:              Min at Fast Process Corner
  Data Path Delay:        2.265ns  (logic 1.426ns (62.953%)  route 0.839ns (37.047%))
  Logic Levels:           1  (OBUF=1)
  Clock Uncertainty:      0.201ns  ((TSJ^2 + DJ^2)^1/2) / 2 + PE
    Total System Jitter     (TSJ):    0.050ns
    Discrete Jitter          (DJ):    0.183ns
    Phase Error              (PE):    0.105ns

    Location             Delay type                Incr(ns)  Path(ns)    Netlist Resource(s)
  -------------------------------------------------------------------    -------------------
                         (clock clk_out25_top_clk_wiz_0_0 rise edge)
                                                      0.000     0.000 r  
    W5                                                0.000     0.000 r  sys_clock (IN)
                         net (fo=0)                   0.000     0.000    top_i/clk_wiz_0/inst/clk_in1
    W5                   IBUF (Prop_ibuf_I_O)         0.226     0.226 r  top_i/clk_wiz_0/inst/clkin1_ibufg/O
                         net (fo=1, routed)           0.440     0.667    top_i/clk_wiz_0/inst/clk_in1_top_clk_wiz_0_0
    PLLE2_ADV_X1Y0       PLLE2_ADV (Prop_plle2_adv_CLKIN1_CLKOUT1)
                                                     -2.322    -1.656 r  top_i/clk_wiz_0/inst/plle2_adv_inst/CLKOUT1
                         net (fo=1, routed)           0.501    -1.155    top_i/clk_wiz_0/inst/clk_out25_top_clk_wiz_0_0
    BUFGCTRL_X0Y0        BUFG (Prop_bufg_I_O)         0.026    -1.129 r  top_i/clk_wiz_0/inst/clkout2_buf/O
                         net (fo=147, routed)         0.562    -0.567    top_i/OutputFrame_Colour_0/U0/clk
    SLICE_X34Y46         FDRE                                         r  top_i/OutputFrame_Colour_0/U0/R_out_reg[0]/C
  -------------------------------------------------------------------    -------------------
    SLICE_X34Y46         FDRE (Prop_fdre_C_Q)         0.148    -0.419 r  top_i/OutputFrame_Colour_0/U0/R_out_reg[0]/Q
                         net (fo=1, routed)           0.839     0.420    vgaRed_OBUF[0]
    G19                  OBUF (Prop_obuf_I_O)         1.278     1.697 r  vgaRed_OBUF[0]_inst/O
                         net (fo=0)                   0.000     1.697    vgaRed[0]
    G19                                                               r  vgaRed[0] (OUT)
  -------------------------------------------------------------------    -------------------

Slack:                    inf
  Source:                 top_i/OutputFrame_Colour_0/U0/G_out_reg[1]/C
                            (rising edge-triggered cell FDRE clocked by clk_out25_top_clk_wiz_0_0  {rise@0.000ns fall@20.000ns period=40.000ns})
  Destination:            vgaGreen[1]
                            (output port)
  Path Group:             (none)
  Path Type:              Min at Fast Process Corner
  Data Path Delay:        2.268ns  (logic 1.371ns (60.434%)  route 0.897ns (39.566%))
  Logic Levels:           1  (OBUF=1)
  Clock Uncertainty:      0.201ns  ((TSJ^2 + DJ^2)^1/2) / 2 + PE
    Total System Jitter     (TSJ):    0.050ns
    Discrete Jitter          (DJ):    0.183ns
    Phase Error              (PE):    0.105ns

    Location             Delay type                Incr(ns)  Path(ns)    Netlist Resource(s)
  -------------------------------------------------------------------    -------------------
                         (clock clk_out25_top_clk_wiz_0_0 rise edge)
                                                      0.000     0.000 r  
    W5                                                0.000     0.000 r  sys_clock (IN)
                         net (fo=0)                   0.000     0.000    top_i/clk_wiz_0/inst/clk_in1
    W5                   IBUF (Prop_ibuf_I_O)         0.226     0.226 r  top_i/clk_wiz_0/inst/clkin1_ibufg/O
                         net (fo=1, routed)           0.440     0.667    top_i/clk_wiz_0/inst/clk_in1_top_clk_wiz_0_0
    PLLE2_ADV_X1Y0       PLLE2_ADV (Prop_plle2_adv_CLKIN1_CLKOUT1)
                                                     -2.322    -1.656 r  top_i/clk_wiz_0/inst/plle2_adv_inst/CLKOUT1
                         net (fo=1, routed)           0.501    -1.155    top_i/clk_wiz_0/inst/clk_out25_top_clk_wiz_0_0
    BUFGCTRL_X0Y0        BUFG (Prop_bufg_I_O)         0.026    -1.129 r  top_i/clk_wiz_0/inst/clkout2_buf/O
                         net (fo=147, routed)         0.562    -0.567    top_i/OutputFrame_Colour_0/U0/clk
    SLICE_X34Y45         FDRE                                         r  top_i/OutputFrame_Colour_0/U0/G_out_reg[1]/C
  -------------------------------------------------------------------    -------------------
    SLICE_X34Y45         FDRE (Prop_fdre_C_Q)         0.164    -0.403 r  top_i/OutputFrame_Colour_0/U0/G_out_reg[1]/Q
                         net (fo=1, routed)           0.897     0.494    vgaGreen_OBUF[1]
    H17                  OBUF (Prop_obuf_I_O)         1.207     1.701 r  vgaGreen_OBUF[1]_inst/O
                         net (fo=0)                   0.000     1.701    vgaGreen[1]
    H17                                                               r  vgaGreen[1] (OUT)
  -------------------------------------------------------------------    -------------------

Slack:                    inf
  Source:                 top_i/OutputFrame_Colour_0/U0/R_out_reg[2]/C
                            (rising edge-triggered cell FDRE clocked by clk_out25_top_clk_wiz_0_0  {rise@0.000ns fall@20.000ns period=40.000ns})
  Destination:            vgaRed[2]
                            (output port)
  Path Group:             (none)
  Path Type:              Min at Fast Process Corner
  Data Path Delay:        2.280ns  (logic 1.426ns (62.533%)  route 0.854ns (37.467%))
  Logic Levels:           1  (OBUF=1)
  Clock Uncertainty:      0.201ns  ((TSJ^2 + DJ^2)^1/2) / 2 + PE
    Total System Jitter     (TSJ):    0.050ns
    Discrete Jitter          (DJ):    0.183ns
    Phase Error              (PE):    0.105ns

    Location             Delay type                Incr(ns)  Path(ns)    Netlist Resource(s)
  -------------------------------------------------------------------    -------------------
                         (clock clk_out25_top_clk_wiz_0_0 rise edge)
                                                      0.000     0.000 r  
    W5                                                0.000     0.000 r  sys_clock (IN)
                         net (fo=0)                   0.000     0.000    top_i/clk_wiz_0/inst/clk_in1
    W5                   IBUF (Prop_ibuf_I_O)         0.226     0.226 r  top_i/clk_wiz_0/inst/clkin1_ibufg/O
                         net (fo=1, routed)           0.440     0.667    top_i/clk_wiz_0/inst/clk_in1_top_clk_wiz_0_0
    PLLE2_ADV_X1Y0       PLLE2_ADV (Prop_plle2_adv_CLKIN1_CLKOUT1)
                                                     -2.322    -1.656 r  top_i/clk_wiz_0/inst/plle2_adv_inst/CLKOUT1
                         net (fo=1, routed)           0.501    -1.155    top_i/clk_wiz_0/inst/clk_out25_top_clk_wiz_0_0
    BUFGCTRL_X0Y0        BUFG (Prop_bufg_I_O)         0.026    -1.129 r  top_i/clk_wiz_0/inst/clkout2_buf/O
                         net (fo=147, routed)         0.562    -0.567    top_i/OutputFrame_Colour_0/U0/clk
    SLICE_X34Y45         FDRE                                         r  top_i/OutputFrame_Colour_0/U0/R_out_reg[2]/C
  -------------------------------------------------------------------    -------------------
    SLICE_X34Y45         FDRE (Prop_fdre_C_Q)         0.148    -0.419 r  top_i/OutputFrame_Colour_0/U0/R_out_reg[2]/Q
                         net (fo=1, routed)           0.854     0.435    vgaRed_OBUF[2]
    J19                  OBUF (Prop_obuf_I_O)         1.278     1.713 r  vgaRed_OBUF[2]_inst/O
                         net (fo=0)                   0.000     1.713    vgaRed[2]
    J19                                                               r  vgaRed[2] (OUT)
  -------------------------------------------------------------------    -------------------

Slack:                    inf
  Source:                 top_i/OutputFrame_Colour_0/U0/B_out_reg[0]/C
                            (rising edge-triggered cell FDRE clocked by clk_out25_top_clk_wiz_0_0  {rise@0.000ns fall@20.000ns period=40.000ns})
  Destination:            vgaBlue[0]
                            (output port)
  Path Group:             (none)
  Path Type:              Min at Fast Process Corner
  Data Path Delay:        2.287ns  (logic 1.361ns (59.499%)  route 0.926ns (40.501%))
  Logic Levels:           1  (OBUF=1)
  Clock Uncertainty:      0.201ns  ((TSJ^2 + DJ^2)^1/2) / 2 + PE
    Total System Jitter     (TSJ):    0.050ns
    Discrete Jitter          (DJ):    0.183ns
    Phase Error              (PE):    0.105ns

    Location             Delay type                Incr(ns)  Path(ns)    Netlist Resource(s)
  -------------------------------------------------------------------    -------------------
                         (clock clk_out25_top_clk_wiz_0_0 rise edge)
                                                      0.000     0.000 r  
    W5                                                0.000     0.000 r  sys_clock (IN)
                         net (fo=0)                   0.000     0.000    top_i/clk_wiz_0/inst/clk_in1
    W5                   IBUF (Prop_ibuf_I_O)         0.226     0.226 r  top_i/clk_wiz_0/inst/clkin1_ibufg/O
                         net (fo=1, routed)           0.440     0.667    top_i/clk_wiz_0/inst/clk_in1_top_clk_wiz_0_0
    PLLE2_ADV_X1Y0       PLLE2_ADV (Prop_plle2_adv_CLKIN1_CLKOUT1)
                                                     -2.322    -1.656 r  top_i/clk_wiz_0/inst/plle2_adv_inst/CLKOUT1
                         net (fo=1, routed)           0.501    -1.155    top_i/clk_wiz_0/inst/clk_out25_top_clk_wiz_0_0
    BUFGCTRL_X0Y0        BUFG (Prop_bufg_I_O)         0.026    -1.129 r  top_i/clk_wiz_0/inst/clkout2_buf/O
                         net (fo=147, routed)         0.562    -0.567    top_i/OutputFrame_Colour_0/U0/clk
    SLICE_X34Y46         FDRE                                         r  top_i/OutputFrame_Colour_0/U0/B_out_reg[0]/C
  -------------------------------------------------------------------    -------------------
    SLICE_X34Y46         FDRE (Prop_fdre_C_Q)         0.164    -0.403 r  top_i/OutputFrame_Colour_0/U0/B_out_reg[0]/Q
                         net (fo=1, routed)           0.926     0.523    vgaBlue_OBUF[0]
    N18                  OBUF (Prop_obuf_I_O)         1.197     1.719 r  vgaBlue_OBUF[0]_inst/O
                         net (fo=0)                   0.000     1.719    vgaBlue[0]
    N18                                                               r  vgaBlue[0] (OUT)
  -------------------------------------------------------------------    -------------------





--------------------------------------------------------------------------------------
Path Group:  (none)
From Clock:  clkfbout_top_clk_wiz_0_0
  To Clock:  

Max Delay             1 Endpoint
Min Delay             1 Endpoint
--------------------------------------------------------------------------------------


Max Delay Paths
--------------------------------------------------------------------------------------
Slack:                    inf
  Source:                 top_i/clk_wiz_0/inst/plle2_adv_inst/CLKFBOUT
                            (clock source 'clkfbout_top_clk_wiz_0_0'  {rise@0.000ns fall@5.000ns period=10.000ns})
  Destination:            top_i/clk_wiz_0/inst/plle2_adv_inst/CLKFBIN
  Path Group:             (none)
  Path Type:              Max at Fast Process Corner
  Data Path Delay:        1.396ns  (logic 0.029ns (2.077%)  route 1.367ns (97.923%))
  Logic Levels:           1  (BUFG=1)
  Clock Uncertainty:      0.158ns  ((TSJ^2 + DJ^2)^1/2) / 2 + PE
    Total System Jitter     (TSJ):    0.050ns
    Discrete Jitter          (DJ):    0.091ns
    Phase Error              (PE):    0.105ns

    Location             Delay type                Incr(ns)  Path(ns)    Netlist Resource(s)
  -------------------------------------------------------------------    -------------------
                         (clock clkfbout_top_clk_wiz_0_0 fall edge)
                                                      5.000     5.000 f  
    W5                                                0.000     5.000 f  sys_clock (IN)
                         net (fo=0)                   0.000     5.000    top_i/clk_wiz_0/inst/clk_in1
    W5                   IBUF (Prop_ibuf_I_O)         0.414     5.414 f  top_i/clk_wiz_0/inst/clkin1_ibufg/O
                         net (fo=1, routed)           0.481     5.895    top_i/clk_wiz_0/inst/clk_in1_top_clk_wiz_0_0
  -------------------------------------------------------------------    -------------------
    PLLE2_ADV_X1Y0       PLLE2_ADV (Prop_plle2_adv_CLKIN1_CLKFBOUT)
                                                     -2.638     3.257 f  top_i/clk_wiz_0/inst/plle2_adv_inst/CLKFBOUT
                         net (fo=1, routed)           0.546     3.803    top_i/clk_wiz_0/inst/clkfbout_top_clk_wiz_0_0
    BUFGCTRL_X0Y2        BUFG (Prop_bufg_I_O)         0.029     3.832 f  top_i/clk_wiz_0/inst/clkf_buf/O
                         net (fo=1, routed)           0.822     4.653    top_i/clk_wiz_0/inst/clkfbout_buf_top_clk_wiz_0_0
    PLLE2_ADV_X1Y0       PLLE2_ADV                                    f  top_i/clk_wiz_0/inst/plle2_adv_inst/CLKFBIN
  -------------------------------------------------------------------    -------------------





Min Delay Paths
--------------------------------------------------------------------------------------
Slack:                    inf
  Source:                 top_i/clk_wiz_0/inst/plle2_adv_inst/CLKFBOUT
                            (clock source 'clkfbout_top_clk_wiz_0_0'  {rise@0.000ns fall@5.000ns period=10.000ns})
  Destination:            top_i/clk_wiz_0/inst/plle2_adv_inst/CLKFBIN
  Path Group:             (none)
  Path Type:              Min at Slow Process Corner
  Data Path Delay:        3.146ns  (logic 0.091ns (2.892%)  route 3.055ns (97.108%))
  Logic Levels:           1  (BUFG=1)
  Clock Uncertainty:      0.158ns  ((TSJ^2 + DJ^2)^1/2) / 2 + PE
    Total System Jitter     (TSJ):    0.050ns
    Discrete Jitter          (DJ):    0.091ns
    Phase Error              (PE):    0.105ns

    Location             Delay type                Incr(ns)  Path(ns)    Netlist Resource(s)
  -------------------------------------------------------------------    -------------------
                         (clock clkfbout_top_clk_wiz_0_0 rise edge)
                                                      0.000     0.000 r  
    W5                                                0.000     0.000 r  sys_clock (IN)
                         net (fo=0)                   0.000     0.000    top_i/clk_wiz_0/inst/clk_in1
    W5                   IBUF (Prop_ibuf_I_O)         1.388     1.388 r  top_i/clk_wiz_0/inst/clkin1_ibufg/O
                         net (fo=1, routed)           1.181     2.569    top_i/clk_wiz_0/inst/clk_in1_top_clk_wiz_0_0
  -------------------------------------------------------------------    -------------------
    PLLE2_ADV_X1Y0       PLLE2_ADV (Prop_plle2_adv_CLKIN1_CLKFBOUT)
                                                     -7.750    -5.181 r  top_i/clk_wiz_0/inst/plle2_adv_inst/CLKFBOUT
                         net (fo=1, routed)           1.576    -3.604    top_i/clk_wiz_0/inst/clkfbout_top_clk_wiz_0_0
    BUFGCTRL_X0Y2        BUFG (Prop_bufg_I_O)         0.091    -3.513 r  top_i/clk_wiz_0/inst/clkf_buf/O
                         net (fo=1, routed)           1.479    -2.034    top_i/clk_wiz_0/inst/clkfbout_buf_top_clk_wiz_0_0
    PLLE2_ADV_X1Y0       PLLE2_ADV                                    r  top_i/clk_wiz_0/inst/plle2_adv_inst/CLKFBIN
  -------------------------------------------------------------------    -------------------





--------------------------------------------------------------------------------------
Path Group:  (none)
From Clock:  
  To Clock:  clk_out25_top_clk_wiz_0_0

Max Delay           632 Endpoints
Min Delay           632 Endpoints
--------------------------------------------------------------------------------------


Max Delay Paths
--------------------------------------------------------------------------------------
Slack:                    inf
  Source:                 top_i/Pixel_Capture_0/U0/bram_addr_s_reg[15]/C
                            (rising edge-triggered cell FDRE)
  Destination:            top_i/blk_mem_gen_0/U0/inst_blk_mem_gen/gnbram.gnativebmg.native_blk_mem_gen/valid.cstr/ramloop[8].ram.r/prim_noinit.ram/DEVICE_7SERIES.NO_BMM_INFO.TRUE_DP.CASCADED_PRIM36.ram_T/ADDRARDADDR[15]
                            (rising edge-triggered cell RAMB36E1 clocked by clk_out25_top_clk_wiz_0_0  {rise@0.000ns fall@20.000ns period=40.000ns})
  Path Group:             (none)
  Path Type:              Setup (Max at Slow Process Corner)
  Data Path Delay:        5.925ns  (logic 0.635ns (10.718%)  route 5.290ns (89.282%))
  Logic Levels:           2  (FDRE=1 LUT2=1)
  Clock Uncertainty:      0.201ns  ((TSJ^2 + DJ^2)^1/2) / 2 + PE
    Total System Jitter     (TSJ):    0.050ns
    Discrete Jitter          (DJ):    0.183ns
    Phase Error              (PE):    0.105ns

    Location             Delay type                Incr(ns)  Path(ns)    Netlist Resource(s)
  -------------------------------------------------------------------    -------------------
    SLICE_X46Y40         FDRE                         0.000     0.000 r  top_i/Pixel_Capture_0/U0/bram_addr_s_reg[15]/C
    SLICE_X46Y40         FDRE (Prop_fdre_C_Q)         0.518     0.518 r  top_i/Pixel_Capture_0/U0/bram_addr_s_reg[15]/Q
                         net (fo=6, routed)           0.274     0.792    top_i/BRAM_FIFO_Limit_0/U0/bram_addr_in[15]
    SLICE_X47Y40         LUT2 (Prop_lut2_I1_O)        0.117     0.909 r  top_i/BRAM_FIFO_Limit_0/U0/bram_addr_out[15]_INST_0/O
                         net (fo=28, routed)          5.015     5.925    top_i/blk_mem_gen_0/U0/inst_blk_mem_gen/gnbram.gnativebmg.native_blk_mem_gen/valid.cstr/ramloop[8].ram.r/prim_noinit.ram/addra[15]
    RAMB36_X1Y4          RAMB36E1                                     r  top_i/blk_mem_gen_0/U0/inst_blk_mem_gen/gnbram.gnativebmg.native_blk_mem_gen/valid.cstr/ramloop[8].ram.r/prim_noinit.ram/DEVICE_7SERIES.NO_BMM_INFO.TRUE_DP.CASCADED_PRIM36.ram_T/ADDRARDADDR[15]
  -------------------------------------------------------------------    -------------------

                         (clock clk_out25_top_clk_wiz_0_0 rise edge)
                                                      0.000     0.000 r  
    W5                                                0.000     0.000 r  sys_clock (IN)
                         net (fo=0)                   0.000     0.000    top_i/clk_wiz_0/inst/clk_in1
    W5                   IBUF (Prop_ibuf_I_O)         1.388     1.388 r  top_i/clk_wiz_0/inst/clkin1_ibufg/O
                         net (fo=1, routed)           1.181     2.569    top_i/clk_wiz_0/inst/clk_in1_top_clk_wiz_0_0
    PLLE2_ADV_X1Y0       PLLE2_ADV (Prop_plle2_adv_CLKIN1_CLKOUT1)
                                                     -7.750    -5.181 r  top_i/clk_wiz_0/inst/plle2_adv_inst/CLKOUT1
                         net (fo=1, routed)           1.576    -3.604    top_i/clk_wiz_0/inst/clk_out25_top_clk_wiz_0_0
    BUFGCTRL_X0Y0        BUFG (Prop_bufg_I_O)         0.091    -3.513 r  top_i/clk_wiz_0/inst/clkout2_buf/O
                         net (fo=147, routed)         1.471    -2.043    top_i/blk_mem_gen_0/U0/inst_blk_mem_gen/gnbram.gnativebmg.native_blk_mem_gen/valid.cstr/ramloop[8].ram.r/prim_noinit.ram/clka
    RAMB36_X1Y4          RAMB36E1                                     r  top_i/blk_mem_gen_0/U0/inst_blk_mem_gen/gnbram.gnativebmg.native_blk_mem_gen/valid.cstr/ramloop[8].ram.r/prim_noinit.ram/DEVICE_7SERIES.NO_BMM_INFO.TRUE_DP.CASCADED_PRIM36.ram_T/CLKARDCLK

Slack:                    inf
  Source:                 top_i/Pixel_Capture_0/U0/bram_addr_s_reg[16]/C
                            (rising edge-triggered cell FDRE)
  Destination:            top_i/blk_mem_gen_0/U0/inst_blk_mem_gen/gnbram.gnativebmg.native_blk_mem_gen/valid.cstr/ramloop[27].ram.r/prim_noinit.ram/DEVICE_7SERIES.NO_BMM_INFO.TRUE_DP.SIMPLE_PRIM36.ram/ENARDEN
                            (rising edge-triggered cell RAMB36E1 clocked by clk_out25_top_clk_wiz_0_0  {rise@0.000ns fall@20.000ns period=40.000ns})
  Path Group:             (none)
  Path Type:              Setup (Max at Slow Process Corner)
  Data Path Delay:        5.858ns  (logic 1.022ns (17.447%)  route 4.836ns (82.553%))
  Logic Levels:           3  (FDRE=1 LUT2=1 LUT5=1)
  Clock Uncertainty:      0.201ns  ((TSJ^2 + DJ^2)^1/2) / 2 + PE
    Total System Jitter     (TSJ):    0.050ns
    Discrete Jitter          (DJ):    0.183ns
    Phase Error              (PE):    0.105ns

    Location             Delay type                Incr(ns)  Path(ns)    Netlist Resource(s)
  -------------------------------------------------------------------    -------------------
    SLICE_X46Y41         FDRE                         0.000     0.000 r  top_i/Pixel_Capture_0/U0/bram_addr_s_reg[16]/C
    SLICE_X46Y41         FDRE (Prop_fdre_C_Q)         0.518     0.518 f  top_i/Pixel_Capture_0/U0/bram_addr_s_reg[16]/Q
                         net (fo=6, routed)           1.112     1.630    top_i/BRAM_FIFO_Limit_0/U0/bram_addr_in[16]
    SLICE_X48Y35         LUT2 (Prop_lut2_I1_O)        0.152     1.782 f  top_i/BRAM_FIFO_Limit_0/U0/bram_addr_out[16]_INST_0/O
                         net (fo=24, routed)          2.952     4.734    top_i/blk_mem_gen_0/U0/inst_blk_mem_gen/gnbram.gnativebmg.native_blk_mem_gen/valid.cstr/bindec_a.bindec_inst_a/addra[4]
    SLICE_X12Y63         LUT5 (Prop_lut5_I0_O)        0.352     5.086 r  top_i/blk_mem_gen_0/U0/inst_blk_mem_gen/gnbram.gnativebmg.native_blk_mem_gen/valid.cstr/bindec_a.bindec_inst_a/DEVICE_7SERIES.NO_BMM_INFO.TRUE_DP.SIMPLE_PRIM36.ram_i_1__14/O
                         net (fo=1, routed)           0.772     5.858    top_i/blk_mem_gen_0/U0/inst_blk_mem_gen/gnbram.gnativebmg.native_blk_mem_gen/valid.cstr/ramloop[27].ram.r/prim_noinit.ram/ena_array[0]
    RAMB36_X0Y13         RAMB36E1                                     r  top_i/blk_mem_gen_0/U0/inst_blk_mem_gen/gnbram.gnativebmg.native_blk_mem_gen/valid.cstr/ramloop[27].ram.r/prim_noinit.ram/DEVICE_7SERIES.NO_BMM_INFO.TRUE_DP.SIMPLE_PRIM36.ram/ENARDEN
  -------------------------------------------------------------------    -------------------

                         (clock clk_out25_top_clk_wiz_0_0 rise edge)
                                                      0.000     0.000 r  
    W5                                                0.000     0.000 r  sys_clock (IN)
                         net (fo=0)                   0.000     0.000    top_i/clk_wiz_0/inst/clk_in1
    W5                   IBUF (Prop_ibuf_I_O)         1.388     1.388 r  top_i/clk_wiz_0/inst/clkin1_ibufg/O
                         net (fo=1, routed)           1.181     2.569    top_i/clk_wiz_0/inst/clk_in1_top_clk_wiz_0_0
    PLLE2_ADV_X1Y0       PLLE2_ADV (Prop_plle2_adv_CLKIN1_CLKOUT1)
                                                     -7.750    -5.181 r  top_i/clk_wiz_0/inst/plle2_adv_inst/CLKOUT1
                         net (fo=1, routed)           1.576    -3.604    top_i/clk_wiz_0/inst/clk_out25_top_clk_wiz_0_0
    BUFGCTRL_X0Y0        BUFG (Prop_bufg_I_O)         0.091    -3.513 r  top_i/clk_wiz_0/inst/clkout2_buf/O
                         net (fo=147, routed)         1.465    -2.048    top_i/blk_mem_gen_0/U0/inst_blk_mem_gen/gnbram.gnativebmg.native_blk_mem_gen/valid.cstr/ramloop[27].ram.r/prim_noinit.ram/clka
    RAMB36_X0Y13         RAMB36E1                                     r  top_i/blk_mem_gen_0/U0/inst_blk_mem_gen/gnbram.gnativebmg.native_blk_mem_gen/valid.cstr/ramloop[27].ram.r/prim_noinit.ram/DEVICE_7SERIES.NO_BMM_INFO.TRUE_DP.SIMPLE_PRIM36.ram/CLKARDCLK

Slack:                    inf
  Source:                 top_i/Pixel_Capture_0/U0/bram_addr_s_reg[15]/C
                            (rising edge-triggered cell FDRE)
  Destination:            top_i/blk_mem_gen_0/U0/inst_blk_mem_gen/gnbram.gnativebmg.native_blk_mem_gen/valid.cstr/ramloop[13].ram.r/prim_noinit.ram/DEVICE_7SERIES.NO_BMM_INFO.TRUE_DP.SIMPLE_PRIM36.ram/ENARDEN
                            (rising edge-triggered cell RAMB36E1 clocked by clk_out25_top_clk_wiz_0_0  {rise@0.000ns fall@20.000ns period=40.000ns})
  Path Group:             (none)
  Path Type:              Setup (Max at Slow Process Corner)
  Data Path Delay:        5.777ns  (logic 0.967ns (16.740%)  route 4.810ns (83.260%))
  Logic Levels:           3  (FDRE=1 LUT2=1 LUT5=1)
  Clock Uncertainty:      0.201ns  ((TSJ^2 + DJ^2)^1/2) / 2 + PE
    Total System Jitter     (TSJ):    0.050ns
    Discrete Jitter          (DJ):    0.183ns
    Phase Error              (PE):    0.105ns

    Location             Delay type                Incr(ns)  Path(ns)    Netlist Resource(s)
  -------------------------------------------------------------------    -------------------
    SLICE_X46Y40         FDRE                         0.000     0.000 r  top_i/Pixel_Capture_0/U0/bram_addr_s_reg[15]/C
    SLICE_X46Y40         FDRE (Prop_fdre_C_Q)         0.518     0.518 f  top_i/Pixel_Capture_0/U0/bram_addr_s_reg[15]/Q
                         net (fo=6, routed)           0.274     0.792    top_i/BRAM_FIFO_Limit_0/U0/bram_addr_in[15]
    SLICE_X47Y40         LUT2 (Prop_lut2_I1_O)        0.117     0.909 f  top_i/BRAM_FIFO_Limit_0/U0/bram_addr_out[15]_INST_0/O
                         net (fo=28, routed)          3.088     3.998    top_i/blk_mem_gen_0/U0/inst_blk_mem_gen/gnbram.gnativebmg.native_blk_mem_gen/valid.cstr/bindec_a.bindec_inst_a/addra[3]
    SLICE_X12Y37         LUT5 (Prop_lut5_I3_O)        0.332     4.330 r  top_i/blk_mem_gen_0/U0/inst_blk_mem_gen/gnbram.gnativebmg.native_blk_mem_gen/valid.cstr/bindec_a.bindec_inst_a/DEVICE_7SERIES.NO_BMM_INFO.TRUE_DP.SIMPLE_PRIM36.ram_i_1__0/O
                         net (fo=1, routed)           1.447     5.777    top_i/blk_mem_gen_0/U0/inst_blk_mem_gen/gnbram.gnativebmg.native_blk_mem_gen/valid.cstr/ramloop[13].ram.r/prim_noinit.ram/ena_array[0]
    RAMB36_X1Y5          RAMB36E1                                     r  top_i/blk_mem_gen_0/U0/inst_blk_mem_gen/gnbram.gnativebmg.native_blk_mem_gen/valid.cstr/ramloop[13].ram.r/prim_noinit.ram/DEVICE_7SERIES.NO_BMM_INFO.TRUE_DP.SIMPLE_PRIM36.ram/ENARDEN
  -------------------------------------------------------------------    -------------------

                         (clock clk_out25_top_clk_wiz_0_0 rise edge)
                                                      0.000     0.000 r  
    W5                                                0.000     0.000 r  sys_clock (IN)
                         net (fo=0)                   0.000     0.000    top_i/clk_wiz_0/inst/clk_in1
    W5                   IBUF (Prop_ibuf_I_O)         1.388     1.388 r  top_i/clk_wiz_0/inst/clkin1_ibufg/O
                         net (fo=1, routed)           1.181     2.569    top_i/clk_wiz_0/inst/clk_in1_top_clk_wiz_0_0
    PLLE2_ADV_X1Y0       PLLE2_ADV (Prop_plle2_adv_CLKIN1_CLKOUT1)
                                                     -7.750    -5.181 r  top_i/clk_wiz_0/inst/plle2_adv_inst/CLKOUT1
                         net (fo=1, routed)           1.576    -3.604    top_i/clk_wiz_0/inst/clk_out25_top_clk_wiz_0_0
    BUFGCTRL_X0Y0        BUFG (Prop_bufg_I_O)         0.091    -3.513 r  top_i/clk_wiz_0/inst/clkout2_buf/O
                         net (fo=147, routed)         1.477    -2.037    top_i/blk_mem_gen_0/U0/inst_blk_mem_gen/gnbram.gnativebmg.native_blk_mem_gen/valid.cstr/ramloop[13].ram.r/prim_noinit.ram/clka
    RAMB36_X1Y5          RAMB36E1                                     r  top_i/blk_mem_gen_0/U0/inst_blk_mem_gen/gnbram.gnativebmg.native_blk_mem_gen/valid.cstr/ramloop[13].ram.r/prim_noinit.ram/DEVICE_7SERIES.NO_BMM_INFO.TRUE_DP.SIMPLE_PRIM36.ram/CLKARDCLK

Slack:                    inf
  Source:                 top_i/Pixel_Capture_0/U0/bram_addr_s_reg[16]/C
                            (rising edge-triggered cell FDRE)
  Destination:            top_i/blk_mem_gen_0/U0/inst_blk_mem_gen/gnbram.gnativebmg.native_blk_mem_gen/valid.cstr/ramloop[23].ram.r/prim_noinit.ram/DEVICE_7SERIES.NO_BMM_INFO.TRUE_DP.SIMPLE_PRIM36.ram/ENARDEN
                            (rising edge-triggered cell RAMB36E1 clocked by clk_out25_top_clk_wiz_0_0  {rise@0.000ns fall@20.000ns period=40.000ns})
  Path Group:             (none)
  Path Type:              Setup (Max at Slow Process Corner)
  Data Path Delay:        5.607ns  (logic 0.996ns (17.764%)  route 4.611ns (82.236%))
  Logic Levels:           3  (FDRE=1 LUT2=1 LUT5=1)
  Clock Uncertainty:      0.201ns  ((TSJ^2 + DJ^2)^1/2) / 2 + PE
    Total System Jitter     (TSJ):    0.050ns
    Discrete Jitter          (DJ):    0.183ns
    Phase Error              (PE):    0.105ns

    Location             Delay type                Incr(ns)  Path(ns)    Netlist Resource(s)
  -------------------------------------------------------------------    -------------------
    SLICE_X46Y41         FDRE                         0.000     0.000 r  top_i/Pixel_Capture_0/U0/bram_addr_s_reg[16]/C
    SLICE_X46Y41         FDRE (Prop_fdre_C_Q)         0.518     0.518 f  top_i/Pixel_Capture_0/U0/bram_addr_s_reg[16]/Q
                         net (fo=6, routed)           1.112     1.630    top_i/BRAM_FIFO_Limit_0/U0/bram_addr_in[16]
    SLICE_X48Y35         LUT2 (Prop_lut2_I1_O)        0.152     1.782 f  top_i/BRAM_FIFO_Limit_0/U0/bram_addr_out[16]_INST_0/O
                         net (fo=24, routed)          2.952     4.734    top_i/blk_mem_gen_0/U0/inst_blk_mem_gen/gnbram.gnativebmg.native_blk_mem_gen/valid.cstr/bindec_a.bindec_inst_a/addra[4]
    SLICE_X12Y63         LUT5 (Prop_lut5_I1_O)        0.326     5.060 r  top_i/blk_mem_gen_0/U0/inst_blk_mem_gen/gnbram.gnativebmg.native_blk_mem_gen/valid.cstr/bindec_a.bindec_inst_a/DEVICE_7SERIES.NO_BMM_INFO.TRUE_DP.SIMPLE_PRIM36.ram_i_1__10/O
                         net (fo=1, routed)           0.547     5.607    top_i/blk_mem_gen_0/U0/inst_blk_mem_gen/gnbram.gnativebmg.native_blk_mem_gen/valid.cstr/ramloop[23].ram.r/prim_noinit.ram/ena_array[0]
    RAMB36_X0Y12         RAMB36E1                                     r  top_i/blk_mem_gen_0/U0/inst_blk_mem_gen/gnbram.gnativebmg.native_blk_mem_gen/valid.cstr/ramloop[23].ram.r/prim_noinit.ram/DEVICE_7SERIES.NO_BMM_INFO.TRUE_DP.SIMPLE_PRIM36.ram/ENARDEN
  -------------------------------------------------------------------    -------------------

                         (clock clk_out25_top_clk_wiz_0_0 rise edge)
                                                      0.000     0.000 r  
    W5                                                0.000     0.000 r  sys_clock (IN)
                         net (fo=0)                   0.000     0.000    top_i/clk_wiz_0/inst/clk_in1
    W5                   IBUF (Prop_ibuf_I_O)         1.388     1.388 r  top_i/clk_wiz_0/inst/clkin1_ibufg/O
                         net (fo=1, routed)           1.181     2.569    top_i/clk_wiz_0/inst/clk_in1_top_clk_wiz_0_0
    PLLE2_ADV_X1Y0       PLLE2_ADV (Prop_plle2_adv_CLKIN1_CLKOUT1)
                                                     -7.750    -5.181 r  top_i/clk_wiz_0/inst/plle2_adv_inst/CLKOUT1
                         net (fo=1, routed)           1.576    -3.604    top_i/clk_wiz_0/inst/clk_out25_top_clk_wiz_0_0
    BUFGCTRL_X0Y0        BUFG (Prop_bufg_I_O)         0.091    -3.513 r  top_i/clk_wiz_0/inst/clkout2_buf/O
                         net (fo=147, routed)         1.471    -2.042    top_i/blk_mem_gen_0/U0/inst_blk_mem_gen/gnbram.gnativebmg.native_blk_mem_gen/valid.cstr/ramloop[23].ram.r/prim_noinit.ram/clka
    RAMB36_X0Y12         RAMB36E1                                     r  top_i/blk_mem_gen_0/U0/inst_blk_mem_gen/gnbram.gnativebmg.native_blk_mem_gen/valid.cstr/ramloop[23].ram.r/prim_noinit.ram/DEVICE_7SERIES.NO_BMM_INFO.TRUE_DP.SIMPLE_PRIM36.ram/CLKARDCLK

Slack:                    inf
  Source:                 top_i/Pixel_Capture_0/U0/bram_addr_s_reg[16]/C
                            (rising edge-triggered cell FDRE)
  Destination:            top_i/blk_mem_gen_0/U0/inst_blk_mem_gen/gnbram.gnativebmg.native_blk_mem_gen/valid.cstr/ramloop[21].ram.r/prim_noinit.ram/DEVICE_7SERIES.NO_BMM_INFO.TRUE_DP.SIMPLE_PRIM36.ram/ENARDEN
                            (rising edge-triggered cell RAMB36E1 clocked by clk_out25_top_clk_wiz_0_0  {rise@0.000ns fall@20.000ns period=40.000ns})
  Path Group:             (none)
  Path Type:              Setup (Max at Slow Process Corner)
  Data Path Delay:        5.482ns  (logic 0.996ns (18.170%)  route 4.486ns (81.830%))
  Logic Levels:           3  (FDRE=1 LUT2=1 LUT5=1)
  Clock Uncertainty:      0.201ns  ((TSJ^2 + DJ^2)^1/2) / 2 + PE
    Total System Jitter     (TSJ):    0.050ns
    Discrete Jitter          (DJ):    0.183ns
    Phase Error              (PE):    0.105ns

    Location             Delay type                Incr(ns)  Path(ns)    Netlist Resource(s)
  -------------------------------------------------------------------    -------------------
    SLICE_X46Y41         FDRE                         0.000     0.000 r  top_i/Pixel_Capture_0/U0/bram_addr_s_reg[16]/C
    SLICE_X46Y41         FDRE (Prop_fdre_C_Q)         0.518     0.518 f  top_i/Pixel_Capture_0/U0/bram_addr_s_reg[16]/Q
                         net (fo=6, routed)           1.112     1.630    top_i/BRAM_FIFO_Limit_0/U0/bram_addr_in[16]
    SLICE_X48Y35         LUT2 (Prop_lut2_I1_O)        0.152     1.782 f  top_i/BRAM_FIFO_Limit_0/U0/bram_addr_out[16]_INST_0/O
                         net (fo=24, routed)          2.843     4.625    top_i/blk_mem_gen_0/U0/inst_blk_mem_gen/gnbram.gnativebmg.native_blk_mem_gen/valid.cstr/bindec_a.bindec_inst_a/addra[4]
    SLICE_X12Y57         LUT5 (Prop_lut5_I1_O)        0.326     4.951 r  top_i/blk_mem_gen_0/U0/inst_blk_mem_gen/gnbram.gnativebmg.native_blk_mem_gen/valid.cstr/bindec_a.bindec_inst_a/DEVICE_7SERIES.NO_BMM_INFO.TRUE_DP.SIMPLE_PRIM36.ram_i_1__8/O
                         net (fo=1, routed)           0.531     5.482    top_i/blk_mem_gen_0/U0/inst_blk_mem_gen/gnbram.gnativebmg.native_blk_mem_gen/valid.cstr/ramloop[21].ram.r/prim_noinit.ram/ena_array[0]
    RAMB36_X0Y11         RAMB36E1                                     r  top_i/blk_mem_gen_0/U0/inst_blk_mem_gen/gnbram.gnativebmg.native_blk_mem_gen/valid.cstr/ramloop[21].ram.r/prim_noinit.ram/DEVICE_7SERIES.NO_BMM_INFO.TRUE_DP.SIMPLE_PRIM36.ram/ENARDEN
  -------------------------------------------------------------------    -------------------

                         (clock clk_out25_top_clk_wiz_0_0 rise edge)
                                                      0.000     0.000 r  
    W5                                                0.000     0.000 r  sys_clock (IN)
                         net (fo=0)                   0.000     0.000    top_i/clk_wiz_0/inst/clk_in1
    W5                   IBUF (Prop_ibuf_I_O)         1.388     1.388 r  top_i/clk_wiz_0/inst/clkin1_ibufg/O
                         net (fo=1, routed)           1.181     2.569    top_i/clk_wiz_0/inst/clk_in1_top_clk_wiz_0_0
    PLLE2_ADV_X1Y0       PLLE2_ADV (Prop_plle2_adv_CLKIN1_CLKOUT1)
                                                     -7.750    -5.181 r  top_i/clk_wiz_0/inst/plle2_adv_inst/CLKOUT1
                         net (fo=1, routed)           1.576    -3.604    top_i/clk_wiz_0/inst/clk_out25_top_clk_wiz_0_0
    BUFGCTRL_X0Y0        BUFG (Prop_bufg_I_O)         0.091    -3.513 r  top_i/clk_wiz_0/inst/clkout2_buf/O
                         net (fo=147, routed)         1.474    -2.039    top_i/blk_mem_gen_0/U0/inst_blk_mem_gen/gnbram.gnativebmg.native_blk_mem_gen/valid.cstr/ramloop[21].ram.r/prim_noinit.ram/clka
    RAMB36_X0Y11         RAMB36E1                                     r  top_i/blk_mem_gen_0/U0/inst_blk_mem_gen/gnbram.gnativebmg.native_blk_mem_gen/valid.cstr/ramloop[21].ram.r/prim_noinit.ram/DEVICE_7SERIES.NO_BMM_INFO.TRUE_DP.SIMPLE_PRIM36.ram/CLKARDCLK

Slack:                    inf
  Source:                 top_i/Pixel_Capture_0/U0/bram_addr_s_reg[15]/C
                            (rising edge-triggered cell FDRE)
  Destination:            top_i/blk_mem_gen_0/U0/inst_blk_mem_gen/gnbram.gnativebmg.native_blk_mem_gen/valid.cstr/ramloop[18].ram.r/prim_noinit.ram/DEVICE_7SERIES.NO_BMM_INFO.TRUE_DP.SIMPLE_PRIM36.ram/ENARDEN
                            (rising edge-triggered cell RAMB36E1 clocked by clk_out25_top_clk_wiz_0_0  {rise@0.000ns fall@20.000ns period=40.000ns})
  Path Group:             (none)
  Path Type:              Setup (Max at Slow Process Corner)
  Data Path Delay:        5.355ns  (logic 0.989ns (18.468%)  route 4.366ns (81.532%))
  Logic Levels:           3  (FDRE=1 LUT2=1 LUT5=1)
  Clock Uncertainty:      0.201ns  ((TSJ^2 + DJ^2)^1/2) / 2 + PE
    Total System Jitter     (TSJ):    0.050ns
    Discrete Jitter          (DJ):    0.183ns
    Phase Error              (PE):    0.105ns

    Location             Delay type                Incr(ns)  Path(ns)    Netlist Resource(s)
  -------------------------------------------------------------------    -------------------
    SLICE_X46Y40         FDRE                         0.000     0.000 r  top_i/Pixel_Capture_0/U0/bram_addr_s_reg[15]/C
    SLICE_X46Y40         FDRE (Prop_fdre_C_Q)         0.518     0.518 f  top_i/Pixel_Capture_0/U0/bram_addr_s_reg[15]/Q
                         net (fo=6, routed)           0.274     0.792    top_i/BRAM_FIFO_Limit_0/U0/bram_addr_in[15]
    SLICE_X47Y40         LUT2 (Prop_lut2_I1_O)        0.117     0.909 f  top_i/BRAM_FIFO_Limit_0/U0/bram_addr_out[15]_INST_0/O
                         net (fo=28, routed)          3.338     4.247    top_i/blk_mem_gen_0/U0/inst_blk_mem_gen/gnbram.gnativebmg.native_blk_mem_gen/valid.cstr/bindec_a.bindec_inst_a/addra[3]
    SLICE_X12Y47         LUT5 (Prop_lut5_I4_O)        0.354     4.601 r  top_i/blk_mem_gen_0/U0/inst_blk_mem_gen/gnbram.gnativebmg.native_blk_mem_gen/valid.cstr/bindec_a.bindec_inst_a/DEVICE_7SERIES.NO_BMM_INFO.TRUE_DP.SIMPLE_PRIM36.ram_i_1__5/O
                         net (fo=1, routed)           0.754     5.355    top_i/blk_mem_gen_0/U0/inst_blk_mem_gen/gnbram.gnativebmg.native_blk_mem_gen/valid.cstr/ramloop[18].ram.r/prim_noinit.ram/ena_array[0]
    RAMB36_X0Y8          RAMB36E1                                     r  top_i/blk_mem_gen_0/U0/inst_blk_mem_gen/gnbram.gnativebmg.native_blk_mem_gen/valid.cstr/ramloop[18].ram.r/prim_noinit.ram/DEVICE_7SERIES.NO_BMM_INFO.TRUE_DP.SIMPLE_PRIM36.ram/ENARDEN
  -------------------------------------------------------------------    -------------------

                         (clock clk_out25_top_clk_wiz_0_0 rise edge)
                                                      0.000     0.000 r  
    W5                                                0.000     0.000 r  sys_clock (IN)
                         net (fo=0)                   0.000     0.000    top_i/clk_wiz_0/inst/clk_in1
    W5                   IBUF (Prop_ibuf_I_O)         1.388     1.388 r  top_i/clk_wiz_0/inst/clkin1_ibufg/O
                         net (fo=1, routed)           1.181     2.569    top_i/clk_wiz_0/inst/clk_in1_top_clk_wiz_0_0
    PLLE2_ADV_X1Y0       PLLE2_ADV (Prop_plle2_adv_CLKIN1_CLKOUT1)
                                                     -7.750    -5.181 r  top_i/clk_wiz_0/inst/plle2_adv_inst/CLKOUT1
                         net (fo=1, routed)           1.576    -3.604    top_i/clk_wiz_0/inst/clk_out25_top_clk_wiz_0_0
    BUFGCTRL_X0Y0        BUFG (Prop_bufg_I_O)         0.091    -3.513 r  top_i/clk_wiz_0/inst/clkout2_buf/O
                         net (fo=147, routed)         1.487    -2.027    top_i/blk_mem_gen_0/U0/inst_blk_mem_gen/gnbram.gnativebmg.native_blk_mem_gen/valid.cstr/ramloop[18].ram.r/prim_noinit.ram/clka
    RAMB36_X0Y8          RAMB36E1                                     r  top_i/blk_mem_gen_0/U0/inst_blk_mem_gen/gnbram.gnativebmg.native_blk_mem_gen/valid.cstr/ramloop[18].ram.r/prim_noinit.ram/DEVICE_7SERIES.NO_BMM_INFO.TRUE_DP.SIMPLE_PRIM36.ram/CLKARDCLK

Slack:                    inf
  Source:                 top_i/Pixel_Capture_0/U0/bram_addr_s_reg[2]/C
                            (rising edge-triggered cell FDRE)
  Destination:            top_i/blk_mem_gen_0/U0/inst_blk_mem_gen/gnbram.gnativebmg.native_blk_mem_gen/valid.cstr/ramloop[27].ram.r/prim_noinit.ram/DEVICE_7SERIES.NO_BMM_INFO.TRUE_DP.SIMPLE_PRIM36.ram/ADDRARDADDR[5]
                            (rising edge-triggered cell RAMB36E1 clocked by clk_out25_top_clk_wiz_0_0  {rise@0.000ns fall@20.000ns period=40.000ns})
  Path Group:             (none)
  Path Type:              Setup (Max at Slow Process Corner)
  Data Path Delay:        5.277ns  (logic 0.642ns (12.167%)  route 4.635ns (87.833%))
  Logic Levels:           2  (FDRE=1 LUT2=1)
  Clock Uncertainty:      0.201ns  ((TSJ^2 + DJ^2)^1/2) / 2 + PE
    Total System Jitter     (TSJ):    0.050ns
    Discrete Jitter          (DJ):    0.183ns
    Phase Error              (PE):    0.105ns

    Location             Delay type                Incr(ns)  Path(ns)    Netlist Resource(s)
  -------------------------------------------------------------------    -------------------
    SLICE_X46Y37         FDRE                         0.000     0.000 r  top_i/Pixel_Capture_0/U0/bram_addr_s_reg[2]/C
    SLICE_X46Y37         FDRE (Prop_fdre_C_Q)         0.518     0.518 r  top_i/Pixel_Capture_0/U0/bram_addr_s_reg[2]/Q
                         net (fo=2, routed)           0.856     1.374    top_i/BRAM_FIFO_Limit_0/U0/bram_addr_in[2]
    SLICE_X47Y37         LUT2 (Prop_lut2_I1_O)        0.124     1.498 r  top_i/BRAM_FIFO_Limit_0/U0/bram_addr_out[2]_INST_0/O
                         net (fo=30, routed)          3.779     5.277    top_i/blk_mem_gen_0/U0/inst_blk_mem_gen/gnbram.gnativebmg.native_blk_mem_gen/valid.cstr/ramloop[27].ram.r/prim_noinit.ram/addra[2]
    RAMB36_X0Y13         RAMB36E1                                     r  top_i/blk_mem_gen_0/U0/inst_blk_mem_gen/gnbram.gnativebmg.native_blk_mem_gen/valid.cstr/ramloop[27].ram.r/prim_noinit.ram/DEVICE_7SERIES.NO_BMM_INFO.TRUE_DP.SIMPLE_PRIM36.ram/ADDRARDADDR[5]
  -------------------------------------------------------------------    -------------------

                         (clock clk_out25_top_clk_wiz_0_0 rise edge)
                                                      0.000     0.000 r  
    W5                                                0.000     0.000 r  sys_clock (IN)
                         net (fo=0)                   0.000     0.000    top_i/clk_wiz_0/inst/clk_in1
    W5                   IBUF (Prop_ibuf_I_O)         1.388     1.388 r  top_i/clk_wiz_0/inst/clkin1_ibufg/O
                         net (fo=1, routed)           1.181     2.569    top_i/clk_wiz_0/inst/clk_in1_top_clk_wiz_0_0
    PLLE2_ADV_X1Y0       PLLE2_ADV (Prop_plle2_adv_CLKIN1_CLKOUT1)
                                                     -7.750    -5.181 r  top_i/clk_wiz_0/inst/plle2_adv_inst/CLKOUT1
                         net (fo=1, routed)           1.576    -3.604    top_i/clk_wiz_0/inst/clk_out25_top_clk_wiz_0_0
    BUFGCTRL_X0Y0        BUFG (Prop_bufg_I_O)         0.091    -3.513 r  top_i/clk_wiz_0/inst/clkout2_buf/O
                         net (fo=147, routed)         1.465    -2.048    top_i/blk_mem_gen_0/U0/inst_blk_mem_gen/gnbram.gnativebmg.native_blk_mem_gen/valid.cstr/ramloop[27].ram.r/prim_noinit.ram/clka
    RAMB36_X0Y13         RAMB36E1                                     r  top_i/blk_mem_gen_0/U0/inst_blk_mem_gen/gnbram.gnativebmg.native_blk_mem_gen/valid.cstr/ramloop[27].ram.r/prim_noinit.ram/DEVICE_7SERIES.NO_BMM_INFO.TRUE_DP.SIMPLE_PRIM36.ram/CLKARDCLK

Slack:                    inf
  Source:                 top_i/Pixel_Capture_0/U0/bram_addr_s_reg[15]/C
                            (rising edge-triggered cell FDRE)
  Destination:            top_i/blk_mem_gen_0/U0/inst_blk_mem_gen/gnbram.gnativebmg.native_blk_mem_gen/valid.cstr/ramloop[8].ram.r/prim_noinit.ram/DEVICE_7SERIES.NO_BMM_INFO.TRUE_DP.CASCADED_PRIM36.ram_B/ADDRARDADDR[15]
                            (rising edge-triggered cell RAMB36E1 clocked by clk_out25_top_clk_wiz_0_0  {rise@0.000ns fall@20.000ns period=40.000ns})
  Path Group:             (none)
  Path Type:              Setup (Max at Slow Process Corner)
  Data Path Delay:        5.275ns  (logic 0.635ns (12.038%)  route 4.640ns (87.962%))
  Logic Levels:           2  (FDRE=1 LUT2=1)
  Clock Uncertainty:      0.201ns  ((TSJ^2 + DJ^2)^1/2) / 2 + PE
    Total System Jitter     (TSJ):    0.050ns
    Discrete Jitter          (DJ):    0.183ns
    Phase Error              (PE):    0.105ns

    Location             Delay type                Incr(ns)  Path(ns)    Netlist Resource(s)
  -------------------------------------------------------------------    -------------------
    SLICE_X46Y40         FDRE                         0.000     0.000 r  top_i/Pixel_Capture_0/U0/bram_addr_s_reg[15]/C
    SLICE_X46Y40         FDRE (Prop_fdre_C_Q)         0.518     0.518 r  top_i/Pixel_Capture_0/U0/bram_addr_s_reg[15]/Q
                         net (fo=6, routed)           0.274     0.792    top_i/BRAM_FIFO_Limit_0/U0/bram_addr_in[15]
    SLICE_X47Y40         LUT2 (Prop_lut2_I1_O)        0.117     0.909 r  top_i/BRAM_FIFO_Limit_0/U0/bram_addr_out[15]_INST_0/O
                         net (fo=28, routed)          4.365     5.275    top_i/blk_mem_gen_0/U0/inst_blk_mem_gen/gnbram.gnativebmg.native_blk_mem_gen/valid.cstr/ramloop[8].ram.r/prim_noinit.ram/addra[15]
    RAMB36_X1Y3          RAMB36E1                                     r  top_i/blk_mem_gen_0/U0/inst_blk_mem_gen/gnbram.gnativebmg.native_blk_mem_gen/valid.cstr/ramloop[8].ram.r/prim_noinit.ram/DEVICE_7SERIES.NO_BMM_INFO.TRUE_DP.CASCADED_PRIM36.ram_B/ADDRARDADDR[15]
  -------------------------------------------------------------------    -------------------

                         (clock clk_out25_top_clk_wiz_0_0 rise edge)
                                                      0.000     0.000 r  
    W5                                                0.000     0.000 r  sys_clock (IN)
                         net (fo=0)                   0.000     0.000    top_i/clk_wiz_0/inst/clk_in1
    W5                   IBUF (Prop_ibuf_I_O)         1.388     1.388 r  top_i/clk_wiz_0/inst/clkin1_ibufg/O
                         net (fo=1, routed)           1.181     2.569    top_i/clk_wiz_0/inst/clk_in1_top_clk_wiz_0_0
    PLLE2_ADV_X1Y0       PLLE2_ADV (Prop_plle2_adv_CLKIN1_CLKOUT1)
                                                     -7.750    -5.181 r  top_i/clk_wiz_0/inst/plle2_adv_inst/CLKOUT1
                         net (fo=1, routed)           1.576    -3.604    top_i/clk_wiz_0/inst/clk_out25_top_clk_wiz_0_0
    BUFGCTRL_X0Y0        BUFG (Prop_bufg_I_O)         0.091    -3.513 r  top_i/clk_wiz_0/inst/clkout2_buf/O
                         net (fo=147, routed)         1.477    -2.037    top_i/blk_mem_gen_0/U0/inst_blk_mem_gen/gnbram.gnativebmg.native_blk_mem_gen/valid.cstr/ramloop[8].ram.r/prim_noinit.ram/clka
    RAMB36_X1Y3          RAMB36E1                                     r  top_i/blk_mem_gen_0/U0/inst_blk_mem_gen/gnbram.gnativebmg.native_blk_mem_gen/valid.cstr/ramloop[8].ram.r/prim_noinit.ram/DEVICE_7SERIES.NO_BMM_INFO.TRUE_DP.CASCADED_PRIM36.ram_B/CLKARDCLK

Slack:                    inf
  Source:                 top_i/Pixel_Capture_0/U0/bram_addr_s_reg[13]/C
                            (rising edge-triggered cell FDRE)
  Destination:            top_i/blk_mem_gen_0/U0/inst_blk_mem_gen/gnbram.gnativebmg.native_blk_mem_gen/valid.cstr/ramloop[26].ram.r/prim_noinit.ram/DEVICE_7SERIES.NO_BMM_INFO.TRUE_DP.SIMPLE_PRIM36.ram/ENARDEN
                            (rising edge-triggered cell RAMB36E1 clocked by clk_out25_top_clk_wiz_0_0  {rise@0.000ns fall@20.000ns period=40.000ns})
  Path Group:             (none)
  Path Type:              Setup (Max at Slow Process Corner)
  Data Path Delay:        5.263ns  (logic 1.026ns (19.495%)  route 4.237ns (80.505%))
  Logic Levels:           3  (FDRE=1 LUT2=1 LUT5=1)
  Clock Uncertainty:      0.201ns  ((TSJ^2 + DJ^2)^1/2) / 2 + PE
    Total System Jitter     (TSJ):    0.050ns
    Discrete Jitter          (DJ):    0.183ns
    Phase Error              (PE):    0.105ns

    Location             Delay type                Incr(ns)  Path(ns)    Netlist Resource(s)
  -------------------------------------------------------------------    -------------------
    SLICE_X46Y40         FDRE                         0.000     0.000 r  top_i/Pixel_Capture_0/U0/bram_addr_s_reg[13]/C
    SLICE_X46Y40         FDRE (Prop_fdre_C_Q)         0.518     0.518 r  top_i/Pixel_Capture_0/U0/bram_addr_s_reg[13]/Q
                         net (fo=2, routed)           1.029     1.547    top_i/BRAM_FIFO_Limit_0/U0/bram_addr_in[13]
    SLICE_X47Y40         LUT2 (Prop_lut2_I1_O)        0.153     1.700 r  top_i/BRAM_FIFO_Limit_0/U0/bram_addr_out[13]_INST_0/O
                         net (fo=28, routed)          2.426     4.126    top_i/blk_mem_gen_0/U0/inst_blk_mem_gen/gnbram.gnativebmg.native_blk_mem_gen/valid.cstr/bindec_a.bindec_inst_a/addra[1]
    SLICE_X58Y62         LUT5 (Prop_lut5_I2_O)        0.355     4.481 r  top_i/blk_mem_gen_0/U0/inst_blk_mem_gen/gnbram.gnativebmg.native_blk_mem_gen/valid.cstr/bindec_a.bindec_inst_a/DEVICE_7SERIES.NO_BMM_INFO.TRUE_DP.SIMPLE_PRIM36.ram_i_1__13/O
                         net (fo=1, routed)           0.782     5.263    top_i/blk_mem_gen_0/U0/inst_blk_mem_gen/gnbram.gnativebmg.native_blk_mem_gen/valid.cstr/ramloop[26].ram.r/prim_noinit.ram/ena_array[0]
    RAMB36_X2Y13         RAMB36E1                                     r  top_i/blk_mem_gen_0/U0/inst_blk_mem_gen/gnbram.gnativebmg.native_blk_mem_gen/valid.cstr/ramloop[26].ram.r/prim_noinit.ram/DEVICE_7SERIES.NO_BMM_INFO.TRUE_DP.SIMPLE_PRIM36.ram/ENARDEN
  -------------------------------------------------------------------    -------------------

                         (clock clk_out25_top_clk_wiz_0_0 rise edge)
                                                      0.000     0.000 r  
    W5                                                0.000     0.000 r  sys_clock (IN)
                         net (fo=0)                   0.000     0.000    top_i/clk_wiz_0/inst/clk_in1
    W5                   IBUF (Prop_ibuf_I_O)         1.388     1.388 r  top_i/clk_wiz_0/inst/clkin1_ibufg/O
                         net (fo=1, routed)           1.181     2.569    top_i/clk_wiz_0/inst/clk_in1_top_clk_wiz_0_0
    PLLE2_ADV_X1Y0       PLLE2_ADV (Prop_plle2_adv_CLKIN1_CLKOUT1)
                                                     -7.750    -5.181 r  top_i/clk_wiz_0/inst/plle2_adv_inst/CLKOUT1
                         net (fo=1, routed)           1.576    -3.604    top_i/clk_wiz_0/inst/clk_out25_top_clk_wiz_0_0
    BUFGCTRL_X0Y0        BUFG (Prop_bufg_I_O)         0.091    -3.513 r  top_i/clk_wiz_0/inst/clkout2_buf/O
                         net (fo=147, routed)         1.468    -2.045    top_i/blk_mem_gen_0/U0/inst_blk_mem_gen/gnbram.gnativebmg.native_blk_mem_gen/valid.cstr/ramloop[26].ram.r/prim_noinit.ram/clka
    RAMB36_X2Y13         RAMB36E1                                     r  top_i/blk_mem_gen_0/U0/inst_blk_mem_gen/gnbram.gnativebmg.native_blk_mem_gen/valid.cstr/ramloop[26].ram.r/prim_noinit.ram/DEVICE_7SERIES.NO_BMM_INFO.TRUE_DP.SIMPLE_PRIM36.ram/CLKARDCLK

Slack:                    inf
  Source:                 top_i/Pixel_Capture_0/U0/bram_addr_s_reg[15]/C
                            (rising edge-triggered cell FDRE)
  Destination:            top_i/blk_mem_gen_0/U0/inst_blk_mem_gen/gnbram.gnativebmg.native_blk_mem_gen/valid.cstr/ramloop[17].ram.r/prim_noinit.ram/DEVICE_7SERIES.NO_BMM_INFO.TRUE_DP.SIMPLE_PRIM36.ram/ENARDEN
                            (rising edge-triggered cell RAMB36E1 clocked by clk_out25_top_clk_wiz_0_0  {rise@0.000ns fall@20.000ns period=40.000ns})
  Path Group:             (none)
  Path Type:              Setup (Max at Slow Process Corner)
  Data Path Delay:        5.110ns  (logic 0.967ns (18.923%)  route 4.143ns (81.077%))
  Logic Levels:           3  (FDRE=1 LUT2=1 LUT5=1)
  Clock Uncertainty:      0.201ns  ((TSJ^2 + DJ^2)^1/2) / 2 + PE
    Total System Jitter     (TSJ):    0.050ns
    Discrete Jitter          (DJ):    0.183ns
    Phase Error              (PE):    0.105ns

    Location             Delay type                Incr(ns)  Path(ns)    Netlist Resource(s)
  -------------------------------------------------------------------    -------------------
    SLICE_X46Y40         FDRE                         0.000     0.000 r  top_i/Pixel_Capture_0/U0/bram_addr_s_reg[15]/C
    SLICE_X46Y40         FDRE (Prop_fdre_C_Q)         0.518     0.518 f  top_i/Pixel_Capture_0/U0/bram_addr_s_reg[15]/Q
                         net (fo=6, routed)           0.274     0.792    top_i/BRAM_FIFO_Limit_0/U0/bram_addr_in[15]
    SLICE_X47Y40         LUT2 (Prop_lut2_I1_O)        0.117     0.909 f  top_i/BRAM_FIFO_Limit_0/U0/bram_addr_out[15]_INST_0/O
                         net (fo=28, routed)          3.338     4.247    top_i/blk_mem_gen_0/U0/inst_blk_mem_gen/gnbram.gnativebmg.native_blk_mem_gen/valid.cstr/bindec_a.bindec_inst_a/addra[3]
    SLICE_X12Y47         LUT5 (Prop_lut5_I4_O)        0.332     4.579 r  top_i/blk_mem_gen_0/U0/inst_blk_mem_gen/gnbram.gnativebmg.native_blk_mem_gen/valid.cstr/bindec_a.bindec_inst_a/DEVICE_7SERIES.NO_BMM_INFO.TRUE_DP.SIMPLE_PRIM36.ram_i_1__4/O
                         net (fo=1, routed)           0.531     5.110    top_i/blk_mem_gen_0/U0/inst_blk_mem_gen/gnbram.gnativebmg.native_blk_mem_gen/valid.cstr/ramloop[17].ram.r/prim_noinit.ram/ena_array[0]
    RAMB36_X0Y9          RAMB36E1                                     r  top_i/blk_mem_gen_0/U0/inst_blk_mem_gen/gnbram.gnativebmg.native_blk_mem_gen/valid.cstr/ramloop[17].ram.r/prim_noinit.ram/DEVICE_7SERIES.NO_BMM_INFO.TRUE_DP.SIMPLE_PRIM36.ram/ENARDEN
  -------------------------------------------------------------------    -------------------

                         (clock clk_out25_top_clk_wiz_0_0 rise edge)
                                                      0.000     0.000 r  
    W5                                                0.000     0.000 r  sys_clock (IN)
                         net (fo=0)                   0.000     0.000    top_i/clk_wiz_0/inst/clk_in1
    W5                   IBUF (Prop_ibuf_I_O)         1.388     1.388 r  top_i/clk_wiz_0/inst/clkin1_ibufg/O
                         net (fo=1, routed)           1.181     2.569    top_i/clk_wiz_0/inst/clk_in1_top_clk_wiz_0_0
    PLLE2_ADV_X1Y0       PLLE2_ADV (Prop_plle2_adv_CLKIN1_CLKOUT1)
                                                     -7.750    -5.181 r  top_i/clk_wiz_0/inst/plle2_adv_inst/CLKOUT1
                         net (fo=1, routed)           1.576    -3.604    top_i/clk_wiz_0/inst/clk_out25_top_clk_wiz_0_0
    BUFGCTRL_X0Y0        BUFG (Prop_bufg_I_O)         0.091    -3.513 r  top_i/clk_wiz_0/inst/clkout2_buf/O
                         net (fo=147, routed)         1.488    -2.026    top_i/blk_mem_gen_0/U0/inst_blk_mem_gen/gnbram.gnativebmg.native_blk_mem_gen/valid.cstr/ramloop[17].ram.r/prim_noinit.ram/clka
    RAMB36_X0Y9          RAMB36E1                                     r  top_i/blk_mem_gen_0/U0/inst_blk_mem_gen/gnbram.gnativebmg.native_blk_mem_gen/valid.cstr/ramloop[17].ram.r/prim_noinit.ram/DEVICE_7SERIES.NO_BMM_INFO.TRUE_DP.SIMPLE_PRIM36.ram/CLKARDCLK





Min Delay Paths
--------------------------------------------------------------------------------------
Slack:                    inf
  Source:                 top_i/Pixel_Capture_0/U0/start_capture_flag_reg/C
                            (rising edge-triggered cell FDRE)
  Destination:            top_i/BRAM_FIFO_Limit_0/U0/write_enable_reg/D
                            (rising edge-triggered cell FDRE clocked by clk_out25_top_clk_wiz_0_0  {rise@0.000ns fall@20.000ns period=40.000ns})
  Path Group:             (none)
  Path Type:              Hold (Min at Fast Process Corner)
  Data Path Delay:        0.471ns  (logic 0.186ns (39.527%)  route 0.285ns (60.473%))
  Logic Levels:           2  (FDRE=1 LUT4=1)
  Clock Uncertainty:      0.201ns  ((TSJ^2 + DJ^2)^1/2) / 2 + PE
    Total System Jitter     (TSJ):    0.050ns
    Discrete Jitter          (DJ):    0.183ns
    Phase Error              (PE):    0.105ns

    Location             Delay type                Incr(ns)  Path(ns)    Netlist Resource(s)
  -------------------------------------------------------------------    -------------------
    SLICE_X36Y38         FDRE                         0.000     0.000 r  top_i/Pixel_Capture_0/U0/start_capture_flag_reg/C
    SLICE_X36Y38         FDRE (Prop_fdre_C_Q)         0.141     0.141 r  top_i/Pixel_Capture_0/U0/start_capture_flag_reg/Q
                         net (fo=3, routed)           0.285     0.426    top_i/BRAM_FIFO_Limit_0/U0/start_capture
    SLICE_X39Y39         LUT4 (Prop_lut4_I1_O)        0.045     0.471 r  top_i/BRAM_FIFO_Limit_0/U0/write_enable_i_1/O
                         net (fo=1, routed)           0.000     0.471    top_i/BRAM_FIFO_Limit_0/U0/write_enable_i_1_n_0
    SLICE_X39Y39         FDRE                                         r  top_i/BRAM_FIFO_Limit_0/U0/write_enable_reg/D
  -------------------------------------------------------------------    -------------------

                         (clock clk_out25_top_clk_wiz_0_0 rise edge)
                                                      0.000     0.000 r  
    W5                                                0.000     0.000 r  sys_clock (IN)
                         net (fo=0)                   0.000     0.000    top_i/clk_wiz_0/inst/clk_in1
    W5                   IBUF (Prop_ibuf_I_O)         0.414     0.414 r  top_i/clk_wiz_0/inst/clkin1_ibufg/O
                         net (fo=1, routed)           0.481     0.895    top_i/clk_wiz_0/inst/clk_in1_top_clk_wiz_0_0
    PLLE2_ADV_X1Y0       PLLE2_ADV (Prop_plle2_adv_CLKIN1_CLKOUT1)
                                                     -2.638    -1.743 r  top_i/clk_wiz_0/inst/plle2_adv_inst/CLKOUT1
                         net (fo=1, routed)           0.546    -1.197    top_i/clk_wiz_0/inst/clk_out25_top_clk_wiz_0_0
    BUFGCTRL_X0Y0        BUFG (Prop_bufg_I_O)         0.029    -1.168 r  top_i/clk_wiz_0/inst/clkout2_buf/O
                         net (fo=147, routed)         0.830    -0.339    top_i/BRAM_FIFO_Limit_0/U0/clk
    SLICE_X39Y39         FDRE                                         r  top_i/BRAM_FIFO_Limit_0/U0/write_enable_reg/C

Slack:                    inf
  Source:                 top_i/Pixel_Capture_0/U0/start_capture_flag_reg/C
                            (rising edge-triggered cell FDRE)
  Destination:            top_i/BRAM_FIFO_Limit_0/U0/pixel_count_reg[0]/CE
                            (rising edge-triggered cell FDRE clocked by clk_out25_top_clk_wiz_0_0  {rise@0.000ns fall@20.000ns period=40.000ns})
  Path Group:             (none)
  Path Type:              Hold (Min at Fast Process Corner)
  Data Path Delay:        0.645ns  (logic 0.186ns (28.817%)  route 0.459ns (71.183%))
  Logic Levels:           2  (FDRE=1 LUT3=1)
  Clock Uncertainty:      0.201ns  ((TSJ^2 + DJ^2)^1/2) / 2 + PE
    Total System Jitter     (TSJ):    0.050ns
    Discrete Jitter          (DJ):    0.183ns
    Phase Error              (PE):    0.105ns

    Location             Delay type                Incr(ns)  Path(ns)    Netlist Resource(s)
  -------------------------------------------------------------------    -------------------
    SLICE_X36Y38         FDRE                         0.000     0.000 r  top_i/Pixel_Capture_0/U0/start_capture_flag_reg/C
    SLICE_X36Y38         FDRE (Prop_fdre_C_Q)         0.141     0.141 r  top_i/Pixel_Capture_0/U0/start_capture_flag_reg/Q
                         net (fo=3, routed)           0.285     0.426    top_i/BRAM_FIFO_Limit_0/U0/start_capture
    SLICE_X39Y39         LUT3 (Prop_lut3_I1_O)        0.045     0.471 r  top_i/BRAM_FIFO_Limit_0/U0/pixel_count[0]_i_1/O
                         net (fo=17, routed)          0.175     0.645    top_i/BRAM_FIFO_Limit_0/U0/pixel_count
    SLICE_X40Y39         FDRE                                         r  top_i/BRAM_FIFO_Limit_0/U0/pixel_count_reg[0]/CE
  -------------------------------------------------------------------    -------------------

                         (clock clk_out25_top_clk_wiz_0_0 rise edge)
                                                      0.000     0.000 r  
    W5                                                0.000     0.000 r  sys_clock (IN)
                         net (fo=0)                   0.000     0.000    top_i/clk_wiz_0/inst/clk_in1
    W5                   IBUF (Prop_ibuf_I_O)         0.414     0.414 r  top_i/clk_wiz_0/inst/clkin1_ibufg/O
                         net (fo=1, routed)           0.481     0.895    top_i/clk_wiz_0/inst/clk_in1_top_clk_wiz_0_0
    PLLE2_ADV_X1Y0       PLLE2_ADV (Prop_plle2_adv_CLKIN1_CLKOUT1)
                                                     -2.638    -1.743 r  top_i/clk_wiz_0/inst/plle2_adv_inst/CLKOUT1
                         net (fo=1, routed)           0.546    -1.197    top_i/clk_wiz_0/inst/clk_out25_top_clk_wiz_0_0
    BUFGCTRL_X0Y0        BUFG (Prop_bufg_I_O)         0.029    -1.168 r  top_i/clk_wiz_0/inst/clkout2_buf/O
                         net (fo=147, routed)         0.831    -0.338    top_i/BRAM_FIFO_Limit_0/U0/clk
    SLICE_X40Y39         FDRE                                         r  top_i/BRAM_FIFO_Limit_0/U0/pixel_count_reg[0]/C

Slack:                    inf
  Source:                 top_i/Pixel_Capture_0/U0/start_capture_flag_reg/C
                            (rising edge-triggered cell FDRE)
  Destination:            top_i/BRAM_FIFO_Limit_0/U0/pixel_count_reg[1]/CE
                            (rising edge-triggered cell FDRE clocked by clk_out25_top_clk_wiz_0_0  {rise@0.000ns fall@20.000ns period=40.000ns})
  Path Group:             (none)
  Path Type:              Hold (Min at Fast Process Corner)
  Data Path Delay:        0.645ns  (logic 0.186ns (28.817%)  route 0.459ns (71.183%))
  Logic Levels:           2  (FDRE=1 LUT3=1)
  Clock Uncertainty:      0.201ns  ((TSJ^2 + DJ^2)^1/2) / 2 + PE
    Total System Jitter     (TSJ):    0.050ns
    Discrete Jitter          (DJ):    0.183ns
    Phase Error              (PE):    0.105ns

    Location             Delay type                Incr(ns)  Path(ns)    Netlist Resource(s)
  -------------------------------------------------------------------    -------------------
    SLICE_X36Y38         FDRE                         0.000     0.000 r  top_i/Pixel_Capture_0/U0/start_capture_flag_reg/C
    SLICE_X36Y38         FDRE (Prop_fdre_C_Q)         0.141     0.141 r  top_i/Pixel_Capture_0/U0/start_capture_flag_reg/Q
                         net (fo=3, routed)           0.285     0.426    top_i/BRAM_FIFO_Limit_0/U0/start_capture
    SLICE_X39Y39         LUT3 (Prop_lut3_I1_O)        0.045     0.471 r  top_i/BRAM_FIFO_Limit_0/U0/pixel_count[0]_i_1/O
                         net (fo=17, routed)          0.175     0.645    top_i/BRAM_FIFO_Limit_0/U0/pixel_count
    SLICE_X40Y39         FDRE                                         r  top_i/BRAM_FIFO_Limit_0/U0/pixel_count_reg[1]/CE
  -------------------------------------------------------------------    -------------------

                         (clock clk_out25_top_clk_wiz_0_0 rise edge)
                                                      0.000     0.000 r  
    W5                                                0.000     0.000 r  sys_clock (IN)
                         net (fo=0)                   0.000     0.000    top_i/clk_wiz_0/inst/clk_in1
    W5                   IBUF (Prop_ibuf_I_O)         0.414     0.414 r  top_i/clk_wiz_0/inst/clkin1_ibufg/O
                         net (fo=1, routed)           0.481     0.895    top_i/clk_wiz_0/inst/clk_in1_top_clk_wiz_0_0
    PLLE2_ADV_X1Y0       PLLE2_ADV (Prop_plle2_adv_CLKIN1_CLKOUT1)
                                                     -2.638    -1.743 r  top_i/clk_wiz_0/inst/plle2_adv_inst/CLKOUT1
                         net (fo=1, routed)           0.546    -1.197    top_i/clk_wiz_0/inst/clk_out25_top_clk_wiz_0_0
    BUFGCTRL_X0Y0        BUFG (Prop_bufg_I_O)         0.029    -1.168 r  top_i/clk_wiz_0/inst/clkout2_buf/O
                         net (fo=147, routed)         0.831    -0.338    top_i/BRAM_FIFO_Limit_0/U0/clk
    SLICE_X40Y39         FDRE                                         r  top_i/BRAM_FIFO_Limit_0/U0/pixel_count_reg[1]/C

Slack:                    inf
  Source:                 top_i/Pixel_Capture_0/U0/start_capture_flag_reg/C
                            (rising edge-triggered cell FDRE)
  Destination:            top_i/BRAM_FIFO_Limit_0/U0/pixel_count_reg[2]/CE
                            (rising edge-triggered cell FDRE clocked by clk_out25_top_clk_wiz_0_0  {rise@0.000ns fall@20.000ns period=40.000ns})
  Path Group:             (none)
  Path Type:              Hold (Min at Fast Process Corner)
  Data Path Delay:        0.645ns  (logic 0.186ns (28.817%)  route 0.459ns (71.183%))
  Logic Levels:           2  (FDRE=1 LUT3=1)
  Clock Uncertainty:      0.201ns  ((TSJ^2 + DJ^2)^1/2) / 2 + PE
    Total System Jitter     (TSJ):    0.050ns
    Discrete Jitter          (DJ):    0.183ns
    Phase Error              (PE):    0.105ns

    Location             Delay type                Incr(ns)  Path(ns)    Netlist Resource(s)
  -------------------------------------------------------------------    -------------------
    SLICE_X36Y38         FDRE                         0.000     0.000 r  top_i/Pixel_Capture_0/U0/start_capture_flag_reg/C
    SLICE_X36Y38         FDRE (Prop_fdre_C_Q)         0.141     0.141 r  top_i/Pixel_Capture_0/U0/start_capture_flag_reg/Q
                         net (fo=3, routed)           0.285     0.426    top_i/BRAM_FIFO_Limit_0/U0/start_capture
    SLICE_X39Y39         LUT3 (Prop_lut3_I1_O)        0.045     0.471 r  top_i/BRAM_FIFO_Limit_0/U0/pixel_count[0]_i_1/O
                         net (fo=17, routed)          0.175     0.645    top_i/BRAM_FIFO_Limit_0/U0/pixel_count
    SLICE_X40Y39         FDRE                                         r  top_i/BRAM_FIFO_Limit_0/U0/pixel_count_reg[2]/CE
  -------------------------------------------------------------------    -------------------

                         (clock clk_out25_top_clk_wiz_0_0 rise edge)
                                                      0.000     0.000 r  
    W5                                                0.000     0.000 r  sys_clock (IN)
                         net (fo=0)                   0.000     0.000    top_i/clk_wiz_0/inst/clk_in1
    W5                   IBUF (Prop_ibuf_I_O)         0.414     0.414 r  top_i/clk_wiz_0/inst/clkin1_ibufg/O
                         net (fo=1, routed)           0.481     0.895    top_i/clk_wiz_0/inst/clk_in1_top_clk_wiz_0_0
    PLLE2_ADV_X1Y0       PLLE2_ADV (Prop_plle2_adv_CLKIN1_CLKOUT1)
                                                     -2.638    -1.743 r  top_i/clk_wiz_0/inst/plle2_adv_inst/CLKOUT1
                         net (fo=1, routed)           0.546    -1.197    top_i/clk_wiz_0/inst/clk_out25_top_clk_wiz_0_0
    BUFGCTRL_X0Y0        BUFG (Prop_bufg_I_O)         0.029    -1.168 r  top_i/clk_wiz_0/inst/clkout2_buf/O
                         net (fo=147, routed)         0.831    -0.338    top_i/BRAM_FIFO_Limit_0/U0/clk
    SLICE_X40Y39         FDRE                                         r  top_i/BRAM_FIFO_Limit_0/U0/pixel_count_reg[2]/C

Slack:                    inf
  Source:                 top_i/Pixel_Capture_0/U0/start_capture_flag_reg/C
                            (rising edge-triggered cell FDRE)
  Destination:            top_i/BRAM_FIFO_Limit_0/U0/pixel_count_reg[3]/CE
                            (rising edge-triggered cell FDRE clocked by clk_out25_top_clk_wiz_0_0  {rise@0.000ns fall@20.000ns period=40.000ns})
  Path Group:             (none)
  Path Type:              Hold (Min at Fast Process Corner)
  Data Path Delay:        0.645ns  (logic 0.186ns (28.817%)  route 0.459ns (71.183%))
  Logic Levels:           2  (FDRE=1 LUT3=1)
  Clock Uncertainty:      0.201ns  ((TSJ^2 + DJ^2)^1/2) / 2 + PE
    Total System Jitter     (TSJ):    0.050ns
    Discrete Jitter          (DJ):    0.183ns
    Phase Error              (PE):    0.105ns

    Location             Delay type                Incr(ns)  Path(ns)    Netlist Resource(s)
  -------------------------------------------------------------------    -------------------
    SLICE_X36Y38         FDRE                         0.000     0.000 r  top_i/Pixel_Capture_0/U0/start_capture_flag_reg/C
    SLICE_X36Y38         FDRE (Prop_fdre_C_Q)         0.141     0.141 r  top_i/Pixel_Capture_0/U0/start_capture_flag_reg/Q
                         net (fo=3, routed)           0.285     0.426    top_i/BRAM_FIFO_Limit_0/U0/start_capture
    SLICE_X39Y39         LUT3 (Prop_lut3_I1_O)        0.045     0.471 r  top_i/BRAM_FIFO_Limit_0/U0/pixel_count[0]_i_1/O
                         net (fo=17, routed)          0.175     0.645    top_i/BRAM_FIFO_Limit_0/U0/pixel_count
    SLICE_X40Y39         FDRE                                         r  top_i/BRAM_FIFO_Limit_0/U0/pixel_count_reg[3]/CE
  -------------------------------------------------------------------    -------------------

                         (clock clk_out25_top_clk_wiz_0_0 rise edge)
                                                      0.000     0.000 r  
    W5                                                0.000     0.000 r  sys_clock (IN)
                         net (fo=0)                   0.000     0.000    top_i/clk_wiz_0/inst/clk_in1
    W5                   IBUF (Prop_ibuf_I_O)         0.414     0.414 r  top_i/clk_wiz_0/inst/clkin1_ibufg/O
                         net (fo=1, routed)           0.481     0.895    top_i/clk_wiz_0/inst/clk_in1_top_clk_wiz_0_0
    PLLE2_ADV_X1Y0       PLLE2_ADV (Prop_plle2_adv_CLKIN1_CLKOUT1)
                                                     -2.638    -1.743 r  top_i/clk_wiz_0/inst/plle2_adv_inst/CLKOUT1
                         net (fo=1, routed)           0.546    -1.197    top_i/clk_wiz_0/inst/clk_out25_top_clk_wiz_0_0
    BUFGCTRL_X0Y0        BUFG (Prop_bufg_I_O)         0.029    -1.168 r  top_i/clk_wiz_0/inst/clkout2_buf/O
                         net (fo=147, routed)         0.831    -0.338    top_i/BRAM_FIFO_Limit_0/U0/clk
    SLICE_X40Y39         FDRE                                         r  top_i/BRAM_FIFO_Limit_0/U0/pixel_count_reg[3]/C

Slack:                    inf
  Source:                 top_i/Pixel_Capture_0/U0/start_capture_flag_reg/C
                            (rising edge-triggered cell FDRE)
  Destination:            top_i/BRAM_FIFO_Limit_0/U0/pixel_count_reg[4]/CE
                            (rising edge-triggered cell FDRE clocked by clk_out25_top_clk_wiz_0_0  {rise@0.000ns fall@20.000ns period=40.000ns})
  Path Group:             (none)
  Path Type:              Hold (Min at Fast Process Corner)
  Data Path Delay:        0.667ns  (logic 0.186ns (27.882%)  route 0.481ns (72.118%))
  Logic Levels:           2  (FDRE=1 LUT3=1)
  Clock Uncertainty:      0.201ns  ((TSJ^2 + DJ^2)^1/2) / 2 + PE
    Total System Jitter     (TSJ):    0.050ns
    Discrete Jitter          (DJ):    0.183ns
    Phase Error              (PE):    0.105ns

    Location             Delay type                Incr(ns)  Path(ns)    Netlist Resource(s)
  -------------------------------------------------------------------    -------------------
    SLICE_X36Y38         FDRE                         0.000     0.000 r  top_i/Pixel_Capture_0/U0/start_capture_flag_reg/C
    SLICE_X36Y38         FDRE (Prop_fdre_C_Q)         0.141     0.141 r  top_i/Pixel_Capture_0/U0/start_capture_flag_reg/Q
                         net (fo=3, routed)           0.285     0.426    top_i/BRAM_FIFO_Limit_0/U0/start_capture
    SLICE_X39Y39         LUT3 (Prop_lut3_I1_O)        0.045     0.471 r  top_i/BRAM_FIFO_Limit_0/U0/pixel_count[0]_i_1/O
                         net (fo=17, routed)          0.197     0.667    top_i/BRAM_FIFO_Limit_0/U0/pixel_count
    SLICE_X40Y40         FDRE                                         r  top_i/BRAM_FIFO_Limit_0/U0/pixel_count_reg[4]/CE
  -------------------------------------------------------------------    -------------------

                         (clock clk_out25_top_clk_wiz_0_0 rise edge)
                                                      0.000     0.000 r  
    W5                                                0.000     0.000 r  sys_clock (IN)
                         net (fo=0)                   0.000     0.000    top_i/clk_wiz_0/inst/clk_in1
    W5                   IBUF (Prop_ibuf_I_O)         0.414     0.414 r  top_i/clk_wiz_0/inst/clkin1_ibufg/O
                         net (fo=1, routed)           0.481     0.895    top_i/clk_wiz_0/inst/clk_in1_top_clk_wiz_0_0
    PLLE2_ADV_X1Y0       PLLE2_ADV (Prop_plle2_adv_CLKIN1_CLKOUT1)
                                                     -2.638    -1.743 r  top_i/clk_wiz_0/inst/plle2_adv_inst/CLKOUT1
                         net (fo=1, routed)           0.546    -1.197    top_i/clk_wiz_0/inst/clk_out25_top_clk_wiz_0_0
    BUFGCTRL_X0Y0        BUFG (Prop_bufg_I_O)         0.029    -1.168 r  top_i/clk_wiz_0/inst/clkout2_buf/O
                         net (fo=147, routed)         0.832    -0.337    top_i/BRAM_FIFO_Limit_0/U0/clk
    SLICE_X40Y40         FDRE                                         r  top_i/BRAM_FIFO_Limit_0/U0/pixel_count_reg[4]/C

Slack:                    inf
  Source:                 top_i/Pixel_Capture_0/U0/start_capture_flag_reg/C
                            (rising edge-triggered cell FDRE)
  Destination:            top_i/BRAM_FIFO_Limit_0/U0/pixel_count_reg[5]/CE
                            (rising edge-triggered cell FDRE clocked by clk_out25_top_clk_wiz_0_0  {rise@0.000ns fall@20.000ns period=40.000ns})
  Path Group:             (none)
  Path Type:              Hold (Min at Fast Process Corner)
  Data Path Delay:        0.667ns  (logic 0.186ns (27.882%)  route 0.481ns (72.118%))
  Logic Levels:           2  (FDRE=1 LUT3=1)
  Clock Uncertainty:      0.201ns  ((TSJ^2 + DJ^2)^1/2) / 2 + PE
    Total System Jitter     (TSJ):    0.050ns
    Discrete Jitter          (DJ):    0.183ns
    Phase Error              (PE):    0.105ns

    Location             Delay type                Incr(ns)  Path(ns)    Netlist Resource(s)
  -------------------------------------------------------------------    -------------------
    SLICE_X36Y38         FDRE                         0.000     0.000 r  top_i/Pixel_Capture_0/U0/start_capture_flag_reg/C
    SLICE_X36Y38         FDRE (Prop_fdre_C_Q)         0.141     0.141 r  top_i/Pixel_Capture_0/U0/start_capture_flag_reg/Q
                         net (fo=3, routed)           0.285     0.426    top_i/BRAM_FIFO_Limit_0/U0/start_capture
    SLICE_X39Y39         LUT3 (Prop_lut3_I1_O)        0.045     0.471 r  top_i/BRAM_FIFO_Limit_0/U0/pixel_count[0]_i_1/O
                         net (fo=17, routed)          0.197     0.667    top_i/BRAM_FIFO_Limit_0/U0/pixel_count
    SLICE_X40Y40         FDRE                                         r  top_i/BRAM_FIFO_Limit_0/U0/pixel_count_reg[5]/CE
  -------------------------------------------------------------------    -------------------

                         (clock clk_out25_top_clk_wiz_0_0 rise edge)
                                                      0.000     0.000 r  
    W5                                                0.000     0.000 r  sys_clock (IN)
                         net (fo=0)                   0.000     0.000    top_i/clk_wiz_0/inst/clk_in1
    W5                   IBUF (Prop_ibuf_I_O)         0.414     0.414 r  top_i/clk_wiz_0/inst/clkin1_ibufg/O
                         net (fo=1, routed)           0.481     0.895    top_i/clk_wiz_0/inst/clk_in1_top_clk_wiz_0_0
    PLLE2_ADV_X1Y0       PLLE2_ADV (Prop_plle2_adv_CLKIN1_CLKOUT1)
                                                     -2.638    -1.743 r  top_i/clk_wiz_0/inst/plle2_adv_inst/CLKOUT1
                         net (fo=1, routed)           0.546    -1.197    top_i/clk_wiz_0/inst/clk_out25_top_clk_wiz_0_0
    BUFGCTRL_X0Y0        BUFG (Prop_bufg_I_O)         0.029    -1.168 r  top_i/clk_wiz_0/inst/clkout2_buf/O
                         net (fo=147, routed)         0.832    -0.337    top_i/BRAM_FIFO_Limit_0/U0/clk
    SLICE_X40Y40         FDRE                                         r  top_i/BRAM_FIFO_Limit_0/U0/pixel_count_reg[5]/C

Slack:                    inf
  Source:                 top_i/Pixel_Capture_0/U0/start_capture_flag_reg/C
                            (rising edge-triggered cell FDRE)
  Destination:            top_i/BRAM_FIFO_Limit_0/U0/pixel_count_reg[6]/CE
                            (rising edge-triggered cell FDRE clocked by clk_out25_top_clk_wiz_0_0  {rise@0.000ns fall@20.000ns period=40.000ns})
  Path Group:             (none)
  Path Type:              Hold (Min at Fast Process Corner)
  Data Path Delay:        0.667ns  (logic 0.186ns (27.882%)  route 0.481ns (72.118%))
  Logic Levels:           2  (FDRE=1 LUT3=1)
  Clock Uncertainty:      0.201ns  ((TSJ^2 + DJ^2)^1/2) / 2 + PE
    Total System Jitter     (TSJ):    0.050ns
    Discrete Jitter          (DJ):    0.183ns
    Phase Error              (PE):    0.105ns

    Location             Delay type                Incr(ns)  Path(ns)    Netlist Resource(s)
  -------------------------------------------------------------------    -------------------
    SLICE_X36Y38         FDRE                         0.000     0.000 r  top_i/Pixel_Capture_0/U0/start_capture_flag_reg/C
    SLICE_X36Y38         FDRE (Prop_fdre_C_Q)         0.141     0.141 r  top_i/Pixel_Capture_0/U0/start_capture_flag_reg/Q
                         net (fo=3, routed)           0.285     0.426    top_i/BRAM_FIFO_Limit_0/U0/start_capture
    SLICE_X39Y39         LUT3 (Prop_lut3_I1_O)        0.045     0.471 r  top_i/BRAM_FIFO_Limit_0/U0/pixel_count[0]_i_1/O
                         net (fo=17, routed)          0.197     0.667    top_i/BRAM_FIFO_Limit_0/U0/pixel_count
    SLICE_X40Y40         FDRE                                         r  top_i/BRAM_FIFO_Limit_0/U0/pixel_count_reg[6]/CE
  -------------------------------------------------------------------    -------------------

                         (clock clk_out25_top_clk_wiz_0_0 rise edge)
                                                      0.000     0.000 r  
    W5                                                0.000     0.000 r  sys_clock (IN)
                         net (fo=0)                   0.000     0.000    top_i/clk_wiz_0/inst/clk_in1
    W5                   IBUF (Prop_ibuf_I_O)         0.414     0.414 r  top_i/clk_wiz_0/inst/clkin1_ibufg/O
                         net (fo=1, routed)           0.481     0.895    top_i/clk_wiz_0/inst/clk_in1_top_clk_wiz_0_0
    PLLE2_ADV_X1Y0       PLLE2_ADV (Prop_plle2_adv_CLKIN1_CLKOUT1)
                                                     -2.638    -1.743 r  top_i/clk_wiz_0/inst/plle2_adv_inst/CLKOUT1
                         net (fo=1, routed)           0.546    -1.197    top_i/clk_wiz_0/inst/clk_out25_top_clk_wiz_0_0
    BUFGCTRL_X0Y0        BUFG (Prop_bufg_I_O)         0.029    -1.168 r  top_i/clk_wiz_0/inst/clkout2_buf/O
                         net (fo=147, routed)         0.832    -0.337    top_i/BRAM_FIFO_Limit_0/U0/clk
    SLICE_X40Y40         FDRE                                         r  top_i/BRAM_FIFO_Limit_0/U0/pixel_count_reg[6]/C

Slack:                    inf
  Source:                 top_i/Pixel_Capture_0/U0/start_capture_flag_reg/C
                            (rising edge-triggered cell FDRE)
  Destination:            top_i/BRAM_FIFO_Limit_0/U0/pixel_count_reg[7]/CE
                            (rising edge-triggered cell FDRE clocked by clk_out25_top_clk_wiz_0_0  {rise@0.000ns fall@20.000ns period=40.000ns})
  Path Group:             (none)
  Path Type:              Hold (Min at Fast Process Corner)
  Data Path Delay:        0.667ns  (logic 0.186ns (27.882%)  route 0.481ns (72.118%))
  Logic Levels:           2  (FDRE=1 LUT3=1)
  Clock Uncertainty:      0.201ns  ((TSJ^2 + DJ^2)^1/2) / 2 + PE
    Total System Jitter     (TSJ):    0.050ns
    Discrete Jitter          (DJ):    0.183ns
    Phase Error              (PE):    0.105ns

    Location             Delay type                Incr(ns)  Path(ns)    Netlist Resource(s)
  -------------------------------------------------------------------    -------------------
    SLICE_X36Y38         FDRE                         0.000     0.000 r  top_i/Pixel_Capture_0/U0/start_capture_flag_reg/C
    SLICE_X36Y38         FDRE (Prop_fdre_C_Q)         0.141     0.141 r  top_i/Pixel_Capture_0/U0/start_capture_flag_reg/Q
                         net (fo=3, routed)           0.285     0.426    top_i/BRAM_FIFO_Limit_0/U0/start_capture
    SLICE_X39Y39         LUT3 (Prop_lut3_I1_O)        0.045     0.471 r  top_i/BRAM_FIFO_Limit_0/U0/pixel_count[0]_i_1/O
                         net (fo=17, routed)          0.197     0.667    top_i/BRAM_FIFO_Limit_0/U0/pixel_count
    SLICE_X40Y40         FDRE                                         r  top_i/BRAM_FIFO_Limit_0/U0/pixel_count_reg[7]/CE
  -------------------------------------------------------------------    -------------------

                         (clock clk_out25_top_clk_wiz_0_0 rise edge)
                                                      0.000     0.000 r  
    W5                                                0.000     0.000 r  sys_clock (IN)
                         net (fo=0)                   0.000     0.000    top_i/clk_wiz_0/inst/clk_in1
    W5                   IBUF (Prop_ibuf_I_O)         0.414     0.414 r  top_i/clk_wiz_0/inst/clkin1_ibufg/O
                         net (fo=1, routed)           0.481     0.895    top_i/clk_wiz_0/inst/clk_in1_top_clk_wiz_0_0
    PLLE2_ADV_X1Y0       PLLE2_ADV (Prop_plle2_adv_CLKIN1_CLKOUT1)
                                                     -2.638    -1.743 r  top_i/clk_wiz_0/inst/plle2_adv_inst/CLKOUT1
                         net (fo=1, routed)           0.546    -1.197    top_i/clk_wiz_0/inst/clk_out25_top_clk_wiz_0_0
    BUFGCTRL_X0Y0        BUFG (Prop_bufg_I_O)         0.029    -1.168 r  top_i/clk_wiz_0/inst/clkout2_buf/O
                         net (fo=147, routed)         0.832    -0.337    top_i/BRAM_FIFO_Limit_0/U0/clk
    SLICE_X40Y40         FDRE                                         r  top_i/BRAM_FIFO_Limit_0/U0/pixel_count_reg[7]/C

Slack:                    inf
  Source:                 top_i/Pixel_Capture_0/U0/bram_addr_s_reg[1]/C
                            (rising edge-triggered cell FDRE)
  Destination:            top_i/blk_mem_gen_0/U0/inst_blk_mem_gen/gnbram.gnativebmg.native_blk_mem_gen/valid.cstr/ramloop[19].ram.r/prim_noinit.ram/DEVICE_7SERIES.NO_BMM_INFO.TRUE_DP.SIMPLE_PRIM36.ram/ADDRARDADDR[4]
                            (rising edge-triggered cell RAMB36E1 clocked by clk_out25_top_clk_wiz_0_0  {rise@0.000ns fall@20.000ns period=40.000ns})
  Path Group:             (none)
  Path Type:              Hold (Min at Fast Process Corner)
  Data Path Delay:        0.688ns  (logic 0.209ns (30.376%)  route 0.479ns (69.624%))
  Logic Levels:           2  (FDRE=1 LUT2=1)
  Clock Uncertainty:      0.201ns  ((TSJ^2 + DJ^2)^1/2) / 2 + PE
    Total System Jitter     (TSJ):    0.050ns
    Discrete Jitter          (DJ):    0.183ns
    Phase Error              (PE):    0.105ns

    Location             Delay type                Incr(ns)  Path(ns)    Netlist Resource(s)
  -------------------------------------------------------------------    -------------------
    SLICE_X46Y37         FDRE                         0.000     0.000 r  top_i/Pixel_Capture_0/U0/bram_addr_s_reg[1]/C
    SLICE_X46Y37         FDRE (Prop_fdre_C_Q)         0.164     0.164 r  top_i/Pixel_Capture_0/U0/bram_addr_s_reg[1]/Q
                         net (fo=2, routed)           0.146     0.310    top_i/BRAM_FIFO_Limit_0/U0/bram_addr_in[1]
    SLICE_X47Y37         LUT2 (Prop_lut2_I1_O)        0.045     0.355 r  top_i/BRAM_FIFO_Limit_0/U0/bram_addr_out[1]_INST_0/O
                         net (fo=30, routed)          0.333     0.688    top_i/blk_mem_gen_0/U0/inst_blk_mem_gen/gnbram.gnativebmg.native_blk_mem_gen/valid.cstr/ramloop[19].ram.r/prim_noinit.ram/addra[1]
    RAMB36_X1Y7          RAMB36E1                                     r  top_i/blk_mem_gen_0/U0/inst_blk_mem_gen/gnbram.gnativebmg.native_blk_mem_gen/valid.cstr/ramloop[19].ram.r/prim_noinit.ram/DEVICE_7SERIES.NO_BMM_INFO.TRUE_DP.SIMPLE_PRIM36.ram/ADDRARDADDR[4]
  -------------------------------------------------------------------    -------------------

                         (clock clk_out25_top_clk_wiz_0_0 rise edge)
                                                      0.000     0.000 r  
    W5                                                0.000     0.000 r  sys_clock (IN)
                         net (fo=0)                   0.000     0.000    top_i/clk_wiz_0/inst/clk_in1
    W5                   IBUF (Prop_ibuf_I_O)         0.414     0.414 r  top_i/clk_wiz_0/inst/clkin1_ibufg/O
                         net (fo=1, routed)           0.481     0.895    top_i/clk_wiz_0/inst/clk_in1_top_clk_wiz_0_0
    PLLE2_ADV_X1Y0       PLLE2_ADV (Prop_plle2_adv_CLKIN1_CLKOUT1)
                                                     -2.638    -1.743 r  top_i/clk_wiz_0/inst/plle2_adv_inst/CLKOUT1
                         net (fo=1, routed)           0.546    -1.197    top_i/clk_wiz_0/inst/clk_out25_top_clk_wiz_0_0
    BUFGCTRL_X0Y0        BUFG (Prop_bufg_I_O)         0.029    -1.168 r  top_i/clk_wiz_0/inst/clkout2_buf/O
                         net (fo=147, routed)         0.876    -0.292    top_i/blk_mem_gen_0/U0/inst_blk_mem_gen/gnbram.gnativebmg.native_blk_mem_gen/valid.cstr/ramloop[19].ram.r/prim_noinit.ram/clka
    RAMB36_X1Y7          RAMB36E1                                     r  top_i/blk_mem_gen_0/U0/inst_blk_mem_gen/gnbram.gnativebmg.native_blk_mem_gen/valid.cstr/ramloop[19].ram.r/prim_noinit.ram/DEVICE_7SERIES.NO_BMM_INFO.TRUE_DP.SIMPLE_PRIM36.ram/CLKARDCLK





